{
  "facial_symmetry_mean": 0.9495458602905273,
  "facial_symmetry_std": 0.044412318617105484,
  "facial_symmetry_median": 0.9629541635513306,
  "facial_symmetry_max": 0.9996222257614136,
  "face_width_height_ratio_mean": 0.47732987999916077,
  "face_width_height_ratio_std": 0.03691176697611809,
  "face_width_height_ratio_median": 0.47915953397750854,
  "face_width_height_ratio_max": 0.7885679602622986,
  "eye_spacing_ratio_mean": 0.664854884147644,
  "eye_spacing_ratio_std": 0.023187391459941864,
  "eye_spacing_ratio_median": 0.6626811027526855,
  "eye_spacing_ratio_max": 0.7579239010810852,
  "jaw_ratio_mean": 0.763526439666748,
  "jaw_ratio_std": 0.024676594883203506,
  "jaw_ratio_median": 0.7612506151199341,
  "jaw_ratio_max": 0.8391458988189697,
  "smile_intensity_mean": 0.2948245406150818,
  "smile_intensity_std": 0.35284748673439026,
  "smile_intensity_median": 0.07444506883621216,
  "smile_intensity_max": 1.0,
  "eye_contact_mean": 0.9780310392379761,
  "eye_contact_std": 0.021521737799048424,
  "eye_contact_median": 0.9825385808944702,
  "eye_contact_max": 0.9999890923500061,
  "eye_openness_mean": 0.8465474247932434,
  "eye_openness_std": 0.2367399036884308,
  "eye_openness_median": 1.0,
  "eye_openness_max": 1.0,
  "gaze_stability_mean": 0.9928682446479797,
  "gaze_stability_std": 0.01109025813639164,
  "gaze_stability_median": 0.9969052076339722,
  "gaze_stability_max": 1.0,
  "head_tilt_mean": 0.13462994992733002,
  "head_tilt_std": 0.1371910721063614,
  "head_tilt_median": 0.10532267391681671,
  "head_tilt_max": 0.64421546459198,
  "expression_speed_mean": 0.22878016531467438,
  "expression_speed_std": 0.29309800267219543,
  "expression_speed_median": 0.0756082534790039,
  "expression_speed_max": 1.0,
  "happy_mean": 0.12335449457168579,
  "happy_std": 0.2880834639072418,
  "happy_median": 0.0002932891948148608,
  "happy_max": 0.999997615814209,
  "neutral_mean": 0.35176488757133484,
  "neutral_std": 0.3772446811199188,
  "neutral_median": 0.174499973654747,
  "neutral_max": 0.9999910593032837,
  "surprise_mean": 0.040400467813014984,
  "surprise_std": 0.15543527901172638,
  "surprise_median": 3.6622630432248116e-05,
  "surprise_max": 0.9967864155769348,
  "processed_frames": 398.0,
  "video_name": "1.mp4"
}