{
  "facial_symmetry_mean": 0.8726730346679688,
  "facial_symmetry_std": 0.08563189208507538,
  "facial_symmetry_median": 0.903754472732544,
  "facial_symmetry_max": 0.9985533356666565,
  "face_width_height_ratio_mean": 1.3694158792495728,
  "face_width_height_ratio_std": 0.11704007536172867,
  "face_width_height_ratio_median": 1.375655174255371,
  "face_width_height_ratio_max": 1.7223957777023315,
  "eye_spacing_ratio_mean": 0.6600950956344604,
  "eye_spacing_ratio_std": 0.023236548528075218,
  "eye_spacing_ratio_median": 0.657888650894165,
  "eye_spacing_ratio_max": 0.7218583822250366,
  "jaw_ratio_mean": 0.7624010443687439,
  "jaw_ratio_std": 0.022940760478377342,
  "jaw_ratio_median": 0.7607392072677612,
  "jaw_ratio_max": 0.8198661804199219,
  "smile_intensity_mean": 0.06621983647346497,
  "smile_intensity_std": 0.11901670694351196,
  "smile_intensity_median": 0.010467227548360825,
  "smile_intensity_max": 0.4673776626586914,
  "eye_contact_mean": 0.9508393406867981,
  "eye_contact_std": 0.02749256230890751,
  "eye_contact_median": 0.9440237283706665,
  "eye_contact_max": 0.995313286781311,
  "eye_openness_mean": 0.5517251491546631,
  "eye_openness_std": 0.23083339631557465,
  "eye_openness_median": 0.6274598836898804,
  "eye_openness_max": 0.8478516936302185,
  "gaze_stability_mean": 0.9892624020576477,
  "gaze_stability_std": 0.015647387132048607,
  "gaze_stability_median": 0.9950234889984131,
  "gaze_stability_max": 1.0,
  "head_tilt_mean": 0.08182714134454727,
  "head_tilt_std": 0.061152901500463486,
  "head_tilt_median": 0.05736500024795532,
  "head_tilt_max": 0.17695873975753784,
  "expression_speed_mean": 0.0941297709941864,
  "expression_speed_std": 0.1467355489730835,
  "expression_speed_median": 0.0349707156419754,
  "expression_speed_max": 0.668477475643158,
  "happy_mean": 0.08065061271190643,
  "happy_std": 0.24139529466629028,
  "happy_median": 3.499919330351986e-05,
  "happy_max": 0.9997509717941284,
  "neutral_mean": 0.2456187903881073,
  "neutral_std": 0.35194775462150574,
  "neutral_median": 0.009740469977259636,
  "neutral_max": 0.9748626947402954,
  "surprise_mean": 0.1344490498304367,
  "surprise_std": 0.2946334183216095,
  "surprise_median": 4.886760962108383e-06,
  "surprise_max": 0.9988393783569336,
  "processed_frames": 70.0,
  "video_name": "2.mp4"
}