{
  "facial_symmetry_mean": 0.9319193959236145,
  "facial_symmetry_std": 0.051246389746665955,
  "facial_symmetry_median": 0.9429683685302734,
  "facial_symmetry_max": 0.999950647354126,
  "face_width_height_ratio_mean": 0.6185891032218933,
  "face_width_height_ratio_std": 0.07975760102272034,
  "face_width_height_ratio_median": 0.6477305293083191,
  "face_width_height_ratio_max": 0.7641193270683289,
  "eye_spacing_ratio_mean": 0.6424745321273804,
  "eye_spacing_ratio_std": 0.04167491942644119,
  "eye_spacing_ratio_median": 0.6550612449645996,
  "eye_spacing_ratio_max": 0.7961626052856445,
  "jaw_ratio_mean": 0.7590999007225037,
  "jaw_ratio_std": 0.04049378260970116,
  "jaw_ratio_median": 0.7561466097831726,
  "jaw_ratio_max": 0.842426061630249,
  "smile_intensity_mean": 0.39601844549179077,
  "smile_intensity_std": 0.2752731442451477,
  "smile_intensity_median": 0.37180012464523315,
  "smile_intensity_max": 1.0,
  "eye_contact_mean": 0.9690212607383728,
  "eye_contact_std": 0.02498835138976574,
  "eye_contact_median": 0.9746110439300537,
  "eye_contact_max": 0.9996947050094604,
  "eye_openness_mean": 0.8737745881080627,
  "eye_openness_std": 0.22132447361946106,
  "eye_openness_median": 1.0,
  "eye_openness_max": 1.0,
  "gaze_stability_mean": 0.9916902780532837,
  "gaze_stability_std": 0.009899579919874668,
  "gaze_stability_median": 0.995905876159668,
  "gaze_stability_max": 1.0,
  "head_tilt_mean": 0.08756346255540848,
  "head_tilt_std": 0.06065509840846062,
  "head_tilt_median": 0.08342884480953217,
  "head_tilt_max": 0.27615606784820557,
  "expression_speed_mean": 0.1530749350786209,
  "expression_speed_std": 0.17837290465831757,
  "expression_speed_median": 0.08409889042377472,
  "expression_speed_max": 0.8606202006340027,
  "happy_mean": 0.47491946816444397,
  "happy_std": 0.45675623416900635,
  "happy_median": 0.41494303941726685,
  "happy_max": 0.999969482421875,
  "neutral_mean": 0.28057175874710083,
  "neutral_std": 0.3722109794616699,
  "neutral_median": 0.031427040696144104,
  "neutral_max": 0.9960558414459229,
  "surprise_mean": 0.012265706434845924,
  "surprise_std": 0.09467468410730362,
  "surprise_median": 1.1551237548701465e-05,
  "surprise_max": 0.9602570533752441,
  "processed_frames": 104.0,
  "video_name": "3.mp4"
}