{
  "facial_symmetry_mean": 0.865624725818634,
  "facial_symmetry_std": 0.12484849989414215,
  "facial_symmetry_median": 0.8983573317527771,
  "facial_symmetry_max": 0.9955441355705261,
  "face_width_height_ratio_mean": 1.081315040588379,
  "face_width_height_ratio_std": 0.07434820383787155,
  "face_width_height_ratio_median": 1.0772539377212524,
  "face_width_height_ratio_max": 1.2506804466247559,
  "eye_spacing_ratio_mean": 0.6985905766487122,
  "eye_spacing_ratio_std": 0.03336858004331589,
  "eye_spacing_ratio_median": 0.688401460647583,
  "eye_spacing_ratio_max": 0.7716103792190552,
  "jaw_ratio_mean": 0.7766326665878296,
  "jaw_ratio_std": 0.023475712165236473,
  "jaw_ratio_median": 0.77763432264328,
  "jaw_ratio_max": 0.8168985843658447,
  "smile_intensity_mean": 0.0708293691277504,
  "smile_intensity_std": 0.1114397719502449,
  "smile_intensity_median": 0.02275293879210949,
  "smile_intensity_max": 0.5105282664299011,
  "eye_contact_mean": 0.9677499532699585,
  "eye_contact_std": 0.024950150400400162,
  "eye_contact_median": 0.9728498458862305,
  "eye_contact_max": 0.9999257922172546,
  "eye_openness_mean": 0.9659892916679382,
  "eye_openness_std": 0.08634763211011887,
  "eye_openness_median": 1.0,
  "eye_openness_max": 1.0,
  "gaze_stability_mean": 0.9766077399253845,
  "gaze_stability_std": 0.02096707746386528,
  "gaze_stability_median": 0.9848340153694153,
  "gaze_stability_max": 1.0,
  "head_tilt_mean": 0.09251876175403595,
  "head_tilt_std": 0.09374905377626419,
  "head_tilt_median": 0.06654709577560425,
  "head_tilt_max": 0.3852821886539459,
  "expression_speed_mean": 0.16383811831474304,
  "expression_speed_std": 0.1526261419057846,
  "expression_speed_median": 0.13992056250572205,
  "expression_speed_max": 0.6004762053489685,
  "happy_mean": 0.022873952984809875,
  "happy_std": 0.13526317477226257,
  "happy_median": 0.0001841691555455327,
  "happy_max": 0.9767128229141235,
  "neutral_mean": 0.43607041239738464,
  "neutral_std": 0.4131335914134979,
  "neutral_median": 0.40472254157066345,
  "neutral_max": 0.9999799132347107,
  "surprise_mean": 0.12860120832920074,
  "surprise_std": 0.26081109046936035,
  "surprise_median": 0.0007238514954224229,
  "surprise_max": 0.9475061893463135,
  "processed_frames": 51.0,
  "video_name": "4.mp4"
}