{
  "facial_symmetry_mean": 0.708940863609314,
  "facial_symmetry_std": 0.1128849983215332,
  "facial_symmetry_median": 0.6336185932159424,
  "facial_symmetry_max": 0.9633326530456543,
  "face_width_height_ratio_mean": 1.2622126340866089,
  "face_width_height_ratio_std": 0.15860438346862793,
  "face_width_height_ratio_median": 1.2379307746887207,
  "face_width_height_ratio_max": 1.4800400733947754,
  "eye_spacing_ratio_mean": 0.6328563690185547,
  "eye_spacing_ratio_std": 0.024127483367919922,
  "eye_spacing_ratio_median": 0.630339503288269,
  "eye_spacing_ratio_max": 0.6784384846687317,
  "jaw_ratio_mean": 0.7828821539878845,
  "jaw_ratio_std": 0.014419232495129108,
  "jaw_ratio_median": 0.7813882827758789,
  "jaw_ratio_max": 0.8378393650054932,
  "smile_intensity_mean": 0.09828304499387741,
  "smile_intensity_std": 0.12618093192577362,
  "smile_intensity_median": 0.021943282335996628,
  "smile_intensity_max": 0.4832613468170166,
  "eye_contact_mean": 0.8489512801170349,
  "eye_contact_std": 0.046791430562734604,
  "eye_contact_median": 0.8388229608535767,
  "eye_contact_max": 0.9938923120498657,
  "eye_openness_mean": 0.9742721319198608,
  "eye_openness_std": 0.0880553126335144,
  "eye_openness_median": 1.0,
  "eye_openness_max": 1.0,
  "gaze_stability_mean": 0.975587010383606,
  "gaze_stability_std": 0.032528236508369446,
  "gaze_stability_median": 0.9885118007659912,
  "gaze_stability_max": 1.0,
  "head_tilt_mean": 0.0661223903298378,
  "head_tilt_std": 0.04194911569356918,
  "head_tilt_median": 0.055649131536483765,
  "head_tilt_max": 0.1743696630001068,
  "expression_speed_mean": 0.09620080888271332,
  "expression_speed_std": 0.12282824516296387,
  "expression_speed_median": 0.03796464949846268,
  "expression_speed_max": 0.5103849768638611,
  "happy_mean": 0.1561722457408905,
  "happy_std": 0.3448251485824585,
  "happy_median": 0.0004017637693323195,
  "happy_max": 0.9986655712127686,
  "neutral_mean": 0.1096440926194191,
  "neutral_std": 0.2407093346118927,
  "neutral_median": 0.0005785241955891252,
  "neutral_max": 0.9869711399078369,
  "surprise_mean": 0.027737952768802643,
  "surprise_std": 0.08919097483158112,
  "surprise_median": 1.6781592421466485e-05,
  "surprise_max": 0.4862179458141327,
  "processed_frames": 58.0,
  "video_name": "5.mp4"
}