{
  "facial_symmetry_mean": 0.9712404608726501,
  "facial_symmetry_std": 0.019833335652947426,
  "facial_symmetry_median": 0.9735242128372192,
  "facial_symmetry_max": 0.9986779093742371,
  "face_width_height_ratio_mean": 1.1105347871780396,
  "face_width_height_ratio_std": 0.13692669570446014,
  "face_width_height_ratio_median": 1.095931053161621,
  "face_width_height_ratio_max": 1.5889129638671875,
  "eye_spacing_ratio_mean": 0.6656609177589417,
  "eye_spacing_ratio_std": 0.02488810196518898,
  "eye_spacing_ratio_median": 0.6683517694473267,
  "eye_spacing_ratio_max": 0.7224063277244568,
  "jaw_ratio_mean": 0.7498682141304016,
  "jaw_ratio_std": 0.025180215016007423,
  "jaw_ratio_median": 0.7460428476333618,
  "jaw_ratio_max": 0.8203607797622681,
  "smile_intensity_mean": 0.022524842992424965,
  "smile_intensity_std": 0.04428916051983833,
  "smile_intensity_median": 0.007642257958650589,
  "smile_intensity_max": 0.20578794181346893,
  "eye_contact_mean": 0.9960867166519165,
  "eye_contact_std": 0.0034282905980944633,
  "eye_contact_median": 0.9969059228897095,
  "eye_contact_max": 0.9998679161071777,
  "eye_openness_mean": 0.49832451343536377,
  "eye_openness_std": 0.16339664161205292,
  "eye_openness_median": 0.5410760641098022,
  "eye_openness_max": 1.0,
  "gaze_stability_mean": 0.9972883462905884,
  "gaze_stability_std": 0.003226988483220339,
  "gaze_stability_median": 0.9985326528549194,
  "gaze_stability_max": 1.0,
  "head_tilt_mean": 0.07984881103038788,
  "head_tilt_std": 0.0850115716457367,
  "head_tilt_median": 0.060422420501708984,
  "head_tilt_max": 0.2998743951320648,
  "expression_speed_mean": 0.07505123317241669,
  "expression_speed_std": 0.09062407910823822,
  "expression_speed_median": 0.03769759088754654,
  "expression_speed_max": 0.462292343378067,
  "happy_mean": 0.12061072885990143,
  "happy_std": 0.26716241240501404,
  "happy_median": 0.0014049988240003586,
  "happy_max": 0.9638121724128723,
  "neutral_mean": 0.40232717990875244,
  "neutral_std": 0.38461118936538696,
  "neutral_median": 0.23734551668167114,
  "neutral_max": 0.9982760548591614,
  "surprise_mean": 0.12257588654756546,
  "surprise_std": 0.2614666521549225,
  "surprise_median": 3.403747541597113e-05,
  "surprise_max": 0.8710755109786987,
  "processed_frames": 55.0,
  "video_name": "8.mp4"
}