{
  "facial_symmetry_mean": 0.8693084716796875,
  "facial_symmetry_std": 0.07620507478713989,
  "facial_symmetry_median": 0.8836327195167542,
  "facial_symmetry_max": 0.9940549731254578,
  "face_width_height_ratio_mean": 0.6077149510383606,
  "face_width_height_ratio_std": 0.03466210141777992,
  "face_width_height_ratio_median": 0.6004164814949036,
  "face_width_height_ratio_max": 0.7757346630096436,
  "eye_spacing_ratio_mean": 0.6567282676696777,
  "eye_spacing_ratio_std": 0.02020292915403843,
  "eye_spacing_ratio_median": 0.6524004936218262,
  "eye_spacing_ratio_max": 0.7736256122589111,
  "jaw_ratio_mean": 0.7776082158088684,
  "jaw_ratio_std": 0.01843148097395897,
  "jaw_ratio_median": 0.7743042707443237,
  "jaw_ratio_max": 0.833078145980835,
  "smile_intensity_mean": 0.31738755106925964,
  "smile_intensity_std": 0.24441756308078766,
  "smile_intensity_median": 0.2995337247848511,
  "smile_intensity_max": 1.0,
  "eye_contact_mean": 0.9615752100944519,
  "eye_contact_std": 0.02979457378387451,
  "eye_contact_median": 0.9632441997528076,
  "eye_contact_max": 0.9996572136878967,
  "eye_openness_mean": 0.9821810722351074,
  "eye_openness_std": 0.08713078498840332,
  "eye_openness_median": 1.0,
  "eye_openness_max": 1.0,
  "gaze_stability_mean": 0.9903689622879028,
  "gaze_stability_std": 0.012329992838203907,
  "gaze_stability_median": 0.9942800402641296,
  "gaze_stability_max": 1.0,
  "head_tilt_mean": 0.06559707224369049,
  "head_tilt_std": 0.05897790566086769,
  "head_tilt_median": 0.04761785268783569,
  "head_tilt_max": 0.3075993061065674,
  "expression_speed_mean": 0.13864904642105103,
  "expression_speed_std": 0.1958616077899933,
  "expression_speed_median": 0.06311710178852081,
  "expression_speed_max": 0.8809623122215271,
  "happy_mean": 0.2641148567199707,
  "happy_std": 0.4020763337612152,
  "happy_median": 0.001176077639684081,
  "happy_max": 0.9997299909591675,
  "neutral_mean": 0.10584300011396408,
  "neutral_std": 0.22944985330104828,
  "neutral_median": 0.008615993894636631,
  "neutral_max": 0.9902985095977783,
  "surprise_mean": 0.11369051784276962,
  "surprise_std": 0.2626788914203644,
  "surprise_median": 0.0008713408024050295,
  "surprise_max": 0.985039472579956,
  "processed_frames": 109.0,
  "video_name": "1 (1).mp4"
}