{
  "facial_symmetry_mean": 0.8691474199295044,
  "facial_symmetry_std": 0.10162213444709778,
  "facial_symmetry_median": 0.8989804983139038,
  "facial_symmetry_max": 0.9974741339683533,
  "face_width_height_ratio_mean": 0.8062760829925537,
  "face_width_height_ratio_std": 0.05042992904782295,
  "face_width_height_ratio_median": 0.8121210336685181,
  "face_width_height_ratio_max": 0.9299801588058472,
  "eye_spacing_ratio_mean": 0.6824972629547119,
  "eye_spacing_ratio_std": 0.028712276369333267,
  "eye_spacing_ratio_median": 0.6844167709350586,
  "eye_spacing_ratio_max": 0.7592678666114807,
  "jaw_ratio_mean": 0.7659250497817993,
  "jaw_ratio_std": 0.022907881066203117,
  "jaw_ratio_median": 0.7647050023078918,
  "jaw_ratio_max": 0.8335974216461182,
  "smile_intensity_mean": 0.04286104813218117,
  "smile_intensity_std": 0.12008573859930038,
  "smile_intensity_median": 0.011919917538762093,
  "smile_intensity_max": 0.732060432434082,
  "eye_contact_mean": 0.9694985747337341,
  "eye_contact_std": 0.027241520583629608,
  "eye_contact_median": 0.9781125783920288,
  "eye_contact_max": 0.9997589588165283,
  "eye_openness_mean": 0.9718900322914124,
  "eye_openness_std": 0.1129160150885582,
  "eye_openness_median": 1.0,
  "eye_openness_max": 1.0,
  "gaze_stability_mean": 0.9809535145759583,
  "gaze_stability_std": 0.027084866538643837,
  "gaze_stability_median": 0.9883415699005127,
  "gaze_stability_max": 1.0,
  "head_tilt_mean": 0.1812027543783188,
  "head_tilt_std": 0.12435837835073471,
  "head_tilt_median": 0.1881895661354065,
  "head_tilt_max": 0.47554314136505127,
  "expression_speed_mean": 0.1296376883983612,
  "expression_speed_std": 0.18403778970241547,
  "expression_speed_median": 0.049072179943323135,
  "expression_speed_max": 0.8036293983459473,
  "happy_mean": 0.09570898115634918,
  "happy_std": 0.23882612586021423,
  "happy_median": 0.00021445784659590572,
  "happy_max": 0.9759909510612488,
  "neutral_mean": 0.35357391834259033,
  "neutral_std": 0.3382910192012787,
  "neutral_median": 0.23003199696540833,
  "neutral_max": 0.9973408579826355,
  "surprise_mean": 0.02822333201766014,
  "surprise_std": 0.12389126420021057,
  "surprise_median": 4.914167948300019e-05,
  "surprise_max": 0.9169119000434875,
  "processed_frames": 70.0,
  "video_name": "1 (2).mp4"
}