{
  "facial_symmetry_mean": 0.8634628653526306,
  "facial_symmetry_std": 0.07621056586503983,
  "facial_symmetry_median": 0.8613989353179932,
  "facial_symmetry_max": 0.9968757033348083,
  "face_width_height_ratio_mean": 0.5596187114715576,
  "face_width_height_ratio_std": 0.05356161668896675,
  "face_width_height_ratio_median": 0.5635926127433777,
  "face_width_height_ratio_max": 0.6312516331672668,
  "eye_spacing_ratio_mean": 0.6509541869163513,
  "eye_spacing_ratio_std": 0.026798494160175323,
  "eye_spacing_ratio_median": 0.6465825438499451,
  "eye_spacing_ratio_max": 0.7861749529838562,
  "jaw_ratio_mean": 0.7879816889762878,
  "jaw_ratio_std": 0.0203283429145813,
  "jaw_ratio_median": 0.7839006185531616,
  "jaw_ratio_max": 0.8411347270011902,
  "smile_intensity_mean": 0.23486752808094025,
  "smile_intensity_std": 0.18364110589027405,
  "smile_intensity_median": 0.21905747056007385,
  "smile_intensity_max": 0.5151737332344055,
  "eye_contact_mean": 0.9371145963668823,
  "eye_contact_std": 0.0639316737651825,
  "eye_contact_median": 0.9482295513153076,
  "eye_contact_max": 0.99859219789505,
  "eye_openness_mean": 0.9765985608100891,
  "eye_openness_std": 0.061866723001003265,
  "eye_openness_median": 1.0,
  "eye_openness_max": 1.0,
  "gaze_stability_mean": 0.9838030934333801,
  "gaze_stability_std": 0.028697792440652847,
  "gaze_stability_median": 0.9926202297210693,
  "gaze_stability_max": 1.0,
  "head_tilt_mean": 0.07961910963058472,
  "head_tilt_std": 0.09611320495605469,
  "head_tilt_median": 0.04371911287307739,
  "head_tilt_max": 0.4409962296485901,
  "expression_speed_mean": 0.10238905251026154,
  "expression_speed_std": 0.12204985320568085,
  "expression_speed_median": 0.04974273219704628,
  "expression_speed_max": 0.4785124957561493,
  "happy_mean": 0.30412229895591736,
  "happy_std": 0.4086097180843353,
  "happy_median": 0.004750345833599567,
  "happy_max": 0.9998272061347961,
  "neutral_mean": 0.021565230563282967,
  "neutral_std": 0.06197356432676315,
  "neutral_median": 0.001413330901414156,
  "neutral_max": 0.40694454312324524,
  "surprise_mean": 0.13948491215705872,
  "surprise_std": 0.2867279648780823,
  "surprise_median": 3.948825178667903e-05,
  "surprise_max": 0.9986482262611389,
  "processed_frames": 70.0,
  "video_name": "1 (3).mp4"
}