{
  "facial_symmetry_mean": 0.842729389667511,
  "facial_symmetry_std": 0.09560677409172058,
  "facial_symmetry_median": 0.8870663642883301,
  "facial_symmetry_max": 0.9776886105537415,
  "face_width_height_ratio_mean": 0.5814692378044128,
  "face_width_height_ratio_std": 0.07998062670230865,
  "face_width_height_ratio_median": 0.5852179527282715,
  "face_width_height_ratio_max": 0.7378872036933899,
  "eye_spacing_ratio_mean": 0.654251754283905,
  "eye_spacing_ratio_std": 0.043613120913505554,
  "eye_spacing_ratio_median": 0.6573058366775513,
  "eye_spacing_ratio_max": 0.7432053089141846,
  "jaw_ratio_mean": 0.7721182107925415,
  "jaw_ratio_std": 0.029030676931142807,
  "jaw_ratio_median": 0.7768598794937134,
  "jaw_ratio_max": 0.845173180103302,
  "smile_intensity_mean": 0.027912575751543045,
  "smile_intensity_std": 0.024803731590509415,
  "smile_intensity_median": 0.02029266208410263,
  "smile_intensity_max": 0.14945845305919647,
  "eye_contact_mean": 0.9600014686584473,
  "eye_contact_std": 0.02644827775657177,
  "eye_contact_median": 0.9608553647994995,
  "eye_contact_max": 0.9997268915176392,
  "eye_openness_mean": 0.8532028198242188,
  "eye_openness_std": 0.2481030523777008,
  "eye_openness_median": 1.0,
  "eye_openness_max": 1.0,
  "gaze_stability_mean": 0.9904459714889526,
  "gaze_stability_std": 0.010825268924236298,
  "gaze_stability_median": 0.9946923851966858,
  "gaze_stability_max": 1.0,
  "head_tilt_mean": 0.3034152090549469,
  "head_tilt_std": 0.29246750473976135,
  "head_tilt_median": 0.1445646584033966,
  "head_tilt_max": 1.0,
  "expression_speed_mean": 0.09487728029489517,
  "expression_speed_std": 0.1490517258644104,
  "expression_speed_median": 0.04605045169591904,
  "expression_speed_max": 0.8264511227607727,
  "happy_mean": 0.017344696447253227,
  "happy_std": 0.10357428342103958,
  "happy_median": 6.034541002009064e-06,
  "happy_max": 0.862287163734436,
  "neutral_mean": 0.22416210174560547,
  "neutral_std": 0.3093286454677582,
  "neutral_median": 0.0413864329457283,
  "neutral_max": 0.9992220401763916,
  "surprise_mean": 0.004918452352285385,
  "surprise_std": 0.0398278571665287,
  "surprise_median": 1.270249327944839e-07,
  "surprise_max": 0.3493954837322235,
  "processed_frames": 76.0,
  "video_name": "1 (4).mp4"
}