{
  "facial_symmetry_mean": 0.7574506402015686,
  "facial_symmetry_std": 0.20506757497787476,
  "facial_symmetry_median": 0.8312307000160217,
  "facial_symmetry_max": 0.9987003207206726,
  "face_width_height_ratio_mean": 1.4596571922302246,
  "face_width_height_ratio_std": 0.42208290100097656,
  "face_width_height_ratio_median": 1.5187785625457764,
  "face_width_height_ratio_max": 2.0782248973846436,
  "eye_spacing_ratio_mean": 0.6348255276679993,
  "eye_spacing_ratio_std": 0.04882818087935448,
  "eye_spacing_ratio_median": 0.6479971408843994,
  "eye_spacing_ratio_max": 0.7503474950790405,
  "jaw_ratio_mean": 0.7799491286277771,
  "jaw_ratio_std": 0.028333868831396103,
  "jaw_ratio_median": 0.7776341438293457,
  "jaw_ratio_max": 0.8893462419509888,
  "smile_intensity_mean": 0.12035253643989563,
  "smile_intensity_std": 0.17434640228748322,
  "smile_intensity_median": 0.03254884108901024,
  "smile_intensity_max": 1.0,
  "eye_contact_mean": 0.9145674705505371,
  "eye_contact_std": 0.08070217072963715,
  "eye_contact_median": 0.9385330677032471,
  "eye_contact_max": 0.9999814033508301,
  "eye_openness_mean": 0.7984029650688171,
  "eye_openness_std": 0.2263183444738388,
  "eye_openness_median": 0.8654398918151855,
  "eye_openness_max": 1.0,
  "gaze_stability_mean": 0.9774649143218994,
  "gaze_stability_std": 0.03410866856575012,
  "gaze_stability_median": 0.9889683723449707,
  "gaze_stability_max": 1.0,
  "head_tilt_mean": 0.1706986129283905,
  "head_tilt_std": 0.14729472994804382,
  "head_tilt_median": 0.12543454766273499,
  "head_tilt_max": 0.728696882724762,
  "expression_speed_mean": 0.11933357268571854,
  "expression_speed_std": 0.14094354212284088,
  "expression_speed_median": 0.06379187852144241,
  "expression_speed_max": 0.7795536518096924,
  "happy_mean": 0.12558820843696594,
  "happy_std": 0.28771811723709106,
  "happy_median": 0.0003029968938790262,
  "happy_max": 1.0,
  "neutral_mean": 0.2305293083190918,
  "neutral_std": 0.340186208486557,
  "neutral_median": 0.011621301993727684,
  "neutral_max": 0.9997366070747375,
  "surprise_mean": 0.018654005602002144,
  "surprise_std": 0.1227063313126564,
  "surprise_median": 2.6463002900101174e-09,
  "surprise_max": 0.9964685440063477,
  "processed_frames": 381.0,
  "video_name": "1 (6).mp4"
}