{
  "expression_speed_max": 0.7302924146254858,
  "expression_speed_mean": 0.11633107687036197,
  "expression_speed_median": 0.05656723305583,
  "expression_speed_std": 0.15128286058704057,
  "eye_contact_max": 0.9995348751544952,
  "eye_contact_mean": 0.9486067394415537,
  "eye_contact_median": 0.9569795727729797,
  "eye_contact_std": 0.044503324665129185,
  "eye_openness_max": 1.0,
  "eye_openness_mean": 0.8735865453879038,
  "eye_openness_median": 0.9210604627927145,
  "eye_openness_std": 0.16112113247315088,
  "eye_spacing_ratio_max": 0.7600918312867483,
  "eye_spacing_ratio_mean": 0.65518852074941,
  "eye_spacing_ratio_median": 0.6577706933021545,
  "eye_spacing_ratio_std": 0.036369883455336094,
  "face_width_height_ratio_max": 1.1183413863182068,
  "face_width_height_ratio_mean": 0.8810858329137167,
  "face_width_height_ratio_median": 0.9003699421882629,
  "face_width_height_ratio_std": 0.1408034854878982,
  "facial_symmetry_max": 0.993880937496821,
  "facial_symmetry_mean": 0.8279643952846527,
  "facial_symmetry_median": 0.8552796840667725,
  "facial_symmetry_std": 0.11320693294207256,
  "gaze_stability_max": 1.0,
  "gaze_stability_mean": 0.9846285283565521,
  "gaze_stability_median": 0.9911034107208252,
  "gaze_stability_std": 0.021189522153387468,
  "happy_max": 0.9724801778793335,
  "happy_mean": 0.14658881444483995,
  "happy_median": 0.001078745167433226,
  "happy_std": 0.2794298070172469,
  "head_tilt_max": 0.5662191162506739,
  "head_tilt_mean": 0.1450910891095797,
  "head_tilt_median": 0.09753640244404475,
  "head_tilt_std": 0.13727668734888235,
  "jaw_ratio_max": 0.8576365411281586,
  "jaw_ratio_mean": 0.7779347002506256,
  "jaw_ratio_median": 0.7755989332993826,
  "jaw_ratio_std": 0.024968848563730717,
  "neutral_max": 0.8989237596591314,
  "neutral_mean": 0.1890132368231813,
  "neutral_median": 0.05140211037360132,
  "neutral_std": 0.26907574757933617,
  "processed_frames": 128.0,
  "smile_intensity_max": 0.6798118526736895,
  "smile_intensity_mean": 0.145699892193079,
  "smile_intensity_median": 0.11148275279750426,
  "smile_intensity_std": 0.14850457447270551,
  "surprise_max": 0.8743921965360641,
  "surprise_mean": 0.06010505277663469,
  "surprise_median": 0.00016096404200479272,
  "surprise_std": 0.16951531109710535,
  "video_count": 6.0,
  "valid_video_count": 6.0,
  "valid_video_ratio": 1.0,
  "total_processed_frames": 768.0,
  "avg_processed_frames": 128.0,
  "quality_score": 0.9413333333333334,
  "person_name": "Shin Se-kyung"
}