{
  "facial_symmetry_mean": 0.8809716105461121,
  "facial_symmetry_std": 0.06337682902812958,
  "facial_symmetry_median": 0.8810385465621948,
  "facial_symmetry_max": 0.9871024489402771,
  "face_width_height_ratio_mean": 0.6323798894882202,
  "face_width_height_ratio_std": 0.05577563866972923,
  "face_width_height_ratio_median": 0.6217103600502014,
  "face_width_height_ratio_max": 0.753250777721405,
  "eye_spacing_ratio_mean": 0.6529043912887573,
  "eye_spacing_ratio_std": 0.035632193088531494,
  "eye_spacing_ratio_median": 0.6537598371505737,
  "eye_spacing_ratio_max": 0.7200919985771179,
  "jaw_ratio_mean": 0.7810384035110474,
  "jaw_ratio_std": 0.017923112958669662,
  "jaw_ratio_median": 0.7788574695587158,
  "jaw_ratio_max": 0.8157990574836731,
  "smile_intensity_mean": 0.08986751735210419,
  "smile_intensity_std": 0.11431194096803665,
  "smile_intensity_median": 0.02897591143846512,
  "smile_intensity_max": 0.4350135326385498,
  "eye_contact_mean": 0.9234893918037415,
  "eye_contact_std": 0.07879207283258438,
  "eye_contact_median": 0.960124135017395,
  "eye_contact_max": 0.996953010559082,
  "eye_openness_mean": 0.9865865111351013,
  "eye_openness_std": 0.06078468635678291,
  "eye_openness_median": 1.0,
  "eye_openness_max": 1.0,
  "gaze_stability_mean": 0.9845148921012878,
  "gaze_stability_std": 0.023678705096244812,
  "gaze_stability_median": 0.994074285030365,
  "gaze_stability_max": 1.0,
  "head_tilt_mean": 0.22310008108615875,
  "head_tilt_std": 0.25787803530693054,
  "head_tilt_median": 0.11242598295211792,
  "head_tilt_max": 0.778362512588501,
  "expression_speed_mean": 0.06405859440565109,
  "expression_speed_std": 0.09770997613668442,
  "expression_speed_median": 0.029609186574816704,
  "expression_speed_max": 0.4894086718559265,
  "happy_mean": 0.017125120386481285,
  "happy_std": 0.12766656279563904,
  "happy_median": 7.19358376954915e-06,
  "happy_max": 0.9974847435951233,
  "neutral_mean": 0.2368742823600769,
  "neutral_std": 0.25674954056739807,
  "neutral_median": 0.1383950412273407,
  "neutral_max": 0.9142026901245117,
  "surprise_mean": 0.002882458968088031,
  "surprise_std": 0.011296253651380539,
  "surprise_median": 7.416209655275452e-07,
  "surprise_max": 0.08303213119506836,
  "processed_frames": 60.0,
  "video_name": "2.mp4"
}