{
  "facial_symmetry_mean": 0.8794442415237427,
  "facial_symmetry_std": 0.08041305840015411,
  "facial_symmetry_median": 0.8869469165802002,
  "facial_symmetry_max": 0.9967741966247559,
  "face_width_height_ratio_mean": 0.59513920545578,
  "face_width_height_ratio_std": 0.08086981624364853,
  "face_width_height_ratio_median": 0.6124205589294434,
  "face_width_height_ratio_max": 0.7528493404388428,
  "eye_spacing_ratio_mean": 0.6533011794090271,
  "eye_spacing_ratio_std": 0.03234615549445152,
  "eye_spacing_ratio_median": 0.6547365188598633,
  "eye_spacing_ratio_max": 0.7286199331283569,
  "jaw_ratio_mean": 0.7915651202201843,
  "jaw_ratio_std": 0.026952847838401794,
  "jaw_ratio_median": 0.7885319590568542,
  "jaw_ratio_max": 0.8583760857582092,
  "smile_intensity_mean": 0.27536460757255554,
  "smile_intensity_std": 0.27869847416877747,
  "smile_intensity_median": 0.16937802731990814,
  "smile_intensity_max": 1.0,
  "eye_contact_mean": 0.9352366924285889,
  "eye_contact_std": 0.0770772323012352,
  "eye_contact_median": 0.9633817672729492,
  "eye_contact_max": 0.9983157515525818,
  "eye_openness_mean": 0.9422637820243835,
  "eye_openness_std": 0.15368999540805817,
  "eye_openness_median": 1.0,
  "eye_openness_max": 1.0,
  "gaze_stability_mean": 0.9802547693252563,
  "gaze_stability_std": 0.029789673164486885,
  "gaze_stability_median": 0.9926920533180237,
  "gaze_stability_max": 1.0,
  "head_tilt_mean": 0.1533617228269577,
  "head_tilt_std": 0.21921508014202118,
  "head_tilt_median": 0.08338481187820435,
  "head_tilt_max": 0.9354734420776367,
  "expression_speed_mean": 0.1437576562166214,
  "expression_speed_std": 0.20451776683330536,
  "expression_speed_median": 0.05258162319660187,
  "expression_speed_max": 0.8851721286773682,
  "happy_mean": 0.05677785351872444,
  "happy_std": 0.20100316405296326,
  "happy_median": 0.0002619930892251432,
  "happy_max": 0.9938992261886597,
  "neutral_mean": 0.35137030482292175,
  "neutral_std": 0.3543885052204132,
  "neutral_median": 0.24784304201602936,
  "neutral_max": 0.9996965527534485,
  "surprise_mean": 0.007937717251479626,
  "surprise_std": 0.03517361730337143,
  "surprise_median": 8.974534466688056e-06,
  "surprise_max": 0.24629569053649902,
  "processed_frames": 85.0,
  "video_name": "3.mp4"
}