{
  "facial_symmetry_mean": 0.7050281167030334,
  "facial_symmetry_std": 0.19199909269809723,
  "facial_symmetry_median": 0.6879910230636597,
  "facial_symmetry_max": 0.9907914996147156,
  "face_width_height_ratio_mean": 1.421244740486145,
  "face_width_height_ratio_std": 0.17857573926448822,
  "face_width_height_ratio_median": 1.4226926565170288,
  "face_width_height_ratio_max": 1.8951077461242676,
  "eye_spacing_ratio_mean": 0.6432462334632874,
  "eye_spacing_ratio_std": 0.03230169042944908,
  "eye_spacing_ratio_median": 0.6395623087882996,
  "eye_spacing_ratio_max": 0.7128223776817322,
  "jaw_ratio_mean": 0.7897652387619019,
  "jaw_ratio_std": 0.020024146884679794,
  "jaw_ratio_median": 0.7865639925003052,
  "jaw_ratio_max": 0.8371397256851196,
  "smile_intensity_mean": 0.10793673992156982,
  "smile_intensity_std": 0.11778068542480469,
  "smile_intensity_median": 0.049123428761959076,
  "smile_intensity_max": 0.4243776798248291,
  "eye_contact_mean": 0.895158588886261,
  "eye_contact_std": 0.0773366391658783,
  "eye_contact_median": 0.8888083696365356,
  "eye_contact_max": 0.9987429976463318,
  "eye_openness_mean": 0.8985681533813477,
  "eye_openness_std": 0.20724408328533173,
  "eye_openness_median": 1.0,
  "eye_openness_max": 1.0,
  "gaze_stability_mean": 0.954131007194519,
  "gaze_stability_std": 0.04654143378138542,
  "gaze_stability_median": 0.9697489142417908,
  "gaze_stability_max": 1.0,
  "head_tilt_mean": 0.11869161576032639,
  "head_tilt_std": 0.08088643848896027,
  "head_tilt_median": 0.09877510368824005,
  "head_tilt_max": 0.2817383408546448,
  "expression_speed_mean": 0.1792829930782318,
  "expression_speed_std": 0.1981651484966278,
  "expression_speed_median": 0.08715696632862091,
  "expression_speed_max": 0.9597966074943542,
  "happy_mean": 0.17093758285045624,
  "happy_std": 0.33671319484710693,
  "happy_median": 0.0005935978842899203,
  "happy_max": 0.9999998807907104,
  "neutral_mean": 0.2551424205303192,
  "neutral_std": 0.37404125928878784,
  "neutral_median": 0.020199501886963844,
  "neutral_max": 0.9996920824050903,
  "surprise_mean": 0.008600840345025063,
  "surprise_std": 0.05166061222553253,
  "surprise_median": 3.036241764675651e-07,
  "surprise_max": 0.4008515775203705,
  "processed_frames": 60.0,
  "video_name": "4.mp4"
}