{
  "facial_symmetry_mean": 0.903511643409729,
  "facial_symmetry_std": 0.060935843735933304,
  "facial_symmetry_median": 0.8992897272109985,
  "facial_symmetry_max": 0.9998842477798462,
  "face_width_height_ratio_mean": 0.7814013957977295,
  "face_width_height_ratio_std": 0.061259735375642776,
  "face_width_height_ratio_median": 0.7951387166976929,
  "face_width_height_ratio_max": 0.8826595544815063,
  "eye_spacing_ratio_mean": 0.6684664487838745,
  "eye_spacing_ratio_std": 0.026264380663633347,
  "eye_spacing_ratio_median": 0.6652905344963074,
  "eye_spacing_ratio_max": 0.7777132987976074,
  "jaw_ratio_mean": 0.7945501804351807,
  "jaw_ratio_std": 0.014336342923343182,
  "jaw_ratio_median": 0.7916820049285889,
  "jaw_ratio_max": 0.8525121808052063,
  "smile_intensity_mean": 0.2183714658021927,
  "smile_intensity_std": 0.26189950108528137,
  "smile_intensity_median": 0.10098373144865036,
  "smile_intensity_max": 1.0,
  "eye_contact_mean": 0.9561229348182678,
  "eye_contact_std": 0.029670024290680885,
  "eye_contact_median": 0.9651170969009399,
  "eye_contact_max": 0.9962719082832336,
  "eye_openness_mean": 0.7349411845207214,
  "eye_openness_std": 0.2507232427597046,
  "eye_openness_median": 0.8372117280960083,
  "eye_openness_max": 1.0,
  "gaze_stability_mean": 0.9903441071510315,
  "gaze_stability_std": 0.012802951969206333,
  "gaze_stability_median": 0.9939733743667603,
  "gaze_stability_max": 1.0,
  "head_tilt_mean": 0.04763408377766609,
  "head_tilt_std": 0.04469975829124451,
  "head_tilt_median": 0.03269091248512268,
  "head_tilt_max": 0.2211715281009674,
  "expression_speed_mean": 0.14925327897071838,
  "expression_speed_std": 0.19124148786067963,
  "expression_speed_median": 0.08040840923786163,
  "expression_speed_max": 1.0,
  "happy_mean": 0.09328863769769669,
  "happy_std": 0.25813400745391846,
  "happy_median": 0.00047635583905503154,
  "happy_max": 0.9999737739562988,
  "neutral_mean": 0.2792903482913971,
  "neutral_std": 0.3733939826488495,
  "neutral_median": 0.03324858099222183,
  "neutral_max": 0.9963139295578003,
  "surprise_mean": 0.020128436386585236,
  "surprise_std": 0.10790840536355972,
  "surprise_median": 1.3113902241457254e-05,
  "surprise_max": 0.9422088265419006,
  "processed_frames": 230.0,
  "video_name": "1 (3).mp4"
}