{
  "facial_symmetry_mean": 0.876619815826416,
  "facial_symmetry_std": 0.07913143932819366,
  "facial_symmetry_median": 0.8891144394874573,
  "facial_symmetry_max": 0.9966821074485779,
  "face_width_height_ratio_mean": 0.6863033771514893,
  "face_width_height_ratio_std": 0.08458372205495834,
  "face_width_height_ratio_median": 0.7042005062103271,
  "face_width_height_ratio_max": 0.96165531873703,
  "eye_spacing_ratio_mean": 0.6573994755744934,
  "eye_spacing_ratio_std": 0.03156003728508949,
  "eye_spacing_ratio_median": 0.6546348333358765,
  "eye_spacing_ratio_max": 0.7523510456085205,
  "jaw_ratio_mean": 0.7779936790466309,
  "jaw_ratio_std": 0.01623767614364624,
  "jaw_ratio_median": 0.7752088308334351,
  "jaw_ratio_max": 0.824937641620636,
  "smile_intensity_mean": 0.1383162885904312,
  "smile_intensity_std": 0.2285524606704712,
  "smile_intensity_median": 0.02923453412950039,
  "smile_intensity_max": 1.0,
  "eye_contact_mean": 0.967460572719574,
  "eye_contact_std": 0.031404174864292145,
  "eye_contact_median": 0.9757893085479736,
  "eye_contact_max": 0.999858558177948,
  "eye_openness_mean": 0.8812360167503357,
  "eye_openness_std": 0.2129507213830948,
  "eye_openness_median": 1.0,
  "eye_openness_max": 1.0,
  "gaze_stability_mean": 0.9875048995018005,
  "gaze_stability_std": 0.017544804140925407,
  "gaze_stability_median": 0.9952206015586853,
  "gaze_stability_max": 1.0,
  "head_tilt_mean": 0.10486268252134323,
  "head_tilt_std": 0.13294275104999542,
  "head_tilt_median": 0.06269484758377075,
  "head_tilt_max": 0.6979098916053772,
  "expression_speed_mean": 0.1728227734565735,
  "expression_speed_std": 0.21972648799419403,
  "expression_speed_median": 0.04800168424844742,
  "expression_speed_max": 0.9721492528915405,
  "happy_mean": 0.03397296369075775,
  "happy_std": 0.11564511060714722,
  "happy_median": 0.00010135496268048882,
  "happy_max": 0.9932844638824463,
  "neutral_mean": 0.494147390127182,
  "neutral_std": 0.4261668622493744,
  "neutral_median": 0.53511643409729,
  "neutral_max": 0.9999561309814453,
  "surprise_mean": 0.046432916074991226,
  "surprise_std": 0.18467427790164948,
  "surprise_median": 4.756098132929765e-05,
  "surprise_max": 0.9997988939285278,
  "processed_frames": 110.0,
  "video_name": "1 (4).mp4"
}