{
  "facial_symmetry_mean": 0.9260369539260864,
  "facial_symmetry_std": 0.07354047894477844,
  "facial_symmetry_median": 0.9582297801971436,
  "facial_symmetry_max": 0.9973927736282349,
  "face_width_height_ratio_mean": 0.8342169523239136,
  "face_width_height_ratio_std": 0.0830894187092781,
  "face_width_height_ratio_median": 0.8554848432540894,
  "face_width_height_ratio_max": 0.9013473987579346,
  "eye_spacing_ratio_mean": 0.6613717675209045,
  "eye_spacing_ratio_std": 0.016163896769285202,
  "eye_spacing_ratio_median": 0.6596813201904297,
  "eye_spacing_ratio_max": 0.7467836737632751,
  "jaw_ratio_mean": 0.7887536287307739,
  "jaw_ratio_std": 0.019019585102796555,
  "jaw_ratio_median": 0.7900378704071045,
  "jaw_ratio_max": 0.8320273756980896,
  "smile_intensity_mean": 0.05238420516252518,
  "smile_intensity_std": 0.09738557785749435,
  "smile_intensity_median": 0.012724938802421093,
  "smile_intensity_max": 0.376424640417099,
  "eye_contact_mean": 0.9815236330032349,
  "eye_contact_std": 0.018535252660512924,
  "eye_contact_median": 0.9884599447250366,
  "eye_contact_max": 0.9994103908538818,
  "eye_openness_mean": 0.8644248843193054,
  "eye_openness_std": 0.2319721132516861,
  "eye_openness_median": 1.0,
  "eye_openness_max": 1.0,
  "gaze_stability_mean": 0.9909050464630127,
  "gaze_stability_std": 0.012995949015021324,
  "gaze_stability_median": 0.9956762790679932,
  "gaze_stability_max": 1.0,
  "head_tilt_mean": 0.07688765227794647,
  "head_tilt_std": 0.06428920477628708,
  "head_tilt_median": 0.0658465176820755,
  "head_tilt_max": 0.29259875416755676,
  "expression_speed_mean": 0.13232259452342987,
  "expression_speed_std": 0.19053035974502563,
  "expression_speed_median": 0.031148171052336693,
  "expression_speed_max": 0.8443936109542847,
  "happy_mean": 0.27107030153274536,
  "happy_std": 0.3641987442970276,
  "happy_median": 0.03917940706014633,
  "happy_max": 0.9874467849731445,
  "neutral_mean": 0.32693204283714294,
  "neutral_std": 0.39699235558509827,
  "neutral_median": 0.07565833628177643,
  "neutral_max": 0.9913250207901001,
  "surprise_mean": 0.002892425749450922,
  "surprise_std": 0.017099425196647644,
  "surprise_median": 2.970835157611873e-05,
  "surprise_max": 0.13158133625984192,
  "processed_frames": 58.0,
  "video_name": "1 (5).mp4"
}