{
  "facial_symmetry_mean": 0.813514769077301,
  "facial_symmetry_std": 0.12690448760986328,
  "facial_symmetry_median": 0.8741810321807861,
  "facial_symmetry_max": 0.9667283296585083,
  "face_width_height_ratio_mean": 1.2936145067214966,
  "face_width_height_ratio_std": 0.2710428833961487,
  "face_width_height_ratio_median": 1.4158157110214233,
  "face_width_height_ratio_max": 1.665212631225586,
  "eye_spacing_ratio_mean": 0.6401248574256897,
  "eye_spacing_ratio_std": 0.03166712820529938,
  "eye_spacing_ratio_median": 0.6442206501960754,
  "eye_spacing_ratio_max": 0.6931955814361572,
  "jaw_ratio_mean": 0.7840457558631897,
  "jaw_ratio_std": 0.023950695991516113,
  "jaw_ratio_median": 0.7879292964935303,
  "jaw_ratio_max": 0.8238885998725891,
  "smile_intensity_mean": 0.1488049030303955,
  "smile_intensity_std": 0.24470025300979614,
  "smile_intensity_median": 0.012306624092161655,
  "smile_intensity_max": 0.7798426151275635,
  "eye_contact_mean": 0.930050253868103,
  "eye_contact_std": 0.07969348132610321,
  "eye_contact_median": 0.9782383441925049,
  "eye_contact_max": 0.9979069828987122,
  "eye_openness_mean": 0.8601224422454834,
  "eye_openness_std": 0.19541025161743164,
  "eye_openness_median": 1.0,
  "eye_openness_max": 1.0,
  "gaze_stability_mean": 0.9779222011566162,
  "gaze_stability_std": 0.05375046283006668,
  "gaze_stability_median": 0.9967920780181885,
  "gaze_stability_max": 1.0,
  "head_tilt_mean": 0.10748374462127686,
  "head_tilt_std": 0.16039198637008667,
  "head_tilt_median": 0.051929354667663574,
  "head_tilt_max": 0.565963089466095,
  "expression_speed_mean": 0.10149647295475006,
  "expression_speed_std": 0.21473677456378937,
  "expression_speed_median": 0.008729062043130398,
  "expression_speed_max": 0.852915346622467,
  "happy_mean": 0.1817946881055832,
  "happy_std": 0.28656768798828125,
  "happy_median": 0.06688991189002991,
  "happy_max": 0.9985360503196716,
  "neutral_mean": 0.3042924702167511,
  "neutral_std": 0.38780704140663147,
  "neutral_median": 0.05425935983657837,
  "neutral_max": 0.9931530356407166,
  "surprise_mean": 0.14192244410514832,
  "surprise_std": 0.23185771703720093,
  "surprise_median": 0.00039058932452462614,
  "surprise_max": 0.7335488796234131,
  "processed_frames": 65.0,
  "video_name": "1 (7).mp4"
}