{
  "facial_symmetry_mean": 0.9268501996994019,
  "facial_symmetry_std": 0.0473518930375576,
  "facial_symmetry_median": 0.9321527481079102,
  "facial_symmetry_max": 0.9988849759101868,
  "face_width_height_ratio_mean": 1.3934863805770874,
  "face_width_height_ratio_std": 0.16832758486270905,
  "face_width_height_ratio_median": 1.4384198188781738,
  "face_width_height_ratio_max": 1.9089010953903198,
  "eye_spacing_ratio_mean": 0.6507701277732849,
  "eye_spacing_ratio_std": 0.026610979810357094,
  "eye_spacing_ratio_median": 0.6536835432052612,
  "eye_spacing_ratio_max": 0.7393592596054077,
  "jaw_ratio_mean": 0.7847949266433716,
  "jaw_ratio_std": 0.024571850895881653,
  "jaw_ratio_median": 0.782956600189209,
  "jaw_ratio_max": 0.8728265762329102,
  "smile_intensity_mean": 0.17936481535434723,
  "smile_intensity_std": 0.176646426320076,
  "smile_intensity_median": 0.1669362187385559,
  "smile_intensity_max": 0.7265127301216125,
  "eye_contact_mean": 0.9717118144035339,
  "eye_contact_std": 0.022884635254740715,
  "eye_contact_median": 0.9791711568832397,
  "eye_contact_max": 0.999799370765686,
  "eye_openness_mean": 0.4708259403705597,
  "eye_openness_std": 0.16556759178638458,
  "eye_openness_median": 0.49308714270591736,
  "eye_openness_max": 0.9529628753662109,
  "gaze_stability_mean": 0.9879425168037415,
  "gaze_stability_std": 0.016900192946195602,
  "gaze_stability_median": 0.9948111772537231,
  "gaze_stability_max": 1.0,
  "head_tilt_mean": 0.04369200021028519,
  "head_tilt_std": 0.05596056953072548,
  "head_tilt_median": 0.02694159746170044,
  "head_tilt_max": 0.2513734996318817,
  "expression_speed_mean": 0.1376289427280426,
  "expression_speed_std": 0.15660615265369415,
  "expression_speed_median": 0.05982840806245804,
  "expression_speed_max": 0.7457759976387024,
  "happy_mean": 0.1816015988588333,
  "happy_std": 0.35183262825012207,
  "happy_median": 0.0010066123213618994,
  "happy_max": 0.9999919533729553,
  "neutral_mean": 0.2539912760257721,
  "neutral_std": 0.3123389482498169,
  "neutral_median": 0.0953032523393631,
  "neutral_max": 0.9996916651725769,
  "surprise_mean": 0.02463551238179207,
  "surprise_std": 0.09752621501684189,
  "surprise_median": 0.000102448437246494,
  "surprise_max": 0.8720386028289795,
  "processed_frames": 262.0,
  "video_name": "1.mp4"
}