{
  "expression_speed_max": 0.8815562214170184,
  "expression_speed_mean": 0.1509233255471502,
  "expression_speed_median": 0.05983105182115521,
  "expression_speed_std": 0.19943649215357645,
  "eye_contact_max": 0.9987428869519915,
  "eye_contact_mean": 0.9608790363584246,
  "eye_contact_median": 0.9750145333153861,
  "eye_contact_std": 0.034226064437202046,
  "eye_openness_max": 0.9932804107666016,
  "eye_openness_mean": 0.7936031179768699,
  "eye_openness_median": 0.9043284101145608,
  "eye_openness_std": 0.21296910302979605,
  "eye_spacing_ratio_max": 0.7343581574303764,
  "eye_spacing_ratio_mean": 0.6535256079265049,
  "eye_spacing_ratio_median": 0.653792713369642,
  "eye_spacing_ratio_std": 0.024813509280128137,
  "face_width_height_ratio_max": 1.2462326713970728,
  "face_width_height_ratio_mean": 1.0024462257112776,
  "face_width_height_ratio_median": 1.0416711398533411,
  "face_width_height_ratio_std": 0.12218146451881953,
  "facial_symmetry_max": 0.9934604593685695,
  "facial_symmetry_mean": 0.8869930590902056,
  "facial_symmetry_median": 0.9020230855260577,
  "facial_symmetry_std": 0.08157879965645927,
  "gaze_stability_max": 1.0,
  "gaze_stability_mean": 0.9872969474111285,
  "gaze_stability_median": 0.9951422469956535,
  "gaze_stability_std": 0.020861573916460787,
  "happy_max": 0.9970213089670453,
  "happy_mean": 0.18372534109013422,
  "happy_median": 0.018854870793542693,
  "happy_std": 0.3116537928581238,
  "head_tilt_max": 0.4137693813868931,
  "head_tilt_mean": 0.0815308429300785,
  "head_tilt_median": 0.05344472825527191,
  "head_tilt_std": 0.09240373809422765,
  "jaw_ratio_max": 0.8424285990851266,
  "jaw_ratio_mean": 0.7858228257724217,
  "jaw_ratio_median": 0.7851127130644662,
  "jaw_ratio_std": 0.018242215737700462,
  "neutral_max": 0.9960188014166695,
  "neutral_mean": 0.2825227039200919,
  "neutral_median": 0.11503006378188729,
  "neutral_std": 0.35788302762167795,
  "processed_frames": 131.0,
  "smile_intensity_max": 0.7736716057573046,
  "smile_intensity_mean": 0.19792560275111878,
  "smile_intensity_median": 0.14288074869130338,
  "smile_intensity_std": 0.21490605707679475,
  "surprise_max": 0.8025862361703601,
  "surprise_mean": 0.05495307681017688,
  "surprise_median": 0.00010486198412503914,
  "surprise_std": 0.15026117648397172,
  "video_count": 7.0,
  "valid_video_count": 7.0,
  "valid_video_ratio": 1.0,
  "total_processed_frames": 917.0,
  "avg_processed_frames": 131.0,
  "quality_score": 0.9493333333333334,
  "person_name": "Imada Mio"
}