{
  "facial_symmetry_mean": 0.8679918050765991,
  "facial_symmetry_std": 0.10189281404018402,
  "facial_symmetry_median": 0.9025217294692993,
  "facial_symmetry_max": 0.9986322522163391,
  "face_width_height_ratio_mean": 1.3890345096588135,
  "face_width_height_ratio_std": 0.1471365988254547,
  "face_width_height_ratio_median": 1.4317035675048828,
  "face_width_height_ratio_max": 1.5899171829223633,
  "eye_spacing_ratio_mean": 0.6678406000137329,
  "eye_spacing_ratio_std": 0.02206410840153694,
  "eye_spacing_ratio_median": 0.6700677871704102,
  "eye_spacing_ratio_max": 0.7455959916114807,
  "jaw_ratio_mean": 0.7794870734214783,
  "jaw_ratio_std": 0.013843567110598087,
  "jaw_ratio_median": 0.7793014049530029,
  "jaw_ratio_max": 0.8261853456497192,
  "smile_intensity_mean": 0.11546028405427933,
  "smile_intensity_std": 0.1184731125831604,
  "smile_intensity_median": 0.077760249376297,
  "smile_intensity_max": 0.4909401535987854,
  "eye_contact_mean": 0.944636344909668,
  "eye_contact_std": 0.048340119421482086,
  "eye_contact_median": 0.9593297243118286,
  "eye_contact_max": 0.9997860193252563,
  "eye_openness_mean": 0.7147353887557983,
  "eye_openness_std": 0.20867764949798584,
  "eye_openness_median": 0.767146110534668,
  "eye_openness_max": 1.0,
  "gaze_stability_mean": 0.9769340753555298,
  "gaze_stability_std": 0.027390167117118835,
  "gaze_stability_median": 0.9886608123779297,
  "gaze_stability_max": 1.0,
  "head_tilt_mean": 0.1478016972541809,
  "head_tilt_std": 0.09606851637363434,
  "head_tilt_median": 0.13156302273273468,
  "head_tilt_max": 0.38916245102882385,
  "expression_speed_mean": 0.1377124935388565,
  "expression_speed_std": 0.14483554661273956,
  "expression_speed_median": 0.08509428799152374,
  "expression_speed_max": 0.652796745300293,
  "happy_mean": 0.37315309047698975,
  "happy_std": 0.4102703928947449,
  "happy_median": 0.14421789348125458,
  "happy_max": 0.9999624490737915,
  "neutral_mean": 0.14771120250225067,
  "neutral_std": 0.286559134721756,
  "neutral_median": 0.002594524063169956,
  "neutral_max": 0.9915171265602112,
  "surprise_mean": 0.018901973962783813,
  "surprise_std": 0.1140126883983612,
  "surprise_median": 2.417701580270659e-06,
  "surprise_max": 0.9892009496688843,
  "processed_frames": 78.0,
  "video_name": "1 (2).mp4"
}