{
  "facial_symmetry_mean": 0.871922492980957,
  "facial_symmetry_std": 0.11784464865922928,
  "facial_symmetry_median": 0.920796275138855,
  "facial_symmetry_max": 0.9991087913513184,
  "face_width_height_ratio_mean": 1.4508692026138306,
  "face_width_height_ratio_std": 0.07236575335264206,
  "face_width_height_ratio_median": 1.4337382316589355,
  "face_width_height_ratio_max": 1.7207937240600586,
  "eye_spacing_ratio_mean": 0.6695945858955383,
  "eye_spacing_ratio_std": 0.0197741761803627,
  "eye_spacing_ratio_median": 0.6655690670013428,
  "eye_spacing_ratio_max": 0.7946004271507263,
  "jaw_ratio_mean": 0.7927522659301758,
  "jaw_ratio_std": 0.018158188089728355,
  "jaw_ratio_median": 0.7922996282577515,
  "jaw_ratio_max": 0.8347812294960022,
  "smile_intensity_mean": 0.17980533838272095,
  "smile_intensity_std": 0.10840427875518799,
  "smile_intensity_median": 0.19287581741809845,
  "smile_intensity_max": 0.4150597155094147,
  "eye_contact_mean": 0.9639208316802979,
  "eye_contact_std": 0.027060693129897118,
  "eye_contact_median": 0.9673003554344177,
  "eye_contact_max": 0.9995101690292358,
  "eye_openness_mean": 0.9491634964942932,
  "eye_openness_std": 0.16423647105693817,
  "eye_openness_median": 1.0,
  "eye_openness_max": 1.0,
  "gaze_stability_mean": 0.9837347269058228,
  "gaze_stability_std": 0.019756045192480087,
  "gaze_stability_median": 0.9887973070144653,
  "gaze_stability_max": 1.0,
  "head_tilt_mean": 0.09285130351781845,
  "head_tilt_std": 0.06542768329381943,
  "head_tilt_median": 0.08246682584285736,
  "head_tilt_max": 0.32115638256073,
  "expression_speed_mean": 0.12395165860652924,
  "expression_speed_std": 0.17823408544063568,
  "expression_speed_median": 0.06376436352729797,
  "expression_speed_max": 0.7595259547233582,
  "happy_mean": 0.40496551990509033,
  "happy_std": 0.44007548689842224,
  "happy_median": 0.13146236538887024,
  "happy_max": 0.999998927116394,
  "neutral_mean": 0.13584689795970917,
  "neutral_std": 0.26422494649887085,
  "neutral_median": 0.004256230778992176,
  "neutral_max": 0.9997890591621399,
  "surprise_mean": 0.017084170132875443,
  "surprise_std": 0.09470338374376297,
  "surprise_median": 2.317087637493387e-05,
  "surprise_max": 0.877133846282959,
  "processed_frames": 106.0,
  "video_name": "1 (3).mp4"
}