{
  "expression_speed_max": 0.777652382850647,
  "expression_speed_mean": 0.14033860713243484,
  "expression_speed_median": 0.06814907118678093,
  "expression_speed_std": 0.1724836140871048,
  "eye_contact_max": 0.9997817516326905,
  "eye_contact_mean": 0.9646479606628418,
  "eye_contact_median": 0.9737114310264587,
  "eye_contact_std": 0.030919144675135613,
  "eye_openness_max": 0.9712689757347107,
  "eye_openness_mean": 0.7655220091342926,
  "eye_openness_median": 0.7844147503376007,
  "eye_openness_std": 0.17859396040439607,
  "eye_spacing_ratio_max": 0.7783522844314575,
  "eye_spacing_ratio_mean": 0.6620139837265014,
  "eye_spacing_ratio_median": 0.6614083647727966,
  "eye_spacing_ratio_std": 0.02614748366177082,
  "face_width_height_ratio_max": 1.3313596963882446,
  "face_width_height_ratio_mean": 1.0909628510475158,
  "face_width_height_ratio_median": 1.1077744245529175,
  "face_width_height_ratio_std": 0.09700253009796142,
  "facial_symmetry_max": 0.9994094014167786,
  "facial_symmetry_mean": 0.8987162470817566,
  "facial_symmetry_median": 0.9173428535461425,
  "facial_symmetry_std": 0.08172541037201882,
  "gaze_stability_max": 1.0,
  "gaze_stability_mean": 0.9867577195167542,
  "gaze_stability_median": 0.9926917433738709,
  "gaze_stability_std": 0.017292392440140247,
  "happy_max": 0.9998712420463562,
  "happy_mean": 0.28310263752937315,
  "happy_median": 0.06154300337657333,
  "happy_std": 0.38084365129470826,
  "head_tilt_max": 0.3575662851333618,
  "head_tilt_mean": 0.10276671797037125,
  "head_tilt_median": 0.08590385317802429,
  "head_tilt_std": 0.07984429150819779,
  "jaw_ratio_max": 0.8470900893211365,
  "jaw_ratio_mean": 0.7865786671638488,
  "jaw_ratio_median": 0.7862248420715332,
  "jaw_ratio_std": 0.01877630818635225,
  "neutral_max": 0.9963384985923767,
  "neutral_mean": 0.2685189604759216,
  "neutral_median": 0.07933528535068035,
  "neutral_std": 0.34247559905052183,
  "processed_frames": 119.8,
  "smile_intensity_max": 0.6677269756793975,
  "smile_intensity_mean": 0.20672239139676094,
  "smile_intensity_median": 0.16950924675911666,
  "smile_intensity_std": 0.17750270515680314,
  "surprise_max": 0.8195225954055786,
  "surprise_mean": 0.046144329383969306,
  "surprise_median": 5.372208947846957e-05,
  "surprise_std": 0.1369846522808075,
  "video_count": 5.0,
  "valid_video_count": 5.0,
  "valid_video_ratio": 1.0,
  "total_processed_frames": 599.0,
  "avg_processed_frames": 119.8,
  "quality_score": 0.9194666666666667,
  "person_name": "Kim Hee Sun"
}