{
  "facial_symmetry_mean": 0.9344438910484314,
  "facial_symmetry_std": 0.03781554847955704,
  "facial_symmetry_median": 0.9219419956207275,
  "facial_symmetry_max": 0.9993851184844971,
  "face_width_height_ratio_mean": 0.6088634133338928,
  "face_width_height_ratio_std": 0.052744295448064804,
  "face_width_height_ratio_median": 0.6063375473022461,
  "face_width_height_ratio_max": 0.7000681757926941,
  "eye_spacing_ratio_mean": 0.6579501628875732,
  "eye_spacing_ratio_std": 0.028002265840768814,
  "eye_spacing_ratio_median": 0.6538095474243164,
  "eye_spacing_ratio_max": 0.7330317497253418,
  "jaw_ratio_mean": 0.7913088202476501,
  "jaw_ratio_std": 0.02337469533085823,
  "jaw_ratio_median": 0.7833130359649658,
  "jaw_ratio_max": 0.8516097068786621,
  "smile_intensity_mean": 0.21342599391937256,
  "smile_intensity_std": 0.3143308460712433,
  "smile_intensity_median": 0.025576895102858543,
  "smile_intensity_max": 1.0,
  "eye_contact_mean": 0.9758051037788391,
  "eye_contact_std": 0.01546083390712738,
  "eye_contact_median": 0.9781687259674072,
  "eye_contact_max": 0.997677743434906,
  "eye_openness_mean": 0.8118667602539062,
  "eye_openness_std": 0.20930370688438416,
  "eye_openness_median": 0.8321123123168945,
  "eye_openness_max": 1.0,
  "gaze_stability_mean": 0.9915655255317688,
  "gaze_stability_std": 0.010050453245639801,
  "gaze_stability_median": 0.9951459169387817,
  "gaze_stability_max": 1.0,
  "head_tilt_mean": 0.11022907495498657,
  "head_tilt_std": 0.10989473760128021,
  "head_tilt_median": 0.056897252798080444,
  "head_tilt_max": 0.3953145444393158,
  "expression_speed_mean": 0.15302492678165436,
  "expression_speed_std": 0.19342565536499023,
  "expression_speed_median": 0.08081227540969849,
  "expression_speed_max": 0.9928136467933655,
  "happy_mean": 0.06434919685125351,
  "happy_std": 0.18196642398834229,
  "happy_median": 8.096998499240726e-05,
  "happy_max": 0.9886276721954346,
  "neutral_mean": 0.32042422890663147,
  "neutral_std": 0.38145923614501953,
  "neutral_median": 0.04894609749317169,
  "neutral_max": 0.9985746145248413,
  "surprise_mean": 0.006719301920384169,
  "surprise_std": 0.04330345243215561,
  "surprise_median": 8.351488759217318e-06,
  "surprise_max": 0.3968032896518707,
  "processed_frames": 96.0,
  "video_name": "1 (2).mp4"
}