{
  "facial_symmetry_mean": 0.944939374923706,
  "facial_symmetry_std": 0.022361813113093376,
  "facial_symmetry_median": 0.9474162459373474,
  "facial_symmetry_max": 0.9987738728523254,
  "face_width_height_ratio_mean": 1.3778948783874512,
  "face_width_height_ratio_std": 0.10046535730361938,
  "face_width_height_ratio_median": 1.402271032333374,
  "face_width_height_ratio_max": 1.5890498161315918,
  "eye_spacing_ratio_mean": 0.670922040939331,
  "eye_spacing_ratio_std": 0.023659516125917435,
  "eye_spacing_ratio_median": 0.6745680570602417,
  "eye_spacing_ratio_max": 0.7243924140930176,
  "jaw_ratio_mean": 0.7991861701011658,
  "jaw_ratio_std": 0.027738187462091446,
  "jaw_ratio_median": 0.7998586893081665,
  "jaw_ratio_max": 0.9032433032989502,
  "smile_intensity_mean": 0.0654146745800972,
  "smile_intensity_std": 0.0897630900144577,
  "smile_intensity_median": 0.013660596683621407,
  "smile_intensity_max": 0.3573046922683716,
  "eye_contact_mean": 0.9854223132133484,
  "eye_contact_std": 0.014618944376707077,
  "eye_contact_median": 0.9944618940353394,
  "eye_contact_max": 0.9990847110748291,
  "eye_openness_mean": 0.6158838868141174,
  "eye_openness_std": 0.23983518779277802,
  "eye_openness_median": 0.7156534194946289,
  "eye_openness_max": 1.0,
  "gaze_stability_mean": 0.9911823272705078,
  "gaze_stability_std": 0.01273760199546814,
  "gaze_stability_median": 0.9976349472999573,
  "gaze_stability_max": 1.0,
  "head_tilt_mean": 0.02719048410654068,
  "head_tilt_std": 0.02105635777115822,
  "head_tilt_median": 0.015821531414985657,
  "head_tilt_max": 0.09641304612159729,
  "expression_speed_mean": 0.07717755436897278,
  "expression_speed_std": 0.10565610975027084,
  "expression_speed_median": 0.033741556107997894,
  "expression_speed_max": 0.5192195773124695,
  "happy_mean": 0.17659062147140503,
  "happy_std": 0.36109229922294617,
  "happy_median": 0.0007058301707729697,
  "happy_max": 0.9999889135360718,
  "neutral_mean": 0.6172433495521545,
  "neutral_std": 0.44313889741897583,
  "neutral_median": 0.907646894454956,
  "neutral_max": 0.9996620416641235,
  "surprise_mean": 0.029056517407298088,
  "surprise_std": 0.0984460711479187,
  "surprise_median": 4.086304397787899e-05,
  "surprise_max": 0.41546833515167236,
  "processed_frames": 44.0,
  "video_name": "1 (3).mp4"
}