{
  "facial_symmetry_mean": 0.9195742607116699,
  "facial_symmetry_std": 0.06119203194975853,
  "facial_symmetry_median": 0.9376031160354614,
  "facial_symmetry_max": 0.9992098808288574,
  "face_width_height_ratio_mean": 0.6895277500152588,
  "face_width_height_ratio_std": 0.043211571872234344,
  "face_width_height_ratio_median": 0.6884285807609558,
  "face_width_height_ratio_max": 0.810350775718689,
  "eye_spacing_ratio_mean": 0.6536371111869812,
  "eye_spacing_ratio_std": 0.024813078343868256,
  "eye_spacing_ratio_median": 0.6547606587409973,
  "eye_spacing_ratio_max": 0.7339314818382263,
  "jaw_ratio_mean": 0.7901714444160461,
  "jaw_ratio_std": 0.02213020622730255,
  "jaw_ratio_median": 0.7896177768707275,
  "jaw_ratio_max": 0.8595848083496094,
  "smile_intensity_mean": 0.19424965977668762,
  "smile_intensity_std": 0.25264468789100647,
  "smile_intensity_median": 0.038925036787986755,
  "smile_intensity_max": 1.0,
  "eye_contact_mean": 0.9763811826705933,
  "eye_contact_std": 0.02405703067779541,
  "eye_contact_median": 0.9840578436851501,
  "eye_contact_max": 0.9994884133338928,
  "eye_openness_mean": 0.7894477248191833,
  "eye_openness_std": 0.23847943544387817,
  "eye_openness_median": 0.8930855989456177,
  "eye_openness_max": 1.0,
  "gaze_stability_mean": 0.9891315698623657,
  "gaze_stability_std": 0.015095574781298637,
  "gaze_stability_median": 0.993370532989502,
  "gaze_stability_max": 1.0,
  "head_tilt_mean": 0.1475249081850052,
  "head_tilt_std": 0.1265321522951126,
  "head_tilt_median": 0.106346495449543,
  "head_tilt_max": 0.5441497564315796,
  "expression_speed_mean": 0.20801009237766266,
  "expression_speed_std": 0.22203736007213593,
  "expression_speed_median": 0.11945211887359619,
  "expression_speed_max": 1.0,
  "happy_mean": 0.11525169759988785,
  "happy_std": 0.26777127385139465,
  "happy_median": 0.0020037912763655186,
  "happy_max": 0.9958170652389526,
  "neutral_mean": 0.3585949242115021,
  "neutral_std": 0.35582634806632996,
  "neutral_median": 0.19151325523853302,
  "neutral_max": 0.9960975646972656,
  "surprise_mean": 0.030639085918664932,
  "surprise_std": 0.11380095034837723,
  "surprise_median": 5.712569327442907e-05,
  "surprise_max": 0.8683983683586121,
  "processed_frames": 117.0,
  "video_name": "1 (4).mp4"
}