{
  "facial_symmetry_mean": 0.9364078044891357,
  "facial_symmetry_std": 0.061059072613716125,
  "facial_symmetry_median": 0.9541058540344238,
  "facial_symmetry_max": 0.9997576475143433,
  "face_width_height_ratio_mean": 0.7952818870544434,
  "face_width_height_ratio_std": 0.11042879521846771,
  "face_width_height_ratio_median": 0.8199610710144043,
  "face_width_height_ratio_max": 1.0356194972991943,
  "eye_spacing_ratio_mean": 0.6527090668678284,
  "eye_spacing_ratio_std": 0.028399791568517685,
  "eye_spacing_ratio_median": 0.6572522521018982,
  "eye_spacing_ratio_max": 0.7233079671859741,
  "jaw_ratio_mean": 0.8019700050354004,
  "jaw_ratio_std": 0.024894723668694496,
  "jaw_ratio_median": 0.8005857467651367,
  "jaw_ratio_max": 0.8650176525115967,
  "smile_intensity_mean": 0.3443249762058258,
  "smile_intensity_std": 0.32979708909988403,
  "smile_intensity_median": 0.23422092199325562,
  "smile_intensity_max": 1.0,
  "eye_contact_mean": 0.9805202484130859,
  "eye_contact_std": 0.022524239495396614,
  "eye_contact_median": 0.991584062576294,
  "eye_contact_max": 0.9996774196624756,
  "eye_openness_mean": 0.6149987578392029,
  "eye_openness_std": 0.2862696945667267,
  "eye_openness_median": 0.6979689002037048,
  "eye_openness_max": 1.0,
  "gaze_stability_mean": 0.9917070269584656,
  "gaze_stability_std": 0.012510862201452255,
  "gaze_stability_median": 0.9952336549758911,
  "gaze_stability_max": 1.0,
  "head_tilt_mean": 0.06234639510512352,
  "head_tilt_std": 0.07641206681728363,
  "head_tilt_median": 0.03396220505237579,
  "head_tilt_max": 0.4334917664527893,
  "expression_speed_mean": 0.24525833129882812,
  "expression_speed_std": 0.245498389005661,
  "expression_speed_median": 0.17514793574810028,
  "expression_speed_max": 0.9958951473236084,
  "happy_mean": 0.2184254229068756,
  "happy_std": 0.37097397446632385,
  "happy_median": 0.004500573500990868,
  "happy_max": 0.9995518326759338,
  "neutral_mean": 0.1414584219455719,
  "neutral_std": 0.23406179249286652,
  "neutral_median": 0.018436087295413017,
  "neutral_max": 0.9998952150344849,
  "surprise_mean": 0.08517759293317795,
  "surprise_std": 0.20211568474769592,
  "surprise_median": 3.6780729715246707e-06,
  "surprise_max": 0.9047242999076843,
  "processed_frames": 76.0,
  "video_name": "1 (6).mp4"
}