{
  "facial_symmetry_mean": 0.8837211728096008,
  "facial_symmetry_std": 0.0579926036298275,
  "facial_symmetry_median": 0.8637978434562683,
  "facial_symmetry_max": 0.9962702989578247,
  "face_width_height_ratio_mean": 0.7587262392044067,
  "face_width_height_ratio_std": 0.12822894752025604,
  "face_width_height_ratio_median": 0.7496588230133057,
  "face_width_height_ratio_max": 0.9965115189552307,
  "eye_spacing_ratio_mean": 0.6440898180007935,
  "eye_spacing_ratio_std": 0.04101784899830818,
  "eye_spacing_ratio_median": 0.6558619141578674,
  "eye_spacing_ratio_max": 0.7055148482322693,
  "jaw_ratio_mean": 0.7943304777145386,
  "jaw_ratio_std": 0.019214078783988953,
  "jaw_ratio_median": 0.7918285727500916,
  "jaw_ratio_max": 0.8295240998268127,
  "smile_intensity_mean": 0.288411945104599,
  "smile_intensity_std": 0.2661692500114441,
  "smile_intensity_median": 0.24144160747528076,
  "smile_intensity_max": 0.8225666880607605,
  "eye_contact_mean": 0.956997275352478,
  "eye_contact_std": 0.030460823327302933,
  "eye_contact_median": 0.9667962789535522,
  "eye_contact_max": 0.9995841979980469,
  "eye_openness_mean": 0.7160409688949585,
  "eye_openness_std": 0.19035038352012634,
  "eye_openness_median": 0.746185839176178,
  "eye_openness_max": 1.0,
  "gaze_stability_mean": 0.9792283773422241,
  "gaze_stability_std": 0.024788688868284225,
  "gaze_stability_median": 0.9894318580627441,
  "gaze_stability_max": 1.0,
  "head_tilt_mean": 0.0936589241027832,
  "head_tilt_std": 0.051497023552656174,
  "head_tilt_median": 0.08861228823661804,
  "head_tilt_max": 0.234060138463974,
  "expression_speed_mean": 0.28269967436790466,
  "expression_speed_std": 0.23651765286922455,
  "expression_speed_median": 0.18663884699344635,
  "expression_speed_max": 0.802104115486145,
  "happy_mean": 0.001528038177639246,
  "happy_std": 0.006877967622131109,
  "happy_median": 4.215969084953031e-08,
  "happy_max": 0.040462322533130646,
  "neutral_mean": 0.07695617526769638,
  "neutral_std": 0.17854590713977814,
  "neutral_median": 7.583673141198233e-05,
  "neutral_max": 0.8348755836486816,
  "surprise_mean": 0.10340508073568344,
  "surprise_std": 0.2778005599975586,
  "surprise_median": 2.1050043486070535e-08,
  "surprise_max": 0.991273045539856,
  "processed_frames": 53.0,
  "video_name": "1 (7).mp4"
}