{
  "facial_symmetry_mean": 0.8965054154396057,
  "facial_symmetry_std": 0.07304590195417404,
  "facial_symmetry_median": 0.9003221988677979,
  "facial_symmetry_max": 0.9913104176521301,
  "face_width_height_ratio_mean": 0.8057393431663513,
  "face_width_height_ratio_std": 0.05615789815783501,
  "face_width_height_ratio_median": 0.8020771145820618,
  "face_width_height_ratio_max": 0.9972973465919495,
  "eye_spacing_ratio_mean": 0.6472203731536865,
  "eye_spacing_ratio_std": 0.028833676129579544,
  "eye_spacing_ratio_median": 0.6526732444763184,
  "eye_spacing_ratio_max": 0.7272729873657227,
  "jaw_ratio_mean": 0.7915454506874084,
  "jaw_ratio_std": 0.01899310015141964,
  "jaw_ratio_median": 0.7906329035758972,
  "jaw_ratio_max": 0.8427356481552124,
  "smile_intensity_mean": 0.13876178860664368,
  "smile_intensity_std": 0.20340140163898468,
  "smile_intensity_median": 0.017861273139715195,
  "smile_intensity_max": 0.7221612930297852,
  "eye_contact_mean": 0.9709157347679138,
  "eye_contact_std": 0.0314268097281456,
  "eye_contact_median": 0.9817686676979065,
  "eye_contact_max": 0.9990335702896118,
  "eye_openness_mean": 0.8944594860076904,
  "eye_openness_std": 0.19641341269016266,
  "eye_openness_median": 1.0,
  "eye_openness_max": 1.0,
  "gaze_stability_mean": 0.9875430464744568,
  "gaze_stability_std": 0.018350396305322647,
  "gaze_stability_median": 0.9939332008361816,
  "gaze_stability_max": 1.0,
  "head_tilt_mean": 0.10897493362426758,
  "head_tilt_std": 0.10438224673271179,
  "head_tilt_median": 0.06615832448005676,
  "head_tilt_max": 0.4070243239402771,
  "expression_speed_mean": 0.12995712459087372,
  "expression_speed_std": 0.16819050908088684,
  "expression_speed_median": 0.042229991406202316,
  "expression_speed_max": 0.6968483924865723,
  "happy_mean": 0.14479976892471313,
  "happy_std": 0.27280160784721375,
  "happy_median": 0.004314871039241552,
  "happy_max": 0.9850273132324219,
  "neutral_mean": 0.3084920644760132,
  "neutral_std": 0.33126184344291687,
  "neutral_median": 0.1592385172843933,
  "neutral_max": 0.9867739081382751,
  "surprise_mean": 0.021306781098246574,
  "surprise_std": 0.09690073877573013,
  "surprise_median": 0.0003258298384025693,
  "surprise_max": 0.7012519240379333,
  "processed_frames": 67.0,
  "video_name": "1.mp4"
}