{
  "facial_symmetry_mean": 0.8763176202774048,
  "facial_symmetry_std": 0.07852934300899506,
  "facial_symmetry_median": 0.8743383288383484,
  "facial_symmetry_max": 0.991715133190155,
  "face_width_height_ratio_mean": 0.8086349964141846,
  "face_width_height_ratio_std": 0.11794131994247437,
  "face_width_height_ratio_median": 0.8095080256462097,
  "face_width_height_ratio_max": 1.1576297283172607,
  "eye_spacing_ratio_mean": 0.6666113138198853,
  "eye_spacing_ratio_std": 0.03483925387263298,
  "eye_spacing_ratio_median": 0.6734947562217712,
  "eye_spacing_ratio_max": 0.7423118352890015,
  "jaw_ratio_mean": 0.8062312602996826,
  "jaw_ratio_std": 0.024002155289053917,
  "jaw_ratio_median": 0.8012831807136536,
  "jaw_ratio_max": 0.8889753818511963,
  "smile_intensity_mean": 0.09175640344619751,
  "smile_intensity_std": 0.14204341173171997,
  "smile_intensity_median": 0.016483094543218613,
  "smile_intensity_max": 0.6464013457298279,
  "eye_contact_mean": 0.9543559551239014,
  "eye_contact_std": 0.02813687175512314,
  "eye_contact_median": 0.9627253413200378,
  "eye_contact_max": 0.9996493458747864,
  "eye_openness_mean": 0.9040331840515137,
  "eye_openness_std": 0.16037817299365997,
  "eye_openness_median": 1.0,
  "eye_openness_max": 1.0,
  "gaze_stability_mean": 0.9810344576835632,
  "gaze_stability_std": 0.019138602539896965,
  "gaze_stability_median": 0.9880334138870239,
  "gaze_stability_max": 1.0,
  "head_tilt_mean": 0.16758319735527039,
  "head_tilt_std": 0.15692763030529022,
  "head_tilt_median": 0.09715989232063293,
  "head_tilt_max": 0.5311128497123718,
  "expression_speed_mean": 0.14421437680721283,
  "expression_speed_std": 0.17128939926624298,
  "expression_speed_median": 0.058387503027915955,
  "expression_speed_max": 0.699282705783844,
  "happy_mean": 0.21053273975849152,
  "happy_std": 0.3405657112598419,
  "happy_median": 0.004813683684915304,
  "happy_max": 0.9999983310699463,
  "neutral_mean": 0.4360242784023285,
  "neutral_std": 0.40026962757110596,
  "neutral_median": 0.38566768169403076,
  "neutral_max": 0.9998569488525391,
  "surprise_mean": 0.008901474066078663,
  "surprise_std": 0.0746406614780426,
  "surprise_median": 5.781591426057275e-06,
  "surprise_max": 0.6509307622909546,
  "processed_frames": 75.0,
  "video_name": "1.mp4"
}