{
  "facial_symmetry_mean": 0.8857876658439636,
  "facial_symmetry_std": 0.09718648344278336,
  "facial_symmetry_median": 0.9440099000930786,
  "facial_symmetry_max": 0.9932752847671509,
  "face_width_height_ratio_mean": 0.827277660369873,
  "face_width_height_ratio_std": 0.05294613912701607,
  "face_width_height_ratio_median": 0.8297266960144043,
  "face_width_height_ratio_max": 1.2541166543960571,
  "eye_spacing_ratio_mean": 0.6571241617202759,
  "eye_spacing_ratio_std": 0.01361607201397419,
  "eye_spacing_ratio_median": 0.6576766967773438,
  "eye_spacing_ratio_max": 0.7030845880508423,
  "jaw_ratio_mean": 0.7721928954124451,
  "jaw_ratio_std": 0.012721055187284946,
  "jaw_ratio_median": 0.7697919607162476,
  "jaw_ratio_max": 0.8318693041801453,
  "smile_intensity_mean": 0.18981793522834778,
  "smile_intensity_std": 0.15616537630558014,
  "smile_intensity_median": 0.2624966502189636,
  "smile_intensity_max": 0.4098544716835022,
  "eye_contact_mean": 0.9639372229576111,
  "eye_contact_std": 0.039227116852998734,
  "eye_contact_median": 0.9754853248596191,
  "eye_contact_max": 0.9991030693054199,
  "eye_openness_mean": 0.9953638911247253,
  "eye_openness_std": 0.04223674163222313,
  "eye_openness_median": 1.0,
  "eye_openness_max": 1.0,
  "gaze_stability_mean": 0.9912914037704468,
  "gaze_stability_std": 0.013165652751922607,
  "gaze_stability_median": 0.9950156211853027,
  "gaze_stability_max": 1.0,
  "head_tilt_mean": 0.07666774839162827,
  "head_tilt_std": 0.05613676458597183,
  "head_tilt_median": 0.06010711193084717,
  "head_tilt_max": 0.1959414780139923,
  "expression_speed_mean": 0.04895365983247757,
  "expression_speed_std": 0.09062433987855911,
  "expression_speed_median": 0.01781066507101059,
  "expression_speed_max": 0.4171244204044342,
  "happy_mean": 0.21401339769363403,
  "happy_std": 0.34853222966194153,
  "happy_median": 0.006935723591595888,
  "happy_max": 0.9999998807907104,
  "neutral_mean": 0.25119245052337646,
  "neutral_std": 0.36533883213996887,
  "neutral_median": 0.0005787069676443934,
  "neutral_max": 0.9992598295211792,
  "surprise_mean": 0.009988958947360516,
  "surprise_std": 0.042785368859767914,
  "surprise_median": 1.5977067846506543e-07,
  "surprise_max": 0.2577194273471832,
  "processed_frames": 84.0,
  "video_name": "3.mp4"
}