{
  "facial_symmetry_mean": 0.8502188920974731,
  "facial_symmetry_std": 0.12405246496200562,
  "facial_symmetry_median": 0.9103202819824219,
  "facial_symmetry_max": 0.9850002527236938,
  "face_width_height_ratio_mean": 0.9897012710571289,
  "face_width_height_ratio_std": 0.13419516384601593,
  "face_width_height_ratio_median": 1.0158493518829346,
  "face_width_height_ratio_max": 1.1243462562561035,
  "eye_spacing_ratio_mean": 0.6657998561859131,
  "eye_spacing_ratio_std": 0.020589573308825493,
  "eye_spacing_ratio_median": 0.6678454279899597,
  "eye_spacing_ratio_max": 0.7404764890670776,
  "jaw_ratio_mean": 0.7723482847213745,
  "jaw_ratio_std": 0.02627740427851677,
  "jaw_ratio_median": 0.7627909183502197,
  "jaw_ratio_max": 0.8482707142829895,
  "smile_intensity_mean": 0.13814204931259155,
  "smile_intensity_std": 0.20661857724189758,
  "smile_intensity_median": 0.020905934274196625,
  "smile_intensity_max": 0.7020381093025208,
  "eye_contact_mean": 0.9545146226882935,
  "eye_contact_std": 0.05523277074098587,
  "eye_contact_median": 0.9900237917900085,
  "eye_contact_max": 0.9997515678405762,
  "eye_openness_mean": 0.7855574488639832,
  "eye_openness_std": 0.21516147255897522,
  "eye_openness_median": 0.8273003697395325,
  "eye_openness_max": 1.0,
  "gaze_stability_mean": 0.9827794432640076,
  "gaze_stability_std": 0.03279534727334976,
  "gaze_stability_median": 0.9966922998428345,
  "gaze_stability_max": 1.0,
  "head_tilt_mean": 0.1671437919139862,
  "head_tilt_std": 0.10532566905021667,
  "head_tilt_median": 0.12017369270324707,
  "head_tilt_max": 0.4081273078918457,
  "expression_speed_mean": 0.14850792288780212,
  "expression_speed_std": 0.2005114108324051,
  "expression_speed_median": 0.049230314791202545,
  "expression_speed_max": 0.7199296951293945,
  "happy_mean": 0.12318511307239532,
  "happy_std": 0.29944610595703125,
  "happy_median": 6.796259549446404e-05,
  "happy_max": 0.9995818138122559,
  "neutral_mean": 0.429544597864151,
  "neutral_std": 0.4135311543941498,
  "neutral_median": 0.2695290148258209,
  "neutral_max": 0.9989144802093506,
  "surprise_mean": 0.0023396045435220003,
  "surprise_std": 0.009505491703748703,
  "surprise_median": 1.7321652023838396e-07,
  "surprise_max": 0.06525293737649918,
  "processed_frames": 53.0,
  "video_name": "4.mp4"
}