{
  "facial_symmetry_mean": 0.8580971360206604,
  "facial_symmetry_std": 0.09087556600570679,
  "facial_symmetry_median": 0.8748183846473694,
  "facial_symmetry_max": 0.9978074431419373,
  "face_width_height_ratio_mean": 0.7900266647338867,
  "face_width_height_ratio_std": 0.07685388624668121,
  "face_width_height_ratio_median": 0.8014298677444458,
  "face_width_height_ratio_max": 1.0206454992294312,
  "eye_spacing_ratio_mean": 0.6673172116279602,
  "eye_spacing_ratio_std": 0.0312715508043766,
  "eye_spacing_ratio_median": 0.6653246283531189,
  "eye_spacing_ratio_max": 0.7635572552680969,
  "jaw_ratio_mean": 0.7847895622253418,
  "jaw_ratio_std": 0.02162845805287361,
  "jaw_ratio_median": 0.7832261323928833,
  "jaw_ratio_max": 0.857929527759552,
  "smile_intensity_mean": 0.16928759217262268,
  "smile_intensity_std": 0.20892922580242157,
  "smile_intensity_median": 0.01904977858066559,
  "smile_intensity_max": 0.7182955741882324,
  "eye_contact_mean": 0.95001220703125,
  "eye_contact_std": 0.049045488238334656,
  "eye_contact_median": 0.9627045392990112,
  "eye_contact_max": 0.9986889362335205,
  "eye_openness_mean": 0.9328559637069702,
  "eye_openness_std": 0.1715780645608902,
  "eye_openness_median": 1.0,
  "eye_openness_max": 1.0,
  "gaze_stability_mean": 0.9771436452865601,
  "gaze_stability_std": 0.030882645398378372,
  "gaze_stability_median": 0.9897028803825378,
  "gaze_stability_max": 1.0,
  "head_tilt_mean": 0.1436554342508316,
  "head_tilt_std": 0.12306513637304306,
  "head_tilt_median": 0.10291785001754761,
  "head_tilt_max": 0.4880772531032562,
  "expression_speed_mean": 0.17430101335048676,
  "expression_speed_std": 0.19179704785346985,
  "expression_speed_median": 0.08640033006668091,
  "expression_speed_max": 0.8355831503868103,
  "happy_mean": 0.06603076308965683,
  "happy_std": 0.22639846801757812,
  "happy_median": 0.000169372113305144,
  "happy_max": 0.9996194839477539,
  "neutral_mean": 0.3790023624897003,
  "neutral_std": 0.4173505902290344,
  "neutral_median": 0.15013916790485382,
  "neutral_max": 0.9988824725151062,
  "surprise_mean": 0.030664583668112755,
  "surprise_std": 0.16903221607208252,
  "surprise_median": 2.3760699718877731e-07,
  "surprise_max": 0.9999987483024597,
  "processed_frames": 101.0,
  "video_name": "5.mp4"
}