{
  "facial_symmetry_mean": 0.8854434490203857,
  "facial_symmetry_std": 0.0766216591000557,
  "facial_symmetry_median": 0.875971794128418,
  "facial_symmetry_max": 0.9996159076690674,
  "face_width_height_ratio_mean": 1.3518414497375488,
  "face_width_height_ratio_std": 0.18251042068004608,
  "face_width_height_ratio_median": 1.388598918914795,
  "face_width_height_ratio_max": 1.649203896522522,
  "eye_spacing_ratio_mean": 0.639755129814148,
  "eye_spacing_ratio_std": 0.028762908652424812,
  "eye_spacing_ratio_median": 0.6361140608787537,
  "eye_spacing_ratio_max": 0.7221165299415588,
  "jaw_ratio_mean": 0.8004506826400757,
  "jaw_ratio_std": 0.02557707391679287,
  "jaw_ratio_median": 0.8007049560546875,
  "jaw_ratio_max": 0.8840096592903137,
  "smile_intensity_mean": 0.24667488038539886,
  "smile_intensity_std": 0.21102774143218994,
  "smile_intensity_median": 0.2483569085597992,
  "smile_intensity_max": 0.9241208434104919,
  "eye_contact_mean": 0.9684105515480042,
  "eye_contact_std": 0.02839953638613224,
  "eye_contact_median": 0.97590172290802,
  "eye_contact_max": 0.9999920129776001,
  "eye_openness_mean": 0.5327538251876831,
  "eye_openness_std": 0.209035724401474,
  "eye_openness_median": 0.4899653494358063,
  "eye_openness_max": 1.0,
  "gaze_stability_mean": 0.9888510704040527,
  "gaze_stability_std": 0.013960644602775574,
  "gaze_stability_median": 0.992868185043335,
  "gaze_stability_max": 1.0,
  "head_tilt_mean": 0.05817073956131935,
  "head_tilt_std": 0.03740060701966286,
  "head_tilt_median": 0.04524841904640198,
  "head_tilt_max": 0.14287307858467102,
  "expression_speed_mean": 0.12698400020599365,
  "expression_speed_std": 0.1482420563697815,
  "expression_speed_median": 0.06875192373991013,
  "expression_speed_max": 0.6554999947547913,
  "happy_mean": 0.18873901665210724,
  "happy_std": 0.3530753254890442,
  "happy_median": 0.00012104499182896689,
  "happy_max": 0.9997859597206116,
  "neutral_mean": 0.15198460221290588,
  "neutral_std": 0.3123457133769989,
  "neutral_median": 0.004522575531154871,
  "neutral_max": 0.9999726414680481,
  "surprise_mean": 0.007041533477604389,
  "surprise_std": 0.05068166181445122,
  "surprise_median": 1.5416072756124777e-06,
  "surprise_max": 0.5069687962532043,
  "processed_frames": 103.0,
  "video_name": "1 (2).mp4"
}