{
  "facial_symmetry_mean": 0.8391178250312805,
  "facial_symmetry_std": 0.10630868375301361,
  "facial_symmetry_median": 0.8665434718132019,
  "facial_symmetry_max": 0.9961123466491699,
  "face_width_height_ratio_mean": 1.105249285697937,
  "face_width_height_ratio_std": 0.0626436397433281,
  "face_width_height_ratio_median": 1.1155229806900024,
  "face_width_height_ratio_max": 1.2530900239944458,
  "eye_spacing_ratio_mean": 0.6463345289230347,
  "eye_spacing_ratio_std": 0.018773874267935753,
  "eye_spacing_ratio_median": 0.6469106674194336,
  "eye_spacing_ratio_max": 0.7225910425186157,
  "jaw_ratio_mean": 0.7981396317481995,
  "jaw_ratio_std": 0.01792028360068798,
  "jaw_ratio_median": 0.7999672889709473,
  "jaw_ratio_max": 0.8347041606903076,
  "smile_intensity_mean": 0.12594464421272278,
  "smile_intensity_std": 0.17247460782527924,
  "smile_intensity_median": 0.00956012587994337,
  "smile_intensity_max": 0.5309685468673706,
  "eye_contact_mean": 0.9375044703483582,
  "eye_contact_std": 0.05075707659125328,
  "eye_contact_median": 0.9489745497703552,
  "eye_contact_max": 0.9996894598007202,
  "eye_openness_mean": 0.945106565952301,
  "eye_openness_std": 0.14467082917690277,
  "eye_openness_median": 1.0,
  "eye_openness_max": 1.0,
  "gaze_stability_mean": 0.974472165107727,
  "gaze_stability_std": 0.03323863446712494,
  "gaze_stability_median": 0.9864497184753418,
  "gaze_stability_max": 1.0,
  "head_tilt_mean": 0.10880501568317413,
  "head_tilt_std": 0.06326639652252197,
  "head_tilt_median": 0.10260060429573059,
  "head_tilt_max": 0.2542226016521454,
  "expression_speed_mean": 0.09729011356830597,
  "expression_speed_std": 0.14773015677928925,
  "expression_speed_median": 0.026112236082553864,
  "expression_speed_max": 0.8385431170463562,
  "happy_mean": 0.3404409885406494,
  "happy_std": 0.4260299801826477,
  "happy_median": 0.027766147628426552,
  "happy_max": 0.9999993443489075,
  "neutral_mean": 0.33492323756217957,
  "neutral_std": 0.37396061420440674,
  "neutral_median": 0.1385861039161682,
  "neutral_max": 0.9994852542877197,
  "surprise_mean": 0.0019148332066833973,
  "surprise_std": 0.009389025159180164,
  "surprise_median": 8.375196557608433e-06,
  "surprise_max": 0.10785133391618729,
  "processed_frames": 151.0,
  "video_name": "1 (3).mp4"
}