{
  "facial_symmetry_mean": 0.8491125702857971,
  "facial_symmetry_std": 0.05481382831931114,
  "facial_symmetry_median": 0.8487019538879395,
  "facial_symmetry_max": 0.9963129162788391,
  "face_width_height_ratio_mean": 0.8347176313400269,
  "face_width_height_ratio_std": 0.08025269955396652,
  "face_width_height_ratio_median": 0.8216469287872314,
  "face_width_height_ratio_max": 0.9751641750335693,
  "eye_spacing_ratio_mean": 0.6551748514175415,
  "eye_spacing_ratio_std": 0.027176503092050552,
  "eye_spacing_ratio_median": 0.6529924273490906,
  "eye_spacing_ratio_max": 0.7439581751823425,
  "jaw_ratio_mean": 0.7785329222679138,
  "jaw_ratio_std": 0.01853788085281849,
  "jaw_ratio_median": 0.7788099050521851,
  "jaw_ratio_max": 0.8166895508766174,
  "smile_intensity_mean": 0.15516021847724915,
  "smile_intensity_std": 0.23317129909992218,
  "smile_intensity_median": 0.019217755645513535,
  "smile_intensity_max": 1.0,
  "eye_contact_mean": 0.9291098713874817,
  "eye_contact_std": 0.055281467735767365,
  "eye_contact_median": 0.9432822465896606,
  "eye_contact_max": 0.9994947910308838,
  "eye_openness_mean": 0.9064007997512817,
  "eye_openness_std": 0.18068087100982666,
  "eye_openness_median": 1.0,
  "eye_openness_max": 1.0,
  "gaze_stability_mean": 0.9730991721153259,
  "gaze_stability_std": 0.03198756277561188,
  "gaze_stability_median": 0.9862672090530396,
  "gaze_stability_max": 1.0,
  "head_tilt_mean": 0.19328951835632324,
  "head_tilt_std": 0.18217778205871582,
  "head_tilt_median": 0.1292378455400467,
  "head_tilt_max": 0.6500989198684692,
  "expression_speed_mean": 0.1556161493062973,
  "expression_speed_std": 0.2002156525850296,
  "expression_speed_median": 0.06410548835992813,
  "expression_speed_max": 0.8290785551071167,
  "happy_mean": 0.22530867159366608,
  "happy_std": 0.389458566904068,
  "happy_median": 0.0009437598055228591,
  "happy_max": 0.9999765753746033,
  "neutral_mean": 0.24680612981319427,
  "neutral_std": 0.343090683221817,
  "neutral_median": 0.037916459143161774,
  "neutral_max": 0.987211287021637,
  "surprise_mean": 0.012987305410206318,
  "surprise_std": 0.0794968530535698,
  "surprise_median": 5.057001544628292e-06,
  "surprise_max": 0.7408745288848877,
  "processed_frames": 104.0,
  "video_name": "1 (4).mp4"
}