{
  "facial_symmetry_mean": 0.9076299071311951,
  "facial_symmetry_std": 0.08304693549871445,
  "facial_symmetry_median": 0.9420478343963623,
  "facial_symmetry_max": 0.9986678957939148,
  "face_width_height_ratio_mean": 0.8263648748397827,
  "face_width_height_ratio_std": 0.08156628906726837,
  "face_width_height_ratio_median": 0.840132474899292,
  "face_width_height_ratio_max": 1.0818533897399902,
  "eye_spacing_ratio_mean": 0.6520586013793945,
  "eye_spacing_ratio_std": 0.0295504592359066,
  "eye_spacing_ratio_median": 0.6524298787117004,
  "eye_spacing_ratio_max": 0.707461953163147,
  "jaw_ratio_mean": 0.7843953967094421,
  "jaw_ratio_std": 0.021244561299681664,
  "jaw_ratio_median": 0.7848360538482666,
  "jaw_ratio_max": 0.8373435735702515,
  "smile_intensity_mean": 0.051772281527519226,
  "smile_intensity_std": 0.11324743926525116,
  "smile_intensity_median": 0.01939321495592594,
  "smile_intensity_max": 0.7769001722335815,
  "eye_contact_mean": 0.9691480994224548,
  "eye_contact_std": 0.038110196590423584,
  "eye_contact_median": 0.9854730367660522,
  "eye_contact_max": 0.999966561794281,
  "eye_openness_mean": 0.8460949063301086,
  "eye_openness_std": 0.2294839471578598,
  "eye_openness_median": 1.0,
  "eye_openness_max": 1.0,
  "gaze_stability_mean": 0.980768620967865,
  "gaze_stability_std": 0.025141499936580658,
  "gaze_stability_median": 0.9896823763847351,
  "gaze_stability_max": 1.0,
  "head_tilt_mean": 0.08996120095252991,
  "head_tilt_std": 0.0638086348772049,
  "head_tilt_median": 0.07314704358577728,
  "head_tilt_max": 0.2370324730873108,
  "expression_speed_mean": 0.20665918290615082,
  "expression_speed_std": 0.21058498322963715,
  "expression_speed_median": 0.10454535484313965,
  "expression_speed_max": 0.9722165465354919,
  "happy_mean": 0.1161518543958664,
  "happy_std": 0.29198822379112244,
  "happy_median": 0.0002855519996955991,
  "happy_max": 0.9999920129776001,
  "neutral_mean": 0.36651498079299927,
  "neutral_std": 0.40919920802116394,
  "neutral_median": 0.11183644831180573,
  "neutral_max": 0.9991928339004517,
  "surprise_mean": 0.017312128096818924,
  "surprise_std": 0.10972864925861359,
  "surprise_median": 1.3444482647173572e-06,
  "surprise_max": 0.8488758206367493,
  "processed_frames": 88.0,
  "video_name": "1 (5).mp4"
}