{
  "facial_symmetry_mean": 0.9098702669143677,
  "facial_symmetry_std": 0.03986020013689995,
  "facial_symmetry_median": 0.912730872631073,
  "facial_symmetry_max": 0.9969818592071533,
  "face_width_height_ratio_mean": 0.6178311109542847,
  "face_width_height_ratio_std": 0.057844724506139755,
  "face_width_height_ratio_median": 0.6124391555786133,
  "face_width_height_ratio_max": 0.7706730365753174,
  "eye_spacing_ratio_mean": 0.6509461402893066,
  "eye_spacing_ratio_std": 0.023807067424058914,
  "eye_spacing_ratio_median": 0.6488001942634583,
  "eye_spacing_ratio_max": 0.7752441167831421,
  "jaw_ratio_mean": 0.7927720546722412,
  "jaw_ratio_std": 0.024438582360744476,
  "jaw_ratio_median": 0.7879987955093384,
  "jaw_ratio_max": 0.9489980936050415,
  "smile_intensity_mean": 0.4373267889022827,
  "smile_intensity_std": 0.3803988993167877,
  "smile_intensity_median": 0.4685586094856262,
  "smile_intensity_max": 1.0,
  "eye_contact_mean": 0.9650120139122009,
  "eye_contact_std": 0.026142636314034462,
  "eye_contact_median": 0.9683884978294373,
  "eye_contact_max": 0.9997175931930542,
  "eye_openness_mean": 0.8573240041732788,
  "eye_openness_std": 0.2313803732395172,
  "eye_openness_median": 1.0,
  "eye_openness_max": 1.0,
  "gaze_stability_mean": 0.9860816597938538,
  "gaze_stability_std": 0.017120622098445892,
  "gaze_stability_median": 0.9926636219024658,
  "gaze_stability_max": 1.0,
  "head_tilt_mean": 0.14896850287914276,
  "head_tilt_std": 0.16043464839458466,
  "head_tilt_median": 0.09948201477527618,
  "head_tilt_max": 0.7707076072692871,
  "expression_speed_mean": 0.23118524253368378,
  "expression_speed_std": 0.26434534788131714,
  "expression_speed_median": 0.10212057828903198,
  "expression_speed_max": 1.0,
  "happy_mean": 0.28547170758247375,
  "happy_std": 0.4053032100200653,
  "happy_median": 0.004248970188200474,
  "happy_max": 0.999986469745636,
  "neutral_mean": 0.30873361229896545,
  "neutral_std": 0.37941986322402954,
  "neutral_median": 0.08040151000022888,
  "neutral_max": 0.9999964833259583,
  "surprise_mean": 0.032644785940647125,
  "surprise_std": 0.14461828768253326,
  "surprise_median": 2.5664397981017828e-05,
  "surprise_max": 0.9998582005500793,
  "processed_frames": 138.0,
  "video_name": "1 (6).mp4"
}