{
  "facial_symmetry_mean": 0.7828128933906555,
  "facial_symmetry_std": 0.1022203341126442,
  "facial_symmetry_median": 0.7963045239448547,
  "facial_symmetry_max": 0.987716794013977,
  "face_width_height_ratio_mean": 0.7494556307792664,
  "face_width_height_ratio_std": 0.07713472843170166,
  "face_width_height_ratio_median": 0.7088668346405029,
  "face_width_height_ratio_max": 0.9415062665939331,
  "eye_spacing_ratio_mean": 0.6408729553222656,
  "eye_spacing_ratio_std": 0.02569733001291752,
  "eye_spacing_ratio_median": 0.6399992108345032,
  "eye_spacing_ratio_max": 0.7353467345237732,
  "jaw_ratio_mean": 0.7942950129508972,
  "jaw_ratio_std": 0.016368117183446884,
  "jaw_ratio_median": 0.7956379055976868,
  "jaw_ratio_max": 0.8218726515769958,
  "smile_intensity_mean": 0.2893564999103546,
  "smile_intensity_std": 0.2481275349855423,
  "smile_intensity_median": 0.28751763701438904,
  "smile_intensity_max": 0.9356215596199036,
  "eye_contact_mean": 0.9410036206245422,
  "eye_contact_std": 0.03155246004462242,
  "eye_contact_median": 0.9466661214828491,
  "eye_contact_max": 0.997627854347229,
  "eye_openness_mean": 0.9700151681900024,
  "eye_openness_std": 0.09269841760396957,
  "eye_openness_median": 1.0,
  "eye_openness_max": 1.0,
  "gaze_stability_mean": 0.9781131148338318,
  "gaze_stability_std": 0.019904525950551033,
  "gaze_stability_median": 0.9836030006408691,
  "gaze_stability_max": 1.0,
  "head_tilt_mean": 0.12986986339092255,
  "head_tilt_std": 0.13628390431404114,
  "head_tilt_median": 0.07965251803398132,
  "head_tilt_max": 0.519938588142395,
  "expression_speed_mean": 0.16926158964633942,
  "expression_speed_std": 0.1848491132259369,
  "expression_speed_median": 0.10084889084100723,
  "expression_speed_max": 1.0,
  "happy_mean": 0.03763287886977196,
  "happy_std": 0.13938380777835846,
  "happy_median": 8.279441681224853e-05,
  "happy_max": 0.9954765439033508,
  "neutral_mean": 0.2825857400894165,
  "neutral_std": 0.3518989682197571,
  "neutral_median": 0.06699030101299286,
  "neutral_max": 0.9997444152832031,
  "surprise_mean": 0.004384548868983984,
  "surprise_std": 0.0334334596991539,
  "surprise_median": 8.135324947033951e-07,
  "surprise_max": 0.2839401662349701,
  "processed_frames": 71.0,
  "video_name": "1 (7).mp4"
}