{
  "facial_symmetry_mean": 0.9428612589836121,
  "facial_symmetry_std": 0.050037138164043427,
  "facial_symmetry_median": 0.9630901217460632,
  "facial_symmetry_max": 0.9999217391014099,
  "face_width_height_ratio_mean": 0.4735124409198761,
  "face_width_height_ratio_std": 0.029562894254922867,
  "face_width_height_ratio_median": 0.4709266424179077,
  "face_width_height_ratio_max": 0.5437868237495422,
  "eye_spacing_ratio_mean": 0.6434515714645386,
  "eye_spacing_ratio_std": 0.01820533163845539,
  "eye_spacing_ratio_median": 0.6479754447937012,
  "eye_spacing_ratio_max": 0.6709159016609192,
  "jaw_ratio_mean": 0.7816131114959717,
  "jaw_ratio_std": 0.016965143382549286,
  "jaw_ratio_median": 0.7788267731666565,
  "jaw_ratio_max": 0.8177447319030762,
  "smile_intensity_mean": 0.5952547192573547,
  "smile_intensity_std": 0.2813165783882141,
  "smile_intensity_median": 0.6712262034416199,
  "smile_intensity_max": 1.0,
  "eye_contact_mean": 0.9742552638053894,
  "eye_contact_std": 0.02210368402302265,
  "eye_contact_median": 0.9776310920715332,
  "eye_contact_max": 0.99961256980896,
  "eye_openness_mean": 0.9744391441345215,
  "eye_openness_std": 0.10201907902956009,
  "eye_openness_median": 1.0,
  "eye_openness_max": 1.0,
  "gaze_stability_mean": 0.9886990189552307,
  "gaze_stability_std": 0.019623665139079094,
  "gaze_stability_median": 0.9955208897590637,
  "gaze_stability_max": 1.0,
  "head_tilt_mean": 0.22393980622291565,
  "head_tilt_std": 0.17349424958229065,
  "head_tilt_median": 0.16288697719573975,
  "head_tilt_max": 0.7152814865112305,
  "expression_speed_mean": 0.18707279860973358,
  "expression_speed_std": 0.2051399201154709,
  "expression_speed_median": 0.11410845071077347,
  "expression_speed_max": 0.8568973541259766,
  "happy_mean": 0.17016904056072235,
  "happy_std": 0.33923715353012085,
  "happy_median": 0.0024097347632050514,
  "happy_max": 0.999350905418396,
  "neutral_mean": 0.48969343304634094,
  "neutral_std": 0.4274600148200989,
  "neutral_median": 0.49106666445732117,
  "neutral_max": 0.9996181130409241,
  "surprise_mean": 0.015562077052891254,
  "surprise_std": 0.07315526157617569,
  "surprise_median": 0.00011665725469356403,
  "surprise_max": 0.566618025302887,
  "processed_frames": 67.0,
  "video_name": "1 (2).mp4"
}