{
  "facial_symmetry_mean": 0.8642139434814453,
  "facial_symmetry_std": 0.10011710226535797,
  "facial_symmetry_median": 0.8792476654052734,
  "facial_symmetry_max": 0.9999681711196899,
  "face_width_height_ratio_mean": 0.8027883172035217,
  "face_width_height_ratio_std": 0.0575004406273365,
  "face_width_height_ratio_median": 0.8132322430610657,
  "face_width_height_ratio_max": 1.0081664323806763,
  "eye_spacing_ratio_mean": 0.6378720998764038,
  "eye_spacing_ratio_std": 0.02515232190489769,
  "eye_spacing_ratio_median": 0.6400887966156006,
  "eye_spacing_ratio_max": 0.7856857776641846,
  "jaw_ratio_mean": 0.791321873664856,
  "jaw_ratio_std": 0.016300849616527557,
  "jaw_ratio_median": 0.7911767363548279,
  "jaw_ratio_max": 0.8563926219940186,
  "smile_intensity_mean": 0.31941458582878113,
  "smile_intensity_std": 0.2768712341785431,
  "smile_intensity_median": 0.34220704436302185,
  "smile_intensity_max": 1.0,
  "eye_contact_mean": 0.9554480314254761,
  "eye_contact_std": 0.041074514389038086,
  "eye_contact_median": 0.9656926393508911,
  "eye_contact_max": 0.9999558329582214,
  "eye_openness_mean": 0.9457352161407471,
  "eye_openness_std": 0.12616077065467834,
  "eye_openness_median": 1.0,
  "eye_openness_max": 1.0,
  "gaze_stability_mean": 0.983353853225708,
  "gaze_stability_std": 0.027482040226459503,
  "gaze_stability_median": 0.991703450679779,
  "gaze_stability_max": 1.0,
  "head_tilt_mean": 0.16004317998886108,
  "head_tilt_std": 0.14213158190250397,
  "head_tilt_median": 0.12245796620845795,
  "head_tilt_max": 0.8288501501083374,
  "expression_speed_mean": 0.21542568504810333,
  "expression_speed_std": 0.2175828367471695,
  "expression_speed_median": 0.1383243054151535,
  "expression_speed_max": 1.0,
  "happy_mean": 0.166878342628479,
  "happy_std": 0.32676962018013,
  "happy_median": 0.001397310639731586,
  "happy_max": 1.0,
  "neutral_mean": 0.3496730327606201,
  "neutral_std": 0.3616063892841339,
  "neutral_median": 0.2003733068704605,
  "neutral_max": 0.9999229311943054,
  "surprise_mean": 0.03893875330686569,
  "surprise_std": 0.15302744507789612,
  "surprise_median": 6.94294722052291e-05,
  "surprise_max": 0.9991220831871033,
  "processed_frames": 349.0,
  "video_name": "1 (3).mp4"
}