{
  "facial_symmetry_mean": 0.9189006090164185,
  "facial_symmetry_std": 0.08815176039934158,
  "facial_symmetry_median": 0.9402614831924438,
  "facial_symmetry_max": 0.9975475072860718,
  "face_width_height_ratio_mean": 1.402429461479187,
  "face_width_height_ratio_std": 0.09405793994665146,
  "face_width_height_ratio_median": 1.408021330833435,
  "face_width_height_ratio_max": 1.8385661840438843,
  "eye_spacing_ratio_mean": 0.6595364809036255,
  "eye_spacing_ratio_std": 0.027855871245265007,
  "eye_spacing_ratio_median": 0.6560451984405518,
  "eye_spacing_ratio_max": 0.7791520953178406,
  "jaw_ratio_mean": 0.7846715450286865,
  "jaw_ratio_std": 0.018140699714422226,
  "jaw_ratio_median": 0.7843982577323914,
  "jaw_ratio_max": 0.8523417115211487,
  "smile_intensity_mean": 0.12731558084487915,
  "smile_intensity_std": 0.12515293061733246,
  "smile_intensity_median": 0.10266704857349396,
  "smile_intensity_max": 0.5756407380104065,
  "eye_contact_mean": 0.9796391129493713,
  "eye_contact_std": 0.024897491559386253,
  "eye_contact_median": 0.985802412033081,
  "eye_contact_max": 0.9999797940254211,
  "eye_openness_mean": 0.5540348887443542,
  "eye_openness_std": 0.1965673863887787,
  "eye_openness_median": 0.5254737138748169,
  "eye_openness_max": 1.0,
  "gaze_stability_mean": 0.9927351474761963,
  "gaze_stability_std": 0.01194386649876833,
  "gaze_stability_median": 0.9960092902183533,
  "gaze_stability_max": 1.0,
  "head_tilt_mean": 0.08774159103631973,
  "head_tilt_std": 0.060432370752096176,
  "head_tilt_median": 0.07599100470542908,
  "head_tilt_max": 0.27704745531082153,
  "expression_speed_mean": 0.09591501951217651,
  "expression_speed_std": 0.11672431230545044,
  "expression_speed_median": 0.04572655260562897,
  "expression_speed_max": 0.699792206287384,
  "happy_mean": 0.11718107014894485,
  "happy_std": 0.2678433060646057,
  "happy_median": 0.0011891324538737535,
  "happy_max": 1.0,
  "neutral_mean": 0.4492532014846802,
  "neutral_std": 0.41139721870422363,
  "neutral_median": 0.4097767174243927,
  "neutral_max": 0.9999869465827942,
  "surprise_mean": 0.023641852661967278,
  "surprise_std": 0.1324983686208725,
  "surprise_median": 1.5099135453056078e-06,
  "surprise_max": 0.9994285702705383,
  "processed_frames": 260.0,
  "video_name": "1 (4).mp4"
}