{
  "facial_symmetry_mean": 0.881888747215271,
  "facial_symmetry_std": 0.06713946163654327,
  "facial_symmetry_median": 0.8806329369544983,
  "facial_symmetry_max": 0.9970788955688477,
  "face_width_height_ratio_mean": 1.417411208152771,
  "face_width_height_ratio_std": 0.07552032172679901,
  "face_width_height_ratio_median": 1.4360730648040771,
  "face_width_height_ratio_max": 1.5520161390304565,
  "eye_spacing_ratio_mean": 0.65593022108078,
  "eye_spacing_ratio_std": 0.02614372782409191,
  "eye_spacing_ratio_median": 0.6540436744689941,
  "eye_spacing_ratio_max": 0.7305636405944824,
  "jaw_ratio_mean": 0.7751234769821167,
  "jaw_ratio_std": 0.017049839720129967,
  "jaw_ratio_median": 0.7721543312072754,
  "jaw_ratio_max": 0.8537348508834839,
  "smile_intensity_mean": 0.1283770650625229,
  "smile_intensity_std": 0.11811769753694534,
  "smile_intensity_median": 0.1282348930835724,
  "smile_intensity_max": 0.4684945344924927,
  "eye_contact_mean": 0.9638990759849548,
  "eye_contact_std": 0.031110750511288643,
  "eye_contact_median": 0.9742180109024048,
  "eye_contact_max": 0.9997276663780212,
  "eye_openness_mean": 0.8135119080543518,
  "eye_openness_std": 0.22627423703670502,
  "eye_openness_median": 0.9431880712509155,
  "eye_openness_max": 1.0,
  "gaze_stability_mean": 0.984270453453064,
  "gaze_stability_std": 0.02922017127275467,
  "gaze_stability_median": 0.9932801723480225,
  "gaze_stability_max": 1.0,
  "head_tilt_mean": 0.07135002315044403,
  "head_tilt_std": 0.06520110368728638,
  "head_tilt_median": 0.04276357591152191,
  "head_tilt_max": 0.36305665969848633,
  "expression_speed_mean": 0.11486773937940598,
  "expression_speed_std": 0.14475908875465393,
  "expression_speed_median": 0.047946613281965256,
  "expression_speed_max": 0.6914119124412537,
  "happy_mean": 0.12559200823307037,
  "happy_std": 0.2903820276260376,
  "happy_median": 0.000635746750049293,
  "happy_max": 0.999988317489624,
  "neutral_mean": 0.32315707206726074,
  "neutral_std": 0.3447437286376953,
  "neutral_median": 0.15652891993522644,
  "neutral_max": 0.9999525547027588,
  "surprise_mean": 0.017261270433664322,
  "surprise_std": 0.08790534734725952,
  "surprise_median": 2.3798980691935867e-05,
  "surprise_max": 0.8632888793945312,
  "processed_frames": 134.0,
  "video_name": "1 (5).mp4"
}