{
  "facial_symmetry_mean": 0.8711470365524292,
  "facial_symmetry_std": 0.07772345840930939,
  "facial_symmetry_median": 0.8610930442810059,
  "facial_symmetry_max": 0.9925065040588379,
  "face_width_height_ratio_mean": 1.4135468006134033,
  "face_width_height_ratio_std": 0.15881691873073578,
  "face_width_height_ratio_median": 1.3636534214019775,
  "face_width_height_ratio_max": 1.9144970178604126,
  "eye_spacing_ratio_mean": 0.6415815353393555,
  "eye_spacing_ratio_std": 0.019329100847244263,
  "eye_spacing_ratio_median": 0.6397220492362976,
  "eye_spacing_ratio_max": 0.7089341282844543,
  "jaw_ratio_mean": 0.7862924933433533,
  "jaw_ratio_std": 0.01461038738489151,
  "jaw_ratio_median": 0.7859037518501282,
  "jaw_ratio_max": 0.8289570212364197,
  "smile_intensity_mean": 0.1538303643465042,
  "smile_intensity_std": 0.13492022454738617,
  "smile_intensity_median": 0.13725757598876953,
  "smile_intensity_max": 0.46175071597099304,
  "eye_contact_mean": 0.9682896137237549,
  "eye_contact_std": 0.028304699808359146,
  "eye_contact_median": 0.978463888168335,
  "eye_contact_max": 0.9998424649238586,
  "eye_openness_mean": 0.6095772385597229,
  "eye_openness_std": 0.16814979910850525,
  "eye_openness_median": 0.5302317142486572,
  "eye_openness_max": 0.8813663721084595,
  "gaze_stability_mean": 0.979529857635498,
  "gaze_stability_std": 0.02641219086945057,
  "gaze_stability_median": 0.9913659691810608,
  "gaze_stability_max": 1.0,
  "head_tilt_mean": 0.08584699779748917,
  "head_tilt_std": 0.05766604095697403,
  "head_tilt_median": 0.07164865732192993,
  "head_tilt_max": 0.22468745708465576,
  "expression_speed_mean": 0.17642174661159515,
  "expression_speed_std": 0.153739333152771,
  "expression_speed_median": 0.12277162075042725,
  "expression_speed_max": 0.6505091786384583,
  "happy_mean": 0.2008470892906189,
  "happy_std": 0.3612281382083893,
  "happy_median": 0.005745307542383671,
  "happy_max": 0.9996312856674194,
  "neutral_mean": 0.2557322382926941,
  "neutral_std": 0.3831506669521332,
  "neutral_median": 0.013351626694202423,
  "neutral_max": 0.9934194684028625,
  "surprise_mean": 0.00768763292580843,
  "surprise_std": 0.026137830689549446,
  "surprise_median": 0.00010374121484346688,
  "surprise_max": 0.1428236961364746,
  "processed_frames": 33.0,
  "video_name": "1 (6).mp4"
}