{
  "facial_symmetry_mean": 0.7985168695449829,
  "facial_symmetry_std": 0.12597918510437012,
  "facial_symmetry_median": 0.8055893182754517,
  "facial_symmetry_max": 0.9980367422103882,
  "face_width_height_ratio_mean": 1.2679518461227417,
  "face_width_height_ratio_std": 0.10629130154848099,
  "face_width_height_ratio_median": 1.2685273885726929,
  "face_width_height_ratio_max": 1.4516128301620483,
  "eye_spacing_ratio_mean": 0.6578183770179749,
  "eye_spacing_ratio_std": 0.015958890318870544,
  "eye_spacing_ratio_median": 0.655572772026062,
  "eye_spacing_ratio_max": 0.7176242470741272,
  "jaw_ratio_mean": 0.790162205696106,
  "jaw_ratio_std": 0.01857660338282585,
  "jaw_ratio_median": 0.7876780033111572,
  "jaw_ratio_max": 0.8385968208312988,
  "smile_intensity_mean": 0.1964729130268097,
  "smile_intensity_std": 0.1431027352809906,
  "smile_intensity_median": 0.22434882819652557,
  "smile_intensity_max": 0.7600341439247131,
  "eye_contact_mean": 0.9401070475578308,
  "eye_contact_std": 0.04178276285529137,
  "eye_contact_median": 0.9549492001533508,
  "eye_contact_max": 0.9962225556373596,
  "eye_openness_mean": 0.9626621007919312,
  "eye_openness_std": 0.11936354637145996,
  "eye_openness_median": 1.0,
  "eye_openness_max": 1.0,
  "gaze_stability_mean": 0.9739547967910767,
  "gaze_stability_std": 0.02816041186451912,
  "gaze_stability_median": 0.9838223457336426,
  "gaze_stability_max": 1.0,
  "head_tilt_mean": 0.36358463764190674,
  "head_tilt_std": 0.18990571796894073,
  "head_tilt_median": 0.428222119808197,
  "head_tilt_max": 0.6357150077819824,
  "expression_speed_mean": 0.20911318063735962,
  "expression_speed_std": 0.17236994206905365,
  "expression_speed_median": 0.17522752285003662,
  "expression_speed_max": 0.7641125917434692,
  "happy_mean": 0.09227144718170166,
  "happy_std": 0.23245833814144135,
  "happy_median": 0.0004492666630540043,
  "happy_max": 0.9824883341789246,
  "neutral_mean": 0.16106247901916504,
  "neutral_std": 0.26669225096702576,
  "neutral_median": 0.04167061671614647,
  "neutral_max": 0.9585838317871094,
  "surprise_mean": 0.01645749621093273,
  "surprise_std": 0.08003287017345428,
  "surprise_median": 6.18833873886615e-05,
  "surprise_max": 0.7249630093574524,
  "processed_frames": 90.0,
  "video_name": "1 (7).mp4"
}