{
  "facial_symmetry_mean": 0.8453415036201477,
  "facial_symmetry_std": 0.09013219177722931,
  "facial_symmetry_median": 0.8496111631393433,
  "facial_symmetry_max": 0.9901860952377319,
  "face_width_height_ratio_mean": 1.3457432985305786,
  "face_width_height_ratio_std": 0.09660395234823227,
  "face_width_height_ratio_median": 1.3442713022232056,
  "face_width_height_ratio_max": 1.4710313081741333,
  "eye_spacing_ratio_mean": 0.634552538394928,
  "eye_spacing_ratio_std": 0.021231558173894882,
  "eye_spacing_ratio_median": 0.6399788856506348,
  "eye_spacing_ratio_max": 0.6837642788887024,
  "jaw_ratio_mean": 0.7855395674705505,
  "jaw_ratio_std": 0.018923375755548477,
  "jaw_ratio_median": 0.7896860837936401,
  "jaw_ratio_max": 0.8772813081741333,
  "smile_intensity_mean": 0.14677228033542633,
  "smile_intensity_std": 0.1598408967256546,
  "smile_intensity_median": 0.03487791121006012,
  "smile_intensity_max": 0.49743130803108215,
  "eye_contact_mean": 0.9539821147918701,
  "eye_contact_std": 0.02596457302570343,
  "eye_contact_median": 0.959595799446106,
  "eye_contact_max": 0.9872754216194153,
  "eye_openness_mean": 0.6323131918907166,
  "eye_openness_std": 0.19099754095077515,
  "eye_openness_median": 0.6028563976287842,
  "eye_openness_max": 1.0,
  "gaze_stability_mean": 0.986038327217102,
  "gaze_stability_std": 0.020224399864673615,
  "gaze_stability_median": 0.9932762384414673,
  "gaze_stability_max": 1.0,
  "head_tilt_mean": 0.07280752062797546,
  "head_tilt_std": 0.04397611692547798,
  "head_tilt_median": 0.07776908576488495,
  "head_tilt_max": 0.17191901803016663,
  "expression_speed_mean": 0.1144779697060585,
  "expression_speed_std": 0.1505194902420044,
  "expression_speed_median": 0.040336973965168,
  "expression_speed_max": 0.6505709290504456,
  "happy_mean": 0.09874027967453003,
  "happy_std": 0.22021044790744781,
  "happy_median": 0.0009687180281616747,
  "happy_max": 0.9791194200515747,
  "neutral_mean": 0.3359454572200775,
  "neutral_std": 0.3290436267852783,
  "neutral_median": 0.22300691902637482,
  "neutral_max": 0.9981478452682495,
  "surprise_mean": 0.054550059139728546,
  "surprise_std": 0.17082519829273224,
  "surprise_median": 0.00015427515609189868,
  "surprise_max": 0.9236001968383789,
  "processed_frames": 58.0,
  "video_name": "1.mp4"
}