{
  "expression_speed_max": 0.7590420246124268,
  "expression_speed_mean": 0.15904201992920466,
  "expression_speed_median": 0.09777743422559329,
  "expression_speed_std": 0.16583356048379624,
  "eye_contact_max": 0.9975166150501796,
  "eye_contact_mean": 0.9622314657483783,
  "eye_contact_median": 0.9709075774465289,
  "eye_contact_std": 0.03074835373886994,
  "eye_openness_max": 0.9830523388726371,
  "eye_openness_mean": 0.784610526902335,
  "eye_openness_median": 0.8002499852861676,
  "eye_openness_std": 0.1613617656486375,
  "eye_spacing_ratio_max": 0.725234295640673,
  "eye_spacing_ratio_mean": 0.6472489748682294,
  "eye_spacing_ratio_median": 0.6476324030331203,
  "eye_spacing_ratio_std": 0.021982400278959955,
  "face_width_height_ratio_max": 1.397096676485879,
  "face_width_height_ratio_mean": 1.1604833390031541,
  "face_width_height_ratio_median": 1.157815056187766,
  "face_width_height_ratio_std": 0.08833625274045127,
  "facial_symmetry_max": 0.9964636649404254,
  "facial_symmetry_mean": 0.8746957097734723,
  "facial_symmetry_median": 0.8827893904277256,
  "facial_symmetry_std": 0.08561147110802787,
  "gaze_stability_max": 1.0,
  "gaze_stability_mean": 0.9840830649648394,
  "gaze_stability_median": 0.9921397651944842,
  "gaze_stability_std": 0.023295249390814985,
  "happy_max": 0.9943683232579913,
  "happy_mean": 0.1388113253882953,
  "happy_median": 0.0018278881200655764,
  "happy_std": 0.2911612902368818,
  "head_tilt_max": 0.4595081763608115,
  "head_tilt_mean": 0.15218767949513026,
  "head_tilt_median": 0.1402484838451658,
  "head_tilt_std": 0.10468674025365285,
  "jaw_ratio_max": 0.846435580934797,
  "jaw_ratio_mean": 0.7849606105259487,
  "jaw_ratio_median": 0.7842605624880109,
  "jaw_ratio_std": 0.01722384270812784,
  "neutral_max": 0.9928045272827148,
  "neutral_mean": 0.33778813055583407,
  "neutral_median": 0.21939639587487494,
  "neutral_std": 0.360584842307227,
  "processed_frames": 141.57142857142858,
  "smile_intensity_max": 0.6804787772042411,
  "smile_intensity_mean": 0.23820535838603973,
  "smile_intensity_median": 0.2344027864081519,
  "smile_intensity_std": 0.17704604246786662,
  "surprise_max": 0.7456920657839093,
  "surprise_mean": 0.024871305961694037,
  "surprise_median": 7.589933992286595e-05,
  "surprise_std": 0.10336890311113425,
  "video_count": 7.0,
  "valid_video_count": 7.0,
  "valid_video_ratio": 1.0,
  "total_processed_frames": 991.0,
  "avg_processed_frames": 141.57142857142858,
  "quality_score": 0.9775238095238096,
  "person_name": "Miriam Leone"
}