{
  "facial_symmetry_mean": 0.8784424066543579,
  "facial_symmetry_std": 0.062082674354314804,
  "facial_symmetry_median": 0.8788371086120605,
  "facial_symmetry_max": 0.9972373247146606,
  "face_width_height_ratio_mean": 0.6002293229103088,
  "face_width_height_ratio_std": 0.07443508505821228,
  "face_width_height_ratio_median": 0.6235930919647217,
  "face_width_height_ratio_max": 0.7405046224594116,
  "eye_spacing_ratio_mean": 0.6485942602157593,
  "eye_spacing_ratio_std": 0.03165585547685623,
  "eye_spacing_ratio_median": 0.6478546857833862,
  "eye_spacing_ratio_max": 0.7531700134277344,
  "jaw_ratio_mean": 0.7924944162368774,
  "jaw_ratio_std": 0.01821565441787243,
  "jaw_ratio_median": 0.7917027473449707,
  "jaw_ratio_max": 0.8614355325698853,
  "smile_intensity_mean": 0.03794613853096962,
  "smile_intensity_std": 0.07153915613889694,
  "smile_intensity_median": 0.016326695680618286,
  "smile_intensity_max": 0.4390491247177124,
  "eye_contact_mean": 0.9707635045051575,
  "eye_contact_std": 0.022926772013306618,
  "eye_contact_median": 0.9761500358581543,
  "eye_contact_max": 0.9990061521530151,
  "eye_openness_mean": 0.9561976790428162,
  "eye_openness_std": 0.10776767134666443,
  "eye_openness_median": 1.0,
  "eye_openness_max": 1.0,
  "gaze_stability_mean": 0.9902783632278442,
  "gaze_stability_std": 0.013756442815065384,
  "gaze_stability_median": 0.9953525066375732,
  "gaze_stability_max": 1.0,
  "head_tilt_mean": 0.20075146853923798,
  "head_tilt_std": 0.1497383415699005,
  "head_tilt_median": 0.17292365431785583,
  "head_tilt_max": 0.6341323256492615,
  "expression_speed_mean": 0.08770067989826202,
  "expression_speed_std": 0.11841846257448196,
  "expression_speed_median": 0.03741578385233879,
  "expression_speed_max": 0.6481874585151672,
  "happy_mean": 0.045603249222040176,
  "happy_std": 0.1896904855966568,
  "happy_median": 0.0003235515905544162,
  "happy_max": 0.9989384412765503,
  "neutral_mean": 0.4967305660247803,
  "neutral_std": 0.44693824648857117,
  "neutral_median": 0.4869598150253296,
  "neutral_max": 0.9994215965270996,
  "surprise_mean": 0.0006843957817181945,
  "surprise_std": 0.003005820559337735,
  "surprise_median": 3.3457768040534575e-06,
  "surprise_max": 0.020840808749198914,
  "processed_frames": 78.0,
  "video_name": "1 (2).mp4"
}