{
  "facial_symmetry_mean": 0.7556750774383545,
  "facial_symmetry_std": 0.05360015109181404,
  "facial_symmetry_median": 0.7424548864364624,
  "facial_symmetry_max": 0.9069091081619263,
  "face_width_height_ratio_mean": 1.5467629432678223,
  "face_width_height_ratio_std": 0.06434481590986252,
  "face_width_height_ratio_median": 1.5469890832901,
  "face_width_height_ratio_max": 1.6868798732757568,
  "eye_spacing_ratio_mean": 0.6389046311378479,
  "eye_spacing_ratio_std": 0.012032406404614449,
  "eye_spacing_ratio_median": 0.6394363045692444,
  "eye_spacing_ratio_max": 0.6725956201553345,
  "jaw_ratio_mean": 0.7657279372215271,
  "jaw_ratio_std": 0.018191780894994736,
  "jaw_ratio_median": 0.7635105848312378,
  "jaw_ratio_max": 0.842395007610321,
  "smile_intensity_mean": 0.011750033125281334,
  "smile_intensity_std": 0.008547992445528507,
  "smile_intensity_median": 0.01063275896012783,
  "smile_intensity_max": 0.06936024129390717,
  "eye_contact_mean": 0.9819244146347046,
  "eye_contact_std": 0.019577879458665848,
  "eye_contact_median": 0.9861693382263184,
  "eye_contact_max": 0.9997793436050415,
  "eye_openness_mean": 0.932694137096405,
  "eye_openness_std": 0.061117712408304214,
  "eye_openness_median": 0.9418277740478516,
  "eye_openness_max": 1.0,
  "gaze_stability_mean": 0.9856775403022766,
  "gaze_stability_std": 0.021929923444986343,
  "gaze_stability_median": 0.9933602809906006,
  "gaze_stability_max": 1.0,
  "head_tilt_mean": 0.04418531060218811,
  "head_tilt_std": 0.029821215197443962,
  "head_tilt_median": 0.03922611474990845,
  "head_tilt_max": 0.11590182781219482,
  "expression_speed_mean": 0.05664784461259842,
  "expression_speed_std": 0.05274035409092903,
  "expression_speed_median": 0.03881324827671051,
  "expression_speed_max": 0.3028161823749542,
  "happy_mean": 0.009403849951922894,
  "happy_std": 0.08535020053386688,
  "happy_median": 2.3692067770753056e-05,
  "happy_max": 0.925650417804718,
  "neutral_mean": 0.5457140207290649,
  "neutral_std": 0.39893028140068054,
  "neutral_median": 0.6913315057754517,
  "neutral_max": 0.9996950626373291,
  "surprise_mean": 0.0004974298644810915,
  "surprise_std": 0.002149080391973257,
  "surprise_median": 3.7712472931161756e-06,
  "surprise_max": 0.015462127514183521,
  "processed_frames": 117.0,
  "video_name": "1 (4).mp4"
}