{
  "facial_symmetry_mean": 0.7761457562446594,
  "facial_symmetry_std": 0.12458266317844391,
  "facial_symmetry_median": 0.7635637521743774,
  "facial_symmetry_max": 0.9988941550254822,
  "face_width_height_ratio_mean": 1.0193458795547485,
  "face_width_height_ratio_std": 0.1129547730088234,
  "face_width_height_ratio_median": 1.0468419790267944,
  "face_width_height_ratio_max": 1.3956656455993652,
  "eye_spacing_ratio_mean": 0.652163028717041,
  "eye_spacing_ratio_std": 0.023855919018387794,
  "eye_spacing_ratio_median": 0.6544176340103149,
  "eye_spacing_ratio_max": 0.7594975233078003,
  "jaw_ratio_mean": 0.7746279835700989,
  "jaw_ratio_std": 0.01634516380727291,
  "jaw_ratio_median": 0.7751145362854004,
  "jaw_ratio_max": 0.831788182258606,
  "smile_intensity_mean": 0.1364884376525879,
  "smile_intensity_std": 0.20346768200397491,
  "smile_intensity_median": 0.025261664763092995,
  "smile_intensity_max": 0.9562914967536926,
  "eye_contact_mean": 0.9135679602622986,
  "eye_contact_std": 0.05331415310502052,
  "eye_contact_median": 0.9172312021255493,
  "eye_contact_max": 0.9999604225158691,
  "eye_openness_mean": 0.9640343189239502,
  "eye_openness_std": 0.09240635484457016,
  "eye_openness_median": 1.0,
  "eye_openness_max": 1.0,
  "gaze_stability_mean": 0.9715333580970764,
  "gaze_stability_std": 0.03384551405906677,
  "gaze_stability_median": 0.9862279891967773,
  "gaze_stability_max": 1.0,
  "head_tilt_mean": 0.14566998183727264,
  "head_tilt_std": 0.1531199812889099,
  "head_tilt_median": 0.09602665901184082,
  "head_tilt_max": 0.7630300521850586,
  "expression_speed_mean": 0.1608297973871231,
  "expression_speed_std": 0.18366163969039917,
  "expression_speed_median": 0.10773326456546783,
  "expression_speed_max": 1.0,
  "happy_mean": 0.14705272018909454,
  "happy_std": 0.31619203090667725,
  "happy_median": 0.0003677796630654484,
  "happy_max": 0.9997811913490295,
  "neutral_mean": 0.364403635263443,
  "neutral_std": 0.3969764709472656,
  "neutral_median": 0.12187924981117249,
  "neutral_max": 0.9998759031295776,
  "surprise_mean": 0.040195029228925705,
  "surprise_std": 0.1580837368965149,
  "surprise_median": 1.5584535049129045e-06,
  "surprise_max": 0.9855537414550781,
  "processed_frames": 166.0,
  "video_name": "1 (5).mp4"
}