{
  "facial_symmetry_mean": 0.8390057682991028,
  "facial_symmetry_std": 0.04648100212216377,
  "facial_symmetry_median": 0.8373122215270996,
  "facial_symmetry_max": 0.9497679471969604,
  "face_width_height_ratio_mean": 0.6044387221336365,
  "face_width_height_ratio_std": 0.05197259038686752,
  "face_width_height_ratio_median": 0.6079946756362915,
  "face_width_height_ratio_max": 0.9353727698326111,
  "eye_spacing_ratio_mean": 0.6645056009292603,
  "eye_spacing_ratio_std": 0.027271855622529984,
  "eye_spacing_ratio_median": 0.660187840461731,
  "eye_spacing_ratio_max": 0.7291682362556458,
  "jaw_ratio_mean": 0.7758652567863464,
  "jaw_ratio_std": 0.0169918742030859,
  "jaw_ratio_median": 0.7761589288711548,
  "jaw_ratio_max": 0.8363361954689026,
  "smile_intensity_mean": 0.0703081339597702,
  "smile_intensity_std": 0.13731838762760162,
  "smile_intensity_median": 0.01532751228660345,
  "smile_intensity_max": 0.6921826601028442,
  "eye_contact_mean": 0.9450699090957642,
  "eye_contact_std": 0.03542453050613403,
  "eye_contact_median": 0.9531831741333008,
  "eye_contact_max": 0.9981821775436401,
  "eye_openness_mean": 0.9587352871894836,
  "eye_openness_std": 0.11780814081430435,
  "eye_openness_median": 1.0,
  "eye_openness_max": 1.0,
  "gaze_stability_mean": 0.9847095608711243,
  "gaze_stability_std": 0.015399209223687649,
  "gaze_stability_median": 0.9905232191085815,
  "gaze_stability_max": 1.0,
  "head_tilt_mean": 0.1220809742808342,
  "head_tilt_std": 0.10481342673301697,
  "head_tilt_median": 0.0810135155916214,
  "head_tilt_max": 0.3600144386291504,
  "expression_speed_mean": 0.0960463136434555,
  "expression_speed_std": 0.14069031178951263,
  "expression_speed_median": 0.02841988578438759,
  "expression_speed_max": 0.6690661311149597,
  "happy_mean": 0.2248808592557907,
  "happy_std": 0.3341296911239624,
  "happy_median": 0.01430540718138218,
  "happy_max": 0.9943561553955078,
  "neutral_mean": 0.24445542693138123,
  "neutral_std": 0.2998030185699463,
  "neutral_median": 0.09709512442350388,
  "neutral_max": 0.9852235317230225,
  "surprise_mean": 0.09768752008676529,
  "surprise_std": 0.26141104102134705,
  "surprise_median": 0.0008984896121546626,
  "surprise_max": 0.998609185218811,
  "processed_frames": 68.0,
  "video_name": "1 (6).mp4"
}