{
  "facial_symmetry_mean": 0.8849736452102661,
  "facial_symmetry_std": 0.06625009328126907,
  "facial_symmetry_median": 0.8923291563987732,
  "facial_symmetry_max": 0.9966623187065125,
  "face_width_height_ratio_mean": 0.5951462984085083,
  "face_width_height_ratio_std": 0.046586453914642334,
  "face_width_height_ratio_median": 0.5991254448890686,
  "face_width_height_ratio_max": 0.6976114511489868,
  "eye_spacing_ratio_mean": 0.6418476700782776,
  "eye_spacing_ratio_std": 0.01772424392402172,
  "eye_spacing_ratio_median": 0.6412461996078491,
  "eye_spacing_ratio_max": 0.6831915974617004,
  "jaw_ratio_mean": 0.7766961455345154,
  "jaw_ratio_std": 0.011926225386559963,
  "jaw_ratio_median": 0.7772672772407532,
  "jaw_ratio_max": 0.8020668625831604,
  "smile_intensity_mean": 0.347385972738266,
  "smile_intensity_std": 0.3754103183746338,
  "smile_intensity_median": 0.06398433446884155,
  "smile_intensity_max": 1.0,
  "eye_contact_mean": 0.9658501744270325,
  "eye_contact_std": 0.023343946784734726,
  "eye_contact_median": 0.9674032926559448,
  "eye_contact_max": 0.9998124837875366,
  "eye_openness_mean": 0.9750171303749084,
  "eye_openness_std": 0.07670339941978455,
  "eye_openness_median": 1.0,
  "eye_openness_max": 1.0,
  "gaze_stability_mean": 0.9862431883811951,
  "gaze_stability_std": 0.019326355308294296,
  "gaze_stability_median": 0.9931005239486694,
  "gaze_stability_max": 1.0,
  "head_tilt_mean": 0.14817990362644196,
  "head_tilt_std": 0.17147336900234222,
  "head_tilt_median": 0.08783787488937378,
  "head_tilt_max": 0.734809160232544,
  "expression_speed_mean": 0.26805543899536133,
  "expression_speed_std": 0.29858511686325073,
  "expression_speed_median": 0.14331507682800293,
  "expression_speed_max": 1.0,
  "happy_mean": 0.2460276335477829,
  "happy_std": 0.37858039140701294,
  "happy_median": 0.011368384584784508,
  "happy_max": 0.9998050928115845,
  "neutral_mean": 0.25923335552215576,
  "neutral_std": 0.35330963134765625,
  "neutral_median": 0.0671120136976242,
  "neutral_max": 0.9979866147041321,
  "surprise_mean": 0.014565268531441689,
  "surprise_std": 0.07503349334001541,
  "surprise_median": 4.319113941164687e-06,
  "surprise_max": 0.5817551612854004,
  "processed_frames": 63.0,
  "video_name": "1 (7).mp4"
}