{
  "facial_symmetry_mean": 0.8404916524887085,
  "facial_symmetry_std": 0.08526048064231873,
  "facial_symmetry_median": 0.8523917198181152,
  "facial_symmetry_max": 0.9989952445030212,
  "face_width_height_ratio_mean": 1.041667103767395,
  "face_width_height_ratio_std": 0.08632568269968033,
  "face_width_height_ratio_median": 1.0517597198486328,
  "face_width_height_ratio_max": 1.259859323501587,
  "eye_spacing_ratio_mean": 0.6433361768722534,
  "eye_spacing_ratio_std": 0.031963247805833817,
  "eye_spacing_ratio_median": 0.6460046768188477,
  "eye_spacing_ratio_max": 0.7534665465354919,
  "jaw_ratio_mean": 0.7709207534790039,
  "jaw_ratio_std": 0.025965621694922447,
  "jaw_ratio_median": 0.7672520279884338,
  "jaw_ratio_max": 0.8634964823722839,
  "smile_intensity_mean": 0.14706508815288544,
  "smile_intensity_std": 0.17080458998680115,
  "smile_intensity_median": 0.04204823076725006,
  "smile_intensity_max": 0.8750880360603333,
  "eye_contact_mean": 0.9340237975120544,
  "eye_contact_std": 0.041705172508955,
  "eye_contact_median": 0.9374111890792847,
  "eye_contact_max": 0.9992348551750183,
  "eye_openness_mean": 0.8184851408004761,
  "eye_openness_std": 0.23366431891918182,
  "eye_openness_median": 0.9480971097946167,
  "eye_openness_max": 1.0,
  "gaze_stability_mean": 0.981816828250885,
  "gaze_stability_std": 0.02556777186691761,
  "gaze_stability_median": 0.9910359978675842,
  "gaze_stability_max": 1.0,
  "head_tilt_mean": 0.07383418828248978,
  "head_tilt_std": 0.06644433736801147,
  "head_tilt_median": 0.05036100745201111,
  "head_tilt_max": 0.2614811062812805,
  "expression_speed_mean": 0.14942169189453125,
  "expression_speed_std": 0.17854255437850952,
  "expression_speed_median": 0.07025493681430817,
  "expression_speed_max": 0.7452632188796997,
  "happy_mean": 0.20544788241386414,
  "happy_std": 0.3588246703147888,
  "happy_median": 0.007084649056196213,
  "happy_max": 0.9999998211860657,
  "neutral_mean": 0.462147057056427,
  "neutral_std": 0.42298394441604614,
  "neutral_median": 0.41610655188560486,
  "neutral_max": 0.9999650716781616,
  "surprise_mean": 0.020683065056800842,
  "surprise_std": 0.1139615997672081,
  "surprise_median": 2.6104240532731637e-05,
  "surprise_max": 0.9677931666374207,
  "processed_frames": 222.0,
  "video_name": "1 (8).mp4"
}