{
  "facial_symmetry_mean": 0.9063211679458618,
  "facial_symmetry_std": 0.08529586344957352,
  "facial_symmetry_median": 0.9436110258102417,
  "facial_symmetry_max": 0.9990281462669373,
  "face_width_height_ratio_mean": 1.4490375518798828,
  "face_width_height_ratio_std": 0.11513883620500565,
  "face_width_height_ratio_median": 1.4844468832015991,
  "face_width_height_ratio_max": 1.7720139026641846,
  "eye_spacing_ratio_mean": 0.644137978553772,
  "eye_spacing_ratio_std": 0.027072129771113396,
  "eye_spacing_ratio_median": 0.6491918563842773,
  "eye_spacing_ratio_max": 0.7105679512023926,
  "jaw_ratio_mean": 0.7806786894798279,
  "jaw_ratio_std": 0.017070133239030838,
  "jaw_ratio_median": 0.7792189121246338,
  "jaw_ratio_max": 0.8401062488555908,
  "smile_intensity_mean": 0.06732463836669922,
  "smile_intensity_std": 0.08760455995798111,
  "smile_intensity_median": 0.03067121095955372,
  "smile_intensity_max": 0.42544853687286377,
  "eye_contact_mean": 0.9686481356620789,
  "eye_contact_std": 0.03340679034590721,
  "eye_contact_median": 0.9804930686950684,
  "eye_contact_max": 0.9998147487640381,
  "eye_openness_mean": 0.45183229446411133,
  "eye_openness_std": 0.18406639993190765,
  "eye_openness_median": 0.39799433946609497,
  "eye_openness_max": 0.9291629195213318,
  "gaze_stability_mean": 0.990009069442749,
  "gaze_stability_std": 0.01622084155678749,
  "gaze_stability_median": 0.9956504106521606,
  "gaze_stability_max": 1.0,
  "head_tilt_mean": 0.01880388706922531,
  "head_tilt_std": 0.021597975865006447,
  "head_tilt_median": 0.012082867324352264,
  "head_tilt_max": 0.1703190803527832,
  "expression_speed_mean": 0.09482704848051071,
  "expression_speed_std": 0.11123615503311157,
  "expression_speed_median": 0.05043885111808777,
  "expression_speed_max": 0.6136901378631592,
  "happy_mean": 0.08802782744169235,
  "happy_std": 0.24793656170368195,
  "happy_median": 0.0004200356488581747,
  "happy_max": 0.9999992847442627,
  "neutral_mean": 0.4378027021884918,
  "neutral_std": 0.3709541857242584,
  "neutral_median": 0.3738466501235962,
  "neutral_max": 0.9999752044677734,
  "surprise_mean": 0.00703098950907588,
  "surprise_std": 0.038523025810718536,
  "surprise_median": 4.277520929463208e-05,
  "surprise_max": 0.5261379480361938,
  "processed_frames": 272.0,
  "video_name": "1 (2).mp4"
}