{
  "facial_symmetry_mean": 0.8958887457847595,
  "facial_symmetry_std": 0.009515451267361641,
  "facial_symmetry_median": 0.8964787721633911,
  "facial_symmetry_max": 0.9080252051353455,
  "face_width_height_ratio_mean": 1.375619888305664,
  "face_width_height_ratio_std": 0.16115702688694,
  "face_width_height_ratio_median": 1.4381592273712158,
  "face_width_height_ratio_max": 1.5398167371749878,
  "eye_spacing_ratio_mean": 0.6406129002571106,
  "eye_spacing_ratio_std": 0.016678443178534508,
  "eye_spacing_ratio_median": 0.6472696661949158,
  "eye_spacing_ratio_max": 0.6522637009620667,
  "jaw_ratio_mean": 0.762524425983429,
  "jaw_ratio_std": 0.01760353334248066,
  "jaw_ratio_median": 0.7570693492889404,
  "jaw_ratio_max": 0.796859860420227,
  "smile_intensity_mean": 0.025367042049765587,
  "smile_intensity_std": 0.029358405619859695,
  "smile_intensity_median": 0.007252291776239872,
  "smile_intensity_max": 0.06978686898946762,
  "eye_contact_mean": 0.9659366607666016,
  "eye_contact_std": 0.009684599936008453,
  "eye_contact_median": 0.9693647623062134,
  "eye_contact_max": 0.9774234890937805,
  "eye_openness_mean": 0.14098937809467316,
  "eye_openness_std": 0.08241333812475204,
  "eye_openness_median": 0.10220509767532349,
  "eye_openness_max": 0.32388681173324585,
  "gaze_stability_mean": 0.9904566407203674,
  "gaze_stability_std": 0.007039367221295834,
  "gaze_stability_median": 0.9918397665023804,
  "gaze_stability_max": 1.0,
  "head_tilt_mean": 0.028950994834303856,
  "head_tilt_std": 0.007215104531496763,
  "head_tilt_median": 0.03172669559717178,
  "head_tilt_max": 0.036739036440849304,
  "expression_speed_mean": 0.061422497034072876,
  "expression_speed_std": 0.07576464861631393,
  "expression_speed_median": 0.031764816492795944,
  "expression_speed_max": 0.2249051332473755,
  "happy_mean": 0.032587748020887375,
  "happy_std": 0.03539702668786049,
  "happy_median": 0.01611454412341118,
  "happy_max": 0.09169827401638031,
  "neutral_mean": 0.7048223614692688,
  "neutral_std": 0.27811503410339355,
  "neutral_median": 0.8335513472557068,
  "neutral_max": 0.9338264465332031,
  "surprise_mean": 0.0015810332261025906,
  "surprise_std": 0.002449545543640852,
  "surprise_median": 9.072427928913385e-05,
  "surprise_max": 0.006641255225986242,
  "processed_frames": 6.0,
  "video_name": "1 (4).mp4"
}