{
  "facial_symmetry_mean": 0.8986541032791138,
  "facial_symmetry_std": 0.0622483566403389,
  "facial_symmetry_median": 0.9187692403793335,
  "facial_symmetry_max": 0.9837828874588013,
  "face_width_height_ratio_mean": 1.3931668996810913,
  "face_width_height_ratio_std": 0.20659926533699036,
  "face_width_height_ratio_median": 1.4681516885757446,
  "face_width_height_ratio_max": 1.7431780099868774,
  "eye_spacing_ratio_mean": 0.6743273735046387,
  "eye_spacing_ratio_std": 0.025940224528312683,
  "eye_spacing_ratio_median": 0.6792309284210205,
  "eye_spacing_ratio_max": 0.7283379435539246,
  "jaw_ratio_mean": 0.7502832412719727,
  "jaw_ratio_std": 0.03245377540588379,
  "jaw_ratio_median": 0.7466570138931274,
  "jaw_ratio_max": 0.8433749675750732,
  "smile_intensity_mean": 0.03597168251872063,
  "smile_intensity_std": 0.0627618357539177,
  "smile_intensity_median": 0.00898281391710043,
  "smile_intensity_max": 0.30316635966300964,
  "eye_contact_mean": 0.9468276500701904,
  "eye_contact_std": 0.022636864334344864,
  "eye_contact_median": 0.9509676098823547,
  "eye_contact_max": 0.9903148412704468,
  "eye_openness_mean": 0.8386186957359314,
  "eye_openness_std": 0.2588234543800354,
  "eye_openness_median": 1.0,
  "eye_openness_max": 1.0,
  "gaze_stability_mean": 0.9850042462348938,
  "gaze_stability_std": 0.019113101065158844,
  "gaze_stability_median": 0.9935036301612854,
  "gaze_stability_max": 1.0,
  "head_tilt_mean": 0.11585785448551178,
  "head_tilt_std": 0.08667071908712387,
  "head_tilt_median": 0.09821876883506775,
  "head_tilt_max": 0.33798888325691223,
  "expression_speed_mean": 0.11979539692401886,
  "expression_speed_std": 0.1676381677389145,
  "expression_speed_median": 0.05191262811422348,
  "expression_speed_max": 0.9758833050727844,
  "happy_mean": 0.0012173277791589499,
  "happy_std": 0.004066905938088894,
  "happy_median": 6.972737901378423e-05,
  "happy_max": 0.029105616733431816,
  "neutral_mean": 0.4405403137207031,
  "neutral_std": 0.4025408923625946,
  "neutral_median": 0.2727035880088806,
  "neutral_max": 0.9999374747276306,
  "surprise_mean": 0.04284742847084999,
  "surprise_std": 0.14816763997077942,
  "surprise_median": 0.00017715379362925887,
  "surprise_max": 0.7880508899688721,
  "processed_frames": 63.0,
  "video_name": "1 (5).mp4"
}