{
  "facial_symmetry_mean": 0.8921900987625122,
  "facial_symmetry_std": 0.023609401658177376,
  "facial_symmetry_median": 0.8893870115280151,
  "facial_symmetry_max": 0.958641767501831,
  "face_width_height_ratio_mean": 0.5265729427337646,
  "face_width_height_ratio_std": 0.05594166740775108,
  "face_width_height_ratio_median": 0.522262454032898,
  "face_width_height_ratio_max": 0.6393458843231201,
  "eye_spacing_ratio_mean": 0.6466617584228516,
  "eye_spacing_ratio_std": 0.021299386397004128,
  "eye_spacing_ratio_median": 0.6477057933807373,
  "eye_spacing_ratio_max": 0.697632908821106,
  "jaw_ratio_mean": 0.7562870383262634,
  "jaw_ratio_std": 0.03453633934259415,
  "jaw_ratio_median": 0.7430493831634521,
  "jaw_ratio_max": 0.8621684312820435,
  "smile_intensity_mean": 0.1510007679462433,
  "smile_intensity_std": 0.20345230400562286,
  "smile_intensity_median": 0.04751554876565933,
  "smile_intensity_max": 1.0,
  "eye_contact_mean": 0.9802944660186768,
  "eye_contact_std": 0.015886595472693443,
  "eye_contact_median": 0.9837914705276489,
  "eye_contact_max": 0.9996615052223206,
  "eye_openness_mean": 0.8365846872329712,
  "eye_openness_std": 0.29094991087913513,
  "eye_openness_median": 1.0,
  "eye_openness_max": 1.0,
  "gaze_stability_mean": 0.9917649030685425,
  "gaze_stability_std": 0.00811395701020956,
  "gaze_stability_median": 0.9935659170150757,
  "gaze_stability_max": 1.0,
  "head_tilt_mean": 0.22648634016513824,
  "head_tilt_std": 0.11519750207662582,
  "head_tilt_median": 0.24606558680534363,
  "head_tilt_max": 0.37275373935699463,
  "expression_speed_mean": 0.15515540540218353,
  "expression_speed_std": 0.18266171216964722,
  "expression_speed_median": 0.08193589001893997,
  "expression_speed_max": 0.8652459383010864,
  "happy_mean": 0.08530367165803909,
  "happy_std": 0.23680277168750763,
  "happy_median": 0.00046317483065649867,
  "happy_max": 0.9995867013931274,
  "neutral_mean": 0.4265505373477936,
  "neutral_std": 0.40847882628440857,
  "neutral_median": 0.2539917826652527,
  "neutral_max": 0.999974250793457,
  "surprise_mean": 0.10642576217651367,
  "surprise_std": 0.25028324127197266,
  "surprise_median": 0.0003258560609538108,
  "surprise_max": 0.976684033870697,
  "processed_frames": 52.0,
  "video_name": "1 (8).mp4"
}