{
  "facial_symmetry_mean": 0.9579347372055054,
  "facial_symmetry_std": 0.032254304736852646,
  "facial_symmetry_median": 0.9664462804794312,
  "facial_symmetry_max": 0.9999716877937317,
  "face_width_height_ratio_mean": 0.605333149433136,
  "face_width_height_ratio_std": 0.02799331396818161,
  "face_width_height_ratio_median": 0.6096905469894409,
  "face_width_height_ratio_max": 0.7123016119003296,
  "eye_spacing_ratio_mean": 0.6570345759391785,
  "eye_spacing_ratio_std": 0.014375345781445503,
  "eye_spacing_ratio_median": 0.6555618047714233,
  "eye_spacing_ratio_max": 0.7076970338821411,
  "jaw_ratio_mean": 0.766724169254303,
  "jaw_ratio_std": 0.013751944527029991,
  "jaw_ratio_median": 0.7668876647949219,
  "jaw_ratio_max": 0.810370922088623,
  "smile_intensity_mean": 0.10281922668218613,
  "smile_intensity_std": 0.12440525740385056,
  "smile_intensity_median": 0.037618085741996765,
  "smile_intensity_max": 0.5239793062210083,
  "eye_contact_mean": 0.975077748298645,
  "eye_contact_std": 0.021971018984913826,
  "eye_contact_median": 0.9793977737426758,
  "eye_contact_max": 0.9993110299110413,
  "eye_openness_mean": 0.7919741868972778,
  "eye_openness_std": 0.24220573902130127,
  "eye_openness_median": 0.8412482738494873,
  "eye_openness_max": 1.0,
  "gaze_stability_mean": 0.9904208183288574,
  "gaze_stability_std": 0.01310199499130249,
  "gaze_stability_median": 0.9955334663391113,
  "gaze_stability_max": 1.0,
  "head_tilt_mean": 0.04797446355223656,
  "head_tilt_std": 0.03235935419797897,
  "head_tilt_median": 0.04091046750545502,
  "head_tilt_max": 0.15294328331947327,
  "expression_speed_mean": 0.17748914659023285,
  "expression_speed_std": 0.23974888026714325,
  "expression_speed_median": 0.057440705597400665,
  "expression_speed_max": 0.8668168783187866,
  "happy_mean": 0.1042993888258934,
  "happy_std": 0.2846403419971466,
  "happy_median": 0.0002597197308205068,
  "happy_max": 0.99996018409729,
  "neutral_mean": 0.5472756028175354,
  "neutral_std": 0.39273178577423096,
  "neutral_median": 0.7229286432266235,
  "neutral_max": 0.9974504113197327,
  "surprise_mean": 0.03937901183962822,
  "surprise_std": 0.10796790570020676,
  "surprise_median": 3.094282510573976e-05,
  "surprise_max": 0.6462135910987854,
  "processed_frames": 118.0,
  "video_name": "1.mp4"
}