{
  "facial_symmetry_mean": 0.8790003657341003,
  "facial_symmetry_std": 0.1119949147105217,
  "facial_symmetry_median": 0.9133540987968445,
  "facial_symmetry_max": 0.9978287816047668,
  "face_width_height_ratio_mean": 1.3615177869796753,
  "face_width_height_ratio_std": 0.20932307839393616,
  "face_width_height_ratio_median": 1.4276366233825684,
  "face_width_height_ratio_max": 1.6031330823898315,
  "eye_spacing_ratio_mean": 0.6504108309745789,
  "eye_spacing_ratio_std": 0.025926843285560608,
  "eye_spacing_ratio_median": 0.6469911932945251,
  "eye_spacing_ratio_max": 0.7676787376403809,
  "jaw_ratio_mean": 0.7707882523536682,
  "jaw_ratio_std": 0.02538781799376011,
  "jaw_ratio_median": 0.7671894431114197,
  "jaw_ratio_max": 0.8428228497505188,
  "smile_intensity_mean": 0.05089731886982918,
  "smile_intensity_std": 0.07750576734542847,
  "smile_intensity_median": 0.009531103074550629,
  "smile_intensity_max": 0.2877351939678192,
  "eye_contact_mean": 0.9678266048431396,
  "eye_contact_std": 0.04310755059123039,
  "eye_contact_median": 0.987072229385376,
  "eye_contact_max": 0.9998331665992737,
  "eye_openness_mean": 0.7486181855201721,
  "eye_openness_std": 0.2094501256942749,
  "eye_openness_median": 0.8104826807975769,
  "eye_openness_max": 1.0,
  "gaze_stability_mean": 0.980405330657959,
  "gaze_stability_std": 0.03760276362299919,
  "gaze_stability_median": 0.9934913516044617,
  "gaze_stability_max": 1.0,
  "head_tilt_mean": 0.07881387323141098,
  "head_tilt_std": 0.0627334788441658,
  "head_tilt_median": 0.06534136831760406,
  "head_tilt_max": 0.31991302967071533,
  "expression_speed_mean": 0.12217047810554504,
  "expression_speed_std": 0.16012071073055267,
  "expression_speed_median": 0.0535261370241642,
  "expression_speed_max": 0.8513375520706177,
  "happy_mean": 0.21316754817962646,
  "happy_std": 0.3460974097251892,
  "happy_median": 0.009911935776472092,
  "happy_max": 0.9996342062950134,
  "neutral_mean": 0.31530049443244934,
  "neutral_std": 0.4092298746109009,
  "neutral_median": 0.01809496246278286,
  "neutral_max": 0.9999386072158813,
  "surprise_mean": 0.03777161240577698,
  "surprise_std": 0.1249588206410408,
  "surprise_median": 4.346882997197099e-05,
  "surprise_max": 0.9050174355506897,
  "processed_frames": 155.0,
  "video_name": "1.mp4"
}