{
  "facial_symmetry_mean": 0.8309280276298523,
  "facial_symmetry_std": 0.12439107149839401,
  "facial_symmetry_median": 0.8474637866020203,
  "facial_symmetry_max": 0.9999629855155945,
  "face_width_height_ratio_mean": 1.3256781101226807,
  "face_width_height_ratio_std": 0.2211386114358902,
  "face_width_height_ratio_median": 1.372389793395996,
  "face_width_height_ratio_max": 2.034743309020996,
  "eye_spacing_ratio_mean": 0.6402448415756226,
  "eye_spacing_ratio_std": 0.031227324157953262,
  "eye_spacing_ratio_median": 0.645972490310669,
  "eye_spacing_ratio_max": 0.732318103313446,
  "jaw_ratio_mean": 0.7778059244155884,
  "jaw_ratio_std": 0.0217689648270607,
  "jaw_ratio_median": 0.7765663862228394,
  "jaw_ratio_max": 0.8354792594909668,
  "smile_intensity_mean": 0.07156617939472198,
  "smile_intensity_std": 0.1340402364730835,
  "smile_intensity_median": 0.011345520615577698,
  "smile_intensity_max": 0.6798608899116516,
  "eye_contact_mean": 0.9515612721443176,
  "eye_contact_std": 0.04761594906449318,
  "eye_contact_median": 0.9711737632751465,
  "eye_contact_max": 0.9997441172599792,
  "eye_openness_mean": 0.6442346572875977,
  "eye_openness_std": 0.20118635892868042,
  "eye_openness_median": 0.6483655571937561,
  "eye_openness_max": 1.0,
  "gaze_stability_mean": 0.9810698628425598,
  "gaze_stability_std": 0.029973790049552917,
  "gaze_stability_median": 0.992656409740448,
  "gaze_stability_max": 1.0,
  "head_tilt_mean": 0.06789149343967438,
  "head_tilt_std": 0.04979930818080902,
  "head_tilt_median": 0.060384124517440796,
  "head_tilt_max": 0.20390674471855164,
  "expression_speed_mean": 0.1429521143436432,
  "expression_speed_std": 0.16561514139175415,
  "expression_speed_median": 0.06365323066711426,
  "expression_speed_max": 0.7447483539581299,
  "happy_mean": 0.05897602438926697,
  "happy_std": 0.18535839021205902,
  "happy_median": 3.4682158002397045e-05,
  "happy_max": 0.9937824606895447,
  "neutral_mean": 0.31840479373931885,
  "neutral_std": 0.4087693691253662,
  "neutral_median": 0.04568929225206375,
  "neutral_max": 0.9999957084655762,
  "surprise_mean": 0.10168741643428802,
  "surprise_std": 0.2757744789123535,
  "surprise_median": 3.5141110856784508e-06,
  "surprise_max": 0.9996125102043152,
  "processed_frames": 160.0,
  "video_name": "2.mp4"
}