{
  "facial_symmetry_mean": 0.9484027624130249,
  "facial_symmetry_std": 0.02660561352968216,
  "facial_symmetry_median": 0.9439713954925537,
  "facial_symmetry_max": 0.993227481842041,
  "face_width_height_ratio_mean": 1.4167801141738892,
  "face_width_height_ratio_std": 0.07395246624946594,
  "face_width_height_ratio_median": 1.4318382740020752,
  "face_width_height_ratio_max": 1.5350260734558105,
  "eye_spacing_ratio_mean": 0.6438548564910889,
  "eye_spacing_ratio_std": 0.007619176525622606,
  "eye_spacing_ratio_median": 0.644719123840332,
  "eye_spacing_ratio_max": 0.6608396768569946,
  "jaw_ratio_mean": 0.764904797077179,
  "jaw_ratio_std": 0.00723060080781579,
  "jaw_ratio_median": 0.76392662525177,
  "jaw_ratio_max": 0.7876394987106323,
  "smile_intensity_mean": 0.013474688865244389,
  "smile_intensity_std": 0.015660351142287254,
  "smile_intensity_median": 0.00722004659473896,
  "smile_intensity_max": 0.0628918707370758,
  "eye_contact_mean": 0.9767361283302307,
  "eye_contact_std": 0.02219025418162346,
  "eye_contact_median": 0.9871358871459961,
  "eye_contact_max": 0.9998027682304382,
  "eye_openness_mean": 0.6471698880195618,
  "eye_openness_std": 0.1955491602420807,
  "eye_openness_median": 0.6485228538513184,
  "eye_openness_max": 1.0,
  "gaze_stability_mean": 0.9919934868812561,
  "gaze_stability_std": 0.007927292957901955,
  "gaze_stability_median": 0.9951489567756653,
  "gaze_stability_max": 1.0,
  "head_tilt_mean": 0.08051731437444687,
  "head_tilt_std": 0.07845418155193329,
  "head_tilt_median": 0.054185837507247925,
  "head_tilt_max": 0.2891181409358978,
  "expression_speed_mean": 0.03394648805260658,
  "expression_speed_std": 0.020640980452299118,
  "expression_speed_median": 0.03152940422296524,
  "expression_speed_max": 0.09345846623182297,
  "happy_mean": 0.47475987672805786,
  "happy_std": 0.4302832782268524,
  "happy_median": 0.3772995173931122,
  "happy_max": 0.9991251826286316,
  "neutral_mean": 0.24498972296714783,
  "neutral_std": 0.3995220363140106,
  "neutral_median": 0.0010065475944429636,
  "neutral_max": 0.9912738800048828,
  "surprise_mean": 0.000207402219530195,
  "surprise_std": 0.0007987610879354179,
  "surprise_median": 3.090935081218049e-07,
  "surprise_max": 0.004306822083890438,
  "processed_frames": 30.0,
  "video_name": "3.mp4"
}