{
  "facial_symmetry_mean": 0.9098328351974487,
  "facial_symmetry_std": 0.06229456514120102,
  "facial_symmetry_median": 0.9119812250137329,
  "facial_symmetry_max": 0.9996662139892578,
  "face_width_height_ratio_mean": 1.2346082925796509,
  "face_width_height_ratio_std": 0.26543575525283813,
  "face_width_height_ratio_median": 1.3219274282455444,
  "face_width_height_ratio_max": 1.594604253768921,
  "eye_spacing_ratio_mean": 0.6607624292373657,
  "eye_spacing_ratio_std": 0.03687191382050514,
  "eye_spacing_ratio_median": 0.6607503890991211,
  "eye_spacing_ratio_max": 0.7395848035812378,
  "jaw_ratio_mean": 0.7825684547424316,
  "jaw_ratio_std": 0.017465094104409218,
  "jaw_ratio_median": 0.7819273471832275,
  "jaw_ratio_max": 0.8729029297828674,
  "smile_intensity_mean": 0.028808683156967163,
  "smile_intensity_std": 0.052724841982126236,
  "smile_intensity_median": 0.010963774286210537,
  "smile_intensity_max": 0.3204798400402069,
  "eye_contact_mean": 0.9801580309867859,
  "eye_contact_std": 0.018715115264058113,
  "eye_contact_median": 0.9877946972846985,
  "eye_contact_max": 0.9995115995407104,
  "eye_openness_mean": 0.5692026615142822,
  "eye_openness_std": 0.22353865206241608,
  "eye_openness_median": 0.5387067794799805,
  "eye_openness_max": 1.0,
  "gaze_stability_mean": 0.9925333261489868,
  "gaze_stability_std": 0.01184749510139227,
  "gaze_stability_median": 0.9971258640289307,
  "gaze_stability_max": 1.0,
  "head_tilt_mean": 0.17147061228752136,
  "head_tilt_std": 0.16574627161026,
  "head_tilt_median": 0.1224413514137268,
  "head_tilt_max": 0.6975758075714111,
  "expression_speed_mean": 0.08833188563585281,
  "expression_speed_std": 0.13162076473236084,
  "expression_speed_median": 0.03055586665868759,
  "expression_speed_max": 0.6103962659835815,
  "happy_mean": 0.20953874289989471,
  "happy_std": 0.36287105083465576,
  "happy_median": 0.00017730086983647197,
  "happy_max": 0.9999999403953552,
  "neutral_mean": 0.3224332332611084,
  "neutral_std": 0.3661695420742035,
  "neutral_median": 0.18999400734901428,
  "neutral_max": 0.9999984502792358,
  "surprise_mean": 0.008187470957636833,
  "surprise_std": 0.052091602236032486,
  "surprise_median": 1.922311696489487e-07,
  "surprise_max": 0.5481206178665161,
  "processed_frames": 128.0,
  "video_name": "4.mp4"
}