{
  "facial_symmetry_mean": 0.7751284241676331,
  "facial_symmetry_std": 0.07507466524839401,
  "facial_symmetry_median": 0.7583107352256775,
  "facial_symmetry_max": 0.9900599122047424,
  "face_width_height_ratio_mean": 1.271006464958191,
  "face_width_height_ratio_std": 0.14671769738197327,
  "face_width_height_ratio_median": 1.301607370376587,
  "face_width_height_ratio_max": 1.5466879606246948,
  "eye_spacing_ratio_mean": 0.6274164915084839,
  "eye_spacing_ratio_std": 0.03431199491024017,
  "eye_spacing_ratio_median": 0.6333982944488525,
  "eye_spacing_ratio_max": 0.7473334074020386,
  "jaw_ratio_mean": 0.7672444581985474,
  "jaw_ratio_std": 0.01656067930161953,
  "jaw_ratio_median": 0.768378734588623,
  "jaw_ratio_max": 0.8148306608200073,
  "smile_intensity_mean": 0.06125626713037491,
  "smile_intensity_std": 0.11511138081550598,
  "smile_intensity_median": 0.014459369704127312,
  "smile_intensity_max": 0.42375338077545166,
  "eye_contact_mean": 0.910345196723938,
  "eye_contact_std": 0.048343345522880554,
  "eye_contact_median": 0.9080183506011963,
  "eye_contact_max": 0.9952812194824219,
  "eye_openness_mean": 0.7690743207931519,
  "eye_openness_std": 0.19252647459506989,
  "eye_openness_median": 0.7512699365615845,
  "eye_openness_max": 1.0,
  "gaze_stability_mean": 0.974936842918396,
  "gaze_stability_std": 0.035491764545440674,
  "gaze_stability_median": 0.9871905446052551,
  "gaze_stability_max": 1.0,
  "head_tilt_mean": 0.0364672914147377,
  "head_tilt_std": 0.03613780811429024,
  "head_tilt_median": 0.023749209940433502,
  "head_tilt_max": 0.15676692128181458,
  "expression_speed_mean": 0.13510380685329437,
  "expression_speed_std": 0.15507449209690094,
  "expression_speed_median": 0.05607423931360245,
  "expression_speed_max": 0.6723738312721252,
  "happy_mean": 0.22313617169857025,
  "happy_std": 0.38228264451026917,
  "happy_median": 0.0047176000662148,
  "happy_max": 0.9999937415122986,
  "neutral_mean": 0.4300980865955353,
  "neutral_std": 0.41405782103538513,
  "neutral_median": 0.3518492579460144,
  "neutral_max": 0.9999999403953552,
  "surprise_mean": 0.0040773130021989346,
  "surprise_std": 0.014680561609566212,
  "surprise_median": 4.199362592771649e-06,
  "surprise_max": 0.09760477393865585,
  "processed_frames": 60.0,
  "video_name": "5.mp4"
}