{
  "facial_symmetry_mean": 0.9216912388801575,
  "facial_symmetry_std": 0.05360611155629158,
  "facial_symmetry_median": 0.9467628002166748,
  "facial_symmetry_max": 0.998833954334259,
  "face_width_height_ratio_mean": 0.6129395365715027,
  "face_width_height_ratio_std": 0.05170373618602753,
  "face_width_height_ratio_median": 0.6254841089248657,
  "face_width_height_ratio_max": 0.7083417773246765,
  "eye_spacing_ratio_mean": 0.6537593007087708,
  "eye_spacing_ratio_std": 0.02185903862118721,
  "eye_spacing_ratio_median": 0.6510242819786072,
  "eye_spacing_ratio_max": 0.7486820220947266,
  "jaw_ratio_mean": 0.7451968193054199,
  "jaw_ratio_std": 0.014681601896882057,
  "jaw_ratio_median": 0.7455324530601501,
  "jaw_ratio_max": 0.7898111939430237,
  "smile_intensity_mean": 0.14524909853935242,
  "smile_intensity_std": 0.16748549044132233,
  "smile_intensity_median": 0.03056473284959793,
  "smile_intensity_max": 0.5848680734634399,
  "eye_contact_mean": 0.9812533855438232,
  "eye_contact_std": 0.023560432717204094,
  "eye_contact_median": 0.9924849271774292,
  "eye_contact_max": 0.999679446220398,
  "eye_openness_mean": 0.9778749942779541,
  "eye_openness_std": 0.08116867393255234,
  "eye_openness_median": 1.0,
  "eye_openness_max": 1.0,
  "gaze_stability_mean": 0.9925501942634583,
  "gaze_stability_std": 0.010652833618223667,
  "gaze_stability_median": 0.9957841634750366,
  "gaze_stability_max": 1.0,
  "head_tilt_mean": 0.13336293399333954,
  "head_tilt_std": 0.09484118223190308,
  "head_tilt_median": 0.10236918926239014,
  "head_tilt_max": 0.37705063819885254,
  "expression_speed_mean": 0.07957066595554352,
  "expression_speed_std": 0.0947117954492569,
  "expression_speed_median": 0.03715384006500244,
  "expression_speed_max": 0.5074134469032288,
  "happy_mean": 0.17023812234401703,
  "happy_std": 0.30839934945106506,
  "happy_median": 0.0022358407732099295,
  "happy_max": 0.9999132752418518,
  "neutral_mean": 0.227140411734581,
  "neutral_std": 0.3403328061103821,
  "neutral_median": 0.004773474298417568,
  "neutral_max": 0.9952779412269592,
  "surprise_mean": 0.010998144745826721,
  "surprise_std": 0.09551665931940079,
  "surprise_median": 5.281322046357673e-07,
  "surprise_max": 0.9654620885848999,
  "processed_frames": 102.0,
  "video_name": "6.mp4"
}