{
  "facial_symmetry_mean": 0.8242959976196289,
  "facial_symmetry_std": 0.11669744551181793,
  "facial_symmetry_median": 0.8219572305679321,
  "facial_symmetry_max": 0.9998881220817566,
  "face_width_height_ratio_mean": 1.32264244556427,
  "face_width_height_ratio_std": 0.1754223257303238,
  "face_width_height_ratio_median": 1.3313032388687134,
  "face_width_height_ratio_max": 1.6640524864196777,
  "eye_spacing_ratio_mean": 0.65375155210495,
  "eye_spacing_ratio_std": 0.029420457780361176,
  "eye_spacing_ratio_median": 0.6488271951675415,
  "eye_spacing_ratio_max": 0.7315455079078674,
  "jaw_ratio_mean": 0.7717810273170471,
  "jaw_ratio_std": 0.02152162604033947,
  "jaw_ratio_median": 0.7701034545898438,
  "jaw_ratio_max": 0.8563210964202881,
  "smile_intensity_mean": 0.04269324988126755,
  "smile_intensity_std": 0.07651539146900177,
  "smile_intensity_median": 0.012522423639893532,
  "smile_intensity_max": 0.4519962966442108,
  "eye_contact_mean": 0.9657058119773865,
  "eye_contact_std": 0.03264770656824112,
  "eye_contact_median": 0.973504364490509,
  "eye_contact_max": 0.9996863603591919,
  "eye_openness_mean": 0.7939048409461975,
  "eye_openness_std": 0.24261270463466644,
  "eye_openness_median": 0.8889877796173096,
  "eye_openness_max": 1.0,
  "gaze_stability_mean": 0.9800685048103333,
  "gaze_stability_std": 0.028341440483927727,
  "gaze_stability_median": 0.9903252720832825,
  "gaze_stability_max": 1.0,
  "head_tilt_mean": 0.10923986881971359,
  "head_tilt_std": 0.07464669644832611,
  "head_tilt_median": 0.1026705652475357,
  "head_tilt_max": 0.2680339813232422,
  "expression_speed_mean": 0.11397282779216766,
  "expression_speed_std": 0.1256442368030548,
  "expression_speed_median": 0.06073182821273804,
  "expression_speed_max": 0.6194451451301575,
  "happy_mean": 0.043079275637865067,
  "happy_std": 0.1810915172100067,
  "happy_median": 9.309051165473647e-07,
  "happy_max": 0.9996389746665955,
  "neutral_mean": 0.2787605822086334,
  "neutral_std": 0.3703954517841339,
  "neutral_median": 0.04305601865053177,
  "neutral_max": 0.9999685287475586,
  "surprise_mean": 0.015512740239501,
  "surprise_std": 0.11775846034288406,
  "surprise_median": 2.852438640843502e-08,
  "surprise_max": 0.99863600730896,
  "processed_frames": 190.0,
  "video_name": "7.mp4"
}