{
  "facial_symmetry_mean": 0.832746684551239,
  "facial_symmetry_std": 0.15794183313846588,
  "facial_symmetry_median": 0.9467623829841614,
  "facial_symmetry_max": 0.9736093282699585,
  "face_width_height_ratio_mean": 1.3923436403274536,
  "face_width_height_ratio_std": 0.1463489979505539,
  "face_width_height_ratio_median": 1.4893351793289185,
  "face_width_height_ratio_max": 1.7048678398132324,
  "eye_spacing_ratio_mean": 0.6467152237892151,
  "eye_spacing_ratio_std": 0.007351043168455362,
  "eye_spacing_ratio_median": 0.6467195749282837,
  "eye_spacing_ratio_max": 0.6936818957328796,
  "jaw_ratio_mean": 0.7726292610168457,
  "jaw_ratio_std": 0.012526203878223896,
  "jaw_ratio_median": 0.7674695253372192,
  "jaw_ratio_max": 0.8257660269737244,
  "smile_intensity_mean": 0.010123122483491898,
  "smile_intensity_std": 0.02801513858139515,
  "smile_intensity_median": 0.00481764879077673,
  "smile_intensity_max": 0.2716881334781647,
  "eye_contact_mean": 0.9496364593505859,
  "eye_contact_std": 0.0671020895242691,
  "eye_contact_median": 0.9959248304367065,
  "eye_contact_max": 0.9999074935913086,
  "eye_openness_mean": 0.9970670342445374,
  "eye_openness_std": 0.02858700230717659,
  "eye_openness_median": 1.0,
  "eye_openness_max": 1.0,
  "gaze_stability_mean": 0.9931656718254089,
  "gaze_stability_std": 0.013490552082657814,
  "gaze_stability_median": 0.9971810579299927,
  "gaze_stability_max": 1.0,
  "head_tilt_mean": 0.12081710249185562,
  "head_tilt_std": 0.13725298643112183,
  "head_tilt_median": 0.03283027559518814,
  "head_tilt_max": 0.37407004833221436,
  "expression_speed_mean": 0.019065551459789276,
  "expression_speed_std": 0.05008970573544502,
  "expression_speed_median": 0.007091327104717493,
  "expression_speed_max": 0.38854849338531494,
  "happy_mean": 0.06780105084180832,
  "happy_std": 0.2162993848323822,
  "happy_median": 4.39431969425641e-05,
  "happy_max": 0.9819070100784302,
  "neutral_mean": 0.38053473830223083,
  "neutral_std": 0.4014848470687866,
  "neutral_median": 0.11791490018367767,
  "neutral_max": 0.9950971603393555,
  "surprise_mean": 0.07862547039985657,
  "surprise_std": 0.20827002823352814,
  "surprise_median": 0.0009002471342682838,
  "surprise_max": 0.9085699319839478,
  "processed_frames": 96.0,
  "video_name": "8.mp4"
}