{
  "facial_symmetry_mean": 0.9111366271972656,
  "facial_symmetry_std": 0.042093243449926376,
  "facial_symmetry_median": 0.9117711782455444,
  "facial_symmetry_max": 0.9952545762062073,
  "face_width_height_ratio_mean": 1.3725762367248535,
  "face_width_height_ratio_std": 0.09552547335624695,
  "face_width_height_ratio_median": 1.3762089014053345,
  "face_width_height_ratio_max": 1.516815185546875,
  "eye_spacing_ratio_mean": 0.6490883231163025,
  "eye_spacing_ratio_std": 0.028046727180480957,
  "eye_spacing_ratio_median": 0.645583987236023,
  "eye_spacing_ratio_max": 0.7927396893501282,
  "jaw_ratio_mean": 0.8028894662857056,
  "jaw_ratio_std": 0.014385730028152466,
  "jaw_ratio_median": 0.802216649055481,
  "jaw_ratio_max": 0.8404696583747864,
  "smile_intensity_mean": 0.1834232211112976,
  "smile_intensity_std": 0.15137410163879395,
  "smile_intensity_median": 0.2041040062904358,
  "smile_intensity_max": 0.5395859479904175,
  "eye_contact_mean": 0.9778964519500732,
  "eye_contact_std": 0.01808716170489788,
  "eye_contact_median": 0.9834054708480835,
  "eye_contact_max": 0.999884843826294,
  "eye_openness_mean": 0.47361519932746887,
  "eye_openness_std": 0.1578426957130432,
  "eye_openness_median": 0.4693782925605774,
  "eye_openness_max": 0.7449792623519897,
  "gaze_stability_mean": 0.9887728095054626,
  "gaze_stability_std": 0.01416352204978466,
  "gaze_stability_median": 0.9947477579116821,
  "gaze_stability_max": 1.0,
  "head_tilt_mean": 0.06333979964256287,
  "head_tilt_std": 0.04220439866185188,
  "head_tilt_median": 0.05719117820262909,
  "head_tilt_max": 0.15659764409065247,
  "expression_speed_mean": 0.12366414815187454,
  "expression_speed_std": 0.12286099046468735,
  "expression_speed_median": 0.07745684683322906,
  "expression_speed_max": 0.4841136038303375,
  "happy_mean": 0.2784685790538788,
  "happy_std": 0.4207294285297394,
  "happy_median": 0.0010083327069878578,
  "happy_max": 0.9999998211860657,
  "neutral_mean": 0.463772177696228,
  "neutral_std": 0.4167473018169403,
  "neutral_median": 0.4763762950897217,
  "neutral_max": 0.9978296160697937,
  "surprise_mean": 0.01818791776895523,
  "surprise_std": 0.11457972228527069,
  "surprise_median": 6.106813543738099e-06,
  "surprise_max": 0.9438878893852234,
  "processed_frames": 88.0,
  "video_name": "1 (3).mp4"
}