{
  "facial_symmetry_mean": 0.7984406352043152,
  "facial_symmetry_std": 0.04262078180909157,
  "facial_symmetry_median": 0.8047831654548645,
  "facial_symmetry_max": 0.9908097982406616,
  "face_width_height_ratio_mean": 1.3544224500656128,
  "face_width_height_ratio_std": 0.11141931265592575,
  "face_width_height_ratio_median": 1.345090389251709,
  "face_width_height_ratio_max": 1.9250576496124268,
  "eye_spacing_ratio_mean": 0.6327228546142578,
  "eye_spacing_ratio_std": 0.019265204668045044,
  "eye_spacing_ratio_median": 0.6360905170440674,
  "eye_spacing_ratio_max": 0.6899294853210449,
  "jaw_ratio_mean": 0.7949839234352112,
  "jaw_ratio_std": 0.00948475580662489,
  "jaw_ratio_median": 0.7951814532279968,
  "jaw_ratio_max": 0.814295768737793,
  "smile_intensity_mean": 0.06002481281757355,
  "smile_intensity_std": 0.10169517248868942,
  "smile_intensity_median": 0.013293115422129631,
  "smile_intensity_max": 0.4929531216621399,
  "eye_contact_mean": 0.9740570187568665,
  "eye_contact_std": 0.02033272013068199,
  "eye_contact_median": 0.9773562550544739,
  "eye_contact_max": 0.9999780058860779,
  "eye_openness_mean": 0.5413346290588379,
  "eye_openness_std": 0.14771544933319092,
  "eye_openness_median": 0.592063307762146,
  "eye_openness_max": 0.7490714192390442,
  "gaze_stability_mean": 0.9914796948432922,
  "gaze_stability_std": 0.009227985516190529,
  "gaze_stability_median": 0.9950019717216492,
  "gaze_stability_max": 1.0,
  "head_tilt_mean": 0.0735098347067833,
  "head_tilt_std": 0.02835853211581707,
  "head_tilt_median": 0.06881594657897949,
  "head_tilt_max": 0.12551531195640564,
  "expression_speed_mean": 0.09410396963357925,
  "expression_speed_std": 0.12189655750989914,
  "expression_speed_median": 0.04226071387529373,
  "expression_speed_max": 0.624825119972229,
  "happy_mean": 0.1561289131641388,
  "happy_std": 0.31786662340164185,
  "happy_median": 0.0014359202468767762,
  "happy_max": 0.9969052672386169,
  "neutral_mean": 0.4406536817550659,
  "neutral_std": 0.4057925343513489,
  "neutral_median": 0.3878328800201416,
  "neutral_max": 0.9989870190620422,
  "surprise_mean": 0.0008078607497736812,
  "surprise_std": 0.003332733176648617,
  "surprise_median": 1.0249035767628811e-05,
  "surprise_max": 0.022963976487517357,
  "processed_frames": 111.0,
  "video_name": "1 (5).mp4"
}