{
  "facial_symmetry_mean": 0.9540895819664001,
  "facial_symmetry_std": 0.034049246460199356,
  "facial_symmetry_median": 0.9578962922096252,
  "facial_symmetry_max": 0.9988313317298889,
  "face_width_height_ratio_mean": 0.6129862070083618,
  "face_width_height_ratio_std": 0.03613576665520668,
  "face_width_height_ratio_median": 0.6101905703544617,
  "face_width_height_ratio_max": 0.695289134979248,
  "eye_spacing_ratio_mean": 0.6571016311645508,
  "eye_spacing_ratio_std": 0.018685875460505486,
  "eye_spacing_ratio_median": 0.6543104648590088,
  "eye_spacing_ratio_max": 0.7108520269393921,
  "jaw_ratio_mean": 0.7991711497306824,
  "jaw_ratio_std": 0.01707201823592186,
  "jaw_ratio_median": 0.7971906661987305,
  "jaw_ratio_max": 0.8411188125610352,
  "smile_intensity_mean": 0.5327832698822021,
  "smile_intensity_std": 0.25049132108688354,
  "smile_intensity_median": 0.5461090803146362,
  "smile_intensity_max": 1.0,
  "eye_contact_mean": 0.985076904296875,
  "eye_contact_std": 0.011493463069200516,
  "eye_contact_median": 0.990311324596405,
  "eye_contact_max": 0.9999433159828186,
  "eye_openness_mean": 0.6785736083984375,
  "eye_openness_std": 0.1839005947113037,
  "eye_openness_median": 0.7261598706245422,
  "eye_openness_max": 0.87296062707901,
  "gaze_stability_mean": 0.9908464550971985,
  "gaze_stability_std": 0.008634774945676327,
  "gaze_stability_median": 0.9933850765228271,
  "gaze_stability_max": 1.0,
  "head_tilt_mean": 0.09961655735969543,
  "head_tilt_std": 0.07127019017934799,
  "head_tilt_median": 0.09730570018291473,
  "head_tilt_max": 0.2734164893627167,
  "expression_speed_mean": 0.25691765546798706,
  "expression_speed_std": 0.23845559358596802,
  "expression_speed_median": 0.17092634737491608,
  "expression_speed_max": 0.9943681359291077,
  "happy_mean": 0.1844693273305893,
  "happy_std": 0.33459773659706116,
  "happy_median": 0.00010001329064834863,
  "happy_max": 0.9999716281890869,
  "neutral_mean": 0.37069573998451233,
  "neutral_std": 0.4090512692928314,
  "neutral_median": 0.1660204827785492,
  "neutral_max": 0.9992151856422424,
  "surprise_mean": 0.009925375692546368,
  "surprise_std": 0.027096109464764595,
  "surprise_median": 1.6117064660647884e-06,
  "surprise_max": 0.1322096884250641,
  "processed_frames": 35.0,
  "video_name": "1 (6).mp4"
}