{
  "facial_symmetry_mean": 0.8753796815872192,
  "facial_symmetry_std": 0.1186228021979332,
  "facial_symmetry_median": 0.9215497970581055,
  "facial_symmetry_max": 0.9994564652442932,
  "face_width_height_ratio_mean": 0.7725049257278442,
  "face_width_height_ratio_std": 0.09339625388383865,
  "face_width_height_ratio_median": 0.8042796850204468,
  "face_width_height_ratio_max": 0.9429616332054138,
  "eye_spacing_ratio_mean": 0.6384220719337463,
  "eye_spacing_ratio_std": 0.03639082983136177,
  "eye_spacing_ratio_median": 0.6344527006149292,
  "eye_spacing_ratio_max": 0.7312090396881104,
  "jaw_ratio_mean": 0.7922356724739075,
  "jaw_ratio_std": 0.022213373333215714,
  "jaw_ratio_median": 0.7907499670982361,
  "jaw_ratio_max": 0.8606187701225281,
  "smile_intensity_mean": 0.18670028448104858,
  "smile_intensity_std": 0.2709229588508606,
  "smile_intensity_median": 0.0741705596446991,
  "smile_intensity_max": 1.0,
  "eye_contact_mean": 0.9537957310676575,
  "eye_contact_std": 0.05220211297273636,
  "eye_contact_median": 0.9719581007957458,
  "eye_contact_max": 0.9991915225982666,
  "eye_openness_mean": 0.579422116279602,
  "eye_openness_std": 0.2967252731323242,
  "eye_openness_median": 0.6053536534309387,
  "eye_openness_max": 1.0,
  "gaze_stability_mean": 0.9860337376594543,
  "gaze_stability_std": 0.02587800845503807,
  "gaze_stability_median": 0.9945878982543945,
  "gaze_stability_max": 1.0,
  "head_tilt_mean": 0.14361688494682312,
  "head_tilt_std": 0.13369044661521912,
  "head_tilt_median": 0.08713595569133759,
  "head_tilt_max": 0.5166012048721313,
  "expression_speed_mean": 0.16966761648654938,
  "expression_speed_std": 0.21545319259166718,
  "expression_speed_median": 0.08816419541835785,
  "expression_speed_max": 1.0,
  "happy_mean": 0.09409087896347046,
  "happy_std": 0.23901358246803284,
  "happy_median": 0.0002001672110054642,
  "happy_max": 0.9928255677223206,
  "neutral_mean": 0.19549523293972015,
  "neutral_std": 0.3166918456554413,
  "neutral_median": 0.0034629120491445065,
  "neutral_max": 0.9918106198310852,
  "surprise_mean": 0.005280379671603441,
  "surprise_std": 0.023274671286344528,
  "surprise_median": 1.774446218405501e-06,
  "surprise_max": 0.16446982324123383,
  "processed_frames": 78.0,
  "video_name": "1 (8).mp4"
}