{
  "expression_speed_max": 0.7092133983969688,
  "expression_speed_mean": 0.14312025625258684,
  "expression_speed_median": 0.08081127842888236,
  "expression_speed_std": 0.15872366353869438,
  "eye_contact_max": 0.99965038895607,
  "eye_contact_mean": 0.9760250523686409,
  "eye_contact_median": 0.9835959672927856,
  "eye_contact_std": 0.02235369011759758,
  "eye_openness_max": 0.7869515158236027,
  "eye_openness_mean": 0.5020215474069118,
  "eye_openness_median": 0.5210486613214016,
  "eye_openness_std": 0.17363242153078318,
  "eye_spacing_ratio_max": 0.7263414487242699,
  "eye_spacing_ratio_mean": 0.6465966701507568,
  "eye_spacing_ratio_median": 0.643612377345562,
  "eye_spacing_ratio_std": 0.02560497121885419,
  "face_width_height_ratio_max": 1.4667643532156944,
  "face_width_height_ratio_mean": 1.2153892815113068,
  "face_width_height_ratio_median": 1.2251966819167137,
  "face_width_height_ratio_std": 0.10815302981063724,
  "facial_symmetry_max": 0.9970319122076035,
  "facial_symmetry_mean": 0.9038352891802788,
  "facial_symmetry_median": 0.9150528758764267,
  "facial_symmetry_std": 0.057279438246041536,
  "gaze_stability_max": 1.0,
  "gaze_stability_mean": 0.9898984581232071,
  "gaze_stability_median": 0.9947692677378654,
  "gaze_stability_std": 0.013259054627269506,
  "happy_max": 0.9980993568897247,
  "happy_mean": 0.25000858306884766,
  "happy_median": 0.1018029674905847,
  "happy_std": 0.35305191949009895,
  "head_tilt_max": 0.23544903844594955,
  "head_tilt_mean": 0.07495711999945343,
  "head_tilt_median": 0.06269228644669056,
  "head_tilt_std": 0.058670394122600555,
  "jaw_ratio_max": 0.8459158912301064,
  "jaw_ratio_mean": 0.792619600892067,
  "jaw_ratio_median": 0.791430838406086,
  "jaw_ratio_std": 0.019349700422026217,
  "neutral_max": 0.9931866154074669,
  "neutral_mean": 0.3559566531330347,
  "neutral_median": 0.19334993691882119,
  "neutral_std": 0.3807249665260315,
  "processed_frames": 77.125,
  "smile_intensity_max": 0.7238876856863499,
  "smile_intensity_mean": 0.19186677783727646,
  "smile_intensity_median": 0.1342673704493791,
  "smile_intensity_std": 0.18473418708890676,
  "surprise_max": 0.287412555742776,
  "surprise_mean": 0.0065910359408007935,
  "surprise_median": 5.860113739686312e-05,
  "surprise_std": 0.0361587087973021,
  "video_count": 8.0,
  "valid_video_count": 8.0,
  "valid_video_ratio": 1.0,
  "total_processed_frames": 617.0,
  "avg_processed_frames": 77.125,
  "quality_score": 0.8056666666666666,
  "person_name": "Sana"
}