{
  "facial_symmetry_mean": 0.853862464427948,
  "facial_symmetry_std": 0.08667223900556564,
  "facial_symmetry_median": 0.8537311553955078,
  "facial_symmetry_max": 0.9904488921165466,
  "face_width_height_ratio_mean": 0.8237361311912537,
  "face_width_height_ratio_std": 0.0633157417178154,
  "face_width_height_ratio_median": 0.819048285484314,
  "face_width_height_ratio_max": 1.0974223613739014,
  "eye_spacing_ratio_mean": 0.6309503316879272,
  "eye_spacing_ratio_std": 0.022442527115345,
  "eye_spacing_ratio_median": 0.6329725384712219,
  "eye_spacing_ratio_max": 0.7017383575439453,
  "jaw_ratio_mean": 0.7861320972442627,
  "jaw_ratio_std": 0.018769681453704834,
  "jaw_ratio_median": 0.781933069229126,
  "jaw_ratio_max": 0.8333205580711365,
  "smile_intensity_mean": 0.18144333362579346,
  "smile_intensity_std": 0.25085845589637756,
  "smile_intensity_median": 0.022107679396867752,
  "smile_intensity_max": 0.842902421951294,
  "eye_contact_mean": 0.9616551399230957,
  "eye_contact_std": 0.04117043688893318,
  "eye_contact_median": 0.9707034826278687,
  "eye_contact_max": 0.9994469285011292,
  "eye_openness_mean": 0.8605998158454895,
  "eye_openness_std": 0.24565468728542328,
  "eye_openness_median": 1.0,
  "eye_openness_max": 1.0,
  "gaze_stability_mean": 0.9793501496315002,
  "gaze_stability_std": 0.037068843841552734,
  "gaze_stability_median": 0.9926184415817261,
  "gaze_stability_max": 1.0,
  "head_tilt_mean": 0.15682223439216614,
  "head_tilt_std": 0.1533971130847931,
  "head_tilt_median": 0.08836459368467331,
  "head_tilt_max": 0.623508095741272,
  "expression_speed_mean": 0.15272966027259827,
  "expression_speed_std": 0.19766412675380707,
  "expression_speed_median": 0.07910501211881638,
  "expression_speed_max": 0.8254480361938477,
  "happy_mean": 0.14342449605464935,
  "happy_std": 0.3192434012889862,
  "happy_median": 0.00012422367581166327,
  "happy_max": 0.9994076490402222,
  "neutral_mean": 0.30979856848716736,
  "neutral_std": 0.4015367925167084,
  "neutral_median": 0.02217021770775318,
  "neutral_max": 0.9998884201049805,
  "surprise_mean": 0.007656443398445845,
  "surprise_std": 0.06841955333948135,
  "surprise_median": 2.673737526492914e-06,
  "surprise_max": 0.6665254831314087,
  "processed_frames": 94.0,
  "video_name": "1 (2).mp4"
}