{
  "facial_symmetry_mean": 0.9136739373207092,
  "facial_symmetry_std": 0.02172800712287426,
  "facial_symmetry_median": 0.9191166162490845,
  "facial_symmetry_max": 0.9570682048797607,
  "face_width_height_ratio_mean": 0.6044589281082153,
  "face_width_height_ratio_std": 0.03106657788157463,
  "face_width_height_ratio_median": 0.6080073118209839,
  "face_width_height_ratio_max": 0.7393314242362976,
  "eye_spacing_ratio_mean": 0.6363158822059631,
  "eye_spacing_ratio_std": 0.015048322267830372,
  "eye_spacing_ratio_median": 0.634976863861084,
  "eye_spacing_ratio_max": 0.6881632208824158,
  "jaw_ratio_mean": 0.7629154920578003,
  "jaw_ratio_std": 0.017643526196479797,
  "jaw_ratio_median": 0.763401985168457,
  "jaw_ratio_max": 0.8353021740913391,
  "smile_intensity_mean": 0.23305410146713257,
  "smile_intensity_std": 0.31413233280181885,
  "smile_intensity_median": 0.01703372225165367,
  "smile_intensity_max": 1.0,
  "eye_contact_mean": 0.9859198927879333,
  "eye_contact_std": 0.01629428006708622,
  "eye_contact_median": 0.9885667562484741,
  "eye_contact_max": 0.9999940991401672,
  "eye_openness_mean": 0.8976654410362244,
  "eye_openness_std": 0.24659845232963562,
  "eye_openness_median": 1.0,
  "eye_openness_max": 1.0,
  "gaze_stability_mean": 0.9910959005355835,
  "gaze_stability_std": 0.018168020993471146,
  "gaze_stability_median": 0.9954911470413208,
  "gaze_stability_max": 1.0,
  "head_tilt_mean": 0.06319424510002136,
  "head_tilt_std": 0.0448225736618042,
  "head_tilt_median": 0.052426159381866455,
  "head_tilt_max": 0.2529503405094147,
  "expression_speed_mean": 0.19992497563362122,
  "expression_speed_std": 0.2782656252384186,
  "expression_speed_median": 0.06793062388896942,
  "expression_speed_max": 1.0,
  "happy_mean": 0.10627821832895279,
  "happy_std": 0.28183096647262573,
  "happy_median": 0.004057891666889191,
  "happy_max": 0.9993700981140137,
  "neutral_mean": 0.42684075236320496,
  "neutral_std": 0.37069305777549744,
  "neutral_median": 0.44156014919281006,
  "neutral_max": 0.9952136278152466,
  "surprise_mean": 0.04358963668346405,
  "surprise_std": 0.14391092956066132,
  "surprise_median": 0.00022343889577314258,
  "surprise_max": 0.8132297396659851,
  "processed_frames": 86.0,
  "video_name": "1 (3).mp4"
}