{
  "facial_symmetry_mean": 0.6753295063972473,
  "facial_symmetry_std": 0.13250614702701569,
  "facial_symmetry_median": 0.653233528137207,
  "facial_symmetry_max": 0.9948433637619019,
  "face_width_height_ratio_mean": 1.3192628622055054,
  "face_width_height_ratio_std": 0.09458532929420471,
  "face_width_height_ratio_median": 1.3127620220184326,
  "face_width_height_ratio_max": 1.5053229331970215,
  "eye_spacing_ratio_mean": 0.6020447015762329,
  "eye_spacing_ratio_std": 0.023970287293195724,
  "eye_spacing_ratio_median": 0.5969407558441162,
  "eye_spacing_ratio_max": 0.6415190100669861,
  "jaw_ratio_mean": 0.788120687007904,
  "jaw_ratio_std": 0.012823491357266903,
  "jaw_ratio_median": 0.7917242646217346,
  "jaw_ratio_max": 0.8099877834320068,
  "smile_intensity_mean": 0.1743994504213333,
  "smile_intensity_std": 0.1576983779668808,
  "smile_intensity_median": 0.16800710558891296,
  "smile_intensity_max": 0.5901726484298706,
  "eye_contact_mean": 0.9362062811851501,
  "eye_contact_std": 0.033122096210718155,
  "eye_contact_median": 0.950250506401062,
  "eye_contact_max": 0.9978815317153931,
  "eye_openness_mean": 0.6198180317878723,
  "eye_openness_std": 0.2231542319059372,
  "eye_openness_median": 0.6435686349868774,
  "eye_openness_max": 1.0,
  "gaze_stability_mean": 0.9875130653381348,
  "gaze_stability_std": 0.01178138516843319,
  "gaze_stability_median": 0.9918149709701538,
  "gaze_stability_max": 1.0,
  "head_tilt_mean": 0.08252797275781631,
  "head_tilt_std": 0.039936598390340805,
  "head_tilt_median": 0.08736565709114075,
  "head_tilt_max": 0.15735015273094177,
  "expression_speed_mean": 0.11462349444627762,
  "expression_speed_std": 0.09998637437820435,
  "expression_speed_median": 0.08447420597076416,
  "expression_speed_max": 0.4485704004764557,
  "happy_mean": 0.18092426657676697,
  "happy_std": 0.324285626411438,
  "happy_median": 0.00543160131201148,
  "happy_max": 0.9999838471412659,
  "neutral_mean": 0.197271928191185,
  "neutral_std": 0.31545355916023254,
  "neutral_median": 0.001788067864254117,
  "neutral_max": 0.9993892312049866,
  "surprise_mean": 0.026743987575173378,
  "surprise_std": 0.13402792811393738,
  "surprise_median": 4.7449236717511667e-07,
  "surprise_max": 0.8624584078788757,
  "processed_frames": 70.0,
  "video_name": "1 (4).mp4"
}