{
  "facial_symmetry_mean": 0.894251823425293,
  "facial_symmetry_std": 0.11558213829994202,
  "facial_symmetry_median": 0.947813868522644,
  "facial_symmetry_max": 0.9998215436935425,
  "face_width_height_ratio_mean": 1.4331955909729004,
  "face_width_height_ratio_std": 0.1296449452638626,
  "face_width_height_ratio_median": 1.4616994857788086,
  "face_width_height_ratio_max": 1.7107161283493042,
  "eye_spacing_ratio_mean": 0.6403533816337585,
  "eye_spacing_ratio_std": 0.028897950425744057,
  "eye_spacing_ratio_median": 0.6396343111991882,
  "eye_spacing_ratio_max": 0.7287060618400574,
  "jaw_ratio_mean": 0.7824602723121643,
  "jaw_ratio_std": 0.019183823838829994,
  "jaw_ratio_median": 0.7791640758514404,
  "jaw_ratio_max": 0.8360543847084045,
  "smile_intensity_mean": 0.1521718055009842,
  "smile_intensity_std": 0.15102747082710266,
  "smile_intensity_median": 0.12297928333282471,
  "smile_intensity_max": 0.4729361832141876,
  "eye_contact_mean": 0.9552263617515564,
  "eye_contact_std": 0.04477470740675926,
  "eye_contact_median": 0.9734506607055664,
  "eye_contact_max": 0.999726414680481,
  "eye_openness_mean": 0.6410030126571655,
  "eye_openness_std": 0.28843218088150024,
  "eye_openness_median": 0.5997849702835083,
  "eye_openness_max": 1.0,
  "gaze_stability_mean": 0.9819328784942627,
  "gaze_stability_std": 0.022358834743499756,
  "gaze_stability_median": 0.9915393590927124,
  "gaze_stability_max": 1.0,
  "head_tilt_mean": 0.09203518182039261,
  "head_tilt_std": 0.09820909053087234,
  "head_tilt_median": 0.06527066230773926,
  "head_tilt_max": 0.4150161147117615,
  "expression_speed_mean": 0.12122653424739838,
  "expression_speed_std": 0.1434640735387802,
  "expression_speed_median": 0.055215951055288315,
  "expression_speed_max": 0.8138553500175476,
  "happy_mean": 0.23039484024047852,
  "happy_std": 0.36430081725120544,
  "happy_median": 0.003938155248761177,
  "happy_max": 0.9998089075088501,
  "neutral_mean": 0.23868311941623688,
  "neutral_std": 0.32739904522895813,
  "neutral_median": 0.020140811800956726,
  "neutral_max": 0.9997758865356445,
  "surprise_mean": 0.09988413751125336,
  "surprise_std": 0.2700544595718384,
  "surprise_median": 0.00033013283973559737,
  "surprise_max": 0.9954205751419067,
  "processed_frames": 120.0,
  "video_name": "1 (6).mp4"
}