{
  "facial_symmetry_mean": 0.9355944991111755,
  "facial_symmetry_std": 0.05033335089683533,
  "facial_symmetry_median": 0.955856204032898,
  "facial_symmetry_max": 0.9935394525527954,
  "face_width_height_ratio_mean": 0.6693616509437561,
  "face_width_height_ratio_std": 0.05271194875240326,
  "face_width_height_ratio_median": 0.6596513390541077,
  "face_width_height_ratio_max": 0.8157019019126892,
  "eye_spacing_ratio_mean": 0.6941259503364563,
  "eye_spacing_ratio_std": 0.021026611328125,
  "eye_spacing_ratio_median": 0.6953920722007751,
  "eye_spacing_ratio_max": 0.7399778366088867,
  "jaw_ratio_mean": 0.7890127897262573,
  "jaw_ratio_std": 0.020166447386145592,
  "jaw_ratio_median": 0.7897381782531738,
  "jaw_ratio_max": 0.8591204285621643,
  "smile_intensity_mean": 0.09595730155706406,
  "smile_intensity_std": 0.1525547206401825,
  "smile_intensity_median": 0.018638646230101585,
  "smile_intensity_max": 0.6550129055976868,
  "eye_contact_mean": 0.9691877961158752,
  "eye_contact_std": 0.02868078276515007,
  "eye_contact_median": 0.9768754243850708,
  "eye_contact_max": 0.9996709823608398,
  "eye_openness_mean": 0.9141877293586731,
  "eye_openness_std": 0.18249179422855377,
  "eye_openness_median": 1.0,
  "eye_openness_max": 1.0,
  "gaze_stability_mean": 0.9819225072860718,
  "gaze_stability_std": 0.02229885570704937,
  "gaze_stability_median": 0.991420328617096,
  "gaze_stability_max": 1.0,
  "head_tilt_mean": 0.2077270746231079,
  "head_tilt_std": 0.31283169984817505,
  "head_tilt_median": 0.07870428264141083,
  "head_tilt_max": 1.0,
  "expression_speed_mean": 0.14507132768630981,
  "expression_speed_std": 0.16568008065223694,
  "expression_speed_median": 0.07559411972761154,
  "expression_speed_max": 0.6862296462059021,
  "happy_mean": 0.1162727102637291,
  "happy_std": 0.27002933621406555,
  "happy_median": 0.0008437837241217494,
  "happy_max": 0.9473645091056824,
  "neutral_mean": 0.33515194058418274,
  "neutral_std": 0.3293376863002777,
  "neutral_median": 0.22362305223941803,
  "neutral_max": 0.9997658729553223,
  "surprise_mean": 0.0348096638917923,
  "surprise_std": 0.16407015919685364,
  "surprise_median": 2.0386436517583206e-05,
  "surprise_max": 0.9381390810012817,
  "processed_frames": 75.0,
  "video_name": "1 (2).mp4"
}