{
  "facial_symmetry_mean": 0.9034000635147095,
  "facial_symmetry_std": 0.0692605972290039,
  "facial_symmetry_median": 0.9194795489311218,
  "facial_symmetry_max": 0.9923310875892639,
  "face_width_height_ratio_mean": 0.608323335647583,
  "face_width_height_ratio_std": 0.025532761588692665,
  "face_width_height_ratio_median": 0.6125707030296326,
  "face_width_height_ratio_max": 0.6539958715438843,
  "eye_spacing_ratio_mean": 0.67109614610672,
  "eye_spacing_ratio_std": 0.021508432924747467,
  "eye_spacing_ratio_median": 0.6662779450416565,
  "eye_spacing_ratio_max": 0.7277429103851318,
  "jaw_ratio_mean": 0.7857649326324463,
  "jaw_ratio_std": 0.013902674429118633,
  "jaw_ratio_median": 0.7855503559112549,
  "jaw_ratio_max": 0.8419532179832458,
  "smile_intensity_mean": 0.07719473540782928,
  "smile_intensity_std": 0.13905595242977142,
  "smile_intensity_median": 0.0207725390791893,
  "smile_intensity_max": 0.7974914312362671,
  "eye_contact_mean": 0.9802484512329102,
  "eye_contact_std": 0.0180953461676836,
  "eye_contact_median": 0.9867434501647949,
  "eye_contact_max": 0.9995794296264648,
  "eye_openness_mean": 0.8938616514205933,
  "eye_openness_std": 0.20179596543312073,
  "eye_openness_median": 1.0,
  "eye_openness_max": 1.0,
  "gaze_stability_mean": 0.9915385246276855,
  "gaze_stability_std": 0.011359846219420433,
  "gaze_stability_median": 0.9954500794410706,
  "gaze_stability_max": 1.0,
  "head_tilt_mean": 0.09487348794937134,
  "head_tilt_std": 0.09223487228155136,
  "head_tilt_median": 0.065239816904068,
  "head_tilt_max": 0.36166852712631226,
  "expression_speed_mean": 0.1329091638326645,
  "expression_speed_std": 0.17816928029060364,
  "expression_speed_median": 0.04056808724999428,
  "expression_speed_max": 0.7121421694755554,
  "happy_mean": 0.132103830575943,
  "happy_std": 0.2898249626159668,
  "happy_median": 0.0011328993132337928,
  "happy_max": 0.9998899698257446,
  "neutral_mean": 0.3093489408493042,
  "neutral_std": 0.3150404095649719,
  "neutral_median": 0.16853444278240204,
  "neutral_max": 0.9479175209999084,
  "surprise_mean": 0.009723272174596786,
  "surprise_std": 0.06469026207923889,
  "surprise_median": 1.760034865583293e-05,
  "surprise_max": 0.6381649971008301,
  "processed_frames": 101.0,
  "video_name": "1 (3).mp4"
}