{
  "facial_symmetry_mean": 0.9423796534538269,
  "facial_symmetry_std": 0.054449208080768585,
  "facial_symmetry_median": 0.9647986888885498,
  "facial_symmetry_max": 0.9995700120925903,
  "face_width_height_ratio_mean": 0.6028768420219421,
  "face_width_height_ratio_std": 0.06469917297363281,
  "face_width_height_ratio_median": 0.6174098253250122,
  "face_width_height_ratio_max": 0.7096976041793823,
  "eye_spacing_ratio_mean": 0.6814573407173157,
  "eye_spacing_ratio_std": 0.026896018534898758,
  "eye_spacing_ratio_median": 0.6776663661003113,
  "eye_spacing_ratio_max": 0.8372499942779541,
  "jaw_ratio_mean": 0.7879555821418762,
  "jaw_ratio_std": 0.015367258340120316,
  "jaw_ratio_median": 0.7870470285415649,
  "jaw_ratio_max": 0.816239058971405,
  "smile_intensity_mean": 0.13961072266101837,
  "smile_intensity_std": 0.20027615129947662,
  "smile_intensity_median": 0.04062475264072418,
  "smile_intensity_max": 1.0,
  "eye_contact_mean": 0.973010778427124,
  "eye_contact_std": 0.027108442038297653,
  "eye_contact_median": 0.9867939949035645,
  "eye_contact_max": 0.9998800754547119,
  "eye_openness_mean": 0.8717923164367676,
  "eye_openness_std": 0.21080736815929413,
  "eye_openness_median": 1.0,
  "eye_openness_max": 1.0,
  "gaze_stability_mean": 0.9943072199821472,
  "gaze_stability_std": 0.006658567581325769,
  "gaze_stability_median": 0.9966863989830017,
  "gaze_stability_max": 1.0,
  "head_tilt_mean": 0.09634163230657578,
  "head_tilt_std": 0.09523379802703857,
  "head_tilt_median": 0.056930556893348694,
  "head_tilt_max": 0.3347186744213104,
  "expression_speed_mean": 0.12360578775405884,
  "expression_speed_std": 0.16453437507152557,
  "expression_speed_median": 0.05262204632163048,
  "expression_speed_max": 0.9109319448471069,
  "happy_mean": 0.05225092172622681,
  "happy_std": 0.18594138324260712,
  "happy_median": 0.0003473385004326701,
  "happy_max": 0.9953120946884155,
  "neutral_mean": 0.44984808564186096,
  "neutral_std": 0.3940965235233307,
  "neutral_median": 0.4481363296508789,
  "neutral_max": 0.9751771092414856,
  "surprise_mean": 0.012920293025672436,
  "surprise_std": 0.08515752851963043,
  "surprise_median": 1.2981355439478648e-06,
  "surprise_max": 0.7193124890327454,
  "processed_frames": 96.0,
  "video_name": "1 (5).mp4"
}