{
  "facial_symmetry_mean": 0.9117847084999084,
  "facial_symmetry_std": 0.04948373883962631,
  "facial_symmetry_median": 0.911168098449707,
  "facial_symmetry_max": 0.9996252655982971,
  "face_width_height_ratio_mean": 0.6066080927848816,
  "face_width_height_ratio_std": 0.04768605902791023,
  "face_width_height_ratio_median": 0.6058679819107056,
  "face_width_height_ratio_max": 0.7314476370811462,
  "eye_spacing_ratio_mean": 0.6584958434104919,
  "eye_spacing_ratio_std": 0.03249179199337959,
  "eye_spacing_ratio_median": 0.6562986373901367,
  "eye_spacing_ratio_max": 0.7109304070472717,
  "jaw_ratio_mean": 0.7739365100860596,
  "jaw_ratio_std": 0.013817446306347847,
  "jaw_ratio_median": 0.7740671634674072,
  "jaw_ratio_max": 0.8163807392120361,
  "smile_intensity_mean": 0.25407394766807556,
  "smile_intensity_std": 0.29657474160194397,
  "smile_intensity_median": 0.07938764989376068,
  "smile_intensity_max": 1.0,
  "eye_contact_mean": 0.9734002351760864,
  "eye_contact_std": 0.030328456312417984,
  "eye_contact_median": 0.9840899109840393,
  "eye_contact_max": 0.9998351335525513,
  "eye_openness_mean": 0.761601984500885,
  "eye_openness_std": 0.31360554695129395,
  "eye_openness_median": 1.0,
  "eye_openness_max": 1.0,
  "gaze_stability_mean": 0.9851971864700317,
  "gaze_stability_std": 0.028531325981020927,
  "gaze_stability_median": 0.993605375289917,
  "gaze_stability_max": 1.0,
  "head_tilt_mean": 0.0703471228480339,
  "head_tilt_std": 0.08630009740591049,
  "head_tilt_median": 0.02972908318042755,
  "head_tilt_max": 0.43288931250572205,
  "expression_speed_mean": 0.2163494974374771,
  "expression_speed_std": 0.25029316544532776,
  "expression_speed_median": 0.11643986403942108,
  "expression_speed_max": 1.0,
  "happy_mean": 0.21716700494289398,
  "happy_std": 0.341484397649765,
  "happy_median": 0.011177139356732368,
  "happy_max": 0.9999242424964905,
  "neutral_mean": 0.380244642496109,
  "neutral_std": 0.33690834045410156,
  "neutral_median": 0.24186661839485168,
  "neutral_max": 0.9957470297813416,
  "surprise_mean": 0.022407568991184235,
  "surprise_std": 0.13372470438480377,
  "surprise_median": 0.0001166634465334937,
  "surprise_max": 0.9930116534233093,
  "processed_frames": 108.0,
  "video_name": "1 (6).mp4"
}