{
  "expression_speed_max": 0.7663879742225012,
  "expression_speed_mean": 0.14393789072831473,
  "expression_speed_median": 0.0694156267369787,
  "expression_speed_std": 0.1761185514430205,
  "eye_contact_max": 0.9997445940971375,
  "eye_contact_mean": 0.9761945009231567,
  "eye_contact_median": 0.9834834237893423,
  "eye_contact_std": 0.022928602062165737,
  "eye_openness_max": 1.0,
  "eye_openness_mean": 0.8340886334578196,
  "eye_openness_median": 0.9623210231463114,
  "eye_openness_std": 0.22017492602268854,
  "eye_spacing_ratio_max": 0.7389055987199148,
  "eye_spacing_ratio_mean": 0.6764866809050242,
  "eye_spacing_ratio_median": 0.6753370861212412,
  "eye_spacing_ratio_std": 0.024085629110534985,
  "face_width_height_ratio_max": 0.8641594847043356,
  "face_width_height_ratio_mean": 0.7596675952275594,
  "face_width_height_ratio_median": 0.761561115582784,
  "face_width_height_ratio_std": 0.043544817405442394,
  "facial_symmetry_max": 0.9969221353530884,
  "facial_symmetry_mean": 0.9235278367996216,
  "facial_symmetry_median": 0.9367420077323914,
  "facial_symmetry_std": 0.055525592217842736,
  "gaze_stability_max": 1.0,
  "gaze_stability_mean": 0.988897701104482,
  "gaze_stability_median": 0.9945086638132731,
  "gaze_stability_std": 0.017050562348837655,
  "happy_max": 0.9900159339110056,
  "happy_mean": 0.12030128358552854,
  "happy_median": 0.002334843706800408,
  "happy_std": 0.26645222554604214,
  "head_tilt_max": 0.44352686405181885,
  "head_tilt_mean": 0.09952813697357972,
  "head_tilt_median": 0.051003346840540566,
  "head_tilt_std": 0.12140816636383533,
  "jaw_ratio_max": 0.8325815399487814,
  "jaw_ratio_mean": 0.7827116449673971,
  "jaw_ratio_median": 0.7818573415279388,
  "jaw_ratio_std": 0.015590529112766186,
  "neutral_max": 0.9860714574654897,
  "neutral_mean": 0.3628281503915787,
  "neutral_median": 0.23506052792072296,
  "neutral_std": 0.3529978195826213,
  "processed_frames": 91.0,
  "smile_intensity_max": 0.8207314113775889,
  "smile_intensity_mean": 0.13332940638065338,
  "smile_intensity_median": 0.0323649849742651,
  "smile_intensity_std": 0.18649519110719362,
  "surprise_max": 0.6249840418652942,
  "surprise_mean": 0.014516915359611934,
  "surprise_median": 2.629107624822306e-05,
  "surprise_std": 0.08342027949402109,
  "video_count": 6.0,
  "valid_video_count": 6.0,
  "valid_video_ratio": 1.0,
  "total_processed_frames": 546.0,
  "avg_processed_frames": 91.0,
  "quality_score": 0.8426666666666667,
  "person_name": "Nakama Yukie"
}