{
  "facial_symmetry_mean": 0.7733541131019592,
  "facial_symmetry_std": 0.18200869858264923,
  "facial_symmetry_median": 0.8576793074607849,
  "facial_symmetry_max": 0.9957275390625,
  "face_width_height_ratio_mean": 1.3729770183563232,
  "face_width_height_ratio_std": 0.15112802386283875,
  "face_width_height_ratio_median": 1.383148431777954,
  "face_width_height_ratio_max": 1.8636261224746704,
  "eye_spacing_ratio_mean": 0.6615620851516724,
  "eye_spacing_ratio_std": 0.021408170461654663,
  "eye_spacing_ratio_median": 0.6601552963256836,
  "eye_spacing_ratio_max": 0.7242868542671204,
  "jaw_ratio_mean": 0.7860195636749268,
  "jaw_ratio_std": 0.01881168782711029,
  "jaw_ratio_median": 0.7850182056427002,
  "jaw_ratio_max": 0.8281936049461365,
  "smile_intensity_mean": 0.24650724232196808,
  "smile_intensity_std": 0.1995483785867691,
  "smile_intensity_median": 0.2903735637664795,
  "smile_intensity_max": 0.7002288103103638,
  "eye_contact_mean": 0.9181028008460999,
  "eye_contact_std": 0.06971177458763123,
  "eye_contact_median": 0.9403893351554871,
  "eye_contact_max": 0.9990256428718567,
  "eye_openness_mean": 0.9598807692527771,
  "eye_openness_std": 0.11511150002479553,
  "eye_openness_median": 1.0,
  "eye_openness_max": 1.0,
  "gaze_stability_mean": 0.9568813443183899,
  "gaze_stability_std": 0.048864107578992844,
  "gaze_stability_median": 0.9807240962982178,
  "gaze_stability_max": 1.0,
  "head_tilt_mean": 0.141332745552063,
  "head_tilt_std": 0.1563030630350113,
  "head_tilt_median": 0.08133634924888611,
  "head_tilt_max": 0.49908727407455444,
  "expression_speed_mean": 0.19881807267665863,
  "expression_speed_std": 0.18141382932662964,
  "expression_speed_median": 0.14109906554222107,
  "expression_speed_max": 0.8072207570075989,
  "happy_mean": 0.2274245321750641,
  "happy_std": 0.35083186626434326,
  "happy_median": 0.0016908361576497555,
  "happy_max": 0.9999784231185913,
  "neutral_mean": 0.156752347946167,
  "neutral_std": 0.26379749178886414,
  "neutral_median": 0.027224304154515266,
  "neutral_max": 0.9935740828514099,
  "surprise_mean": 0.05239315330982208,
  "surprise_std": 0.18634699285030365,
  "surprise_median": 8.784024885244435e-08,
  "surprise_max": 0.9999946355819702,
  "processed_frames": 63.0,
  "video_name": "2.0.mp4"
}