{
  "facial_symmetry_mean": 0.7822532057762146,
  "facial_symmetry_std": 0.16913190484046936,
  "facial_symmetry_median": 0.8497092127799988,
  "facial_symmetry_max": 0.9989064335823059,
  "face_width_height_ratio_mean": 1.2527494430541992,
  "face_width_height_ratio_std": 0.14898434281349182,
  "face_width_height_ratio_median": 1.3022352457046509,
  "face_width_height_ratio_max": 1.603440761566162,
  "eye_spacing_ratio_mean": 0.652722179889679,
  "eye_spacing_ratio_std": 0.03236731141805649,
  "eye_spacing_ratio_median": 0.6561843156814575,
  "eye_spacing_ratio_max": 0.7306865453720093,
  "jaw_ratio_mean": 0.7905966639518738,
  "jaw_ratio_std": 0.015397301875054836,
  "jaw_ratio_median": 0.7890657782554626,
  "jaw_ratio_max": 0.824855625629425,
  "smile_intensity_mean": 0.27060502767562866,
  "smile_intensity_std": 0.2679331302642822,
  "smile_intensity_median": 0.25794243812561035,
  "smile_intensity_max": 1.0,
  "eye_contact_mean": 0.8779677152633667,
  "eye_contact_std": 0.09397470206022263,
  "eye_contact_median": 0.8994956016540527,
  "eye_contact_max": 0.9988368153572083,
  "eye_openness_mean": 0.9256706237792969,
  "eye_openness_std": 0.15110884606838226,
  "eye_openness_median": 1.0,
  "eye_openness_max": 1.0,
  "gaze_stability_mean": 0.9793357253074646,
  "gaze_stability_std": 0.03329440578818321,
  "gaze_stability_median": 0.9908692836761475,
  "gaze_stability_max": 1.0,
  "head_tilt_mean": 0.15408481657505035,
  "head_tilt_std": 0.1170758455991745,
  "head_tilt_median": 0.12423336505889893,
  "head_tilt_max": 0.44550612568855286,
  "expression_speed_mean": 0.11204616725444794,
  "expression_speed_std": 0.15993060171604156,
  "expression_speed_median": 0.038850657641887665,
  "expression_speed_max": 0.877557098865509,
  "happy_mean": 0.0792311355471611,
  "happy_std": 0.2323082685470581,
  "happy_median": 2.8975204259040765e-05,
  "happy_max": 0.9999306201934814,
  "neutral_mean": 0.32750946283340454,
  "neutral_std": 0.40845152735710144,
  "neutral_median": 0.04304828122258186,
  "neutral_max": 0.9999871253967285,
  "surprise_mean": 0.03408501669764519,
  "surprise_std": 0.14132413268089294,
  "surprise_median": 1.2250127667812194e-07,
  "surprise_max": 0.9315022826194763,
  "processed_frames": 235.0,
  "video_name": "2.3.mp4"
}