{
  "facial_symmetry_mean": 0.9330022931098938,
  "facial_symmetry_std": 0.05696043744683266,
  "facial_symmetry_median": 0.9498155117034912,
  "facial_symmetry_max": 0.9996287822723389,
  "face_width_height_ratio_mean": 0.5050774812698364,
  "face_width_height_ratio_std": 0.15034310519695282,
  "face_width_height_ratio_median": 0.45612114667892456,
  "face_width_height_ratio_max": 1.085538387298584,
  "eye_spacing_ratio_mean": 0.6569263339042664,
  "eye_spacing_ratio_std": 0.03676675632596016,
  "eye_spacing_ratio_median": 0.6611903309822083,
  "eye_spacing_ratio_max": 0.7411922812461853,
  "jaw_ratio_mean": 0.7972819209098816,
  "jaw_ratio_std": 0.027036134153604507,
  "jaw_ratio_median": 0.7940990924835205,
  "jaw_ratio_max": 0.8740814328193665,
  "smile_intensity_mean": 0.6755070090293884,
  "smile_intensity_std": 0.4017808437347412,
  "smile_intensity_median": 0.9478562474250793,
  "smile_intensity_max": 1.0,
  "eye_contact_mean": 0.9778227210044861,
  "eye_contact_std": 0.018777424469590187,
  "eye_contact_median": 0.9814478158950806,
  "eye_contact_max": 0.9997566342353821,
  "eye_openness_mean": 0.8339396119117737,
  "eye_openness_std": 0.2659713625907898,
  "eye_openness_median": 1.0,
  "eye_openness_max": 1.0,
  "gaze_stability_mean": 0.991424560546875,
  "gaze_stability_std": 0.009535422548651695,
  "gaze_stability_median": 0.9954098463058472,
  "gaze_stability_max": 1.0,
  "head_tilt_mean": 0.24944210052490234,
  "head_tilt_std": 0.2573264241218567,
  "head_tilt_median": 0.14180511236190796,
  "head_tilt_max": 1.0,
  "expression_speed_mean": 0.22128428518772125,
  "expression_speed_std": 0.2828937768936157,
  "expression_speed_median": 0.08724114298820496,
  "expression_speed_max": 1.0,
  "happy_mean": 0.3080940842628479,
  "happy_std": 0.4193025231361389,
  "happy_median": 0.00619414821267128,
  "happy_max": 0.9999991059303284,
  "neutral_mean": 0.19923697412014008,
  "neutral_std": 0.33148035407066345,
  "neutral_median": 0.006127225700765848,
  "neutral_max": 0.9999708533287048,
  "surprise_mean": 0.02339867874979973,
  "surprise_std": 0.13749058544635773,
  "surprise_median": 3.08363695467051e-07,
  "surprise_max": 0.9904778003692627,
  "processed_frames": 136.0,
  "video_name": "2.4.mp4"
}