{
  "facial_symmetry_mean": 0.7486240863800049,
  "facial_symmetry_std": 0.1402347832918167,
  "facial_symmetry_median": 0.6899374127388,
  "facial_symmetry_max": 0.9955286979675293,
  "face_width_height_ratio_mean": 1.3186880350112915,
  "face_width_height_ratio_std": 0.11869268864393234,
  "face_width_height_ratio_median": 1.3268580436706543,
  "face_width_height_ratio_max": 1.6965258121490479,
  "eye_spacing_ratio_mean": 0.6496301889419556,
  "eye_spacing_ratio_std": 0.030972503125667572,
  "eye_spacing_ratio_median": 0.6539610624313354,
  "eye_spacing_ratio_max": 0.6988947987556458,
  "jaw_ratio_mean": 0.7804237008094788,
  "jaw_ratio_std": 0.021188795566558838,
  "jaw_ratio_median": 0.7745540142059326,
  "jaw_ratio_max": 0.8390626907348633,
  "smile_intensity_mean": 0.33233049511909485,
  "smile_intensity_std": 0.2949598729610443,
  "smile_intensity_median": 0.36263999342918396,
  "smile_intensity_max": 1.0,
  "eye_contact_mean": 0.8992700576782227,
  "eye_contact_std": 0.06862261146306992,
  "eye_contact_median": 0.9096598029136658,
  "eye_contact_max": 0.997412919998169,
  "eye_openness_mean": 0.8813639879226685,
  "eye_openness_std": 0.20197385549545288,
  "eye_openness_median": 1.0,
  "eye_openness_max": 1.0,
  "gaze_stability_mean": 0.9770243167877197,
  "gaze_stability_std": 0.02766065113246441,
  "gaze_stability_median": 0.98659747838974,
  "gaze_stability_max": 1.0,
  "head_tilt_mean": 0.08495958894491196,
  "head_tilt_std": 0.08871398866176605,
  "head_tilt_median": 0.03614872694015503,
  "head_tilt_max": 0.31477898359298706,
  "expression_speed_mean": 0.19319723546504974,
  "expression_speed_std": 0.22101856768131256,
  "expression_speed_median": 0.10213202238082886,
  "expression_speed_max": 1.0,
  "happy_mean": 0.06328291445970535,
  "happy_std": 0.2142065167427063,
  "happy_median": 9.872519149212167e-05,
  "happy_max": 0.9985791444778442,
  "neutral_mean": 0.2661716938018799,
  "neutral_std": 0.37955212593078613,
  "neutral_median": 0.024592116475105286,
  "neutral_max": 0.9995129108428955,
  "surprise_mean": 0.025470217689871788,
  "surprise_std": 0.14270508289337158,
  "surprise_median": 1.736234821692051e-06,
  "surprise_max": 0.991166889667511,
  "processed_frames": 104.0,
  "video_name": "2.5.mp4"
}