{
  "facial_symmetry_mean": 0.8795739412307739,
  "facial_symmetry_std": 0.0495096854865551,
  "facial_symmetry_median": 0.8783650398254395,
  "facial_symmetry_max": 0.9759669899940491,
  "face_width_height_ratio_mean": 0.5896891355514526,
  "face_width_height_ratio_std": 0.03429277986288071,
  "face_width_height_ratio_median": 0.5879933834075928,
  "face_width_height_ratio_max": 0.7083054184913635,
  "eye_spacing_ratio_mean": 0.6501392722129822,
  "eye_spacing_ratio_std": 0.017993226647377014,
  "eye_spacing_ratio_median": 0.6496353149414062,
  "eye_spacing_ratio_max": 0.7013111710548401,
  "jaw_ratio_mean": 0.7781186699867249,
  "jaw_ratio_std": 0.019098827615380287,
  "jaw_ratio_median": 0.7752362489700317,
  "jaw_ratio_max": 0.8330116868019104,
  "smile_intensity_mean": 0.282112717628479,
  "smile_intensity_std": 0.3342919945716858,
  "smile_intensity_median": 0.08033490180969238,
  "smile_intensity_max": 1.0,
  "eye_contact_mean": 0.9623560309410095,
  "eye_contact_std": 0.025882475078105927,
  "eye_contact_median": 0.9662386178970337,
  "eye_contact_max": 0.9992812871932983,
  "eye_openness_mean": 0.9909173250198364,
  "eye_openness_std": 0.03723061457276344,
  "eye_openness_median": 1.0,
  "eye_openness_max": 1.0,
  "gaze_stability_mean": 0.9884681701660156,
  "gaze_stability_std": 0.01673545129597187,
  "gaze_stability_median": 0.9953411817550659,
  "gaze_stability_max": 1.0,
  "head_tilt_mean": 0.08846284449100494,
  "head_tilt_std": 0.06720687448978424,
  "head_tilt_median": 0.07049933075904846,
  "head_tilt_max": 0.27487650513648987,
  "expression_speed_mean": 0.27822911739349365,
  "expression_speed_std": 0.28247424960136414,
  "expression_speed_median": 0.16223350167274475,
  "expression_speed_max": 1.0,
  "happy_mean": 0.04193864017724991,
  "happy_std": 0.14751672744750977,
  "happy_median": 0.00034825337934307754,
  "happy_max": 0.933311402797699,
  "neutral_mean": 0.4001534581184387,
  "neutral_std": 0.38130590319633484,
  "neutral_median": 0.21407637000083923,
  "neutral_max": 0.9999536275863647,
  "surprise_mean": 0.028918921947479248,
  "surprise_std": 0.12490743398666382,
  "surprise_median": 0.00016458332538604736,
  "surprise_max": 0.7133152484893799,
  "processed_frames": 58.0,
  "video_name": "1 (2).mp4"
}