{
  "facial_symmetry_mean": 0.8915166258811951,
  "facial_symmetry_std": 0.04601956903934479,
  "facial_symmetry_median": 0.8934258222579956,
  "facial_symmetry_max": 0.9698864817619324,
  "face_width_height_ratio_mean": 0.4385003447532654,
  "face_width_height_ratio_std": 0.04412444680929184,
  "face_width_height_ratio_median": 0.4471409022808075,
  "face_width_height_ratio_max": 0.5919667482376099,
  "eye_spacing_ratio_mean": 0.6425536274909973,
  "eye_spacing_ratio_std": 0.02778048627078533,
  "eye_spacing_ratio_median": 0.6483370065689087,
  "eye_spacing_ratio_max": 0.7121910452842712,
  "jaw_ratio_mean": 0.7787672281265259,
  "jaw_ratio_std": 0.024949369952082634,
  "jaw_ratio_median": 0.7714840173721313,
  "jaw_ratio_max": 0.861400842666626,
  "smile_intensity_mean": 0.43093618750572205,
  "smile_intensity_std": 0.3819224536418915,
  "smile_intensity_median": 0.39970606565475464,
  "smile_intensity_max": 1.0,
  "eye_contact_mean": 0.9668588638305664,
  "eye_contact_std": 0.021407464519143105,
  "eye_contact_median": 0.9679566025733948,
  "eye_contact_max": 0.9975005388259888,
  "eye_openness_mean": 0.9287246465682983,
  "eye_openness_std": 0.181410014629364,
  "eye_openness_median": 1.0,
  "eye_openness_max": 1.0,
  "gaze_stability_mean": 0.9917386174201965,
  "gaze_stability_std": 0.012440505437552929,
  "gaze_stability_median": 0.9961937069892883,
  "gaze_stability_max": 1.0,
  "head_tilt_mean": 0.135282963514328,
  "head_tilt_std": 0.09433206170797348,
  "head_tilt_median": 0.11401623487472534,
  "head_tilt_max": 0.5721035599708557,
  "expression_speed_mean": 0.1973070353269577,
  "expression_speed_std": 0.24452535808086395,
  "expression_speed_median": 0.10297141969203949,
  "expression_speed_max": 1.0,
  "happy_mean": 0.06532532721757889,
  "happy_std": 0.18751086294651031,
  "happy_median": 0.0006644679815508425,
  "happy_max": 1.0,
  "neutral_mean": 0.17960883677005768,
  "neutral_std": 0.3124033808708191,
  "neutral_median": 0.014226480387151241,
  "neutral_max": 0.9991554021835327,
  "surprise_mean": 0.0878477469086647,
  "surprise_std": 0.21955056488513947,
  "surprise_median": 0.00036210191319696605,
  "surprise_max": 0.9987705945968628,
  "processed_frames": 90.0,
  "video_name": "1 (3).mp4"
}