{
  "facial_symmetry_mean": 0.7896788120269775,
  "facial_symmetry_std": 0.17325791716575623,
  "facial_symmetry_median": 0.8291741609573364,
  "facial_symmetry_max": 0.9988663792610168,
  "face_width_height_ratio_mean": 1.478119969367981,
  "face_width_height_ratio_std": 0.1622655987739563,
  "face_width_height_ratio_median": 1.5102479457855225,
  "face_width_height_ratio_max": 1.811815857887268,
  "eye_spacing_ratio_mean": 0.6598447561264038,
  "eye_spacing_ratio_std": 0.024372557178139687,
  "eye_spacing_ratio_median": 0.6627147793769836,
  "eye_spacing_ratio_max": 0.7297030091285706,
  "jaw_ratio_mean": 0.7977985143661499,
  "jaw_ratio_std": 0.030135348439216614,
  "jaw_ratio_median": 0.7967003583908081,
  "jaw_ratio_max": 0.897402286529541,
  "smile_intensity_mean": 0.07267794013023376,
  "smile_intensity_std": 0.09084074199199677,
  "smile_intensity_median": 0.0172895435243845,
  "smile_intensity_max": 0.3195330500602722,
  "eye_contact_mean": 0.9299912452697754,
  "eye_contact_std": 0.061103761196136475,
  "eye_contact_median": 0.9452294111251831,
  "eye_contact_max": 0.9993671774864197,
  "eye_openness_mean": 0.9558362364768982,
  "eye_openness_std": 0.14110057055950165,
  "eye_openness_median": 1.0,
  "eye_openness_max": 1.0,
  "gaze_stability_mean": 0.9852287173271179,
  "gaze_stability_std": 0.022508295252919197,
  "gaze_stability_median": 0.9928158521652222,
  "gaze_stability_max": 1.0,
  "head_tilt_mean": 0.08969759196043015,
  "head_tilt_std": 0.08003763854503632,
  "head_tilt_median": 0.06328403949737549,
  "head_tilt_max": 0.2803996205329895,
  "expression_speed_mean": 0.09891912341117859,
  "expression_speed_std": 0.11704350262880325,
  "expression_speed_median": 0.05415637418627739,
  "expression_speed_max": 0.7101765275001526,
  "happy_mean": 0.09041333943605423,
  "happy_std": 0.26261645555496216,
  "happy_median": 0.0009659421630203724,
  "happy_max": 0.9999998211860657,
  "neutral_mean": 0.46855342388153076,
  "neutral_std": 0.4007890820503235,
  "neutral_median": 0.42088305950164795,
  "neutral_max": 0.9989143013954163,
  "surprise_mean": 0.04062655568122864,
  "surprise_std": 0.11815424263477325,
  "surprise_median": 1.8876495232689194e-05,
  "surprise_max": 0.6991974115371704,
  "processed_frames": 100.0,
  "video_name": "1 (5).mp4"
}