{
  "facial_symmetry_mean": 0.8375915288925171,
  "facial_symmetry_std": 0.09631616622209549,
  "facial_symmetry_median": 0.8419384956359863,
  "facial_symmetry_max": 0.9994319081306458,
  "face_width_height_ratio_mean": 1.3911303281784058,
  "face_width_height_ratio_std": 0.11655128747224808,
  "face_width_height_ratio_median": 1.384299874305725,
  "face_width_height_ratio_max": 1.7206705808639526,
  "eye_spacing_ratio_mean": 0.643236517906189,
  "eye_spacing_ratio_std": 0.033028494566679,
  "eye_spacing_ratio_median": 0.649262547492981,
  "eye_spacing_ratio_max": 0.7791623473167419,
  "jaw_ratio_mean": 0.77445387840271,
  "jaw_ratio_std": 0.017233937978744507,
  "jaw_ratio_median": 0.7748445868492126,
  "jaw_ratio_max": 0.8432312607765198,
  "smile_intensity_mean": 0.01819452829658985,
  "smile_intensity_std": 0.031039772555232048,
  "smile_intensity_median": 0.008177721872925758,
  "smile_intensity_max": 0.1714300811290741,
  "eye_contact_mean": 0.9392665028572083,
  "eye_contact_std": 0.04598823934793472,
  "eye_contact_median": 0.9410883188247681,
  "eye_contact_max": 0.9999322891235352,
  "eye_openness_mean": 0.824150562286377,
  "eye_openness_std": 0.16005010902881622,
  "eye_openness_median": 0.8601625561714172,
  "eye_openness_max": 1.0,
  "gaze_stability_mean": 0.9871233701705933,
  "gaze_stability_std": 0.023762868717312813,
  "gaze_stability_median": 0.9955411553382874,
  "gaze_stability_max": 1.0,
  "head_tilt_mean": 0.06666309386491776,
  "head_tilt_std": 0.0480530671775341,
  "head_tilt_median": 0.07126539945602417,
  "head_tilt_max": 0.3393310308456421,
  "expression_speed_mean": 0.06578252464532852,
  "expression_speed_std": 0.10186328738927841,
  "expression_speed_median": 0.028498755767941475,
  "expression_speed_max": 0.7013490796089172,
  "happy_mean": 0.16242945194244385,
  "happy_std": 0.33836719393730164,
  "happy_median": 0.0008720164187252522,
  "happy_max": 0.9997954368591309,
  "neutral_mean": 0.35126036405563354,
  "neutral_std": 0.3539588749408722,
  "neutral_median": 0.23211432993412018,
  "neutral_max": 0.9901331067085266,
  "surprise_mean": 0.03707272931933403,
  "surprise_std": 0.11708492785692215,
  "surprise_median": 0.00027990431408397853,
  "surprise_max": 0.7898498177528381,
  "processed_frames": 97.0,
  "video_name": "1 (6).mp4"
}