{
  "facial_symmetry_mean": 0.903937816619873,
  "facial_symmetry_std": 0.06049869954586029,
  "facial_symmetry_median": 0.9001486301422119,
  "facial_symmetry_max": 0.9955582618713379,
  "face_width_height_ratio_mean": 0.6087610125541687,
  "face_width_height_ratio_std": 0.04169856011867523,
  "face_width_height_ratio_median": 0.6024007797241211,
  "face_width_height_ratio_max": 0.7426586747169495,
  "eye_spacing_ratio_mean": 0.6578229069709778,
  "eye_spacing_ratio_std": 0.02765311300754547,
  "eye_spacing_ratio_median": 0.657671332359314,
  "eye_spacing_ratio_max": 0.792159914970398,
  "jaw_ratio_mean": 0.7770189046859741,
  "jaw_ratio_std": 0.02367892488837242,
  "jaw_ratio_median": 0.7741122245788574,
  "jaw_ratio_max": 0.8477644920349121,
  "smile_intensity_mean": 0.10806899517774582,
  "smile_intensity_std": 0.1937972605228424,
  "smile_intensity_median": 0.026087002828717232,
  "smile_intensity_max": 0.943206787109375,
  "eye_contact_mean": 0.9578364491462708,
  "eye_contact_std": 0.02851429581642151,
  "eye_contact_median": 0.9675421714782715,
  "eye_contact_max": 0.9996940493583679,
  "eye_openness_mean": 0.9765427708625793,
  "eye_openness_std": 0.08312442898750305,
  "eye_openness_median": 1.0,
  "eye_openness_max": 1.0,
  "gaze_stability_mean": 0.9860906600952148,
  "gaze_stability_std": 0.01621457375586033,
  "gaze_stability_median": 0.9920448064804077,
  "gaze_stability_max": 1.0,
  "head_tilt_mean": 0.14650914072990417,
  "head_tilt_std": 0.1851368248462677,
  "head_tilt_median": 0.0581369549036026,
  "head_tilt_max": 0.8780653476715088,
  "expression_speed_mean": 0.11418063938617706,
  "expression_speed_std": 0.14597873389720917,
  "expression_speed_median": 0.06391150504350662,
  "expression_speed_max": 0.7366016507148743,
  "happy_mean": 0.04027416184544563,
  "happy_std": 0.18201936781406403,
  "happy_median": 5.43226815352682e-05,
  "happy_max": 0.986395001411438,
  "neutral_mean": 0.5200566053390503,
  "neutral_std": 0.4121968448162079,
  "neutral_median": 0.6799073815345764,
  "neutral_max": 0.9996711015701294,
  "surprise_mean": 0.005899691954255104,
  "surprise_std": 0.03707452490925789,
  "surprise_median": 3.240072373955627e-06,
  "surprise_max": 0.3267064392566681,
  "processed_frames": 78.0,
  "video_name": "1.mp4"
}