{
  "expression_speed_max": 0.8457205891609192,
  "expression_speed_mean": 0.15602118894457817,
  "expression_speed_median": 0.0867802311355869,
  "expression_speed_std": 0.18286521981159845,
  "eye_contact_max": 0.9992958009243011,
  "eye_contact_mean": 0.9552923341592153,
  "eye_contact_median": 0.9617686967055002,
  "eye_contact_std": 0.03456794532636801,
  "eye_openness_max": 1.0,
  "eye_openness_mean": 0.9433895448843638,
  "eye_openness_median": 0.9766937593619028,
  "eye_openness_std": 0.11420415403942268,
  "eye_spacing_ratio_max": 0.7473291258017222,
  "eye_spacing_ratio_mean": 0.6510366300741831,
  "eye_spacing_ratio_median": 0.6531109313170115,
  "eye_spacing_ratio_std": 0.025684693828225136,
  "face_width_height_ratio_max": 1.077928364276886,
  "face_width_height_ratio_mean": 0.855549027522405,
  "face_width_height_ratio_median": 0.8589734882116318,
  "face_width_height_ratio_std": 0.076489532366395,
  "facial_symmetry_max": 0.9899501105149587,
  "facial_symmetry_mean": 0.8672776222229004,
  "facial_symmetry_median": 0.8763267199198405,
  "facial_symmetry_std": 0.08093435441454251,
  "gaze_stability_max": 1.0,
  "gaze_stability_mean": 0.9876323938369751,
  "gaze_stability_median": 0.9945031801859537,
  "gaze_stability_std": 0.01915979680294792,
  "happy_max": 0.9865820507208506,
  "happy_mean": 0.10259662009775639,
  "happy_median": 0.0012027628745272523,
  "happy_std": 0.24958075086275736,
  "head_tilt_max": 0.5140906522671381,
  "head_tilt_mean": 0.11002940187851588,
  "head_tilt_median": 0.07736184944709142,
  "head_tilt_std": 0.10289821587502956,
  "jaw_ratio_max": 0.8506578008333842,
  "jaw_ratio_mean": 0.7790859043598175,
  "jaw_ratio_median": 0.7762518227100372,
  "jaw_ratio_std": 0.022295022072891395,
  "neutral_max": 0.9974081814289093,
  "neutral_mean": 0.36631936579942703,
  "neutral_median": 0.2666494211492439,
  "neutral_std": 0.3731282750765483,
  "processed_frames": 92.16666666666667,
  "smile_intensity_max": 0.7390283197164536,
  "smile_intensity_mean": 0.19428023602813482,
  "smile_intensity_median": 0.10558370345582564,
  "smile_intensity_std": 0.22148237843066454,
  "surprise_max": 0.7103486508131027,
  "surprise_mean": 0.0367207583039999,
  "surprise_median": 0.0001397549424003349,
  "surprise_std": 0.11626261907319228,
  "video_count": 6.0,
  "valid_video_count": 6.0,
  "valid_video_ratio": 1.0,
  "total_processed_frames": 553.0,
  "avg_processed_frames": 92.16666666666667,
  "quality_score": 0.8457777777777777,
  "person_name": "Ozawa Mayu"
}