{
  "facial_symmetry_mean": 0.922186553478241,
  "facial_symmetry_std": 0.09351956099271774,
  "facial_symmetry_median": 0.9630763530731201,
  "facial_symmetry_max": 0.9982060194015503,
  "face_width_height_ratio_mean": 1.3257226943969727,
  "face_width_height_ratio_std": 0.12969982624053955,
  "face_width_height_ratio_median": 1.3691139221191406,
  "face_width_height_ratio_max": 1.551090955734253,
  "eye_spacing_ratio_mean": 0.6592008471488953,
  "eye_spacing_ratio_std": 0.01909637823700905,
  "eye_spacing_ratio_median": 0.6603617668151855,
  "eye_spacing_ratio_max": 0.7018710374832153,
  "jaw_ratio_mean": 0.7974222898483276,
  "jaw_ratio_std": 0.016837116330862045,
  "jaw_ratio_median": 0.7965917587280273,
  "jaw_ratio_max": 0.8256326913833618,
  "smile_intensity_mean": 0.21938101947307587,
  "smile_intensity_std": 0.1670149564743042,
  "smile_intensity_median": 0.258139967918396,
  "smile_intensity_max": 0.655105471611023,
  "eye_contact_mean": 0.9702662229537964,
  "eye_contact_std": 0.030857743695378304,
  "eye_contact_median": 0.9788888096809387,
  "eye_contact_max": 0.9986364841461182,
  "eye_openness_mean": 0.591966986656189,
  "eye_openness_std": 0.21801482141017914,
  "eye_openness_median": 0.5337936282157898,
  "eye_openness_max": 1.0,
  "gaze_stability_mean": 0.9877376556396484,
  "gaze_stability_std": 0.016110030934214592,
  "gaze_stability_median": 0.9945514798164368,
  "gaze_stability_max": 1.0,
  "head_tilt_mean": 0.10931938141584396,
  "head_tilt_std": 0.13044729828834534,
  "head_tilt_median": 0.047866106033325195,
  "head_tilt_max": 0.40868625044822693,
  "expression_speed_mean": 0.13817566633224487,
  "expression_speed_std": 0.15278223156929016,
  "expression_speed_median": 0.09571951627731323,
  "expression_speed_max": 0.7081987857818604,
  "happy_mean": 0.08523636311292648,
  "happy_std": 0.24437887966632843,
  "happy_median": 0.0003759678511414677,
  "happy_max": 0.9986867308616638,
  "neutral_mean": 0.32071107625961304,
  "neutral_std": 0.38307416439056396,
  "neutral_median": 0.07211074233055115,
  "neutral_max": 0.9980987310409546,
  "surprise_mean": 0.01793832890689373,
  "surprise_std": 0.12267511337995529,
  "surprise_median": 3.7054916901979595e-05,
  "surprise_max": 0.972533643245697,
  "processed_frames": 62.0,
  "video_name": "1 (2).mp4"
}