{
  "facial_symmetry_mean": 0.9334378838539124,
  "facial_symmetry_std": 0.04925735667347908,
  "facial_symmetry_median": 0.9349244832992554,
  "facial_symmetry_max": 0.9994701147079468,
  "face_width_height_ratio_mean": 0.7702009677886963,
  "face_width_height_ratio_std": 0.10628645122051239,
  "face_width_height_ratio_median": 0.7937257289886475,
  "face_width_height_ratio_max": 1.123464822769165,
  "eye_spacing_ratio_mean": 0.6765770316123962,
  "eye_spacing_ratio_std": 0.03794759884476662,
  "eye_spacing_ratio_median": 0.6764159202575684,
  "eye_spacing_ratio_max": 0.7607908844947815,
  "jaw_ratio_mean": 0.8137330412864685,
  "jaw_ratio_std": 0.016065631061792374,
  "jaw_ratio_median": 0.8130331635475159,
  "jaw_ratio_max": 0.8444410562515259,
  "smile_intensity_mean": 0.2132047563791275,
  "smile_intensity_std": 0.2938608229160309,
  "smile_intensity_median": 0.02247234433889389,
  "smile_intensity_max": 1.0,
  "eye_contact_mean": 0.9660840630531311,
  "eye_contact_std": 0.030894525349140167,
  "eye_contact_median": 0.9763565063476562,
  "eye_contact_max": 0.997860848903656,
  "eye_openness_mean": 0.5841564536094666,
  "eye_openness_std": 0.25831368565559387,
  "eye_openness_median": 0.6047152876853943,
  "eye_openness_max": 1.0,
  "gaze_stability_mean": 0.9797414541244507,
  "gaze_stability_std": 0.024327505379915237,
  "gaze_stability_median": 0.9898805618286133,
  "gaze_stability_max": 1.0,
  "head_tilt_mean": 0.1492311805486679,
  "head_tilt_std": 0.12043802440166473,
  "head_tilt_median": 0.0984000414609909,
  "head_tilt_max": 0.3483559191226959,
  "expression_speed_mean": 0.3423682451248169,
  "expression_speed_std": 0.30017948150634766,
  "expression_speed_median": 0.2743701636791229,
  "expression_speed_max": 1.0,
  "happy_mean": 0.06487814337015152,
  "happy_std": 0.16150836646556854,
  "happy_median": 0.0017301138723269105,
  "happy_max": 0.8080039024353027,
  "neutral_mean": 0.2617548406124115,
  "neutral_std": 0.33407172560691833,
  "neutral_median": 0.08953435719013214,
  "neutral_max": 0.9365008473396301,
  "surprise_mean": 0.012734384275972843,
  "surprise_std": 0.052929069846868515,
  "surprise_median": 7.208636088762432e-05,
  "surprise_max": 0.35474729537963867,
  "processed_frames": 44.0,
  "video_name": "1 (4).mp4"
}