{
  "facial_symmetry_mean": 0.7311688661575317,
  "facial_symmetry_std": 0.05971531569957733,
  "facial_symmetry_median": 0.7226593494415283,
  "facial_symmetry_max": 0.8807915449142456,
  "face_width_height_ratio_mean": 0.7848955988883972,
  "face_width_height_ratio_std": 0.014247190207242966,
  "face_width_height_ratio_median": 0.7857499122619629,
  "face_width_height_ratio_max": 0.8488078713417053,
  "eye_spacing_ratio_mean": 0.6447694301605225,
  "eye_spacing_ratio_std": 0.013834040611982346,
  "eye_spacing_ratio_median": 0.6424679160118103,
  "eye_spacing_ratio_max": 0.6822550892829895,
  "jaw_ratio_mean": 0.7833767533302307,
  "jaw_ratio_std": 0.010598388500511646,
  "jaw_ratio_median": 0.7828120589256287,
  "jaw_ratio_max": 0.8128669857978821,
  "smile_intensity_mean": 0.43411770462989807,
  "smile_intensity_std": 0.26165294647216797,
  "smile_intensity_median": 0.45293667912483215,
  "smile_intensity_max": 1.0,
  "eye_contact_mean": 0.9260183572769165,
  "eye_contact_std": 0.034558217972517014,
  "eye_contact_median": 0.9262179732322693,
  "eye_contact_max": 0.986717700958252,
  "eye_openness_mean": 0.8935791850090027,
  "eye_openness_std": 0.23239365220069885,
  "eye_openness_median": 1.0,
  "eye_openness_max": 1.0,
  "gaze_stability_mean": 0.9849804043769836,
  "gaze_stability_std": 0.017757834866642952,
  "gaze_stability_median": 0.9906736016273499,
  "gaze_stability_max": 1.0,
  "head_tilt_mean": 0.27468401193618774,
  "head_tilt_std": 0.1717183142900467,
  "head_tilt_median": 0.25222882628440857,
  "head_tilt_max": 0.9310460090637207,
  "expression_speed_mean": 0.2329477220773697,
  "expression_speed_std": 0.2064618021249771,
  "expression_speed_median": 0.1609540581703186,
  "expression_speed_max": 0.9572924375534058,
  "happy_mean": 0.041845180094242096,
  "happy_std": 0.1375022977590561,
  "happy_median": 0.0008174789836630225,
  "happy_max": 0.9450475573539734,
  "neutral_mean": 0.1492650955915451,
  "neutral_std": 0.2679865062236786,
  "neutral_median": 0.022683503106236458,
  "neutral_max": 0.9853433966636658,
  "surprise_mean": 0.10256034880876541,
  "surprise_std": 0.22344553470611572,
  "surprise_median": 0.002379665384069085,
  "surprise_max": 0.8374246954917908,
  "processed_frames": 91.0,
  "video_name": "1 (5).mp4"
}