{
  "facial_symmetry_mean": 0.8618649840354919,
  "facial_symmetry_std": 0.15855562686920166,
  "facial_symmetry_median": 0.9305563569068909,
  "facial_symmetry_max": 0.999154269695282,
  "face_width_height_ratio_mean": 1.2493058443069458,
  "face_width_height_ratio_std": 0.09672567248344421,
  "face_width_height_ratio_median": 1.2670671939849854,
  "face_width_height_ratio_max": 1.4983214139938354,
  "eye_spacing_ratio_mean": 0.6729507446289062,
  "eye_spacing_ratio_std": 0.033939916640520096,
  "eye_spacing_ratio_median": 0.6789149045944214,
  "eye_spacing_ratio_max": 0.7384750247001648,
  "jaw_ratio_mean": 0.7949538826942444,
  "jaw_ratio_std": 0.013129131868481636,
  "jaw_ratio_median": 0.7934435606002808,
  "jaw_ratio_max": 0.8352487683296204,
  "smile_intensity_mean": 0.06453874707221985,
  "smile_intensity_std": 0.11796283721923828,
  "smile_intensity_median": 0.007540650200098753,
  "smile_intensity_max": 0.4335852861404419,
  "eye_contact_mean": 0.9471078515052795,
  "eye_contact_std": 0.048781391233205795,
  "eye_contact_median": 0.9515795111656189,
  "eye_contact_max": 0.999927282333374,
  "eye_openness_mean": 0.9281606674194336,
  "eye_openness_std": 0.18132823705673218,
  "eye_openness_median": 1.0,
  "eye_openness_max": 1.0,
  "gaze_stability_mean": 0.9835126996040344,
  "gaze_stability_std": 0.023890960961580276,
  "gaze_stability_median": 0.9914303421974182,
  "gaze_stability_max": 1.0,
  "head_tilt_mean": 0.1830444484949112,
  "head_tilt_std": 0.09868357330560684,
  "head_tilt_median": 0.17973437905311584,
  "head_tilt_max": 0.3483915328979492,
  "expression_speed_mean": 0.13381484150886536,
  "expression_speed_std": 0.2102539837360382,
  "expression_speed_median": 0.04153821989893913,
  "expression_speed_max": 0.8235869407653809,
  "happy_mean": 0.03495096415281296,
  "happy_std": 0.1603315770626068,
  "happy_median": 2.2196612917468883e-05,
  "happy_max": 0.9991062879562378,
  "neutral_mean": 0.3748769164085388,
  "neutral_std": 0.38806524872779846,
  "neutral_median": 0.1881113201379776,
  "neutral_max": 0.9999182820320129,
  "surprise_mean": 0.0008165952749550343,
  "surprise_std": 0.004611662123352289,
  "surprise_median": 6.264615421969211e-07,
  "surprise_max": 0.041495345532894135,
  "processed_frames": 99.0,
  "video_name": "1.mp4"
}