{
  "expression_speed_max": 0.8805253058671951,
  "expression_speed_mean": 0.2279838491231203,
  "expression_speed_median": 0.1518304101191461,
  "expression_speed_std": 0.220890112221241,
  "eye_contact_max": 0.9976361319422722,
  "eye_contact_mean": 0.9591486304998398,
  "eye_contact_median": 0.9657757803797722,
  "eye_contact_std": 0.03228750778362155,
  "eye_openness_max": 1.0,
  "eye_openness_mean": 0.7172906398773193,
  "eye_openness_median": 0.7464242503046989,
  "eye_openness_std": 0.24410015158355236,
  "eye_spacing_ratio_max": 0.7385342344641685,
  "eye_spacing_ratio_mean": 0.663727231323719,
  "eye_spacing_ratio_median": 0.663671039044857,
  "eye_spacing_ratio_std": 0.02520111168269068,
  "face_width_height_ratio_max": 1.1812199875712395,
  "face_width_height_ratio_mean": 0.9939109236001968,
  "face_width_height_ratio_median": 1.0103886127471924,
  "face_width_height_ratio_std": 0.07805152935907245,
  "facial_symmetry_max": 0.9837709814310074,
  "facial_symmetry_mean": 0.8750265836715698,
  "facial_symmetry_median": 0.8965444788336754,
  "facial_symmetry_std": 0.09073370089754462,
  "gaze_stability_max": 1.0,
  "gaze_stability_mean": 0.9846540689468384,
  "gaze_stability_median": 0.9914958998560905,
  "gaze_stability_std": 0.018555887043476105,
  "happy_max": 0.9636747017502785,
  "happy_mean": 0.1260372456163168,
  "happy_median": 0.0071665246971406305,
  "happy_std": 0.2523720320314169,
  "head_tilt_max": 0.5308657996356487,
  "head_tilt_mean": 0.17446803767234087,
  "head_tilt_median": 0.1332340855151415,
  "head_tilt_std": 0.1392920296639204,
  "jaw_ratio_max": 0.8328599631786346,
  "jaw_ratio_mean": 0.7933454886078835,
  "jaw_ratio_median": 0.7929378747940063,
  "jaw_ratio_std": 0.015732860076241195,
  "neutral_max": 0.9731205925345421,
  "neutral_mean": 0.23963748570531607,
  "neutral_median": 0.059129542074515484,
  "neutral_std": 0.32412467151880264,
  "processed_frames": 80.75,
  "smile_intensity_max": 0.8860863447189331,
  "smile_intensity_mean": 0.3050462603569031,
  "smile_intensity_median": 0.2808601930155419,
  "smile_intensity_std": 0.24298490211367607,
  "surprise_max": 0.5616037268191576,
  "surprise_mean": 0.026033914647996426,
  "surprise_median": 0.00031569541576459415,
  "surprise_std": 0.09319672448327765,
  "video_count": 8.0,
  "valid_video_count": 8.0,
  "valid_video_ratio": 1.0,
  "total_processed_frames": 646.0,
  "avg_processed_frames": 80.75,
  "quality_score": 0.8153333333333334,
  "person_name": "Megan Fox"
}