{
  "facial_symmetry_mean": 0.9313406348228455,
  "facial_symmetry_std": 0.04373592883348465,
  "facial_symmetry_median": 0.9423804879188538,
  "facial_symmetry_max": 0.9984094500541687,
  "face_width_height_ratio_mean": 0.6048253178596497,
  "face_width_height_ratio_std": 0.07014862447977066,
  "face_width_height_ratio_median": 0.6124262809753418,
  "face_width_height_ratio_max": 0.7843833565711975,
  "eye_spacing_ratio_mean": 0.6668952107429504,
  "eye_spacing_ratio_std": 0.03118409961462021,
  "eye_spacing_ratio_median": 0.6728832721710205,
  "eye_spacing_ratio_max": 0.7338972091674805,
  "jaw_ratio_mean": 0.7920708060264587,
  "jaw_ratio_std": 0.02370712161064148,
  "jaw_ratio_median": 0.787527322769165,
  "jaw_ratio_max": 0.9011709690093994,
  "smile_intensity_mean": 0.18263761699199677,
  "smile_intensity_std": 0.2589823305606842,
  "smile_intensity_median": 0.02341919019818306,
  "smile_intensity_max": 1.0,
  "eye_contact_mean": 0.9711054563522339,
  "eye_contact_std": 0.02866199240088463,
  "eye_contact_median": 0.9817451238632202,
  "eye_contact_max": 0.9987667798995972,
  "eye_openness_mean": 0.8402726054191589,
  "eye_openness_std": 0.19508010149002075,
  "eye_openness_median": 0.9446013569831848,
  "eye_openness_max": 1.0,
  "gaze_stability_mean": 0.9890037178993225,
  "gaze_stability_std": 0.01636979542672634,
  "gaze_stability_median": 0.9946379661560059,
  "gaze_stability_max": 1.0,
  "head_tilt_mean": 0.13624493777751923,
  "head_tilt_std": 0.11070460081100464,
  "head_tilt_median": 0.12149989604949951,
  "head_tilt_max": 0.4397362470626831,
  "expression_speed_mean": 0.12692980468273163,
  "expression_speed_std": 0.1618674099445343,
  "expression_speed_median": 0.07234813272953033,
  "expression_speed_max": 1.0,
  "happy_mean": 0.02739102765917778,
  "happy_std": 0.1611138880252838,
  "happy_median": 1.293851892114617e-05,
  "happy_max": 0.9999977946281433,
  "neutral_mean": 0.31817516684532166,
  "neutral_std": 0.33877474069595337,
  "neutral_median": 0.14768464863300323,
  "neutral_max": 0.999298095703125,
  "surprise_mean": 0.007387281395494938,
  "surprise_std": 0.041111912578344345,
  "surprise_median": 2.4577646399848163e-05,
  "surprise_max": 0.3738284409046173,
  "processed_frames": 112.0,
  "video_name": "2.mp4"
}