{
  "facial_symmetry_mean": 0.9014627933502197,
  "facial_symmetry_std": 0.06831247359514236,
  "facial_symmetry_median": 0.928887665271759,
  "facial_symmetry_max": 0.9985319375991821,
  "face_width_height_ratio_mean": 0.6475876569747925,
  "face_width_height_ratio_std": 0.051986582577228546,
  "face_width_height_ratio_median": 0.6525212526321411,
  "face_width_height_ratio_max": 0.8296762108802795,
  "eye_spacing_ratio_mean": 0.6449509859085083,
  "eye_spacing_ratio_std": 0.029674485325813293,
  "eye_spacing_ratio_median": 0.6470941305160522,
  "eye_spacing_ratio_max": 0.7227992415428162,
  "jaw_ratio_mean": 0.8005905151367188,
  "jaw_ratio_std": 0.02058008685708046,
  "jaw_ratio_median": 0.8024657964706421,
  "jaw_ratio_max": 0.848408579826355,
  "smile_intensity_mean": 0.24278031289577484,
  "smile_intensity_std": 0.2612156271934509,
  "smile_intensity_median": 0.08940430730581284,
  "smile_intensity_max": 0.8060674667358398,
  "eye_contact_mean": 0.9716992974281311,
  "eye_contact_std": 0.021578503772616386,
  "eye_contact_median": 0.9773744344711304,
  "eye_contact_max": 0.999685525894165,
  "eye_openness_mean": 0.8295235633850098,
  "eye_openness_std": 0.21869561076164246,
  "eye_openness_median": 0.9870330095291138,
  "eye_openness_max": 1.0,
  "gaze_stability_mean": 0.9895435571670532,
  "gaze_stability_std": 0.013527571223676205,
  "gaze_stability_median": 0.9946302175521851,
  "gaze_stability_max": 1.0,
  "head_tilt_mean": 0.17088542878627777,
  "head_tilt_std": 0.14396755397319794,
  "head_tilt_median": 0.11285766959190369,
  "head_tilt_max": 0.5126738548278809,
  "expression_speed_mean": 0.14649274945259094,
  "expression_speed_std": 0.2001890242099762,
  "expression_speed_median": 0.06311038881540298,
  "expression_speed_max": 0.8344306349754333,
  "happy_mean": 0.20943424105644226,
  "happy_std": 0.33488306403160095,
  "happy_median": 0.005981785245239735,
  "happy_max": 0.9999621510505676,
  "neutral_mean": 0.37972965836524963,
  "neutral_std": 0.3559580147266388,
  "neutral_median": 0.3064131438732147,
  "neutral_max": 0.9884828925132751,
  "surprise_mean": 0.03387891873717308,
  "surprise_std": 0.14827127754688263,
  "surprise_median": 8.816081390250474e-05,
  "surprise_max": 0.9941507577896118,
  "processed_frames": 108.0,
  "video_name": "3.mp4"
}