{
  "facial_symmetry_mean": 0.8374738693237305,
  "facial_symmetry_std": 0.10241258889436722,
  "facial_symmetry_median": 0.8548893928527832,
  "facial_symmetry_max": 0.999877393245697,
  "face_width_height_ratio_mean": 1.3947962522506714,
  "face_width_height_ratio_std": 0.11514519155025482,
  "face_width_height_ratio_median": 1.3854682445526123,
  "face_width_height_ratio_max": 1.8136358261108398,
  "eye_spacing_ratio_mean": 0.6753841042518616,
  "eye_spacing_ratio_std": 0.021176738664507866,
  "eye_spacing_ratio_median": 0.672583281993866,
  "eye_spacing_ratio_max": 0.7410157918930054,
  "jaw_ratio_mean": 0.7761245965957642,
  "jaw_ratio_std": 0.01996145397424698,
  "jaw_ratio_median": 0.7767933011054993,
  "jaw_ratio_max": 0.8229590654373169,
  "smile_intensity_mean": 0.0585828460752964,
  "smile_intensity_std": 0.08478062599897385,
  "smile_intensity_median": 0.012065143324434757,
  "smile_intensity_max": 0.3903394043445587,
  "eye_contact_mean": 0.9503498673439026,
  "eye_contact_std": 0.038328852504491806,
  "eye_contact_median": 0.9548800587654114,
  "eye_contact_max": 0.9994778633117676,
  "eye_openness_mean": 0.8420870900154114,
  "eye_openness_std": 0.19423270225524902,
  "eye_openness_median": 0.9051287770271301,
  "eye_openness_max": 1.0,
  "gaze_stability_mean": 0.9817501902580261,
  "gaze_stability_std": 0.02724761702120304,
  "gaze_stability_median": 0.993331789970398,
  "gaze_stability_max": 1.0,
  "head_tilt_mean": 0.11329670250415802,
  "head_tilt_std": 0.07924221456050873,
  "head_tilt_median": 0.09204059839248657,
  "head_tilt_max": 0.31443580985069275,
  "expression_speed_mean": 0.12771598994731903,
  "expression_speed_std": 0.1645425707101822,
  "expression_speed_median": 0.049082037061452866,
  "expression_speed_max": 0.7207198143005371,
  "happy_mean": 0.0801483616232872,
  "happy_std": 0.2212117314338684,
  "happy_median": 0.0005419016815721989,
  "happy_max": 0.9999575614929199,
  "neutral_mean": 0.41705673933029175,
  "neutral_std": 0.3769848048686981,
  "neutral_median": 0.38595032691955566,
  "neutral_max": 0.9932255744934082,
  "surprise_mean": 0.013750562444329262,
  "surprise_std": 0.07598306238651276,
  "surprise_median": 3.219626159989275e-05,
  "surprise_max": 0.824569821357727,
  "processed_frames": 147.0,
  "video_name": "4.mp4"
}