{
  "facial_symmetry_mean": 0.8745715618133545,
  "facial_symmetry_std": 0.07134842127561569,
  "facial_symmetry_median": 0.8656749725341797,
  "facial_symmetry_max": 0.9724451899528503,
  "face_width_height_ratio_mean": 1.5883358716964722,
  "face_width_height_ratio_std": 0.12530820071697235,
  "face_width_height_ratio_median": 1.608270287513733,
  "face_width_height_ratio_max": 1.7973812818527222,
  "eye_spacing_ratio_mean": 0.663062334060669,
  "eye_spacing_ratio_std": 0.013247780501842499,
  "eye_spacing_ratio_median": 0.6635580062866211,
  "eye_spacing_ratio_max": 0.6861445903778076,
  "jaw_ratio_mean": 0.779137909412384,
  "jaw_ratio_std": 0.01673082821071148,
  "jaw_ratio_median": 0.7718644738197327,
  "jaw_ratio_max": 0.8087450861930847,
  "smile_intensity_mean": 0.028490198776125908,
  "smile_intensity_std": 0.043414946645498276,
  "smile_intensity_median": 0.008293760940432549,
  "smile_intensity_max": 0.2108515053987503,
  "eye_contact_mean": 0.9766930937767029,
  "eye_contact_std": 0.017641033977270126,
  "eye_contact_median": 0.984278678894043,
  "eye_contact_max": 0.9996432065963745,
  "eye_openness_mean": 0.6503264307975769,
  "eye_openness_std": 0.21526947617530823,
  "eye_openness_median": 0.6049529314041138,
  "eye_openness_max": 1.0,
  "gaze_stability_mean": 0.9929086565971375,
  "gaze_stability_std": 0.00889106560498476,
  "gaze_stability_median": 0.9965610504150391,
  "gaze_stability_max": 1.0,
  "head_tilt_mean": 0.036874331533908844,
  "head_tilt_std": 0.03985818848013878,
  "head_tilt_median": 0.02413347363471985,
  "head_tilt_max": 0.12222930788993835,
  "expression_speed_mean": 0.06490184366703033,
  "expression_speed_std": 0.086872398853302,
  "expression_speed_median": 0.03169325739145279,
  "expression_speed_max": 0.42954689264297485,
  "happy_mean": 0.13487058877944946,
  "happy_std": 0.29749616980552673,
  "happy_median": 0.0005442916881293058,
  "happy_max": 0.9998916387557983,
  "neutral_mean": 0.3488326966762543,
  "neutral_std": 0.320503294467926,
  "neutral_median": 0.32682329416275024,
  "neutral_max": 0.9899065494537354,
  "surprise_mean": 0.14757362008094788,
  "surprise_std": 0.24761614203453064,
  "surprise_median": 0.0016658416716381907,
  "surprise_max": 0.983412504196167,
  "processed_frames": 60.0,
  "video_name": "5.mp4"
}