{
  "expression_speed_max": 0.796939468383789,
  "expression_speed_mean": 0.12474546134471894,
  "expression_speed_median": 0.05899256095290184,
  "expression_speed_std": 0.16534357964992524,
  "eye_contact_max": 0.9993733882904052,
  "eye_contact_mean": 0.9665379047393798,
  "eye_contact_median": 0.9738956093788147,
  "eye_contact_std": 0.027613410726189613,
  "eye_openness_max": 1.0,
  "eye_openness_mean": 0.8205947995185852,
  "eye_openness_median": 0.8883432149887085,
  "eye_openness_std": 0.19430170357227325,
  "eye_spacing_ratio_max": 0.7256002187728882,
  "eye_spacing_ratio_mean": 0.6616865038871765,
  "eye_spacing_ratio_median": 0.6642730355262756,
  "eye_spacing_ratio_std": 0.02657538913190365,
  "face_width_height_ratio_max": 1.1962271213531495,
  "face_width_height_ratio_mean": 0.9742527604103088,
  "face_width_height_ratio_median": 0.9790329933166504,
  "face_width_height_ratio_std": 0.08271164447069168,
  "facial_symmetry_max": 0.993690836429596,
  "facial_symmetry_mean": 0.885449743270874,
  "facial_symmetry_median": 0.8985847949981689,
  "facial_symmetry_std": 0.07384936660528182,
  "gaze_stability_max": 1.0,
  "gaze_stability_mean": 0.9877571940422059,
  "gaze_stability_median": 0.9944245338439941,
  "gaze_stability_std": 0.017302260175347327,
  "happy_max": 0.9999616622924805,
  "happy_mean": 0.11483803763985634,
  "happy_median": 0.0014604711621359456,
  "happy_std": 0.26285842061042786,
  "head_tilt_max": 0.43423632383346555,
  "head_tilt_mean": 0.14067122787237168,
  "head_tilt_median": 0.10966318845748901,
  "head_tilt_std": 0.1152380220592022,
  "jaw_ratio_max": 0.8455853700637818,
  "jaw_ratio_mean": 0.7876065492630004,
  "jaw_ratio_median": 0.7857962369918823,
  "jaw_ratio_std": 0.020674260333180428,
  "neutral_max": 0.9919259667396545,
  "neutral_mean": 0.3351538389921188,
  "neutral_median": 0.2416984260082245,
  "neutral_std": 0.33552961349487304,
  "processed_frames": 117.4,
  "smile_intensity_max": 0.6814516752958297,
  "smile_intensity_mean": 0.13788521625101566,
  "smile_intensity_median": 0.03162258770316839,
  "smile_intensity_std": 0.18035229220986365,
  "surprise_max": 0.6989829063415527,
  "surprise_mean": 0.042280328646302226,
  "surprise_median": 0.0003647654364613118,
  "surprise_std": 0.11059133931994439,
  "video_count": 5.0,
  "valid_video_count": 5.0,
  "valid_video_ratio": 1.0,
  "total_processed_frames": 587.0,
  "avg_processed_frames": 117.4,
  "quality_score": 0.9130666666666667,
  "person_name": "Lynne Frederick"
}