{
  "facial_symmetry_mean": 0.8563238978385925,
  "facial_symmetry_std": 0.06043887883424759,
  "facial_symmetry_median": 0.851240336894989,
  "facial_symmetry_max": 0.9933696985244751,
  "face_width_height_ratio_mean": 0.7308919429779053,
  "face_width_height_ratio_std": 0.1191149428486824,
  "face_width_height_ratio_median": 0.7433968782424927,
  "face_width_height_ratio_max": 0.9688255190849304,
  "eye_spacing_ratio_mean": 0.6074090600013733,
  "eye_spacing_ratio_std": 0.044691480696201324,
  "eye_spacing_ratio_median": 0.6166813373565674,
  "eye_spacing_ratio_max": 0.6938572525978088,
  "jaw_ratio_mean": 0.8076201677322388,
  "jaw_ratio_std": 0.02814323641359806,
  "jaw_ratio_median": 0.8093723058700562,
  "jaw_ratio_max": 0.9203217625617981,
  "smile_intensity_mean": 0.27679726481437683,
  "smile_intensity_std": 0.32434356212615967,
  "smile_intensity_median": 0.11221493035554886,
  "smile_intensity_max": 1.0,
  "eye_contact_mean": 0.9432042837142944,
  "eye_contact_std": 0.03137904778122902,
  "eye_contact_median": 0.9379338622093201,
  "eye_contact_max": 0.999234139919281,
  "eye_openness_mean": 0.5406481027603149,
  "eye_openness_std": 0.18953277170658112,
  "eye_openness_median": 0.5761628746986389,
  "eye_openness_max": 1.0,
  "gaze_stability_mean": 0.9838362336158752,
  "gaze_stability_std": 0.01813294179737568,
  "gaze_stability_median": 0.9917625784873962,
  "gaze_stability_max": 1.0,
  "head_tilt_mean": 0.07104489207267761,
  "head_tilt_std": 0.05717014893889427,
  "head_tilt_median": 0.0676371157169342,
  "head_tilt_max": 0.24836465716362,
  "expression_speed_mean": 0.2586268484592438,
  "expression_speed_std": 0.2570156753063202,
  "expression_speed_median": 0.15900838375091553,
  "expression_speed_max": 0.988284170627594,
  "happy_mean": 0.06688462197780609,
  "happy_std": 0.22146113216876984,
  "happy_median": 1.4934988939785399e-05,
  "happy_max": 0.9980349540710449,
  "neutral_mean": 0.4302609860897064,
  "neutral_std": 0.4139096140861511,
  "neutral_median": 0.3032892346382141,
  "neutral_max": 0.9989489316940308,
  "surprise_mean": 0.009514564648270607,
  "surprise_std": 0.0550772026181221,
  "surprise_median": 2.980357294291025e-07,
  "surprise_max": 0.43526533246040344,
  "processed_frames": 63.0,
  "video_name": "2.mp4"
}