{
  "facial_symmetry_mean": 0.805692732334137,
  "facial_symmetry_std": 0.0966891348361969,
  "facial_symmetry_median": 0.7743462324142456,
  "facial_symmetry_max": 0.9950442314147949,
  "face_width_height_ratio_mean": 1.3787264823913574,
  "face_width_height_ratio_std": 0.13072170317173004,
  "face_width_height_ratio_median": 1.3681952953338623,
  "face_width_height_ratio_max": 1.7471650838851929,
  "eye_spacing_ratio_mean": 0.6466677784919739,
  "eye_spacing_ratio_std": 0.04337764531373978,
  "eye_spacing_ratio_median": 0.6442421674728394,
  "eye_spacing_ratio_max": 0.7698541879653931,
  "jaw_ratio_mean": 0.8004061579704285,
  "jaw_ratio_std": 0.02077499032020569,
  "jaw_ratio_median": 0.8005357384681702,
  "jaw_ratio_max": 0.8305062055587769,
  "smile_intensity_mean": 0.15267080068588257,
  "smile_intensity_std": 0.12462115287780762,
  "smile_intensity_median": 0.15606041252613068,
  "smile_intensity_max": 0.5098937153816223,
  "eye_contact_mean": 0.9565826058387756,
  "eye_contact_std": 0.045629847794771194,
  "eye_contact_median": 0.9675509333610535,
  "eye_contact_max": 0.9989827275276184,
  "eye_openness_mean": 0.6209986805915833,
  "eye_openness_std": 0.18231387436389923,
  "eye_openness_median": 0.6813551783561707,
  "eye_openness_max": 0.8652253746986389,
  "gaze_stability_mean": 0.971644937992096,
  "gaze_stability_std": 0.04312915727496147,
  "gaze_stability_median": 0.9870894551277161,
  "gaze_stability_max": 1.0,
  "head_tilt_mean": 0.1103803738951683,
  "head_tilt_std": 0.058806292712688446,
  "head_tilt_median": 0.10973617434501648,
  "head_tilt_max": 0.294802188873291,
  "expression_speed_mean": 0.18139494955539703,
  "expression_speed_std": 0.13891099393367767,
  "expression_speed_median": 0.14388985931873322,
  "expression_speed_max": 0.5697885751724243,
  "happy_mean": 0.34282386302948,
  "happy_std": 0.43941566348075867,
  "happy_median": 0.013089046813547611,
  "happy_max": 0.9999885559082031,
  "neutral_mean": 0.2127135992050171,
  "neutral_std": 0.2949277460575104,
  "neutral_median": 0.019687695428729057,
  "neutral_max": 0.9866199493408203,
  "surprise_mean": 0.0008294505532830954,
  "surprise_std": 0.004281388595700264,
  "surprise_median": 5.082192274130648e-06,
  "surprise_max": 0.027990739792585373,
  "processed_frames": 43.0,
  "video_name": "3.mp4"
}