{
  "facial_symmetry_mean": 0.9021008610725403,
  "facial_symmetry_std": 0.05057986453175545,
  "facial_symmetry_median": 0.9010088443756104,
  "facial_symmetry_max": 0.9994174242019653,
  "face_width_height_ratio_mean": 1.322823166847229,
  "face_width_height_ratio_std": 0.16928932070732117,
  "face_width_height_ratio_median": 1.3304615020751953,
  "face_width_height_ratio_max": 1.9552109241485596,
  "eye_spacing_ratio_mean": 0.6305074691772461,
  "eye_spacing_ratio_std": 0.03411081060767174,
  "eye_spacing_ratio_median": 0.6346484422683716,
  "eye_spacing_ratio_max": 0.7319595813751221,
  "jaw_ratio_mean": 0.7847068905830383,
  "jaw_ratio_std": 0.025088228285312653,
  "jaw_ratio_median": 0.7871897220611572,
  "jaw_ratio_max": 0.8512691259384155,
  "smile_intensity_mean": 0.20432698726654053,
  "smile_intensity_std": 0.21264590322971344,
  "smile_intensity_median": 0.10745424032211304,
  "smile_intensity_max": 1.0,
  "eye_contact_mean": 0.9725130200386047,
  "eye_contact_std": 0.02460511401295662,
  "eye_contact_median": 0.9791486263275146,
  "eye_contact_max": 0.9999607801437378,
  "eye_openness_mean": 0.22707924246788025,
  "eye_openness_std": 0.0872511938214302,
  "eye_openness_median": 0.2141205370426178,
  "eye_openness_max": 0.6597540974617004,
  "gaze_stability_mean": 0.9846118092536926,
  "gaze_stability_std": 0.021275624632835388,
  "gaze_stability_median": 0.9913126230239868,
  "gaze_stability_max": 1.0,
  "head_tilt_mean": 0.055682480335235596,
  "head_tilt_std": 0.05880722030997276,
  "head_tilt_median": 0.03735534846782684,
  "head_tilt_max": 0.40376758575439453,
  "expression_speed_mean": 0.13608279824256897,
  "expression_speed_std": 0.16020333766937256,
  "expression_speed_median": 0.08493715524673462,
  "expression_speed_max": 0.9991004467010498,
  "happy_mean": 0.6317052245140076,
  "happy_std": 0.4446023404598236,
  "happy_median": 0.9800386428833008,
  "happy_max": 1.0,
  "neutral_mean": 0.15493452548980713,
  "neutral_std": 0.2842237055301666,
  "neutral_median": 0.0036735504399985075,
  "neutral_max": 0.9959993362426758,
  "surprise_mean": 0.01103746797889471,
  "surprise_std": 0.07461827248334885,
  "surprise_median": 1.3461323078445275e-07,
  "surprise_max": 0.8036997318267822,
  "processed_frames": 196.0,
  "video_name": "4.mp4"
}