{
  "facial_symmetry_mean": 0.7752097845077515,
  "facial_symmetry_std": 0.14516817033290863,
  "facial_symmetry_median": 0.7815071940422058,
  "facial_symmetry_max": 0.9933175444602966,
  "face_width_height_ratio_mean": 1.3689464330673218,
  "face_width_height_ratio_std": 0.11019854992628098,
  "face_width_height_ratio_median": 1.4112056493759155,
  "face_width_height_ratio_max": 1.5770200490951538,
  "eye_spacing_ratio_mean": 0.6473263502120972,
  "eye_spacing_ratio_std": 0.025700705125927925,
  "eye_spacing_ratio_median": 0.6441313624382019,
  "eye_spacing_ratio_max": 0.7570570111274719,
  "jaw_ratio_mean": 0.7955020666122437,
  "jaw_ratio_std": 0.025511110201478004,
  "jaw_ratio_median": 0.7986484169960022,
  "jaw_ratio_max": 0.8417900800704956,
  "smile_intensity_mean": 0.13477946817874908,
  "smile_intensity_std": 0.20680584013462067,
  "smile_intensity_median": 0.02218141220510006,
  "smile_intensity_max": 0.905207097530365,
  "eye_contact_mean": 0.9124484658241272,
  "eye_contact_std": 0.06271550059318542,
  "eye_contact_median": 0.9373003244400024,
  "eye_contact_max": 0.9991517066955566,
  "eye_openness_mean": 0.886217474937439,
  "eye_openness_std": 0.18651558458805084,
  "eye_openness_median": 1.0,
  "eye_openness_max": 1.0,
  "gaze_stability_mean": 0.969313383102417,
  "gaze_stability_std": 0.03664066269993782,
  "gaze_stability_median": 0.982963502407074,
  "gaze_stability_max": 1.0,
  "head_tilt_mean": 0.11812927573919296,
  "head_tilt_std": 0.1292041838169098,
  "head_tilt_median": 0.0577487051486969,
  "head_tilt_max": 0.4113127291202545,
  "expression_speed_mean": 0.18074940145015717,
  "expression_speed_std": 0.21658268570899963,
  "expression_speed_median": 0.10739336907863617,
  "expression_speed_max": 0.9008647203445435,
  "happy_mean": 0.2663552761077881,
  "happy_std": 0.41574621200561523,
  "happy_median": 0.004678458906710148,
  "happy_max": 0.9999991655349731,
  "neutral_mean": 0.23584824800491333,
  "neutral_std": 0.35230720043182373,
  "neutral_median": 0.004840467590838671,
  "neutral_max": 0.9726057052612305,
  "surprise_mean": 0.03775004297494888,
  "surprise_std": 0.1288936734199524,
  "surprise_median": 5.663437150360551e-06,
  "surprise_max": 0.6992862820625305,
  "processed_frames": 57.0,
  "video_name": "5.mp4"
}