{
  "facial_symmetry_mean": 0.8086874485015869,
  "facial_symmetry_std": 0.10908961296081543,
  "facial_symmetry_median": 0.8335617780685425,
  "facial_symmetry_max": 0.9624081254005432,
  "face_width_height_ratio_mean": 1.0881202220916748,
  "face_width_height_ratio_std": 0.17112921178340912,
  "face_width_height_ratio_median": 1.080083966255188,
  "face_width_height_ratio_max": 1.3632317781448364,
  "eye_spacing_ratio_mean": 0.6314013600349426,
  "eye_spacing_ratio_std": 0.05079703405499458,
  "eye_spacing_ratio_median": 0.6431314945220947,
  "eye_spacing_ratio_max": 0.7335148453712463,
  "jaw_ratio_mean": 0.8049749135971069,
  "jaw_ratio_std": 0.029114509001374245,
  "jaw_ratio_median": 0.7993166446685791,
  "jaw_ratio_max": 0.9148914217948914,
  "smile_intensity_mean": 0.17735765874385834,
  "smile_intensity_std": 0.16039662063121796,
  "smile_intensity_median": 0.15001091361045837,
  "smile_intensity_max": 0.5536872744560242,
  "eye_contact_mean": 0.931795060634613,
  "eye_contact_std": 0.04741673916578293,
  "eye_contact_median": 0.9418370127677917,
  "eye_contact_max": 0.999041736125946,
  "eye_openness_mean": 0.5178539752960205,
  "eye_openness_std": 0.29662367701530457,
  "eye_openness_median": 0.3766077160835266,
  "eye_openness_max": 1.0,
  "gaze_stability_mean": 0.9748178720474243,
  "gaze_stability_std": 0.026562251150608063,
  "gaze_stability_median": 0.9827113747596741,
  "gaze_stability_max": 1.0,
  "head_tilt_mean": 0.15227921307086945,
  "head_tilt_std": 0.1540869176387787,
  "head_tilt_median": 0.0973355770111084,
  "head_tilt_max": 0.5304619669914246,
  "expression_speed_mean": 0.14414384961128235,
  "expression_speed_std": 0.14794784784317017,
  "expression_speed_median": 0.10536805540323257,
  "expression_speed_max": 0.7652309536933899,
  "happy_mean": 0.11073669791221619,
  "happy_std": 0.2642381191253662,
  "happy_median": 0.00012915061961393803,
  "happy_max": 0.9999779462814331,
  "neutral_mean": 0.24943651258945465,
  "neutral_std": 0.35614269971847534,
  "neutral_median": 0.023381270468235016,
  "neutral_max": 0.9985799193382263,
  "surprise_mean": 0.010543672367930412,
  "surprise_std": 0.0807538777589798,
  "surprise_median": 2.159661391942791e-07,
  "surprise_max": 0.7867871522903442,
  "processed_frames": 95.0,
  "video_name": "6.mp4"
}