{
  "expression_speed_max": 0.8553069730599722,
  "expression_speed_mean": 0.17312527199586233,
  "expression_speed_median": 0.11066177363197009,
  "expression_speed_std": 0.18229995667934418,
  "eye_contact_max": 0.9993575910727183,
  "eye_contact_mean": 0.9486005306243896,
  "eye_contact_median": 0.9578957458337148,
  "eye_contact_std": 0.039690726436674595,
  "eye_openness_max": 0.9208299120267233,
  "eye_openness_mean": 0.5991342415412267,
  "eye_openness_median": 0.6413743843634924,
  "eye_openness_std": 0.2049718884130319,
  "eye_spacing_ratio_max": 0.7259124914805094,
  "eye_spacing_ratio_mean": 0.6335873206456503,
  "eye_spacing_ratio_median": 0.6371787488460541,
  "eye_spacing_ratio_std": 0.035883646768828235,
  "face_width_height_ratio_max": 1.3839742342631023,
  "face_width_height_ratio_mean": 1.0819426675637562,
  "face_width_height_ratio_median": 1.0895836353302002,
  "face_width_height_ratio_std": 0.1230523611108462,
  "facial_symmetry_max": 0.9852478007475535,
  "facial_symmetry_mean": 0.8399728238582611,
  "facial_symmetry_median": 0.8425129950046539,
  "facial_symmetry_std": 0.08826169061164062,
  "gaze_stability_max": 1.0,
  "gaze_stability_mean": 0.979339063167572,
  "gaze_stability_median": 0.9885860482851664,
  "gaze_stability_std": 0.026381329633295536,
  "happy_max": 0.9996667504310608,
  "happy_mean": 0.3069065685073535,
  "happy_median": 0.1741872567596753,
  "happy_std": 0.3755522643526395,
  "head_tilt_max": 0.4084033668041229,
  "head_tilt_mean": 0.10161618515849113,
  "head_tilt_median": 0.07178439448277156,
  "head_tilt_std": 0.09773352493842442,
  "jaw_ratio_max": 0.8674489061037699,
  "jaw_ratio_mean": 0.7969184219837189,
  "jaw_ratio_median": 0.7973092198371887,
  "jaw_ratio_std": 0.024696812654534977,
  "neutral_max": 0.9920695821444193,
  "neutral_mean": 0.2599480325977008,
  "neutral_median": 0.06372289596280704,
  "neutral_std": 0.3479909102121989,
  "processed_frames": 99.0,
  "smile_intensity_max": 0.8281313478946686,
  "smile_intensity_mean": 0.23555743197600046,
  "smile_intensity_median": 0.17937238235026598,
  "smile_intensity_std": 0.22312550991773605,
  "surprise_max": 0.6252982337027788,
  "surprise_mean": 0.021021546601938706,
  "surprise_median": 2.83930441942933e-06,
  "surprise_std": 0.08997717779129744,
  "video_count": 6.0,
  "valid_video_count": 6.0,
  "valid_video_ratio": 1.0,
  "total_processed_frames": 594.0,
  "avg_processed_frames": 99.0,
  "quality_score": 0.864,
  "person_name": "Jang Gyu-ri"
}