{
  "facial_symmetry_mean": 0.8973482251167297,
  "facial_symmetry_std": 0.09816795587539673,
  "facial_symmetry_median": 0.9384760856628418,
  "facial_symmetry_max": 0.999876081943512,
  "face_width_height_ratio_mean": 0.8573852181434631,
  "face_width_height_ratio_std": 0.06219370290637016,
  "face_width_height_ratio_median": 0.8673051595687866,
  "face_width_height_ratio_max": 0.948664665222168,
  "eye_spacing_ratio_mean": 0.656795859336853,
  "eye_spacing_ratio_std": 0.031222758814692497,
  "eye_spacing_ratio_median": 0.6435849070549011,
  "eye_spacing_ratio_max": 0.7346305251121521,
  "jaw_ratio_mean": 0.7811176180839539,
  "jaw_ratio_std": 0.01959831453859806,
  "jaw_ratio_median": 0.7854226231575012,
  "jaw_ratio_max": 0.8260028958320618,
  "smile_intensity_mean": 0.16526463627815247,
  "smile_intensity_std": 0.22000302374362946,
  "smile_intensity_median": 0.05610504746437073,
  "smile_intensity_max": 0.6615373492240906,
  "eye_contact_mean": 0.9572964906692505,
  "eye_contact_std": 0.04440937936306,
  "eye_contact_median": 0.9724665284156799,
  "eye_contact_max": 0.9985963106155396,
  "eye_openness_mean": 0.80286705493927,
  "eye_openness_std": 0.28827643394470215,
  "eye_openness_median": 1.0,
  "eye_openness_max": 1.0,
  "gaze_stability_mean": 0.9821372628211975,
  "gaze_stability_std": 0.026036344468593597,
  "gaze_stability_median": 0.9931399822235107,
  "gaze_stability_max": 1.0,
  "head_tilt_mean": 0.12696410715579987,
  "head_tilt_std": 0.08761361986398697,
  "head_tilt_median": 0.10870441794395447,
  "head_tilt_max": 0.30896976590156555,
  "expression_speed_mean": 0.15052543580532074,
  "expression_speed_std": 0.20481589436531067,
  "expression_speed_median": 0.04939715564250946,
  "expression_speed_max": 0.7112100720405579,
  "happy_mean": 0.2549840807914734,
  "happy_std": 0.3614684045314789,
  "happy_median": 0.02670925110578537,
  "happy_max": 0.9999882578849792,
  "neutral_mean": 0.14360809326171875,
  "neutral_std": 0.22454284131526947,
  "neutral_median": 0.01766332983970642,
  "neutral_max": 0.9604133367538452,
  "surprise_mean": 0.08753138035535812,
  "surprise_std": 0.2092650681734085,
  "surprise_median": 8.787553815636784e-05,
  "surprise_max": 0.8397998809814453,
  "processed_frames": 56.0,
  "video_name": "1.mp4"
}