{
  "facial_symmetry_mean": 0.9330543875694275,
  "facial_symmetry_std": 0.06125781685113907,
  "facial_symmetry_median": 0.9574739336967468,
  "facial_symmetry_max": 0.9996650815010071,
  "face_width_height_ratio_mean": 0.6713627576828003,
  "face_width_height_ratio_std": 0.06214510649442673,
  "face_width_height_ratio_median": 0.6522536873817444,
  "face_width_height_ratio_max": 0.8395017385482788,
  "eye_spacing_ratio_mean": 0.6619306802749634,
  "eye_spacing_ratio_std": 0.020577985793352127,
  "eye_spacing_ratio_median": 0.663261353969574,
  "eye_spacing_ratio_max": 0.776625394821167,
  "jaw_ratio_mean": 0.7873521447181702,
  "jaw_ratio_std": 0.018764570355415344,
  "jaw_ratio_median": 0.7868944406509399,
  "jaw_ratio_max": 0.8379161357879639,
  "smile_intensity_mean": 0.3679250478744507,
  "smile_intensity_std": 0.29138633608818054,
  "smile_intensity_median": 0.3582155108451843,
  "smile_intensity_max": 1.0,
  "eye_contact_mean": 0.9708821773529053,
  "eye_contact_std": 0.024607354775071144,
  "eye_contact_median": 0.977378249168396,
  "eye_contact_max": 0.9979575872421265,
  "eye_openness_mean": 0.922716498374939,
  "eye_openness_std": 0.12009994685649872,
  "eye_openness_median": 1.0,
  "eye_openness_max": 1.0,
  "gaze_stability_mean": 0.991860568523407,
  "gaze_stability_std": 0.012531725689768791,
  "gaze_stability_median": 0.9965752363204956,
  "gaze_stability_max": 1.0,
  "head_tilt_mean": 0.13511256873607635,
  "head_tilt_std": 0.17904847860336304,
  "head_tilt_median": 0.039582252502441406,
  "head_tilt_max": 0.7040547132492065,
  "expression_speed_mean": 0.11339987069368362,
  "expression_speed_std": 0.1332470178604126,
  "expression_speed_median": 0.07338668406009674,
  "expression_speed_max": 0.9857711791992188,
  "happy_mean": 0.038458190858364105,
  "happy_std": 0.1605226993560791,
  "happy_median": 1.8799259123625234e-05,
  "happy_max": 0.9981421232223511,
  "neutral_mean": 0.400287926197052,
  "neutral_std": 0.3861677646636963,
  "neutral_median": 0.2345915138721466,
  "neutral_max": 0.999984622001648,
  "surprise_mean": 0.07302984595298767,
  "surprise_std": 0.23447877168655396,
  "surprise_median": 3.0505295853799907e-06,
  "surprise_max": 0.9986730217933655,
  "processed_frames": 102.0,
  "video_name": "2.mp4"
}