{
  "facial_symmetry_mean": 0.8340731263160706,
  "facial_symmetry_std": 0.05659903213381767,
  "facial_symmetry_median": 0.8232781887054443,
  "facial_symmetry_max": 0.9987370371818542,
  "face_width_height_ratio_mean": 1.3160760402679443,
  "face_width_height_ratio_std": 0.12474529445171356,
  "face_width_height_ratio_median": 1.3291822671890259,
  "face_width_height_ratio_max": 1.6180096864700317,
  "eye_spacing_ratio_mean": 0.6442267894744873,
  "eye_spacing_ratio_std": 0.03880762681365013,
  "eye_spacing_ratio_median": 0.6438169479370117,
  "eye_spacing_ratio_max": 0.794859766960144,
  "jaw_ratio_mean": 0.7856860160827637,
  "jaw_ratio_std": 0.018474500626325607,
  "jaw_ratio_median": 0.7843659520149231,
  "jaw_ratio_max": 0.8579061627388,
  "smile_intensity_mean": 0.09747549891471863,
  "smile_intensity_std": 0.13611437380313873,
  "smile_intensity_median": 0.0177297480404377,
  "smile_intensity_max": 0.6556288599967957,
  "eye_contact_mean": 0.9542892575263977,
  "eye_contact_std": 0.037614092230796814,
  "eye_contact_median": 0.9705708026885986,
  "eye_contact_max": 0.9990996718406677,
  "eye_openness_mean": 0.47643759846687317,
  "eye_openness_std": 0.16432443261146545,
  "eye_openness_median": 0.4943658113479614,
  "eye_openness_max": 0.8941205143928528,
  "gaze_stability_mean": 0.9837877750396729,
  "gaze_stability_std": 0.018561167642474174,
  "gaze_stability_median": 0.990843653678894,
  "gaze_stability_max": 1.0,
  "head_tilt_mean": 0.05896611139178276,
  "head_tilt_std": 0.04658706858754158,
  "head_tilt_median": 0.05200237035751343,
  "head_tilt_max": 0.2419307827949524,
  "expression_speed_mean": 0.1289060264825821,
  "expression_speed_std": 0.14147257804870605,
  "expression_speed_median": 0.06941565871238708,
  "expression_speed_max": 0.8078644275665283,
  "happy_mean": 0.11523197591304779,
  "happy_std": 0.26370859146118164,
  "happy_median": 0.0005260911420919001,
  "happy_max": 0.9999998807907104,
  "neutral_mean": 0.31940874457359314,
  "neutral_std": 0.3708072602748871,
  "neutral_median": 0.08325602114200592,
  "neutral_max": 1.0,
  "surprise_mean": 0.027510041370987892,
  "surprise_std": 0.13243691623210907,
  "surprise_median": 8.902962690626737e-06,
  "surprise_max": 0.9997625946998596,
  "processed_frames": 205.0,
  "video_name": "1.mp4"
}