{
  "facial_symmetry_mean": 0.8295159339904785,
  "facial_symmetry_std": 0.10085958987474442,
  "facial_symmetry_median": 0.8119133710861206,
  "facial_symmetry_max": 0.9996228814125061,
  "face_width_height_ratio_mean": 1.343603253364563,
  "face_width_height_ratio_std": 0.15485402941703796,
  "face_width_height_ratio_median": 1.39894437789917,
  "face_width_height_ratio_max": 1.6399167776107788,
  "eye_spacing_ratio_mean": 0.6522838473320007,
  "eye_spacing_ratio_std": 0.03453845530748367,
  "eye_spacing_ratio_median": 0.6605685353279114,
  "eye_spacing_ratio_max": 0.7676119208335876,
  "jaw_ratio_mean": 0.7902542948722839,
  "jaw_ratio_std": 0.024112196639180183,
  "jaw_ratio_median": 0.7844876646995544,
  "jaw_ratio_max": 0.8634215593338013,
  "smile_intensity_mean": 0.06071952357888222,
  "smile_intensity_std": 0.07544275373220444,
  "smile_intensity_median": 0.023155899718403816,
  "smile_intensity_max": 0.4379795789718628,
  "eye_contact_mean": 0.924437940120697,
  "eye_contact_std": 0.05362324416637421,
  "eye_contact_median": 0.9297803640365601,
  "eye_contact_max": 0.9997036457061768,
  "eye_openness_mean": 0.7551210522651672,
  "eye_openness_std": 0.218537375330925,
  "eye_openness_median": 0.8089156150817871,
  "eye_openness_max": 1.0,
  "gaze_stability_mean": 0.9735829830169678,
  "gaze_stability_std": 0.0321638248860836,
  "gaze_stability_median": 0.9870962500572205,
  "gaze_stability_max": 1.0,
  "head_tilt_mean": 0.09285327047109604,
  "head_tilt_std": 0.11154360324144363,
  "head_tilt_median": 0.04804268479347229,
  "head_tilt_max": 0.4019509255886078,
  "expression_speed_mean": 0.17475582659244537,
  "expression_speed_std": 0.18487504124641418,
  "expression_speed_median": 0.08774975687265396,
  "expression_speed_max": 0.8162080645561218,
  "happy_mean": 0.12778113782405853,
  "happy_std": 0.2949715554714203,
  "happy_median": 0.0019269014010205865,
  "happy_max": 0.9999966025352478,
  "neutral_mean": 0.45364683866500854,
  "neutral_std": 0.41362351179122925,
  "neutral_median": 0.4725062847137451,
  "neutral_max": 0.999961793422699,
  "surprise_mean": 0.004140699282288551,
  "surprise_std": 0.023036466911435127,
  "surprise_median": 5.011511348129716e-06,
  "surprise_max": 0.22530314326286316,
  "processed_frames": 135.0,
  "video_name": "2.mp4"
}