{
  "facial_symmetry_mean": 0.8377897143363953,
  "facial_symmetry_std": 0.05375709384679794,
  "facial_symmetry_median": 0.8350174427032471,
  "facial_symmetry_max": 0.9817090034484863,
  "face_width_height_ratio_mean": 1.1228623390197754,
  "face_width_height_ratio_std": 0.23081856966018677,
  "face_width_height_ratio_median": 1.1487687826156616,
  "face_width_height_ratio_max": 1.5298289060592651,
  "eye_spacing_ratio_mean": 0.6627035737037659,
  "eye_spacing_ratio_std": 0.04285333305597305,
  "eye_spacing_ratio_median": 0.6708335876464844,
  "eye_spacing_ratio_max": 0.8038638830184937,
  "jaw_ratio_mean": 0.7509699463844299,
  "jaw_ratio_std": 0.026949256658554077,
  "jaw_ratio_median": 0.7489567995071411,
  "jaw_ratio_max": 0.8151761889457703,
  "smile_intensity_mean": 0.06444212049245834,
  "smile_intensity_std": 0.12209572643041611,
  "smile_intensity_median": 0.0205716360360384,
  "smile_intensity_max": 1.0,
  "eye_contact_mean": 0.9593583941459656,
  "eye_contact_std": 0.03670673444867134,
  "eye_contact_median": 0.9710061550140381,
  "eye_contact_max": 0.9996111392974854,
  "eye_openness_mean": 0.5706948637962341,
  "eye_openness_std": 0.29536813497543335,
  "eye_openness_median": 0.5869312882423401,
  "eye_openness_max": 1.0,
  "gaze_stability_mean": 0.9837135672569275,
  "gaze_stability_std": 0.026320666074752808,
  "gaze_stability_median": 0.9939070343971252,
  "gaze_stability_max": 1.0,
  "head_tilt_mean": 0.18002250790596008,
  "head_tilt_std": 0.14356300234794617,
  "head_tilt_median": 0.14989972114562988,
  "head_tilt_max": 0.5610780715942383,
  "expression_speed_mean": 0.128004789352417,
  "expression_speed_std": 0.17923444509506226,
  "expression_speed_median": 0.052511416375637054,
  "expression_speed_max": 0.9978430271148682,
  "happy_mean": 0.13724714517593384,
  "happy_std": 0.30456849932670593,
  "happy_median": 0.00010298594133928418,
  "happy_max": 0.9999997615814209,
  "neutral_mean": 0.2727097272872925,
  "neutral_std": 0.37684786319732666,
  "neutral_median": 0.021004151552915573,
  "neutral_max": 0.9999950528144836,
  "surprise_mean": 0.003973120823502541,
  "surprise_std": 0.02215367928147316,
  "surprise_median": 1.2065883083778317e-06,
  "surprise_max": 0.1861230731010437,
  "processed_frames": 150.0,
  "video_name": "4.mp4"
}