{
  "facial_symmetry_mean": 0.8515498638153076,
  "facial_symmetry_std": 0.06353156268596649,
  "facial_symmetry_median": 0.8586721420288086,
  "facial_symmetry_max": 0.9820500016212463,
  "face_width_height_ratio_mean": 1.1914571523666382,
  "face_width_height_ratio_std": 0.16025002300739288,
  "face_width_height_ratio_median": 1.2198634147644043,
  "face_width_height_ratio_max": 1.493266224861145,
  "eye_spacing_ratio_mean": 0.6379901766777039,
  "eye_spacing_ratio_std": 0.05277062579989433,
  "eye_spacing_ratio_median": 0.6515793800354004,
  "eye_spacing_ratio_max": 0.7118704319000244,
  "jaw_ratio_mean": 0.7886276841163635,
  "jaw_ratio_std": 0.030853550881147385,
  "jaw_ratio_median": 0.7834573984146118,
  "jaw_ratio_max": 0.878721296787262,
  "smile_intensity_mean": 0.04660523682832718,
  "smile_intensity_std": 0.07259956002235413,
  "smile_intensity_median": 0.014703870750963688,
  "smile_intensity_max": 0.28799936175346375,
  "eye_contact_mean": 0.972493588924408,
  "eye_contact_std": 0.041734665632247925,
  "eye_contact_median": 0.9877650737762451,
  "eye_contact_max": 0.9999163150787354,
  "eye_openness_mean": 0.4573233723640442,
  "eye_openness_std": 0.12201767414808273,
  "eye_openness_median": 0.45352843403816223,
  "eye_openness_max": 0.6794983148574829,
  "gaze_stability_mean": 0.9811898469924927,
  "gaze_stability_std": 0.03380919620394707,
  "gaze_stability_median": 0.995363712310791,
  "gaze_stability_max": 1.0,
  "head_tilt_mean": 0.07471783459186554,
  "head_tilt_std": 0.056348659098148346,
  "head_tilt_median": 0.06832689046859741,
  "head_tilt_max": 0.27319908142089844,
  "expression_speed_mean": 0.1010207086801529,
  "expression_speed_std": 0.09532378613948822,
  "expression_speed_median": 0.05656713247299194,
  "expression_speed_max": 0.39838922023773193,
  "happy_mean": 0.05143814906477928,
  "happy_std": 0.19158799946308136,
  "happy_median": 9.29574525798671e-05,
  "happy_max": 0.9925345778465271,
  "neutral_mean": 0.11373130977153778,
  "neutral_std": 0.24322108924388885,
  "neutral_median": 6.519599992316216e-05,
  "neutral_max": 0.999579668045044,
  "surprise_mean": 0.03640440106391907,
  "surprise_std": 0.15416525304317474,
  "surprise_median": 2.6252997997744387e-08,
  "surprise_max": 0.8512954711914062,
  "processed_frames": 55.0,
  "video_name": "6.mp4"
}