{
  "facial_symmetry_mean": 0.7642236351966858,
  "facial_symmetry_std": 0.14980928599834442,
  "facial_symmetry_median": 0.7912325859069824,
  "facial_symmetry_max": 0.9992786049842834,
  "face_width_height_ratio_mean": 1.1505224704742432,
  "face_width_height_ratio_std": 0.20647300779819489,
  "face_width_height_ratio_median": 1.2310428619384766,
  "face_width_height_ratio_max": 1.4329729080200195,
  "eye_spacing_ratio_mean": 0.653590738773346,
  "eye_spacing_ratio_std": 0.036363378167152405,
  "eye_spacing_ratio_median": 0.6611600518226624,
  "eye_spacing_ratio_max": 0.7546059489250183,
  "jaw_ratio_mean": 0.7858983874320984,
  "jaw_ratio_std": 0.03478073701262474,
  "jaw_ratio_median": 0.7757115364074707,
  "jaw_ratio_max": 0.9025406837463379,
  "smile_intensity_mean": 0.04694443568587303,
  "smile_intensity_std": 0.07418030500411987,
  "smile_intensity_median": 0.014973083510994911,
  "smile_intensity_max": 0.4874986708164215,
  "eye_contact_mean": 0.9312450289726257,
  "eye_contact_std": 0.10678773373365402,
  "eye_contact_median": 0.9798777103424072,
  "eye_contact_max": 0.9996985197067261,
  "eye_openness_mean": 0.7443870306015015,
  "eye_openness_std": 0.25853845477104187,
  "eye_openness_median": 0.8100159168243408,
  "eye_openness_max": 1.0,
  "gaze_stability_mean": 0.9710944890975952,
  "gaze_stability_std": 0.04231137037277222,
  "gaze_stability_median": 0.9906603097915649,
  "gaze_stability_max": 1.0,
  "head_tilt_mean": 0.16724702715873718,
  "head_tilt_std": 0.1038784459233284,
  "head_tilt_median": 0.14954596757888794,
  "head_tilt_max": 0.4314233362674713,
  "expression_speed_mean": 0.14280149340629578,
  "expression_speed_std": 0.17364950478076935,
  "expression_speed_median": 0.07488700747489929,
  "expression_speed_max": 0.7880975008010864,
  "happy_mean": 0.20485708117485046,
  "happy_std": 0.3725152611732483,
  "happy_median": 0.00601498456671834,
  "happy_max": 0.9999994039535522,
  "neutral_mean": 0.2754422128200531,
  "neutral_std": 0.38762086629867554,
  "neutral_median": 0.02150113508105278,
  "neutral_max": 0.9994891285896301,
  "surprise_mean": 0.03081597201526165,
  "surprise_std": 0.13036039471626282,
  "surprise_median": 1.4796252116866526e-06,
  "surprise_max": 0.9077405333518982,
  "processed_frames": 188.0,
  "video_name": "7.mp4"
}