{
  "facial_symmetry_mean": 0.8955837488174438,
  "facial_symmetry_std": 0.08222679048776627,
  "facial_symmetry_median": 0.921905517578125,
  "facial_symmetry_max": 0.9999496936798096,
  "face_width_height_ratio_mean": 1.442773699760437,
  "face_width_height_ratio_std": 0.12993577122688293,
  "face_width_height_ratio_median": 1.4570934772491455,
  "face_width_height_ratio_max": 1.841617465019226,
  "eye_spacing_ratio_mean": 0.6722337007522583,
  "eye_spacing_ratio_std": 0.03639964386820793,
  "eye_spacing_ratio_median": 0.6716760396957397,
  "eye_spacing_ratio_max": 0.7568214535713196,
  "jaw_ratio_mean": 0.7628795504570007,
  "jaw_ratio_std": 0.01614200510084629,
  "jaw_ratio_median": 0.7612313032150269,
  "jaw_ratio_max": 0.8339662551879883,
  "smile_intensity_mean": 0.08114278316497803,
  "smile_intensity_std": 0.11406770348548889,
  "smile_intensity_median": 0.01058786828070879,
  "smile_intensity_max": 0.6103578209877014,
  "eye_contact_mean": 0.9592710733413696,
  "eye_contact_std": 0.028992999345064163,
  "eye_contact_median": 0.9648046493530273,
  "eye_contact_max": 0.9997559785842896,
  "eye_openness_mean": 0.5466104745864868,
  "eye_openness_std": 0.19426411390304565,
  "eye_openness_median": 0.5547068119049072,
  "eye_openness_max": 1.0,
  "gaze_stability_mean": 0.9838876724243164,
  "gaze_stability_std": 0.0202878899872303,
  "gaze_stability_median": 0.9919716119766235,
  "gaze_stability_max": 1.0,
  "head_tilt_mean": 0.038197338581085205,
  "head_tilt_std": 0.03229594603180885,
  "head_tilt_median": 0.03109067678451538,
  "head_tilt_max": 0.20096123218536377,
  "expression_speed_mean": 0.13210615515708923,
  "expression_speed_std": 0.1502777338027954,
  "expression_speed_median": 0.06743462383747101,
  "expression_speed_max": 0.7462629079818726,
  "happy_mean": 0.12217648327350616,
  "happy_std": 0.25138312578201294,
  "happy_median": 0.012819650582969189,
  "happy_max": 0.9999980926513672,
  "neutral_mean": 0.5018752813339233,
  "neutral_std": 0.38165283203125,
  "neutral_median": 0.5433080196380615,
  "neutral_max": 0.9999704360961914,
  "surprise_mean": 0.023647308349609375,
  "surprise_std": 0.11654901504516602,
  "surprise_median": 0.00015773504856042564,
  "surprise_max": 0.9972507357597351,
  "processed_frames": 297.0,
  "video_name": "8.mp4"
}