{
  "expression_speed_max": 0.7759845554828644,
  "expression_speed_mean": 0.14548214711248875,
  "expression_speed_median": 0.0789464982226491,
  "expression_speed_std": 0.16212135180830956,
  "eye_contact_max": 0.9995541423559189,
  "eye_contact_mean": 0.9500868171453476,
  "eye_contact_median": 0.9687213972210884,
  "eye_contact_std": 0.05076328874565661,
  "eye_openness_max": 0.946702353656292,
  "eye_openness_mean": 0.5909464098513126,
  "eye_openness_median": 0.6172440312802792,
  "eye_openness_std": 0.23474498186260462,
  "eye_spacing_ratio_max": 0.7620170339941978,
  "eye_spacing_ratio_mean": 0.65446338057518,
  "eye_spacing_ratio_median": 0.660964660346508,
  "eye_spacing_ratio_std": 0.042307738214731216,
  "face_width_height_ratio_max": 1.4708458930253983,
  "face_width_height_ratio_mean": 1.16822449862957,
  "face_width_height_ratio_median": 1.2045674920082092,
  "face_width_height_ratio_std": 0.15817290358245373,
  "facial_symmetry_max": 0.994220070540905,
  "facial_symmetry_mean": 0.8415687307715416,
  "facial_symmetry_median": 0.8500356152653694,
  "facial_symmetry_std": 0.08725916454568505,
  "gaze_stability_max": 1.0,
  "gaze_stability_mean": 0.9798225909471512,
  "gaze_stability_median": 0.991754949092865,
  "gaze_stability_std": 0.029191883746534586,
  "happy_max": 0.9990070313215256,
  "happy_mean": 0.12570462049916387,
  "happy_median": 0.0030236548564062105,
  "happy_std": 0.28174944408237934,
  "head_tilt_max": 0.3657010979950428,
  "head_tilt_mean": 0.12003427091985941,
  "head_tilt_median": 0.10561298578977585,
  "head_tilt_std": 0.09090398671105504,
  "jaw_ratio_max": 0.8570517599582672,
  "jaw_ratio_mean": 0.7774722874164581,
  "jaw_ratio_median": 0.7730435729026794,
  "jaw_ratio_std": 0.024658898124471307,
  "neutral_max": 0.9994052946567535,
  "neutral_mean": 0.3115176521241665,
  "neutral_median": 0.15351079734136874,
  "neutral_std": 0.36460147984325886,
  "processed_frames": 155.0,
  "smile_intensity_max": 0.5934913195669651,
  "smile_intensity_mean": 0.08147883787751198,
  "smile_intensity_median": 0.028135082684457302,
  "smile_intensity_std": 0.1142342584207654,
  "surprise_max": 0.7694753743708134,
  "surprise_mean": 0.02354836161248386,
  "surprise_median": 2.323412522020618e-05,
  "surprise_std": 0.10350840422324836,
  "video_count": 8.0,
  "valid_video_count": 8.0,
  "valid_video_ratio": 1.0,
  "total_processed_frames": 1240.0,
  "avg_processed_frames": 155.0,
  "quality_score": 1.0,
  "person_name": "Tôn Nhất Ninh"
}