{
  "facial_symmetry_mean": 0.8834745287895203,
  "facial_symmetry_std": 0.09150870889425278,
  "facial_symmetry_median": 0.9274672269821167,
  "facial_symmetry_max": 0.9912145733833313,
  "face_width_height_ratio_mean": 0.963159441947937,
  "face_width_height_ratio_std": 0.03728649392724037,
  "face_width_height_ratio_median": 0.9748878479003906,
  "face_width_height_ratio_max": 1.0230193138122559,
  "eye_spacing_ratio_mean": 0.6823983192443848,
  "eye_spacing_ratio_std": 0.028362493962049484,
  "eye_spacing_ratio_median": 0.6766666173934937,
  "eye_spacing_ratio_max": 0.7372263669967651,
  "jaw_ratio_mean": 0.7769237160682678,
  "jaw_ratio_std": 0.012194597162306309,
  "jaw_ratio_median": 0.7773627638816833,
  "jaw_ratio_max": 0.7994261384010315,
  "smile_intensity_mean": 0.014357474632561207,
  "smile_intensity_std": 0.008237785659730434,
  "smile_intensity_median": 0.014076072722673416,
  "smile_intensity_max": 0.040761642158031464,
  "eye_contact_mean": 0.9854998588562012,
  "eye_contact_std": 0.01214204728603363,
  "eye_contact_median": 0.9900380373001099,
  "eye_contact_max": 0.999034583568573,
  "eye_openness_mean": 0.4900656044483185,
  "eye_openness_std": 0.3896838426589966,
  "eye_openness_median": 0.2933475077152252,
  "eye_openness_max": 1.0,
  "gaze_stability_mean": 0.9947419762611389,
  "gaze_stability_std": 0.009555503726005554,
  "gaze_stability_median": 0.9981805086135864,
  "gaze_stability_max": 1.0,
  "head_tilt_mean": 0.08191690593957901,
  "head_tilt_std": 0.07403118908405304,
  "head_tilt_median": 0.0405554473400116,
  "head_tilt_max": 0.19897058606147766,
  "expression_speed_mean": 0.04523497819900513,
  "expression_speed_std": 0.13699297606945038,
  "expression_speed_median": 0.01348937675356865,
  "expression_speed_max": 0.8657243847846985,
  "happy_mean": 0.020331960171461105,
  "happy_std": 0.124436154961586,
  "happy_median": 7.116558845154941e-05,
  "happy_max": 0.9696679711341858,
  "neutral_mean": 0.5426463484764099,
  "neutral_std": 0.35962793231010437,
  "neutral_median": 0.5333853960037231,
  "neutral_max": 0.9912616610527039,
  "surprise_mean": 0.00022117627668194473,
  "surprise_std": 0.0015668850392103195,
  "surprise_median": 6.985206709941849e-06,
  "surprise_max": 0.012842231430113316,
  "processed_frames": 66.0,
  "video_name": "1.mp4"
}