{
  "facial_symmetry_mean": 0.8860369324684143,
  "facial_symmetry_std": 0.04781576246023178,
  "facial_symmetry_median": 0.8805395364761353,
  "facial_symmetry_max": 0.9991187453269958,
  "face_width_height_ratio_mean": 0.7895896434783936,
  "face_width_height_ratio_std": 0.061912596225738525,
  "face_width_height_ratio_median": 0.7896246910095215,
  "face_width_height_ratio_max": 0.924713671207428,
  "eye_spacing_ratio_mean": 0.6474679708480835,
  "eye_spacing_ratio_std": 0.03998534008860588,
  "eye_spacing_ratio_median": 0.6493507623672485,
  "eye_spacing_ratio_max": 0.7296472191810608,
  "jaw_ratio_mean": 0.7965392470359802,
  "jaw_ratio_std": 0.022909775376319885,
  "jaw_ratio_median": 0.7947472333908081,
  "jaw_ratio_max": 0.8665415644645691,
  "smile_intensity_mean": 0.09178876876831055,
  "smile_intensity_std": 0.1746210902929306,
  "smile_intensity_median": 0.023491665720939636,
  "smile_intensity_max": 0.7233466506004333,
  "eye_contact_mean": 0.9637100100517273,
  "eye_contact_std": 0.029543135315179825,
  "eye_contact_median": 0.9731208682060242,
  "eye_contact_max": 0.9997909069061279,
  "eye_openness_mean": 0.608086109161377,
  "eye_openness_std": 0.27765798568725586,
  "eye_openness_median": 0.5639349818229675,
  "eye_openness_max": 1.0,
  "gaze_stability_mean": 0.9863659739494324,
  "gaze_stability_std": 0.015021491795778275,
  "gaze_stability_median": 0.9915958642959595,
  "gaze_stability_max": 1.0,
  "head_tilt_mean": 0.0569368377327919,
  "head_tilt_std": 0.05437307059764862,
  "head_tilt_median": 0.040092989802360535,
  "head_tilt_max": 0.34742993116378784,
  "expression_speed_mean": 0.13384640216827393,
  "expression_speed_std": 0.1712869256734848,
  "expression_speed_median": 0.06651648879051208,
  "expression_speed_max": 0.9063959717750549,
  "happy_mean": 0.2119721919298172,
  "happy_std": 0.3717740774154663,
  "happy_median": 0.0014764976222068071,
  "happy_max": 0.9996392130851746,
  "neutral_mean": 0.26659002900123596,
  "neutral_std": 0.3842547833919525,
  "neutral_median": 0.00235929898917675,
  "neutral_max": 0.9999661445617676,
  "surprise_mean": 0.002324373461306095,
  "surprise_std": 0.01047289464622736,
  "surprise_median": 2.7315527972859854e-07,
  "surprise_max": 0.07229132205247879,
  "processed_frames": 100.0,
  "video_name": "2.mp4"
}