{
  "facial_symmetry_mean": 0.9652696847915649,
  "facial_symmetry_std": 0.027066554874181747,
  "facial_symmetry_median": 0.9753366708755493,
  "facial_symmetry_max": 0.9999691247940063,
  "face_width_height_ratio_mean": 0.48190850019454956,
  "face_width_height_ratio_std": 0.013811308890581131,
  "face_width_height_ratio_median": 0.4831349849700928,
  "face_width_height_ratio_max": 0.5128645300865173,
  "eye_spacing_ratio_mean": 0.6606589555740356,
  "eye_spacing_ratio_std": 0.014500743709504604,
  "eye_spacing_ratio_median": 0.6611940264701843,
  "eye_spacing_ratio_max": 0.7046434879302979,
  "jaw_ratio_mean": 0.768591046333313,
  "jaw_ratio_std": 0.011369056068360806,
  "jaw_ratio_median": 0.767635703086853,
  "jaw_ratio_max": 0.8114533424377441,
  "smile_intensity_mean": 0.21112795174121857,
  "smile_intensity_std": 0.32395172119140625,
  "smile_intensity_median": 0.028362013399600983,
  "smile_intensity_max": 1.0,
  "eye_contact_mean": 0.9874574542045593,
  "eye_contact_std": 0.0060986122116446495,
  "eye_contact_median": 0.9883046746253967,
  "eye_contact_max": 0.9999239444732666,
  "eye_openness_mean": 0.799482524394989,
  "eye_openness_std": 0.2552764415740967,
  "eye_openness_median": 0.991631269454956,
  "eye_openness_max": 1.0,
  "gaze_stability_mean": 0.9973124861717224,
  "gaze_stability_std": 0.0037954619619995356,
  "gaze_stability_median": 0.9982703924179077,
  "gaze_stability_max": 1.0,
  "head_tilt_mean": 0.09157807379961014,
  "head_tilt_std": 0.056371744722127914,
  "head_tilt_median": 0.10652333498001099,
  "head_tilt_max": 0.20043984055519104,
  "expression_speed_mean": 0.08302592486143112,
  "expression_speed_std": 0.15605376660823822,
  "expression_speed_median": 0.020196791738271713,
  "expression_speed_max": 1.0,
  "happy_mean": 0.0017328320536762476,
  "happy_std": 0.0060948864556849,
  "happy_median": 0.00018188898684456944,
  "happy_max": 0.05722987279295921,
  "neutral_mean": 0.11095139384269714,
  "neutral_std": 0.274463027715683,
  "neutral_median": 1.1560252488607148e-07,
  "neutral_max": 0.9974011778831482,
  "surprise_mean": 0.0006735450588166714,
  "surprise_std": 0.003387636272236705,
  "surprise_median": 5.6391818361589685e-06,
  "surprise_max": 0.03428320214152336,
  "processed_frames": 186.0,
  "video_name": "4.mp4"
}