{
  "facial_symmetry_mean": 0.9224174618721008,
  "facial_symmetry_std": 0.08672016113996506,
  "facial_symmetry_median": 0.9591878056526184,
  "facial_symmetry_max": 0.9992850422859192,
  "face_width_height_ratio_mean": 1.1405638456344604,
  "face_width_height_ratio_std": 0.08187033236026764,
  "face_width_height_ratio_median": 1.1400060653686523,
  "face_width_height_ratio_max": 1.350865364074707,
  "eye_spacing_ratio_mean": 0.673490047454834,
  "eye_spacing_ratio_std": 0.01771409623324871,
  "eye_spacing_ratio_median": 0.6718876957893372,
  "eye_spacing_ratio_max": 0.7088155746459961,
  "jaw_ratio_mean": 0.7744934558868408,
  "jaw_ratio_std": 0.014772075228393078,
  "jaw_ratio_median": 0.7753679752349854,
  "jaw_ratio_max": 0.8135054707527161,
  "smile_intensity_mean": 0.020523088052868843,
  "smile_intensity_std": 0.03237218037247658,
  "smile_intensity_median": 0.013703269883990288,
  "smile_intensity_max": 0.2883986234664917,
  "eye_contact_mean": 0.9852126240730286,
  "eye_contact_std": 0.014915203675627708,
  "eye_contact_median": 0.9904155135154724,
  "eye_contact_max": 0.9998887777328491,
  "eye_openness_mean": 0.6370428800582886,
  "eye_openness_std": 0.28481730818748474,
  "eye_openness_median": 0.4647345542907715,
  "eye_openness_max": 1.0,
  "gaze_stability_mean": 0.9961366057395935,
  "gaze_stability_std": 0.006822127848863602,
  "gaze_stability_median": 0.9984856843948364,
  "gaze_stability_max": 1.0,
  "head_tilt_mean": 0.08997039496898651,
  "head_tilt_std": 0.08692213147878647,
  "head_tilt_median": 0.029915794730186462,
  "head_tilt_max": 0.26223599910736084,
  "expression_speed_mean": 0.038056764751672745,
  "expression_speed_std": 0.10701728612184525,
  "expression_speed_median": 0.00712501909583807,
  "expression_speed_max": 0.6373931169509888,
  "happy_mean": 0.10411905497312546,
  "happy_std": 0.2536652684211731,
  "happy_median": 0.0021592224948108196,
  "happy_max": 0.971655547618866,
  "neutral_mean": 0.48138007521629333,
  "neutral_std": 0.40549471974372864,
  "neutral_median": 0.3099684715270996,
  "neutral_max": 0.9999006986618042,
  "surprise_mean": 0.014289208687841892,
  "surprise_std": 0.04841720312833786,
  "surprise_median": 9.979160040529678e-07,
  "surprise_max": 0.37366533279418945,
  "processed_frames": 100.0,
  "video_name": "5.mp4"
}