{
  "facial_symmetry_mean": 0.9124627113342285,
  "facial_symmetry_std": 0.047873400151729584,
  "facial_symmetry_median": 0.9134276509284973,
  "facial_symmetry_max": 0.9998963475227356,
  "face_width_height_ratio_mean": 1.4286998510360718,
  "face_width_height_ratio_std": 0.045922406017780304,
  "face_width_height_ratio_median": 1.4313035011291504,
  "face_width_height_ratio_max": 1.507769227027893,
  "eye_spacing_ratio_mean": 0.6966354846954346,
  "eye_spacing_ratio_std": 0.011333907954394817,
  "eye_spacing_ratio_median": 0.6968376040458679,
  "eye_spacing_ratio_max": 0.7263361215591431,
  "jaw_ratio_mean": 0.7711218595504761,
  "jaw_ratio_std": 0.01512398011982441,
  "jaw_ratio_median": 0.7725906372070312,
  "jaw_ratio_max": 0.8144034147262573,
  "smile_intensity_mean": 0.1452057808637619,
  "smile_intensity_std": 0.14615945518016815,
  "smile_intensity_median": 0.1286732405424118,
  "smile_intensity_max": 0.4995460510253906,
  "eye_contact_mean": 0.9894985556602478,
  "eye_contact_std": 0.014547888189554214,
  "eye_contact_median": 0.9932993054389954,
  "eye_contact_max": 0.9999179244041443,
  "eye_openness_mean": 0.9131242632865906,
  "eye_openness_std": 0.19611704349517822,
  "eye_openness_median": 1.0,
  "eye_openness_max": 1.0,
  "gaze_stability_mean": 0.9910486936569214,
  "gaze_stability_std": 0.011648157611489296,
  "gaze_stability_median": 0.9949875473976135,
  "gaze_stability_max": 1.0,
  "head_tilt_mean": 0.06520986557006836,
  "head_tilt_std": 0.06435178220272064,
  "head_tilt_median": 0.04478923976421356,
  "head_tilt_max": 0.32098227739334106,
  "expression_speed_mean": 0.16187699139118195,
  "expression_speed_std": 0.22735203802585602,
  "expression_speed_median": 0.043839629739522934,
  "expression_speed_max": 0.7645765542984009,
  "happy_mean": 0.3256213963031769,
  "happy_std": 0.42496398091316223,
  "happy_median": 0.008529824204742908,
  "happy_max": 0.999976396560669,
  "neutral_mean": 0.21989332139492035,
  "neutral_std": 0.2911517918109894,
  "neutral_median": 0.06865677237510681,
  "neutral_max": 0.9981890916824341,
  "surprise_mean": 0.002367483451962471,
  "surprise_std": 0.020705385133624077,
  "surprise_median": 1.561270619276911e-05,
  "surprise_max": 0.2894885241985321,
  "processed_frames": 199.0,
  "video_name": "1.mp4"
}