{
  "facial_symmetry_mean": 0.9546071290969849,
  "facial_symmetry_std": 0.04746885597705841,
  "facial_symmetry_median": 0.9783530235290527,
  "facial_symmetry_max": 0.9995612502098083,
  "face_width_height_ratio_mean": 0.517505943775177,
  "face_width_height_ratio_std": 0.04410694167017937,
  "face_width_height_ratio_median": 0.5207765698432922,
  "face_width_height_ratio_max": 0.5943801403045654,
  "eye_spacing_ratio_mean": 0.6722260117530823,
  "eye_spacing_ratio_std": 0.024391137063503265,
  "eye_spacing_ratio_median": 0.6714756488800049,
  "eye_spacing_ratio_max": 0.7535272836685181,
  "jaw_ratio_mean": 0.7886149883270264,
  "jaw_ratio_std": 0.024476613849401474,
  "jaw_ratio_median": 0.791755199432373,
  "jaw_ratio_max": 0.8753045797348022,
  "smile_intensity_mean": 0.35687530040740967,
  "smile_intensity_std": 0.37223389744758606,
  "smile_intensity_median": 0.20431911945343018,
  "smile_intensity_max": 1.0,
  "eye_contact_mean": 0.9888795614242554,
  "eye_contact_std": 0.011967478320002556,
  "eye_contact_median": 0.9924004077911377,
  "eye_contact_max": 0.999116837978363,
  "eye_openness_mean": 0.7439929246902466,
  "eye_openness_std": 0.3213135898113251,
  "eye_openness_median": 1.0,
  "eye_openness_max": 1.0,
  "gaze_stability_mean": 0.992264449596405,
  "gaze_stability_std": 0.013086515478789806,
  "gaze_stability_median": 0.9967331290245056,
  "gaze_stability_max": 1.0,
  "head_tilt_mean": 0.05022323876619339,
  "head_tilt_std": 0.03492986783385277,
  "head_tilt_median": 0.04767194390296936,
  "head_tilt_max": 0.16380608081817627,
  "expression_speed_mean": 0.22205425798892975,
  "expression_speed_std": 0.266984224319458,
  "expression_speed_median": 0.08899398148059845,
  "expression_speed_max": 1.0,
  "happy_mean": 0.18923655152320862,
  "happy_std": 0.3513648509979248,
  "happy_median": 0.00065876409644261,
  "happy_max": 0.9999977350234985,
  "neutral_mean": 0.2735013961791992,
  "neutral_std": 0.35951125621795654,
  "neutral_median": 0.03901920095086098,
  "neutral_max": 0.9999966621398926,
  "surprise_mean": 0.008200042881071568,
  "surprise_std": 0.03881071135401726,
  "surprise_median": 3.296507429695339e-06,
  "surprise_max": 0.3563051223754883,
  "processed_frames": 97.0,
  "video_name": "2.mp4"
}