{
  "facial_symmetry_mean": 0.9338191747665405,
  "facial_symmetry_std": 0.06467835605144501,
  "facial_symmetry_median": 0.9518852829933167,
  "facial_symmetry_max": 0.9993996024131775,
  "face_width_height_ratio_mean": 1.4909793138504028,
  "face_width_height_ratio_std": 0.13921613991260529,
  "face_width_height_ratio_median": 1.4737905263900757,
  "face_width_height_ratio_max": 1.757365345954895,
  "eye_spacing_ratio_mean": 0.6912872791290283,
  "eye_spacing_ratio_std": 0.025307325646281242,
  "eye_spacing_ratio_median": 0.693118691444397,
  "eye_spacing_ratio_max": 0.7525703310966492,
  "jaw_ratio_mean": 0.7725332379341125,
  "jaw_ratio_std": 0.02233034558594227,
  "jaw_ratio_median": 0.7763112187385559,
  "jaw_ratio_max": 0.8493949174880981,
  "smile_intensity_mean": 0.12630656361579895,
  "smile_intensity_std": 0.18078745901584625,
  "smile_intensity_median": 0.01004662923514843,
  "smile_intensity_max": 0.8277602791786194,
  "eye_contact_mean": 0.9761366248130798,
  "eye_contact_std": 0.022770842537283897,
  "eye_contact_median": 0.9834777116775513,
  "eye_contact_max": 0.9999629855155945,
  "eye_openness_mean": 0.9515981674194336,
  "eye_openness_std": 0.12339001148939133,
  "eye_openness_median": 1.0,
  "eye_openness_max": 1.0,
  "gaze_stability_mean": 0.985626220703125,
  "gaze_stability_std": 0.01760394684970379,
  "gaze_stability_median": 0.9911572337150574,
  "gaze_stability_max": 1.0,
  "head_tilt_mean": 0.14265617728233337,
  "head_tilt_std": 0.07511409372091293,
  "head_tilt_median": 0.12115970253944397,
  "head_tilt_max": 0.4292188584804535,
  "expression_speed_mean": 0.11194661259651184,
  "expression_speed_std": 0.15973185002803802,
  "expression_speed_median": 0.04195133224129677,
  "expression_speed_max": 0.7460978031158447,
  "happy_mean": 0.3384784460067749,
  "happy_std": 0.4374340772628784,
  "happy_median": 0.006665605120360851,
  "happy_max": 0.9999743700027466,
  "neutral_mean": 0.1730109453201294,
  "neutral_std": 0.32544124126434326,
  "neutral_median": 0.007327004335820675,
  "neutral_max": 0.9998742938041687,
  "surprise_mean": 0.0005673139821738005,
  "surprise_std": 0.0022102363873273134,
  "surprise_median": 1.9170614962149557e-07,
  "surprise_max": 0.018592165783047676,
  "processed_frames": 159.0,
  "video_name": "3.mp4"
}