{
  "facial_symmetry_mean": 0.8836208581924438,
  "facial_symmetry_std": 0.07107570767402649,
  "facial_symmetry_median": 0.8595200777053833,
  "facial_symmetry_max": 0.9895880222320557,
  "face_width_height_ratio_mean": 0.810209333896637,
  "face_width_height_ratio_std": 0.06745029985904694,
  "face_width_height_ratio_median": 0.809662401676178,
  "face_width_height_ratio_max": 0.9796722531318665,
  "eye_spacing_ratio_mean": 0.6581035852432251,
  "eye_spacing_ratio_std": 0.03162895888090134,
  "eye_spacing_ratio_median": 0.6574186086654663,
  "eye_spacing_ratio_max": 0.7486529350280762,
  "jaw_ratio_mean": 0.7899966239929199,
  "jaw_ratio_std": 0.023256434127688408,
  "jaw_ratio_median": 0.7893384695053101,
  "jaw_ratio_max": 0.8532572984695435,
  "smile_intensity_mean": 0.3000416159629822,
  "smile_intensity_std": 0.39572492241859436,
  "smile_intensity_median": 0.020308073610067368,
  "smile_intensity_max": 1.0,
  "eye_contact_mean": 0.9667376279830933,
  "eye_contact_std": 0.03014345094561577,
  "eye_contact_median": 0.9784737229347229,
  "eye_contact_max": 0.9999852180480957,
  "eye_openness_mean": 0.6349920034408569,
  "eye_openness_std": 0.3117154836654663,
  "eye_openness_median": 0.6042567491531372,
  "eye_openness_max": 1.0,
  "gaze_stability_mean": 0.9813311100006104,
  "gaze_stability_std": 0.021934859454631805,
  "gaze_stability_median": 0.9904221296310425,
  "gaze_stability_max": 1.0,
  "head_tilt_mean": 0.0886654406785965,
  "head_tilt_std": 0.06740911304950714,
  "head_tilt_median": 0.0746941938996315,
  "head_tilt_max": 0.2796778082847595,
  "expression_speed_mean": 0.2584138512611389,
  "expression_speed_std": 0.2961912751197815,
  "expression_speed_median": 0.12069325149059296,
  "expression_speed_max": 1.0,
  "happy_mean": 0.5329893827438354,
  "happy_std": 0.4736161530017853,
  "happy_median": 0.8085095882415771,
  "happy_max": 0.9999999403953552,
  "neutral_mean": 0.1603398472070694,
  "neutral_std": 0.2973633408546448,
  "neutral_median": 0.0026746513321995735,
  "neutral_max": 0.9998382329940796,
  "surprise_mean": 0.03066728077828884,
  "surprise_std": 0.13294605910778046,
  "surprise_median": 1.1525542504386976e-05,
  "surprise_max": 0.8718321919441223,
  "processed_frames": 64.0,
  "video_name": "6.mp4"
}