{
  "expression_speed_max": 0.8549304803212484,
  "expression_speed_mean": 0.173896923661232,
  "expression_speed_median": 0.0653774415453275,
  "expression_speed_std": 0.22748138507207236,
  "eye_contact_max": 0.9994798203309377,
  "eye_contact_mean": 0.9737674395243326,
  "eye_contact_median": 0.9790179133415222,
  "eye_contact_std": 0.02273542946204543,
  "eye_openness_max": 1.0,
  "eye_openness_mean": 0.8598835865656534,
  "eye_openness_median": 0.9340427915255228,
  "eye_openness_std": 0.20219137767950693,
  "eye_spacing_ratio_max": 0.7403902212778727,
  "eye_spacing_ratio_mean": 0.6840444405873617,
  "eye_spacing_ratio_median": 0.6857904593149821,
  "eye_spacing_ratio_std": 0.021775763637075823,
  "face_width_height_ratio_max": 1.2566813329855602,
  "face_width_height_ratio_mean": 1.0786043206850688,
  "face_width_height_ratio_median": 1.0789266328016918,
  "face_width_height_ratio_std": 0.0664289453998208,
  "facial_symmetry_max": 0.9959158400694529,
  "facial_symmetry_mean": 0.9121795396010081,
  "facial_symmetry_median": 0.9163527886072794,
  "facial_symmetry_std": 0.05885779298841953,
  "gaze_stability_max": 1.0,
  "gaze_stability_mean": 0.9874584873517355,
  "gaze_stability_median": 0.9934569398562113,
  "gaze_stability_std": 0.016581185162067413,
  "happy_max": 0.9999882578849792,
  "happy_mean": 0.29680545379718143,
  "happy_median": 0.13986889411656497,
  "happy_std": 0.40475504100322723,
  "head_tilt_max": 0.3798912763595581,
  "head_tilt_mean": 0.0874045683691899,
  "head_tilt_median": 0.0686214305460453,
  "head_tilt_std": 0.07665252809723218,
  "jaw_ratio_max": 0.8471904595692953,
  "jaw_ratio_mean": 0.7813073992729187,
  "jaw_ratio_median": 0.7839131057262421,
  "jaw_ratio_std": 0.02043070349221428,
  "neutral_max": 0.9951467414697012,
  "neutral_mean": 0.274928018450737,
  "neutral_median": 0.14095257439961037,
  "neutral_std": 0.3433521588643392,
  "processed_frames": 113.33333333333333,
  "smile_intensity_max": 0.7921160856882731,
  "smile_intensity_mean": 0.2086308660606543,
  "smile_intensity_median": 0.06776088103652,
  "smile_intensity_std": 0.25234627972046536,
  "surprise_max": 0.45466607591758174,
  "surprise_mean": 0.02468320933015396,
  "surprise_median": 3.683986072407682e-05,
  "surprise_std": 0.08062700449954718,
  "video_count": 6.0,
  "valid_video_count": 6.0,
  "valid_video_ratio": 1.0,
  "total_processed_frames": 680.0,
  "avg_processed_frames": 113.33333333333333,
  "quality_score": 0.9022222222222223,
  "person_name": "Kudo Mio"
}