{
  "facial_symmetry_mean": 0.8242979049682617,
  "facial_symmetry_std": 0.043177530169487,
  "facial_symmetry_median": 0.8138962984085083,
  "facial_symmetry_max": 0.9290501475334167,
  "face_width_height_ratio_mean": 1.2439334392547607,
  "face_width_height_ratio_std": 0.16858717799186707,
  "face_width_height_ratio_median": 1.233346939086914,
  "face_width_height_ratio_max": 1.522651195526123,
  "eye_spacing_ratio_mean": 0.6360401511192322,
  "eye_spacing_ratio_std": 0.031351033598184586,
  "eye_spacing_ratio_median": 0.6357074975967407,
  "eye_spacing_ratio_max": 0.7161728143692017,
  "jaw_ratio_mean": 0.7848814129829407,
  "jaw_ratio_std": 0.01925613172352314,
  "jaw_ratio_median": 0.7844545841217041,
  "jaw_ratio_max": 0.8470585346221924,
  "smile_intensity_mean": 0.04644913598895073,
  "smile_intensity_std": 0.03796908259391785,
  "smile_intensity_median": 0.02927837148308754,
  "smile_intensity_max": 0.21865878999233246,
  "eye_contact_mean": 0.9588015675544739,
  "eye_contact_std": 0.026336228474974632,
  "eye_contact_median": 0.9602789282798767,
  "eye_contact_max": 0.999826192855835,
  "eye_openness_mean": 0.39795273542404175,
  "eye_openness_std": 0.20784340798854828,
  "eye_openness_median": 0.2969858646392822,
  "eye_openness_max": 0.8844574689865112,
  "gaze_stability_mean": 0.9832906723022461,
  "gaze_stability_std": 0.020401768386363983,
  "gaze_stability_median": 0.9893937110900879,
  "gaze_stability_max": 1.0,
  "head_tilt_mean": 0.028448201715946198,
  "head_tilt_std": 0.0279777143150568,
  "head_tilt_median": 0.021781399846076965,
  "head_tilt_max": 0.17541885375976562,
  "expression_speed_mean": 0.09449444711208344,
  "expression_speed_std": 0.09788966923952103,
  "expression_speed_median": 0.05874665081501007,
  "expression_speed_max": 0.5208555459976196,
  "happy_mean": 0.08554971218109131,
  "happy_std": 0.23982089757919312,
  "happy_median": 0.00017531673074699938,
  "happy_max": 0.9999722242355347,
  "neutral_mean": 0.4587157368659973,
  "neutral_std": 0.4154023826122284,
  "neutral_median": 0.3479918837547302,
  "neutral_max": 0.9999967217445374,
  "surprise_mean": 0.002018630737438798,
  "surprise_std": 0.007264432962983847,
  "surprise_median": 3.3922599413926946e-06,
  "surprise_max": 0.04380576312541962,
  "processed_frames": 74.0,
  "video_name": "1 (2).mp4"
}