{
  "facial_symmetry_mean": 0.8968175649642944,
  "facial_symmetry_std": 0.0662822276353836,
  "facial_symmetry_median": 0.9090182185173035,
  "facial_symmetry_max": 0.9986468553543091,
  "face_width_height_ratio_mean": 1.3917407989501953,
  "face_width_height_ratio_std": 0.11335854977369308,
  "face_width_height_ratio_median": 1.4079562425613403,
  "face_width_height_ratio_max": 1.8950424194335938,
  "eye_spacing_ratio_mean": 0.6694058775901794,
  "eye_spacing_ratio_std": 0.023954808712005615,
  "eye_spacing_ratio_median": 0.670310378074646,
  "eye_spacing_ratio_max": 0.8291580080986023,
  "jaw_ratio_mean": 0.7882004380226135,
  "jaw_ratio_std": 0.015822675079107285,
  "jaw_ratio_median": 0.7903941869735718,
  "jaw_ratio_max": 0.8606227040290833,
  "smile_intensity_mean": 0.08078031241893768,
  "smile_intensity_std": 0.1087285652756691,
  "smile_intensity_median": 0.03369573876261711,
  "smile_intensity_max": 0.6926680207252502,
  "eye_contact_mean": 0.9799606204032898,
  "eye_contact_std": 0.02813185751438141,
  "eye_contact_median": 0.9881150722503662,
  "eye_contact_max": 0.9999628067016602,
  "eye_openness_mean": 0.6669872999191284,
  "eye_openness_std": 0.28413450717926025,
  "eye_openness_median": 0.7684627771377563,
  "eye_openness_max": 1.0,
  "gaze_stability_mean": 0.991072416305542,
  "gaze_stability_std": 0.019308801740407944,
  "gaze_stability_median": 0.9958418011665344,
  "gaze_stability_max": 1.0,
  "head_tilt_mean": 0.07465937733650208,
  "head_tilt_std": 0.08482768386602402,
  "head_tilt_median": 0.046293772757053375,
  "head_tilt_max": 0.6747614741325378,
  "expression_speed_mean": 0.13110189139842987,
  "expression_speed_std": 0.17711032927036285,
  "expression_speed_median": 0.05472723767161369,
  "expression_speed_max": 0.8998417854309082,
  "happy_mean": 0.02762785740196705,
  "happy_std": 0.13573062419891357,
  "happy_median": 1.262383557332214e-05,
  "happy_max": 0.9989498257637024,
  "neutral_mean": 0.60857093334198,
  "neutral_std": 0.3831363618373871,
  "neutral_median": 0.7760509252548218,
  "neutral_max": 0.9999457597732544,
  "surprise_mean": 0.005753887351602316,
  "surprise_std": 0.05375146120786667,
  "surprise_median": 9.408682672074065e-06,
  "surprise_max": 0.998303234577179,
  "processed_frames": 1084.0,
  "video_name": "1 (4).mp4"
}