{
  "facial_symmetry_mean": 0.9560035467147827,
  "facial_symmetry_std": 0.039963074028491974,
  "facial_symmetry_median": 0.9711663126945496,
  "facial_symmetry_max": 0.9993524551391602,
  "face_width_height_ratio_mean": 0.5181096196174622,
  "face_width_height_ratio_std": 0.09999188780784607,
  "face_width_height_ratio_median": 0.4775463342666626,
  "face_width_height_ratio_max": 0.9860018491744995,
  "eye_spacing_ratio_mean": 0.6509586572647095,
  "eye_spacing_ratio_std": 0.04186462238430977,
  "eye_spacing_ratio_median": 0.6630401015281677,
  "eye_spacing_ratio_max": 0.7241727709770203,
  "jaw_ratio_mean": 0.7883449196815491,
  "jaw_ratio_std": 0.0284387469291687,
  "jaw_ratio_median": 0.7850983142852783,
  "jaw_ratio_max": 0.8570433855056763,
  "smile_intensity_mean": 0.40840405225753784,
  "smile_intensity_std": 0.36442553997039795,
  "smile_intensity_median": 0.29587456583976746,
  "smile_intensity_max": 1.0,
  "eye_contact_mean": 0.989055871963501,
  "eye_contact_std": 0.014274128712713718,
  "eye_contact_median": 0.9948127269744873,
  "eye_contact_max": 0.9998350143432617,
  "eye_openness_mean": 0.7781236171722412,
  "eye_openness_std": 0.27949854731559753,
  "eye_openness_median": 0.9545184373855591,
  "eye_openness_max": 1.0,
  "gaze_stability_mean": 0.9915281534194946,
  "gaze_stability_std": 0.010672066360712051,
  "gaze_stability_median": 0.9962531328201294,
  "gaze_stability_max": 1.0,
  "head_tilt_mean": 0.1553143560886383,
  "head_tilt_std": 0.155898317694664,
  "head_tilt_median": 0.116252601146698,
  "head_tilt_max": 0.9835187196731567,
  "expression_speed_mean": 0.3216410279273987,
  "expression_speed_std": 0.304056316614151,
  "expression_speed_median": 0.23420289158821106,
  "expression_speed_max": 1.0,
  "happy_mean": 0.21883642673492432,
  "happy_std": 0.3594904839992523,
  "happy_median": 0.00513871107250452,
  "happy_max": 0.9983058571815491,
  "neutral_mean": 0.3149769902229309,
  "neutral_std": 0.37603074312210083,
  "neutral_median": 0.09645399451255798,
  "neutral_max": 0.9995228052139282,
  "surprise_mean": 0.0019967281259596348,
  "surprise_std": 0.0076768165454268456,
  "surprise_median": 1.1032441761926748e-05,
  "surprise_max": 0.057291917502880096,
  "processed_frames": 92.0,
  "video_name": "1 (6).mp4"
}