{
  "facial_symmetry_mean": 0.8091945648193359,
  "facial_symmetry_std": 0.07458509504795074,
  "facial_symmetry_median": 0.8194512724876404,
  "facial_symmetry_max": 0.9801757335662842,
  "face_width_height_ratio_mean": 1.32634437084198,
  "face_width_height_ratio_std": 0.10574401170015335,
  "face_width_height_ratio_median": 1.3027032613754272,
  "face_width_height_ratio_max": 1.554042935371399,
  "eye_spacing_ratio_mean": 0.64799565076828,
  "eye_spacing_ratio_std": 0.03617477789521217,
  "eye_spacing_ratio_median": 0.6526573300361633,
  "eye_spacing_ratio_max": 0.6993008852005005,
  "jaw_ratio_mean": 0.793868362903595,
  "jaw_ratio_std": 0.02446918562054634,
  "jaw_ratio_median": 0.7894089818000793,
  "jaw_ratio_max": 0.8771453499794006,
  "smile_intensity_mean": 0.059017617255449295,
  "smile_intensity_std": 0.13929465413093567,
  "smile_intensity_median": 0.017572354525327682,
  "smile_intensity_max": 1.0,
  "eye_contact_mean": 0.9522799849510193,
  "eye_contact_std": 0.04511266574263573,
  "eye_contact_median": 0.9680590629577637,
  "eye_contact_max": 0.9975391626358032,
  "eye_openness_mean": 0.7619844079017639,
  "eye_openness_std": 0.20091959834098816,
  "eye_openness_median": 0.7594091296195984,
  "eye_openness_max": 1.0,
  "gaze_stability_mean": 0.9807562828063965,
  "gaze_stability_std": 0.03853216767311096,
  "gaze_stability_median": 0.996326208114624,
  "gaze_stability_max": 1.0,
  "head_tilt_mean": 0.09600341320037842,
  "head_tilt_std": 0.06864290684461594,
  "head_tilt_median": 0.07980570197105408,
  "head_tilt_max": 0.3055351972579956,
  "expression_speed_mean": 0.12498977780342102,
  "expression_speed_std": 0.1975862830877304,
  "expression_speed_median": 0.029709041118621826,
  "expression_speed_max": 0.9361250996589661,
  "happy_mean": 0.07382307201623917,
  "happy_std": 0.2341671586036682,
  "happy_median": 1.1819925020972732e-05,
  "happy_max": 0.9999639391899109,
  "neutral_mean": 0.16504262387752533,
  "neutral_std": 0.29949113726615906,
  "neutral_median": 0.0038682615850120783,
  "neutral_max": 0.9663243889808655,
  "surprise_mean": 0.0009744638227857649,
  "surprise_std": 0.004275287967175245,
  "surprise_median": 1.4476954675046727e-06,
  "surprise_max": 0.03140668570995331,
  "processed_frames": 71.0,
  "video_name": "1 (7).mp4"
}