{
  "facial_symmetry_mean": 0.8542333245277405,
  "facial_symmetry_std": 0.05651017650961876,
  "facial_symmetry_median": 0.8543052077293396,
  "facial_symmetry_max": 0.9423316717147827,
  "face_width_height_ratio_mean": 0.977958619594574,
  "face_width_height_ratio_std": 0.11467719078063965,
  "face_width_height_ratio_median": 1.0017051696777344,
  "face_width_height_ratio_max": 1.1204012632369995,
  "eye_spacing_ratio_mean": 0.6713455319404602,
  "eye_spacing_ratio_std": 0.0284013282507658,
  "eye_spacing_ratio_median": 0.6723488569259644,
  "eye_spacing_ratio_max": 0.7274108529090881,
  "jaw_ratio_mean": 0.7760424613952637,
  "jaw_ratio_std": 0.02892867662012577,
  "jaw_ratio_median": 0.7806576490402222,
  "jaw_ratio_max": 0.8347880244255066,
  "smile_intensity_mean": 0.024440331384539604,
  "smile_intensity_std": 0.02010064385831356,
  "smile_intensity_median": 0.019811317324638367,
  "smile_intensity_max": 0.1009613573551178,
  "eye_contact_mean": 0.9813915491104126,
  "eye_contact_std": 0.015020856633782387,
  "eye_contact_median": 0.9857848286628723,
  "eye_contact_max": 0.9996427297592163,
  "eye_openness_mean": 0.8356086611747742,
  "eye_openness_std": 0.15214870870113373,
  "eye_openness_median": 0.8527439832687378,
  "eye_openness_max": 1.0,
  "gaze_stability_mean": 0.9894875288009644,
  "gaze_stability_std": 0.011954206973314285,
  "gaze_stability_median": 0.9945116639137268,
  "gaze_stability_max": 1.0,
  "head_tilt_mean": 0.23140555620193481,
  "head_tilt_std": 0.1749253273010254,
  "head_tilt_median": 0.2125971019268036,
  "head_tilt_max": 0.6646290421485901,
  "expression_speed_mean": 0.07543686032295227,
  "expression_speed_std": 0.10150224715471268,
  "expression_speed_median": 0.033091094344854355,
  "expression_speed_max": 0.4112699627876282,
  "happy_mean": 0.17985378205776215,
  "happy_std": 0.32452115416526794,
  "happy_median": 0.001970586832612753,
  "happy_max": 0.9990003705024719,
  "neutral_mean": 0.2568941116333008,
  "neutral_std": 0.37062743306159973,
  "neutral_median": 0.00610396871343255,
  "neutral_max": 0.9956921935081482,
  "surprise_mean": 0.08064042776823044,
  "surprise_std": 0.22425414621829987,
  "surprise_median": 6.197682978381636e-06,
  "surprise_max": 0.9929354190826416,
  "processed_frames": 51.0,
  "video_name": "1 (8).mp4"
}