{
  "facial_symmetry_mean": 0.8371245861053467,
  "facial_symmetry_std": 0.026449939236044884,
  "facial_symmetry_median": 0.8383733630180359,
  "facial_symmetry_max": 0.8879010081291199,
  "face_width_height_ratio_mean": 1.4295823574066162,
  "face_width_height_ratio_std": 0.034593015909194946,
  "face_width_height_ratio_median": 1.4322913885116577,
  "face_width_height_ratio_max": 1.4861485958099365,
  "eye_spacing_ratio_mean": 0.6730685830116272,
  "eye_spacing_ratio_std": 0.00988707970827818,
  "eye_spacing_ratio_median": 0.6745937466621399,
  "eye_spacing_ratio_max": 0.6920534372329712,
  "jaw_ratio_mean": 0.7742164731025696,
  "jaw_ratio_std": 0.008663292974233627,
  "jaw_ratio_median": 0.7752059698104858,
  "jaw_ratio_max": 0.7994712591171265,
  "smile_intensity_mean": 0.016752056777477264,
  "smile_intensity_std": 0.016848288476467133,
  "smile_intensity_median": 0.012177079916000366,
  "smile_intensity_max": 0.09211605042219162,
  "eye_contact_mean": 0.9544685482978821,
  "eye_contact_std": 0.030859054997563362,
  "eye_contact_median": 0.9659286141395569,
  "eye_contact_max": 0.9958454370498657,
  "eye_openness_mean": 0.8957131505012512,
  "eye_openness_std": 0.12934443354606628,
  "eye_openness_median": 0.9164369106292725,
  "eye_openness_max": 1.0,
  "gaze_stability_mean": 0.9899148941040039,
  "gaze_stability_std": 0.01481342688202858,
  "gaze_stability_median": 0.9942962527275085,
  "gaze_stability_max": 1.0,
  "head_tilt_mean": 0.08144868910312653,
  "head_tilt_std": 0.06461580842733383,
  "head_tilt_median": 0.07652744650840759,
  "head_tilt_max": 0.21298259496688843,
  "expression_speed_mean": 0.07352092862129211,
  "expression_speed_std": 0.1374785155057907,
  "expression_speed_median": 0.026152458041906357,
  "expression_speed_max": 0.6946682929992676,
  "happy_mean": 0.013179817236959934,
  "happy_std": 0.07074468582868576,
  "happy_median": 1.108255673898384e-05,
  "happy_max": 0.49967285990715027,
  "neutral_mean": 0.8902749419212341,
  "neutral_std": 0.2541363537311554,
  "neutral_median": 0.9864189028739929,
  "neutral_max": 0.9998800754547119,
  "surprise_mean": 0.003886704333126545,
  "surprise_std": 0.03001582808792591,
  "surprise_median": 7.342768640228314e-06,
  "surprise_max": 0.3022994101047516,
  "processed_frames": 101.0,
  "video_name": "1.mp4"
}