{
  "facial_symmetry_mean": 0.9619982242584229,
  "facial_symmetry_std": 0.020660515874624252,
  "facial_symmetry_median": 0.9614090323448181,
  "facial_symmetry_max": 0.9990033507347107,
  "face_width_height_ratio_mean": 1.4370445013046265,
  "face_width_height_ratio_std": 0.08519327640533447,
  "face_width_height_ratio_median": 1.4208310842514038,
  "face_width_height_ratio_max": 1.709043025970459,
  "eye_spacing_ratio_mean": 0.6815943717956543,
  "eye_spacing_ratio_std": 0.028703458607196808,
  "eye_spacing_ratio_median": 0.6741867065429688,
  "eye_spacing_ratio_max": 0.7807922959327698,
  "jaw_ratio_mean": 0.7894566059112549,
  "jaw_ratio_std": 0.01944143697619438,
  "jaw_ratio_median": 0.7862720489501953,
  "jaw_ratio_max": 0.8508137464523315,
  "smile_intensity_mean": 0.10744047164916992,
  "smile_intensity_std": 0.11388487368822098,
  "smile_intensity_median": 0.037699710577726364,
  "smile_intensity_max": 0.37809082865715027,
  "eye_contact_mean": 0.9774006009101868,
  "eye_contact_std": 0.013168095611035824,
  "eye_contact_median": 0.9749397039413452,
  "eye_contact_max": 0.9999679923057556,
  "eye_openness_mean": 0.3015276789665222,
  "eye_openness_std": 0.13654488325119019,
  "eye_openness_median": 0.3024914860725403,
  "eye_openness_max": 0.7173590064048767,
  "gaze_stability_mean": 0.9929553270339966,
  "gaze_stability_std": 0.00859056320041418,
  "gaze_stability_median": 0.9965318441390991,
  "gaze_stability_max": 1.0,
  "head_tilt_mean": 0.01619659923017025,
  "head_tilt_std": 0.01682180166244507,
  "head_tilt_median": 0.010772496461868286,
  "head_tilt_max": 0.09911060333251953,
  "expression_speed_mean": 0.06386169046163559,
  "expression_speed_std": 0.07088205963373184,
  "expression_speed_median": 0.03479745611548424,
  "expression_speed_max": 0.3746758997440338,
  "happy_mean": 0.1507738083600998,
  "happy_std": 0.2772480547428131,
  "happy_median": 0.004615666810423136,
  "happy_max": 0.9944117665290833,
  "neutral_mean": 0.39168867468833923,
  "neutral_std": 0.36395344138145447,
  "neutral_median": 0.2833530008792877,
  "neutral_max": 0.9999997019767761,
  "surprise_mean": 0.11197105795145035,
  "surprise_std": 0.247836172580719,
  "surprise_median": 0.003927269484847784,
  "surprise_max": 0.9909210205078125,
  "processed_frames": 231.0,
  "video_name": "1.mp4"
}