{
  "facial_symmetry_mean": 0.9635671973228455,
  "facial_symmetry_std": 0.03526489809155464,
  "facial_symmetry_median": 0.9726819396018982,
  "facial_symmetry_max": 0.999017059803009,
  "face_width_height_ratio_mean": 1.456820011138916,
  "face_width_height_ratio_std": 0.10646506398916245,
  "face_width_height_ratio_median": 1.4937922954559326,
  "face_width_height_ratio_max": 1.5606632232666016,
  "eye_spacing_ratio_mean": 0.686464250087738,
  "eye_spacing_ratio_std": 0.017318570986390114,
  "eye_spacing_ratio_median": 0.6884987354278564,
  "eye_spacing_ratio_max": 0.7172237634658813,
  "jaw_ratio_mean": 0.7407376766204834,
  "jaw_ratio_std": 0.023940274491906166,
  "jaw_ratio_median": 0.7380480170249939,
  "jaw_ratio_max": 0.8431810736656189,
  "smile_intensity_mean": 0.06786629557609558,
  "smile_intensity_std": 0.09921205788850784,
  "smile_intensity_median": 0.012030944228172302,
  "smile_intensity_max": 0.27727535367012024,
  "eye_contact_mean": 0.9902962446212769,
  "eye_contact_std": 0.009585879743099213,
  "eye_contact_median": 0.996027946472168,
  "eye_contact_max": 0.9996052980422974,
  "eye_openness_mean": 0.6220470070838928,
  "eye_openness_std": 0.18492096662521362,
  "eye_openness_median": 0.5358629822731018,
  "eye_openness_max": 0.8991609811782837,
  "gaze_stability_mean": 0.9958322048187256,
  "gaze_stability_std": 0.006007816176861525,
  "gaze_stability_median": 0.9983150362968445,
  "gaze_stability_max": 1.0,
  "head_tilt_mean": 0.0676610991358757,
  "head_tilt_std": 0.03928867354989052,
  "head_tilt_median": 0.059625208377838135,
  "head_tilt_max": 0.13503402471542358,
  "expression_speed_mean": 0.07628052681684494,
  "expression_speed_std": 0.13203100860118866,
  "expression_speed_median": 0.02584807388484478,
  "expression_speed_max": 0.5550146698951721,
  "happy_mean": 0.05806427448987961,
  "happy_std": 0.2144031822681427,
  "happy_median": 0.0016348600620403886,
  "happy_max": 0.9999563097953796,
  "neutral_mean": 0.16338415443897247,
  "neutral_std": 0.3103339374065399,
  "neutral_median": 0.0017393267480656505,
  "neutral_max": 0.9743711352348328,
  "surprise_mean": 0.13164524734020233,
  "surprise_std": 0.2921765148639679,
  "surprise_median": 4.368251757114194e-05,
  "surprise_max": 0.8681240081787109,
  "processed_frames": 41.0,
  "video_name": "2.mp4"
}