{
  "facial_symmetry_mean": 0.9694271087646484,
  "facial_symmetry_std": 0.028363436460494995,
  "facial_symmetry_median": 0.9785457849502563,
  "facial_symmetry_max": 0.9980010390281677,
  "face_width_height_ratio_mean": 1.4286376237869263,
  "face_width_height_ratio_std": 0.10510121285915375,
  "face_width_height_ratio_median": 1.4722424745559692,
  "face_width_height_ratio_max": 1.5040839910507202,
  "eye_spacing_ratio_mean": 0.655665934085846,
  "eye_spacing_ratio_std": 0.04465601220726967,
  "eye_spacing_ratio_median": 0.666661262512207,
  "eye_spacing_ratio_max": 0.6983527541160583,
  "jaw_ratio_mean": 0.7526269555091858,
  "jaw_ratio_std": 0.023113364353775978,
  "jaw_ratio_median": 0.746324896812439,
  "jaw_ratio_max": 0.8145087361335754,
  "smile_intensity_mean": 0.1676534116268158,
  "smile_intensity_std": 0.05571379512548447,
  "smile_intensity_median": 0.17451757192611694,
  "smile_intensity_max": 0.30578845739364624,
  "eye_contact_mean": 0.9899627566337585,
  "eye_contact_std": 0.018834803253412247,
  "eye_contact_median": 0.9970898032188416,
  "eye_contact_max": 0.9999261498451233,
  "eye_openness_mean": 0.35401973128318787,
  "eye_openness_std": 0.05865274742245674,
  "eye_openness_median": 0.36614733934402466,
  "eye_openness_max": 0.45859432220458984,
  "gaze_stability_mean": 0.9931499361991882,
  "gaze_stability_std": 0.013326650485396385,
  "gaze_stability_median": 0.9986903667449951,
  "gaze_stability_max": 1.0,
  "head_tilt_mean": 0.010178759694099426,
  "head_tilt_std": 0.007098458241671324,
  "head_tilt_median": 0.008608028292655945,
  "head_tilt_max": 0.029424577951431274,
  "expression_speed_mean": 0.08061645925045013,
  "expression_speed_std": 0.06388918310403824,
  "expression_speed_median": 0.05752083659172058,
  "expression_speed_max": 0.24463088810443878,
  "happy_mean": 0.1147078424692154,
  "happy_std": 0.29826468229293823,
  "happy_median": 5.6516864788136445e-06,
  "happy_max": 0.9999659657478333,
  "neutral_mean": 0.10617824643850327,
  "neutral_std": 0.21372584998607635,
  "neutral_median": 0.027586665004491806,
  "neutral_max": 0.9299160838127136,
  "surprise_mean": 1.1932979759876616e-05,
  "surprise_std": 2.1536494386964478e-05,
  "surprise_median": 8.760366654314566e-07,
  "surprise_max": 8.094603253994137e-05,
  "processed_frames": 20.0,
  "video_name": "4.mp4"
}