{
  "facial_symmetry_mean": 0.9451245665550232,
  "facial_symmetry_std": 0.04369456321001053,
  "facial_symmetry_median": 0.9552673101425171,
  "facial_symmetry_max": 0.9989911913871765,
  "face_width_height_ratio_mean": 1.407653570175171,
  "face_width_height_ratio_std": 0.06095631420612335,
  "face_width_height_ratio_median": 1.423142910003662,
  "face_width_height_ratio_max": 1.496647596359253,
  "eye_spacing_ratio_mean": 0.6833021640777588,
  "eye_spacing_ratio_std": 0.013899578712880611,
  "eye_spacing_ratio_median": 0.683193564414978,
  "eye_spacing_ratio_max": 0.7236520051956177,
  "jaw_ratio_mean": 0.7598042488098145,
  "jaw_ratio_std": 0.019412430003285408,
  "jaw_ratio_median": 0.756432294845581,
  "jaw_ratio_max": 0.8337424993515015,
  "smile_intensity_mean": 0.20604661107063293,
  "smile_intensity_std": 0.12776082754135132,
  "smile_intensity_median": 0.20393982529640198,
  "smile_intensity_max": 0.6969401836395264,
  "eye_contact_mean": 0.9874249696731567,
  "eye_contact_std": 0.019893914461135864,
  "eye_contact_median": 0.9936090707778931,
  "eye_contact_max": 0.9997866749763489,
  "eye_openness_mean": 0.4170408844947815,
  "eye_openness_std": 0.1674051582813263,
  "eye_openness_median": 0.4890330731868744,
  "eye_openness_max": 0.6236767768859863,
  "gaze_stability_mean": 0.9934467077255249,
  "gaze_stability_std": 0.01053761038929224,
  "gaze_stability_median": 0.9966976642608643,
  "gaze_stability_max": 1.0,
  "head_tilt_mean": 0.04839347302913666,
  "head_tilt_std": 0.030104491859674454,
  "head_tilt_median": 0.04341915249824524,
  "head_tilt_max": 0.14285266399383545,
  "expression_speed_mean": 0.08851996809244156,
  "expression_speed_std": 0.0758146196603775,
  "expression_speed_median": 0.05754171684384346,
  "expression_speed_max": 0.3787769675254822,
  "happy_mean": 0.22354228794574738,
  "happy_std": 0.361158162355423,
  "happy_median": 0.0044315350241959095,
  "happy_max": 0.9999997615814209,
  "neutral_mean": 0.13627494871616364,
  "neutral_std": 0.22774147987365723,
  "neutral_median": 0.018664704635739326,
  "neutral_max": 0.9658044576644897,
  "surprise_mean": 0.02842181734740734,
  "surprise_std": 0.12832581996917725,
  "surprise_median": 4.516525223152712e-06,
  "surprise_max": 0.9013587832450867,
  "processed_frames": 82.0,
  "video_name": "5.mp4"
}