{
  "facial_symmetry_mean": 0.9158644080162048,
  "facial_symmetry_std": 0.0848049446940422,
  "facial_symmetry_median": 0.9507572650909424,
  "facial_symmetry_max": 0.9989700317382812,
  "face_width_height_ratio_mean": 1.4628534317016602,
  "face_width_height_ratio_std": 0.07919014990329742,
  "face_width_height_ratio_median": 1.4879865646362305,
  "face_width_height_ratio_max": 1.578489899635315,
  "eye_spacing_ratio_mean": 0.7166720628738403,
  "eye_spacing_ratio_std": 0.014038292691111565,
  "eye_spacing_ratio_median": 0.7187705636024475,
  "eye_spacing_ratio_max": 0.7522827982902527,
  "jaw_ratio_mean": 0.7462198138237,
  "jaw_ratio_std": 0.01357265841215849,
  "jaw_ratio_median": 0.7452264428138733,
  "jaw_ratio_max": 0.7799177765846252,
  "smile_intensity_mean": 0.010564981028437614,
  "smile_intensity_std": 0.01926891878247261,
  "smile_intensity_median": 0.0050637503154575825,
  "smile_intensity_max": 0.13009583950042725,
  "eye_contact_mean": 0.9907585382461548,
  "eye_contact_std": 0.007435213774442673,
  "eye_contact_median": 0.9929913282394409,
  "eye_contact_max": 0.9999758005142212,
  "eye_openness_mean": 0.9781849980354309,
  "eye_openness_std": 0.10285233706235886,
  "eye_openness_median": 1.0,
  "eye_openness_max": 1.0,
  "gaze_stability_mean": 0.9933290481567383,
  "gaze_stability_std": 0.006661806255578995,
  "gaze_stability_median": 0.9948705434799194,
  "gaze_stability_max": 1.0,
  "head_tilt_mean": 0.09590877592563629,
  "head_tilt_std": 0.08299405127763748,
  "head_tilt_median": 0.06721660494804382,
  "head_tilt_max": 0.35910606384277344,
  "expression_speed_mean": 0.06542384624481201,
  "expression_speed_std": 0.13682524859905243,
  "expression_speed_median": 0.02339775301516056,
  "expression_speed_max": 0.6369746923446655,
  "happy_mean": 0.39159613847732544,
  "happy_std": 0.4324885308742523,
  "happy_median": 0.10966163873672485,
  "happy_max": 0.999568521976471,
  "neutral_mean": 0.4028867781162262,
  "neutral_std": 0.37560704350471497,
  "neutral_median": 0.28760790824890137,
  "neutral_max": 0.9987891316413879,
  "surprise_mean": 0.0026298121083527803,
  "surprise_std": 0.020566098392009735,
  "surprise_median": 5.975930253043771e-05,
  "surprise_max": 0.23407988250255585,
  "processed_frames": 177.0,
  "video_name": "7.mp4"
}