{
  "facial_symmetry_mean": 0.9578283429145813,
  "facial_symmetry_std": 0.036842916160821915,
  "facial_symmetry_median": 0.9691029787063599,
  "facial_symmetry_max": 0.9994440078735352,
  "face_width_height_ratio_mean": 1.4488834142684937,
  "face_width_height_ratio_std": 0.06662172824144363,
  "face_width_height_ratio_median": 1.4616841077804565,
  "face_width_height_ratio_max": 1.5738866329193115,
  "eye_spacing_ratio_mean": 0.6745446920394897,
  "eye_spacing_ratio_std": 0.017346303910017014,
  "eye_spacing_ratio_median": 0.6711744070053101,
  "eye_spacing_ratio_max": 0.7198769450187683,
  "jaw_ratio_mean": 0.7665314674377441,
  "jaw_ratio_std": 0.015251756645739079,
  "jaw_ratio_median": 0.768406867980957,
  "jaw_ratio_max": 0.7946574687957764,
  "smile_intensity_mean": 0.09402899444103241,
  "smile_intensity_std": 0.12766504287719727,
  "smile_intensity_median": 0.0126835061237216,
  "smile_intensity_max": 0.4646449387073517,
  "eye_contact_mean": 0.9865692257881165,
  "eye_contact_std": 0.01660708710551262,
  "eye_contact_median": 0.9916021823883057,
  "eye_contact_max": 0.9998153448104858,
  "eye_openness_mean": 0.5275573134422302,
  "eye_openness_std": 0.16593828797340393,
  "eye_openness_median": 0.510973334312439,
  "eye_openness_max": 1.0,
  "gaze_stability_mean": 0.9935269951820374,
  "gaze_stability_std": 0.015857040882110596,
  "gaze_stability_median": 0.9970920085906982,
  "gaze_stability_max": 1.0,
  "head_tilt_mean": 0.04016639664769173,
  "head_tilt_std": 0.0373641774058342,
  "head_tilt_median": 0.023753196001052856,
  "head_tilt_max": 0.17261430621147156,
  "expression_speed_mean": 0.07141561806201935,
  "expression_speed_std": 0.09272279590368271,
  "expression_speed_median": 0.03355933725833893,
  "expression_speed_max": 0.588371217250824,
  "happy_mean": 0.16090404987335205,
  "happy_std": 0.329306036233902,
  "happy_median": 0.005276872776448727,
  "happy_max": 0.9992568492889404,
  "neutral_mean": 0.6089299917221069,
  "neutral_std": 0.39809489250183105,
  "neutral_median": 0.8328665494918823,
  "neutral_max": 0.9991725087165833,
  "surprise_mean": 0.01931122876703739,
  "surprise_std": 0.09801369160413742,
  "surprise_median": 4.200711555313319e-05,
  "surprise_max": 0.901384711265564,
  "processed_frames": 110.0,
  "video_name": "8.mp4"
}