{
  "facial_symmetry_mean": 0.8973796963691711,
  "facial_symmetry_std": 0.081285759806633,
  "facial_symmetry_median": 0.9150898456573486,
  "facial_symmetry_max": 0.9978569746017456,
  "face_width_height_ratio_mean": 1.4446654319763184,
  "face_width_height_ratio_std": 0.09689067304134369,
  "face_width_height_ratio_median": 1.467395544052124,
  "face_width_height_ratio_max": 1.6002458333969116,
  "eye_spacing_ratio_mean": 0.6493628621101379,
  "eye_spacing_ratio_std": 0.01677706278860569,
  "eye_spacing_ratio_median": 0.6482527256011963,
  "eye_spacing_ratio_max": 0.7151416540145874,
  "jaw_ratio_mean": 0.7768397331237793,
  "jaw_ratio_std": 0.017306750640273094,
  "jaw_ratio_median": 0.7782260179519653,
  "jaw_ratio_max": 0.8203498125076294,
  "smile_intensity_mean": 0.09356755018234253,
  "smile_intensity_std": 0.10224530845880508,
  "smile_intensity_median": 0.014953430742025375,
  "smile_intensity_max": 0.29318752884864807,
  "eye_contact_mean": 0.966854989528656,
  "eye_contact_std": 0.020279401913285255,
  "eye_contact_median": 0.9724466800689697,
  "eye_contact_max": 0.9927524328231812,
  "eye_openness_mean": 0.8121083378791809,
  "eye_openness_std": 0.16935008764266968,
  "eye_openness_median": 0.8702932596206665,
  "eye_openness_max": 1.0,
  "gaze_stability_mean": 0.9912619590759277,
  "gaze_stability_std": 0.010254510678350925,
  "gaze_stability_median": 0.9938036203384399,
  "gaze_stability_max": 1.0,
  "head_tilt_mean": 0.021123483777046204,
  "head_tilt_std": 0.019980767741799355,
  "head_tilt_median": 0.018454231321811676,
  "head_tilt_max": 0.1320485770702362,
  "expression_speed_mean": 0.07645048201084137,
  "expression_speed_std": 0.07120128720998764,
  "expression_speed_median": 0.05538025125861168,
  "expression_speed_max": 0.33197230100631714,
  "happy_mean": 0.1790420264005661,
  "happy_std": 0.3458457589149475,
  "happy_median": 0.004960369318723679,
  "happy_max": 0.9999750256538391,
  "neutral_mean": 0.4637291431427002,
  "neutral_std": 0.3787897229194641,
  "neutral_median": 0.5035563707351685,
  "neutral_max": 0.9985554218292236,
  "surprise_mean": 0.013900077901780605,
  "surprise_std": 0.08848440647125244,
  "surprise_median": 1.3097509508952498e-05,
  "surprise_max": 0.619415283203125,
  "processed_frames": 48.0,
  "video_name": "1 (2).mp4"
}