{
  "facial_symmetry_mean": 0.8325930237770081,
  "facial_symmetry_std": 0.10424721240997314,
  "facial_symmetry_median": 0.8445501923561096,
  "facial_symmetry_max": 0.9893209934234619,
  "face_width_height_ratio_mean": 1.4210491180419922,
  "face_width_height_ratio_std": 0.20092369616031647,
  "face_width_height_ratio_median": 1.437415361404419,
  "face_width_height_ratio_max": 1.8586052656173706,
  "eye_spacing_ratio_mean": 0.6369998455047607,
  "eye_spacing_ratio_std": 0.049940962344408035,
  "eye_spacing_ratio_median": 0.6515089273452759,
  "eye_spacing_ratio_max": 0.7726839780807495,
  "jaw_ratio_mean": 0.78993821144104,
  "jaw_ratio_std": 0.02517157793045044,
  "jaw_ratio_median": 0.7909682989120483,
  "jaw_ratio_max": 0.8423193097114563,
  "smile_intensity_mean": 0.16239985823631287,
  "smile_intensity_std": 0.18976449966430664,
  "smile_intensity_median": 0.08303864300251007,
  "smile_intensity_max": 0.8020356893539429,
  "eye_contact_mean": 0.9625747203826904,
  "eye_contact_std": 0.03332075476646423,
  "eye_contact_median": 0.9776933193206787,
  "eye_contact_max": 0.9993122816085815,
  "eye_openness_mean": 0.6667035818099976,
  "eye_openness_std": 0.3048662841320038,
  "eye_openness_median": 0.5411663055419922,
  "eye_openness_max": 1.0,
  "gaze_stability_mean": 0.9794602394104004,
  "gaze_stability_std": 0.024291370064020157,
  "gaze_stability_median": 0.988815426826477,
  "gaze_stability_max": 1.0,
  "head_tilt_mean": 0.11778892576694489,
  "head_tilt_std": 0.11123917251825333,
  "head_tilt_median": 0.08736297488212585,
  "head_tilt_max": 0.39125770330429077,
  "expression_speed_mean": 0.1663561761379242,
  "expression_speed_std": 0.20643268525600433,
  "expression_speed_median": 0.099602110683918,
  "expression_speed_max": 0.9882885813713074,
  "happy_mean": 0.15603922307491302,
  "happy_std": 0.27913373708724976,
  "happy_median": 0.010537904687225819,
  "happy_max": 0.9944137334823608,
  "neutral_mean": 0.3569243252277374,
  "neutral_std": 0.3770190179347992,
  "neutral_median": 0.11465692520141602,
  "neutral_max": 0.9963810443878174,
  "surprise_mean": 0.007122149225324392,
  "surprise_std": 0.030130017548799515,
  "surprise_median": 2.116842006216757e-05,
  "surprise_max": 0.1646268218755722,
  "processed_frames": 63.0,
  "video_name": "1 (4).mp4"
}