{
  "facial_symmetry_mean": 0.8333965539932251,
  "facial_symmetry_std": 0.09646764397621155,
  "facial_symmetry_median": 0.8678691387176514,
  "facial_symmetry_max": 0.984711766242981,
  "face_width_height_ratio_mean": 0.5780594348907471,
  "face_width_height_ratio_std": 0.07752801477909088,
  "face_width_height_ratio_median": 0.5993309617042542,
  "face_width_height_ratio_max": 0.6771753430366516,
  "eye_spacing_ratio_mean": 0.6375905275344849,
  "eye_spacing_ratio_std": 0.03219704329967499,
  "eye_spacing_ratio_median": 0.6345798969268799,
  "eye_spacing_ratio_max": 0.6994158029556274,
  "jaw_ratio_mean": 0.7801669239997864,
  "jaw_ratio_std": 0.02317681349813938,
  "jaw_ratio_median": 0.7755372524261475,
  "jaw_ratio_max": 0.8578447699546814,
  "smile_intensity_mean": 0.12201973050832748,
  "smile_intensity_std": 0.14662286639213562,
  "smile_intensity_median": 0.04340362921357155,
  "smile_intensity_max": 0.4469031095504761,
  "eye_contact_mean": 0.9431250691413879,
  "eye_contact_std": 0.05433029308915138,
  "eye_contact_median": 0.9792205691337585,
  "eye_contact_max": 0.9997530579566956,
  "eye_openness_mean": 0.8374893069267273,
  "eye_openness_std": 0.23457202315330505,
  "eye_openness_median": 1.0,
  "eye_openness_max": 1.0,
  "gaze_stability_mean": 0.9802767038345337,
  "gaze_stability_std": 0.035016171634197235,
  "gaze_stability_median": 0.9939734935760498,
  "gaze_stability_max": 1.0,
  "head_tilt_mean": 0.1445729285478592,
  "head_tilt_std": 0.05183277279138565,
  "head_tilt_median": 0.12939192354679108,
  "head_tilt_max": 0.28848886489868164,
  "expression_speed_mean": 0.16202181577682495,
  "expression_speed_std": 0.19254441559314728,
  "expression_speed_median": 0.08180899918079376,
  "expression_speed_max": 0.7395077347755432,
  "happy_mean": 0.010491813533008099,
  "happy_std": 0.06747347116470337,
  "happy_median": 0.0001676311221672222,
  "happy_max": 0.5052595734596252,
  "neutral_mean": 0.09107153862714767,
  "neutral_std": 0.14842917025089264,
  "neutral_median": 0.0232081301510334,
  "neutral_max": 0.8413893580436707,
  "surprise_mean": 0.05550412833690643,
  "surprise_std": 0.1504710614681244,
  "surprise_median": 8.58390467328718e-06,
  "surprise_max": 0.6477779746055603,
  "processed_frames": 55.0,
  "video_name": "1 (5).mp4"
}