{
  "facial_symmetry_mean": 0.8708469271659851,
  "facial_symmetry_std": 0.0683179721236229,
  "facial_symmetry_median": 0.8828930854797363,
  "facial_symmetry_max": 0.9957963228225708,
  "face_width_height_ratio_mean": 0.5753927230834961,
  "face_width_height_ratio_std": 0.050928447395563126,
  "face_width_height_ratio_median": 0.5910331010818481,
  "face_width_height_ratio_max": 0.7239527106285095,
  "eye_spacing_ratio_mean": 0.6526056528091431,
  "eye_spacing_ratio_std": 0.03917181119322777,
  "eye_spacing_ratio_median": 0.6571915149688721,
  "eye_spacing_ratio_max": 0.7434449195861816,
  "jaw_ratio_mean": 0.7916415333747864,
  "jaw_ratio_std": 0.01704568602144718,
  "jaw_ratio_median": 0.7874935865402222,
  "jaw_ratio_max": 0.8359259366989136,
  "smile_intensity_mean": 0.47759905457496643,
  "smile_intensity_std": 0.22531720995903015,
  "smile_intensity_median": 0.4731508791446686,
  "smile_intensity_max": 0.969716489315033,
  "eye_contact_mean": 0.9553622007369995,
  "eye_contact_std": 0.037362854927778244,
  "eye_contact_median": 0.9608643054962158,
  "eye_contact_max": 0.9995647668838501,
  "eye_openness_mean": 0.9814833402633667,
  "eye_openness_std": 0.06287994235754013,
  "eye_openness_median": 1.0,
  "eye_openness_max": 1.0,
  "gaze_stability_mean": 0.9825098514556885,
  "gaze_stability_std": 0.024825993925333023,
  "gaze_stability_median": 0.9922464489936829,
  "gaze_stability_max": 1.0,
  "head_tilt_mean": 0.08890997618436813,
  "head_tilt_std": 0.06589219719171524,
  "head_tilt_median": 0.07150933146476746,
  "head_tilt_max": 0.2777478098869324,
  "expression_speed_mean": 0.12302765250205994,
  "expression_speed_std": 0.13113580644130707,
  "expression_speed_median": 0.08721714466810226,
  "expression_speed_max": 0.8090529441833496,
  "happy_mean": 0.05086463317275047,
  "happy_std": 0.2152080088853836,
  "happy_median": 8.93283697678271e-07,
  "happy_max": 0.9985777735710144,
  "neutral_mean": 0.09168028086423874,
  "neutral_std": 0.24243153631687164,
  "neutral_median": 0.0042173913680016994,
  "neutral_max": 0.9975615739822388,
  "surprise_mean": 0.012201729230582714,
  "surprise_std": 0.10111001133918762,
  "surprise_median": 8.856456901185084e-08,
  "surprise_max": 0.8931453824043274,
  "processed_frames": 77.0,
  "video_name": "1 (6).mp4"
}