{
  "facial_symmetry_mean": 0.7900066375732422,
  "facial_symmetry_std": 0.15009929239749908,
  "facial_symmetry_median": 0.8051328063011169,
  "facial_symmetry_max": 0.9997324347496033,
  "face_width_height_ratio_mean": 1.3447741270065308,
  "face_width_height_ratio_std": 0.18422849476337433,
  "face_width_height_ratio_median": 1.3864951133728027,
  "face_width_height_ratio_max": 1.7036190032958984,
  "eye_spacing_ratio_mean": 0.6649245023727417,
  "eye_spacing_ratio_std": 0.024362433701753616,
  "eye_spacing_ratio_median": 0.6634211540222168,
  "eye_spacing_ratio_max": 0.7531622052192688,
  "jaw_ratio_mean": 0.7928041815757751,
  "jaw_ratio_std": 0.020944124087691307,
  "jaw_ratio_median": 0.7921274900436401,
  "jaw_ratio_max": 0.8851444125175476,
  "smile_intensity_mean": 0.14145103096961975,
  "smile_intensity_std": 0.10614646226167679,
  "smile_intensity_median": 0.16647537052631378,
  "smile_intensity_max": 0.45963507890701294,
  "eye_contact_mean": 0.9337799549102783,
  "eye_contact_std": 0.05029871314764023,
  "eye_contact_median": 0.94475919008255,
  "eye_contact_max": 0.9998989105224609,
  "eye_openness_mean": 0.8973239660263062,
  "eye_openness_std": 0.21890109777450562,
  "eye_openness_median": 1.0,
  "eye_openness_max": 1.0,
  "gaze_stability_mean": 0.9755374789237976,
  "gaze_stability_std": 0.03731410950422287,
  "gaze_stability_median": 0.9888712167739868,
  "gaze_stability_max": 1.0,
  "head_tilt_mean": 0.1631958782672882,
  "head_tilt_std": 0.24052463471889496,
  "head_tilt_median": 0.07999330759048462,
  "head_tilt_max": 1.0,
  "expression_speed_mean": 0.1417035311460495,
  "expression_speed_std": 0.1700846254825592,
  "expression_speed_median": 0.08043646067380905,
  "expression_speed_max": 0.8243356943130493,
  "happy_mean": 0.1934053897857666,
  "happy_std": 0.3691316545009613,
  "happy_median": 0.0010766535997390747,
  "happy_max": 0.9999997019767761,
  "neutral_mean": 0.2649657130241394,
  "neutral_std": 0.3395995795726776,
  "neutral_median": 0.0729343444108963,
  "neutral_max": 0.9999740719795227,
  "surprise_mean": 0.03509538620710373,
  "surprise_std": 0.14689499139785767,
  "surprise_median": 4.0261875255964696e-05,
  "surprise_max": 0.9501880407333374,
  "processed_frames": 206.0,
  "video_name": "1 (7).mp4"
}