{
  "facial_symmetry_mean": 0.8459134697914124,
  "facial_symmetry_std": 0.12907476723194122,
  "facial_symmetry_median": 0.8944113254547119,
  "facial_symmetry_max": 0.9762980937957764,
  "face_width_height_ratio_mean": 1.3930858373641968,
  "face_width_height_ratio_std": 0.07997361570596695,
  "face_width_height_ratio_median": 1.4308314323425293,
  "face_width_height_ratio_max": 1.5585280656814575,
  "eye_spacing_ratio_mean": 0.6533470749855042,
  "eye_spacing_ratio_std": 0.02456328459084034,
  "eye_spacing_ratio_median": 0.660364031791687,
  "eye_spacing_ratio_max": 0.7185761332511902,
  "jaw_ratio_mean": 0.7790380120277405,
  "jaw_ratio_std": 0.013983541168272495,
  "jaw_ratio_median": 0.7754930853843689,
  "jaw_ratio_max": 0.8095694184303284,
  "smile_intensity_mean": 0.21209903061389923,
  "smile_intensity_std": 0.08179439604282379,
  "smile_intensity_median": 0.23060567677021027,
  "smile_intensity_max": 0.4004402160644531,
  "eye_contact_mean": 0.9491554498672485,
  "eye_contact_std": 0.05092596262693405,
  "eye_contact_median": 0.9588491916656494,
  "eye_contact_max": 0.9987677931785583,
  "eye_openness_mean": 0.9089492559432983,
  "eye_openness_std": 0.11788816750049591,
  "eye_openness_median": 0.9195233583450317,
  "eye_openness_max": 1.0,
  "gaze_stability_mean": 0.9765284061431885,
  "gaze_stability_std": 0.062006182968616486,
  "gaze_stability_median": 0.9937186241149902,
  "gaze_stability_max": 1.0,
  "head_tilt_mean": 0.13372592628002167,
  "head_tilt_std": 0.09039179980754852,
  "head_tilt_median": 0.13754621148109436,
  "head_tilt_max": 0.30913934111595154,
  "expression_speed_mean": 0.09807077050209045,
  "expression_speed_std": 0.13437622785568237,
  "expression_speed_median": 0.04838262498378754,
  "expression_speed_max": 0.6182297468185425,
  "happy_mean": 0.026542531326413155,
  "happy_std": 0.08461900055408478,
  "happy_median": 0.0006140713230706751,
  "happy_max": 0.43251726031303406,
  "neutral_mean": 0.401513934135437,
  "neutral_std": 0.38716793060302734,
  "neutral_median": 0.2406141459941864,
  "neutral_max": 0.9996839165687561,
  "surprise_mean": 4.478187474887818e-05,
  "surprise_std": 0.00010346443741582334,
  "surprise_median": 5.386820021158201e-07,
  "surprise_max": 0.00047449846169911325,
  "processed_frames": 49.0,
  "video_name": "1.mp4"
}