{
  "facial_symmetry_mean": 0.8905984163284302,
  "facial_symmetry_std": 0.06476892530918121,
  "facial_symmetry_median": 0.8833910226821899,
  "facial_symmetry_max": 0.9999046921730042,
  "face_width_height_ratio_mean": 0.6060631275177002,
  "face_width_height_ratio_std": 0.07156979292631149,
  "face_width_height_ratio_median": 0.6033068299293518,
  "face_width_height_ratio_max": 0.8107584118843079,
  "eye_spacing_ratio_mean": 0.6577603220939636,
  "eye_spacing_ratio_std": 0.03500673547387123,
  "eye_spacing_ratio_median": 0.6605165004730225,
  "eye_spacing_ratio_max": 0.7371121644973755,
  "jaw_ratio_mean": 0.7664384245872498,
  "jaw_ratio_std": 0.023384375497698784,
  "jaw_ratio_median": 0.7664080262184143,
  "jaw_ratio_max": 0.8162700533866882,
  "smile_intensity_mean": 0.2423664629459381,
  "smile_intensity_std": 0.3317853510379791,
  "smile_intensity_median": 0.028958432376384735,
  "smile_intensity_max": 1.0,
  "eye_contact_mean": 0.9255679845809937,
  "eye_contact_std": 0.05001871660351753,
  "eye_contact_median": 0.9456924200057983,
  "eye_contact_max": 0.9930786490440369,
  "eye_openness_mean": 0.962601363658905,
  "eye_openness_std": 0.11824360489845276,
  "eye_openness_median": 1.0,
  "eye_openness_max": 1.0,
  "gaze_stability_mean": 0.9812424182891846,
  "gaze_stability_std": 0.02922304905951023,
  "gaze_stability_median": 0.9912557601928711,
  "gaze_stability_max": 1.0,
  "head_tilt_mean": 0.20415212213993073,
  "head_tilt_std": 0.1593283712863922,
  "head_tilt_median": 0.12656539678573608,
  "head_tilt_max": 0.5699281692504883,
  "expression_speed_mean": 0.1552925556898117,
  "expression_speed_std": 0.2374567985534668,
  "expression_speed_median": 0.04650850594043732,
  "expression_speed_max": 1.0,
  "happy_mean": 0.0574059933423996,
  "happy_std": 0.21881403028964996,
  "happy_median": 0.0004774406261276454,
  "happy_max": 0.9986497759819031,
  "neutral_mean": 0.48833316564559937,
  "neutral_std": 0.381564736366272,
  "neutral_median": 0.42343831062316895,
  "neutral_max": 0.9974604845046997,
  "surprise_mean": 0.013688066974282265,
  "surprise_std": 0.10509929060935974,
  "surprise_median": 3.496901399557828e-06,
  "surprise_max": 0.8795359134674072,
  "processed_frames": 69.0,
  "video_name": "2.mp4"
}