{
  "facial_symmetry_mean": 0.9207863807678223,
  "facial_symmetry_std": 0.047803573310375214,
  "facial_symmetry_median": 0.9342485070228577,
  "facial_symmetry_max": 0.9986701011657715,
  "face_width_height_ratio_mean": 1.4469355344772339,
  "face_width_height_ratio_std": 0.09274502098560333,
  "face_width_height_ratio_median": 1.4354076385498047,
  "face_width_height_ratio_max": 1.8508025407791138,
  "eye_spacing_ratio_mean": 0.648607611656189,
  "eye_spacing_ratio_std": 0.04347016289830208,
  "eye_spacing_ratio_median": 0.6625801920890808,
  "eye_spacing_ratio_max": 0.689447820186615,
  "jaw_ratio_mean": 0.7750967741012573,
  "jaw_ratio_std": 0.028473667800426483,
  "jaw_ratio_median": 0.7690737247467041,
  "jaw_ratio_max": 0.8420317769050598,
  "smile_intensity_mean": 0.16099175810813904,
  "smile_intensity_std": 0.13688477873802185,
  "smile_intensity_median": 0.16940008103847504,
  "smile_intensity_max": 0.7525098323822021,
  "eye_contact_mean": 0.9671213626861572,
  "eye_contact_std": 0.024122754111886024,
  "eye_contact_median": 0.9703962802886963,
  "eye_contact_max": 0.9988378286361694,
  "eye_openness_mean": 0.44566279649734497,
  "eye_openness_std": 0.16365794837474823,
  "eye_openness_median": 0.42112720012664795,
  "eye_openness_max": 0.8684438467025757,
  "gaze_stability_mean": 0.987328290939331,
  "gaze_stability_std": 0.016701893880963326,
  "gaze_stability_median": 0.9928038716316223,
  "gaze_stability_max": 1.0,
  "head_tilt_mean": 0.06376518309116364,
  "head_tilt_std": 0.03449249267578125,
  "head_tilt_median": 0.06708651781082153,
  "head_tilt_max": 0.1551888883113861,
  "expression_speed_mean": 0.12886694073677063,
  "expression_speed_std": 0.1384328156709671,
  "expression_speed_median": 0.08123336732387543,
  "expression_speed_max": 0.6136671304702759,
  "happy_mean": 0.08979779481887817,
  "happy_std": 0.264640212059021,
  "happy_median": 7.166352588683367e-05,
  "happy_max": 0.9999773502349854,
  "neutral_mean": 0.4560774862766266,
  "neutral_std": 0.4201337695121765,
  "neutral_median": 0.46008285880088806,
  "neutral_max": 0.9997297525405884,
  "surprise_mean": 0.0040871440432965755,
  "surprise_std": 0.015666266903281212,
  "surprise_median": 3.498811793178902e-06,
  "surprise_max": 0.09280484914779663,
  "processed_frames": 61.0,
  "video_name": "3.mp4"
}