{
  "facial_symmetry_mean": 0.6734336018562317,
  "facial_symmetry_std": 0.151563361287117,
  "facial_symmetry_median": 0.6721943616867065,
  "facial_symmetry_max": 0.9866017699241638,
  "face_width_height_ratio_mean": 1.406353235244751,
  "face_width_height_ratio_std": 0.10324689745903015,
  "face_width_height_ratio_median": 1.4095021486282349,
  "face_width_height_ratio_max": 1.6825730800628662,
  "eye_spacing_ratio_mean": 0.660591721534729,
  "eye_spacing_ratio_std": 0.023125896230340004,
  "eye_spacing_ratio_median": 0.6594570875167847,
  "eye_spacing_ratio_max": 0.7848526239395142,
  "jaw_ratio_mean": 0.7841864824295044,
  "jaw_ratio_std": 0.022064650431275368,
  "jaw_ratio_median": 0.781974196434021,
  "jaw_ratio_max": 0.8531846404075623,
  "smile_intensity_mean": 0.12996427714824677,
  "smile_intensity_std": 0.11356919258832932,
  "smile_intensity_median": 0.12057037651538849,
  "smile_intensity_max": 0.49535709619522095,
  "eye_contact_mean": 0.9165159463882446,
  "eye_contact_std": 0.048899609595537186,
  "eye_contact_median": 0.9254742860794067,
  "eye_contact_max": 0.9985647201538086,
  "eye_openness_mean": 0.9860988855361938,
  "eye_openness_std": 0.07877147942781448,
  "eye_openness_median": 1.0,
  "eye_openness_max": 1.0,
  "gaze_stability_mean": 0.9762095808982849,
  "gaze_stability_std": 0.027267180383205414,
  "gaze_stability_median": 0.9862964153289795,
  "gaze_stability_max": 1.0,
  "head_tilt_mean": 0.15256021916866302,
  "head_tilt_std": 0.13916048407554626,
  "head_tilt_median": 0.10778404772281647,
  "head_tilt_max": 0.642927885055542,
  "expression_speed_mean": 0.09526120871305466,
  "expression_speed_std": 0.13501091301441193,
  "expression_speed_median": 0.04156089946627617,
  "expression_speed_max": 0.6973250508308411,
  "happy_mean": 0.19702951610088348,
  "happy_std": 0.34618836641311646,
  "happy_median": 0.003706518094986677,
  "happy_max": 0.9996591210365295,
  "neutral_mean": 0.43894580006599426,
  "neutral_std": 0.40399613976478577,
  "neutral_median": 0.34733182191848755,
  "neutral_max": 0.9999999403953552,
  "surprise_mean": 0.06526742875576019,
  "surprise_std": 0.18763388693332672,
  "surprise_median": 5.574720853473991e-05,
  "surprise_max": 0.9995827674865723,
  "processed_frames": 130.0,
  "video_name": "5.mp4"
}