{
  "facial_symmetry_mean": 0.918058454990387,
  "facial_symmetry_std": 0.09083675593137741,
  "facial_symmetry_median": 0.9568431377410889,
  "facial_symmetry_max": 0.9966525435447693,
  "face_width_height_ratio_mean": 1.1141619682312012,
  "face_width_height_ratio_std": 0.10896860063076019,
  "face_width_height_ratio_median": 1.1264617443084717,
  "face_width_height_ratio_max": 1.3783512115478516,
  "eye_spacing_ratio_mean": 0.65384840965271,
  "eye_spacing_ratio_std": 0.020809123292565346,
  "eye_spacing_ratio_median": 0.6558085680007935,
  "eye_spacing_ratio_max": 0.7031453847885132,
  "jaw_ratio_mean": 0.7827864289283752,
  "jaw_ratio_std": 0.02371169626712799,
  "jaw_ratio_median": 0.7787638902664185,
  "jaw_ratio_max": 0.8335011005401611,
  "smile_intensity_mean": 0.06835608184337616,
  "smile_intensity_std": 0.11951331049203873,
  "smile_intensity_median": 0.015256552025675774,
  "smile_intensity_max": 0.6220297813415527,
  "eye_contact_mean": 0.9598991274833679,
  "eye_contact_std": 0.04749058932065964,
  "eye_contact_median": 0.9773976802825928,
  "eye_contact_max": 0.9994034767150879,
  "eye_openness_mean": 0.7888992428779602,
  "eye_openness_std": 0.23232333362102509,
  "eye_openness_median": 0.8611006736755371,
  "eye_openness_max": 1.0,
  "gaze_stability_mean": 0.983657717704773,
  "gaze_stability_std": 0.02451603300869465,
  "gaze_stability_median": 0.9942208528518677,
  "gaze_stability_max": 1.0,
  "head_tilt_mean": 0.1970711350440979,
  "head_tilt_std": 0.24437393248081207,
  "head_tilt_median": 0.09509682655334473,
  "head_tilt_max": 1.0,
  "expression_speed_mean": 0.17459096014499664,
  "expression_speed_std": 0.20653925836086273,
  "expression_speed_median": 0.08258946239948273,
  "expression_speed_max": 0.7770166397094727,
  "happy_mean": 0.018984675407409668,
  "happy_std": 0.06013023853302002,
  "happy_median": 0.0008551429491490126,
  "happy_max": 0.43893763422966003,
  "neutral_mean": 0.5710393786430359,
  "neutral_std": 0.36263713240623474,
  "neutral_median": 0.6788589954376221,
  "neutral_max": 0.9999858140945435,
  "surprise_mean": 0.02493203803896904,
  "surprise_std": 0.11257137358188629,
  "surprise_median": 1.683108348515816e-05,
  "surprise_max": 0.8332297801971436,
  "processed_frames": 68.0,
  "video_name": "8.mp4"
}