{
  "expression_speed_max": 0.8009183577128819,
  "expression_speed_mean": 0.15923679620027542,
  "expression_speed_median": 0.08208303313170161,
  "expression_speed_std": 0.19281864166259766,
  "eye_contact_max": 0.9981838549886431,
  "eye_contact_mean": 0.9531141008649554,
  "eye_contact_median": 0.9629307389259338,
  "eye_contact_std": 0.038248403796127865,
  "eye_openness_max": 0.9812062638146537,
  "eye_openness_mean": 0.8478546738624573,
  "eye_openness_median": 0.8974611248288836,
  "eye_openness_std": 0.16185789768184936,
  "eye_spacing_ratio_max": 0.7243678399494716,
  "eye_spacing_ratio_mean": 0.6507049969264439,
  "eye_spacing_ratio_median": 0.6552420769418988,
  "eye_spacing_ratio_std": 0.03109752094107015,
  "face_width_height_ratio_max": 1.1190231783049447,
  "face_width_height_ratio_mean": 0.9101560200963702,
  "face_width_height_ratio_median": 0.9148209350449699,
  "face_width_height_ratio_std": 0.0783031125153814,
  "facial_symmetry_max": 0.9833997913769313,
  "facial_symmetry_mean": 0.8559287445885795,
  "facial_symmetry_median": 0.8712397388049534,
  "facial_symmetry_std": 0.08182076471192497,
  "gaze_stability_max": 1.0,
  "gaze_stability_mean": 0.9837219289370945,
  "gaze_stability_median": 0.9924676077706474,
  "gaze_stability_std": 0.02360154621835266,
  "happy_max": 0.916743836232594,
  "happy_mean": 0.12444113620689937,
  "happy_median": 0.0030806574587976293,
  "happy_std": 0.2615406449351992,
  "head_tilt_max": 0.6343064606189728,
  "head_tilt_mean": 0.18488227043833053,
  "head_tilt_median": 0.13656989804336003,
  "head_tilt_std": 0.16659436374902725,
  "jaw_ratio_max": 0.8410411051341465,
  "jaw_ratio_mean": 0.7769627315657479,
  "jaw_ratio_median": 0.7740191391536168,
  "jaw_ratio_std": 0.022741145055208887,
  "neutral_max": 0.9993967499051776,
  "neutral_mean": 0.4675613258566175,
  "neutral_median": 0.465296990105084,
  "neutral_std": 0.39072090813091825,
  "processed_frames": 72.42857142857143,
  "smile_intensity_max": 0.8258376887866429,
  "smile_intensity_mean": 0.23635493857519968,
  "smile_intensity_median": 0.20174774820251123,
  "smile_intensity_std": 0.22129179324422563,
  "surprise_max": 0.6564003442014966,
  "surprise_mean": 0.04110790143853852,
  "surprise_median": 8.555498689994627e-05,
  "surprise_std": 0.12054710489298616,
  "video_count": 7.0,
  "valid_video_count": 7.0,
  "valid_video_ratio": 1.0,
  "total_processed_frames": 507.0,
  "avg_processed_frames": 72.42857142857143,
  "quality_score": 0.7931428571428571,
  "person_name": "Lâm Chí Linh"
}