{
  "facial_symmetry_mean": 0.9410813450813293,
  "facial_symmetry_std": 0.05655564367771149,
  "facial_symmetry_median": 0.9639997482299805,
  "facial_symmetry_max": 0.9998946189880371,
  "face_width_height_ratio_mean": 0.47274312376976013,
  "face_width_height_ratio_std": 0.027760155498981476,
  "face_width_height_ratio_median": 0.474002867937088,
  "face_width_height_ratio_max": 0.5343232750892639,
  "eye_spacing_ratio_mean": 0.637260377407074,
  "eye_spacing_ratio_std": 0.03754933178424835,
  "eye_spacing_ratio_median": 0.6478848457336426,
  "eye_spacing_ratio_max": 0.6787602305412292,
  "jaw_ratio_mean": 0.7816289067268372,
  "jaw_ratio_std": 0.023916739970445633,
  "jaw_ratio_median": 0.7785247564315796,
  "jaw_ratio_max": 0.870339035987854,
  "smile_intensity_mean": 0.4944297969341278,
  "smile_intensity_std": 0.35983672738075256,
  "smile_intensity_median": 0.606995701789856,
  "smile_intensity_max": 1.0,
  "eye_contact_mean": 0.9769266247749329,
  "eye_contact_std": 0.02054307796061039,
  "eye_contact_median": 0.9792908430099487,
  "eye_contact_max": 0.9991580247879028,
  "eye_openness_mean": 0.8906800150871277,
  "eye_openness_std": 0.1708034723997116,
  "eye_openness_median": 1.0,
  "eye_openness_max": 1.0,
  "gaze_stability_mean": 0.9910902976989746,
  "gaze_stability_std": 0.012094579637050629,
  "gaze_stability_median": 0.9960511922836304,
  "gaze_stability_max": 1.0,
  "head_tilt_mean": 0.11837025731801987,
  "head_tilt_std": 0.10365985333919525,
  "head_tilt_median": 0.08854955434799194,
  "head_tilt_max": 0.31510576605796814,
  "expression_speed_mean": 0.211283877491951,
  "expression_speed_std": 0.25798898935317993,
  "expression_speed_median": 0.08109857887029648,
  "expression_speed_max": 1.0,
  "happy_mean": 0.04545785114169121,
  "happy_std": 0.12157554179430008,
  "happy_median": 0.0003044073819182813,
  "happy_max": 0.5781407356262207,
  "neutral_mean": 0.5311784148216248,
  "neutral_std": 0.4184081256389618,
  "neutral_median": 0.7095332145690918,
  "neutral_max": 0.9999471306800842,
  "surprise_mean": 0.010443008504807949,
  "surprise_std": 0.03627223148941994,
  "surprise_median": 1.6224640830841963e-06,
  "surprise_max": 0.18482530117034912,
  "processed_frames": 48.0,
  "video_name": "1.mp4"
}