{
  "facial_symmetry_mean": 0.885614275932312,
  "facial_symmetry_std": 0.060376763343811035,
  "facial_symmetry_median": 0.8531769514083862,
  "facial_symmetry_max": 0.9905612468719482,
  "face_width_height_ratio_mean": 0.6147136092185974,
  "face_width_height_ratio_std": 0.14256367087364197,
  "face_width_height_ratio_median": 0.6219795346260071,
  "face_width_height_ratio_max": 0.7970232963562012,
  "eye_spacing_ratio_mean": 0.638384997844696,
  "eye_spacing_ratio_std": 0.020376235246658325,
  "eye_spacing_ratio_median": 0.6411883234977722,
  "eye_spacing_ratio_max": 0.6620782613754272,
  "jaw_ratio_mean": 0.7978203892707825,
  "jaw_ratio_std": 0.029084382578730583,
  "jaw_ratio_median": 0.7815016508102417,
  "jaw_ratio_max": 0.8593782186508179,
  "smile_intensity_mean": 0.37992656230926514,
  "smile_intensity_std": 0.2361617535352707,
  "smile_intensity_median": 0.521300733089447,
  "smile_intensity_max": 0.6858423948287964,
  "eye_contact_mean": 0.970176100730896,
  "eye_contact_std": 0.01183672808110714,
  "eye_contact_median": 0.9694925546646118,
  "eye_contact_max": 0.9899410009384155,
  "eye_openness_mean": 0.948112964630127,
  "eye_openness_std": 0.11047948151826859,
  "eye_openness_median": 1.0,
  "eye_openness_max": 1.0,
  "gaze_stability_mean": 0.9947839975357056,
  "gaze_stability_std": 0.006655498873442411,
  "gaze_stability_median": 0.9970411062240601,
  "gaze_stability_max": 1.0,
  "head_tilt_mean": 0.2978064715862274,
  "head_tilt_std": 0.33904674649238586,
  "head_tilt_median": 0.048510730266571045,
  "head_tilt_max": 0.8526486158370972,
  "expression_speed_mean": 0.1080070436000824,
  "expression_speed_std": 0.15165875852108002,
  "expression_speed_median": 0.03851736709475517,
  "expression_speed_max": 0.5938407778739929,
  "happy_mean": 0.05869119241833687,
  "happy_std": 0.1807553619146347,
  "happy_median": 0.0006674580508843064,
  "happy_max": 0.9839373826980591,
  "neutral_mean": 0.4240352511405945,
  "neutral_std": 0.3890439569950104,
  "neutral_median": 0.38302329182624817,
  "neutral_max": 0.9975869655609131,
  "surprise_mean": 0.000163722550496459,
  "surprise_std": 0.0008902746485546231,
  "surprise_median": 5.515947577805491e-06,
  "surprise_max": 0.006178303621709347,
  "processed_frames": 47.0,
  "video_name": "2.mp4"
}