{
  "facial_symmetry_mean": 0.8892667889595032,
  "facial_symmetry_std": 0.052253659814596176,
  "facial_symmetry_median": 0.8980697393417358,
  "facial_symmetry_max": 0.9831153750419617,
  "face_width_height_ratio_mean": 0.7711571455001831,
  "face_width_height_ratio_std": 0.1315295398235321,
  "face_width_height_ratio_median": 0.8130102753639221,
  "face_width_height_ratio_max": 1.049027919769287,
  "eye_spacing_ratio_mean": 0.6483714580535889,
  "eye_spacing_ratio_std": 0.027340564876794815,
  "eye_spacing_ratio_median": 0.6481322646141052,
  "eye_spacing_ratio_max": 0.7695651054382324,
  "jaw_ratio_mean": 0.7885860800743103,
  "jaw_ratio_std": 0.041941653937101364,
  "jaw_ratio_median": 0.7717489004135132,
  "jaw_ratio_max": 0.9221136569976807,
  "smile_intensity_mean": 0.35440558195114136,
  "smile_intensity_std": 0.3359536826610565,
  "smile_intensity_median": 0.3419792950153351,
  "smile_intensity_max": 1.0,
  "eye_contact_mean": 0.9613204598426819,
  "eye_contact_std": 0.04084588587284088,
  "eye_contact_median": 0.9730793237686157,
  "eye_contact_max": 0.9972898960113525,
  "eye_openness_mean": 0.6319316029548645,
  "eye_openness_std": 0.33299949765205383,
  "eye_openness_median": 0.6420754790306091,
  "eye_openness_max": 1.0,
  "gaze_stability_mean": 0.9851749539375305,
  "gaze_stability_std": 0.02237754687666893,
  "gaze_stability_median": 0.994687557220459,
  "gaze_stability_max": 1.0,
  "head_tilt_mean": 0.1537909060716629,
  "head_tilt_std": 0.11601903289556503,
  "head_tilt_median": 0.11808693408966064,
  "head_tilt_max": 0.735426664352417,
  "expression_speed_mean": 0.2461344450712204,
  "expression_speed_std": 0.26933279633522034,
  "expression_speed_median": 0.15116791427135468,
  "expression_speed_max": 0.9604452848434448,
  "happy_mean": 0.15160082280635834,
  "happy_std": 0.33153167366981506,
  "happy_median": 0.002181077841669321,
  "happy_max": 0.9999700784683228,
  "neutral_mean": 0.34214210510253906,
  "neutral_std": 0.3876844048500061,
  "neutral_median": 0.08898977190256119,
  "neutral_max": 0.9999594688415527,
  "surprise_mean": 0.06290419399738312,
  "surprise_std": 0.199037104845047,
  "surprise_median": 0.00016441581828985363,
  "surprise_max": 0.9880262613296509,
  "processed_frames": 83.0,
  "video_name": "3.mp4"
}