{
  "facial_symmetry_mean": 0.9210608005523682,
  "facial_symmetry_std": 0.046299394220113754,
  "facial_symmetry_median": 0.9213017225265503,
  "facial_symmetry_max": 0.999193012714386,
  "face_width_height_ratio_mean": 0.465337872505188,
  "face_width_height_ratio_std": 0.04640267416834831,
  "face_width_height_ratio_median": 0.46431851387023926,
  "face_width_height_ratio_max": 0.5994943380355835,
  "eye_spacing_ratio_mean": 0.6467675566673279,
  "eye_spacing_ratio_std": 0.03631148859858513,
  "eye_spacing_ratio_median": 0.6424670219421387,
  "eye_spacing_ratio_max": 0.7567080855369568,
  "jaw_ratio_mean": 0.7834209203720093,
  "jaw_ratio_std": 0.025299036875367165,
  "jaw_ratio_median": 0.7829324007034302,
  "jaw_ratio_max": 0.8420254588127136,
  "smile_intensity_mean": 0.2018655240535736,
  "smile_intensity_std": 0.29938650131225586,
  "smile_intensity_median": 0.03291061893105507,
  "smile_intensity_max": 1.0,
  "eye_contact_mean": 0.9695227146148682,
  "eye_contact_std": 0.02162034809589386,
  "eye_contact_median": 0.9740810990333557,
  "eye_contact_max": 0.9973660707473755,
  "eye_openness_mean": 0.8790343999862671,
  "eye_openness_std": 0.20710624754428864,
  "eye_openness_median": 1.0,
  "eye_openness_max": 1.0,
  "gaze_stability_mean": 0.9926170110702515,
  "gaze_stability_std": 0.00916284415870905,
  "gaze_stability_median": 0.9954049587249756,
  "gaze_stability_max": 1.0,
  "head_tilt_mean": 0.17729464173316956,
  "head_tilt_std": 0.20995505154132843,
  "head_tilt_median": 0.11474929749965668,
  "head_tilt_max": 0.7894165515899658,
  "expression_speed_mean": 0.178376242518425,
  "expression_speed_std": 0.23383451998233795,
  "expression_speed_median": 0.06815089285373688,
  "expression_speed_max": 0.9607672691345215,
  "happy_mean": 0.15254409611225128,
  "happy_std": 0.32139745354652405,
  "happy_median": 0.000280239328276366,
  "happy_max": 0.9999930262565613,
  "neutral_mean": 0.3014819025993347,
  "neutral_std": 0.4003535211086273,
  "neutral_median": 0.023422226309776306,
  "neutral_max": 0.9999804496765137,
  "surprise_mean": 0.008893522433936596,
  "surprise_std": 0.07982346415519714,
  "surprise_median": 9.80955405793793e-07,
  "surprise_max": 0.7532413601875305,
  "processed_frames": 88.0,
  "video_name": "4.mp4"
}