{
  "facial_symmetry_mean": 0.7980597615242004,
  "facial_symmetry_std": 0.1516815423965454,
  "facial_symmetry_median": 0.8508435487747192,
  "facial_symmetry_max": 0.9984682202339172,
  "face_width_height_ratio_mean": 1.3611743450164795,
  "face_width_height_ratio_std": 0.17010582983493805,
  "face_width_height_ratio_median": 1.3833891153335571,
  "face_width_height_ratio_max": 1.666635274887085,
  "eye_spacing_ratio_mean": 0.6494009494781494,
  "eye_spacing_ratio_std": 0.031324367970228195,
  "eye_spacing_ratio_median": 0.647660493850708,
  "eye_spacing_ratio_max": 0.8207540512084961,
  "jaw_ratio_mean": 0.7609006762504578,
  "jaw_ratio_std": 0.026147866621613503,
  "jaw_ratio_median": 0.7612687349319458,
  "jaw_ratio_max": 0.8639101982116699,
  "smile_intensity_mean": 0.08651285618543625,
  "smile_intensity_std": 0.08997554332017899,
  "smile_intensity_median": 0.049531079828739166,
  "smile_intensity_max": 0.38793259859085083,
  "eye_contact_mean": 0.9520208835601807,
  "eye_contact_std": 0.0480647087097168,
  "eye_contact_median": 0.9669855833053589,
  "eye_contact_max": 0.9999379515647888,
  "eye_openness_mean": 0.8546739816665649,
  "eye_openness_std": 0.21530944108963013,
  "eye_openness_median": 0.9884805083274841,
  "eye_openness_max": 1.0,
  "gaze_stability_mean": 0.9749254584312439,
  "gaze_stability_std": 0.03969215601682663,
  "gaze_stability_median": 0.9920685291290283,
  "gaze_stability_max": 1.0,
  "head_tilt_mean": 0.13405755162239075,
  "head_tilt_std": 0.09355070441961288,
  "head_tilt_median": 0.11427536606788635,
  "head_tilt_max": 0.4000481367111206,
  "expression_speed_mean": 0.12689094245433807,
  "expression_speed_std": 0.15427343547344208,
  "expression_speed_median": 0.04780840501189232,
  "expression_speed_max": 0.6389642953872681,
  "happy_mean": 0.0632162094116211,
  "happy_std": 0.20028746128082275,
  "happy_median": 0.0003619874478317797,
  "happy_max": 0.9999996423721313,
  "neutral_mean": 0.2043955773115158,
  "neutral_std": 0.35803112387657166,
  "neutral_median": 0.0004502425726968795,
  "neutral_max": 0.9999458193778992,
  "surprise_mean": 0.006202739663422108,
  "surprise_std": 0.031625766307115555,
  "surprise_median": 4.717952890587185e-07,
  "surprise_max": 0.22793926298618317,
  "processed_frames": 107.0,
  "video_name": "6.mp4"
}