{
  "facial_symmetry_mean": 0.9492974281311035,
  "facial_symmetry_std": 0.06681399047374725,
  "facial_symmetry_median": 0.98319011926651,
  "facial_symmetry_max": 0.9945445656776428,
  "face_width_height_ratio_mean": 0.5460123419761658,
  "face_width_height_ratio_std": 0.062084004282951355,
  "face_width_height_ratio_median": 0.551665723323822,
  "face_width_height_ratio_max": 0.7808104157447815,
  "eye_spacing_ratio_mean": 0.6571812033653259,
  "eye_spacing_ratio_std": 0.02620026469230652,
  "eye_spacing_ratio_median": 0.6697441339492798,
  "eye_spacing_ratio_max": 0.7074769735336304,
  "jaw_ratio_mean": 0.7775080800056458,
  "jaw_ratio_std": 0.023923002183437347,
  "jaw_ratio_median": 0.7749622464179993,
  "jaw_ratio_max": 0.8474981784820557,
  "smile_intensity_mean": 0.46167728304862976,
  "smile_intensity_std": 0.4122377932071686,
  "smile_intensity_median": 0.5973497033119202,
  "smile_intensity_max": 1.0,
  "eye_contact_mean": 0.9805675148963928,
  "eye_contact_std": 0.024686025455594063,
  "eye_contact_median": 0.9886640906333923,
  "eye_contact_max": 0.9998315572738647,
  "eye_openness_mean": 0.8408761620521545,
  "eye_openness_std": 0.20009087026119232,
  "eye_openness_median": 0.8536435961723328,
  "eye_openness_max": 1.0,
  "gaze_stability_mean": 0.9881290197372437,
  "gaze_stability_std": 0.019722187891602516,
  "gaze_stability_median": 0.9972548484802246,
  "gaze_stability_max": 1.0,
  "head_tilt_mean": 0.09898842126131058,
  "head_tilt_std": 0.14041541516780853,
  "head_tilt_median": 0.029386281967163086,
  "head_tilt_max": 0.5056920647621155,
  "expression_speed_mean": 0.27777427434921265,
  "expression_speed_std": 0.346910685300827,
  "expression_speed_median": 0.1298052817583084,
  "expression_speed_max": 1.0,
  "happy_mean": 0.24918915331363678,
  "happy_std": 0.41225120425224304,
  "happy_median": 0.00983473565429449,
  "happy_max": 0.9999990463256836,
  "neutral_mean": 0.32269641757011414,
  "neutral_std": 0.42690449953079224,
  "neutral_median": 0.03267015516757965,
  "neutral_max": 0.9996840953826904,
  "surprise_mean": 0.02751578576862812,
  "surprise_std": 0.12617850303649902,
  "surprise_median": 4.597882798407227e-05,
  "surprise_max": 0.6699437499046326,
  "processed_frames": 27.0,
  "video_name": "7.mp4"
}