{
  "facial_symmetry_mean": 0.9690980911254883,
  "facial_symmetry_std": 0.046597957611083984,
  "facial_symmetry_median": 0.9892781972885132,
  "facial_symmetry_max": 0.9999502301216125,
  "face_width_height_ratio_mean": 0.8375438451766968,
  "face_width_height_ratio_std": 0.03911117836833,
  "face_width_height_ratio_median": 0.8299230337142944,
  "face_width_height_ratio_max": 1.1320494413375854,
  "eye_spacing_ratio_mean": 0.6450372934341431,
  "eye_spacing_ratio_std": 0.016883349046111107,
  "eye_spacing_ratio_median": 0.6438885927200317,
  "eye_spacing_ratio_max": 0.7126929759979248,
  "jaw_ratio_mean": 0.7635607719421387,
  "jaw_ratio_std": 0.02273213490843773,
  "jaw_ratio_median": 0.763290524482727,
  "jaw_ratio_max": 0.8190056681632996,
  "smile_intensity_mean": 0.3685983121395111,
  "smile_intensity_std": 0.22785009443759918,
  "smile_intensity_median": 0.3922847807407379,
  "smile_intensity_max": 1.0,
  "eye_contact_mean": 0.9874562621116638,
  "eye_contact_std": 0.017084568738937378,
  "eye_contact_median": 0.9938966035842896,
  "eye_contact_max": 0.9999382495880127,
  "eye_openness_mean": 0.8777096271514893,
  "eye_openness_std": 0.17223970592021942,
  "eye_openness_median": 0.9758688807487488,
  "eye_openness_max": 1.0,
  "gaze_stability_mean": 0.9935998320579529,
  "gaze_stability_std": 0.010057364590466022,
  "gaze_stability_median": 0.9968724250793457,
  "gaze_stability_max": 1.0,
  "head_tilt_mean": 0.057721707969903946,
  "head_tilt_std": 0.0633695125579834,
  "head_tilt_median": 0.034740641713142395,
  "head_tilt_max": 0.3784234821796417,
  "expression_speed_mean": 0.20472367107868195,
  "expression_speed_std": 0.20515400171279907,
  "expression_speed_median": 0.11988561600446701,
  "expression_speed_max": 0.9088591933250427,
  "happy_mean": 0.2894808351993561,
  "happy_std": 0.40956053137779236,
  "happy_median": 0.014322671107947826,
  "happy_max": 0.9999986290931702,
  "neutral_mean": 0.3340585231781006,
  "neutral_std": 0.3933524191379547,
  "neutral_median": 0.1021190881729126,
  "neutral_max": 0.9999853372573853,
  "surprise_mean": 0.043568775057792664,
  "surprise_std": 0.16803598403930664,
  "surprise_median": 1.5854469893383794e-05,
  "surprise_max": 0.9876421689987183,
  "processed_frames": 357.0,
  "video_name": "8.mp4"
}