{
  "expression_speed_max": 0.870960459113121,
  "expression_speed_mean": 0.1862655207514763,
  "expression_speed_median": 0.09038834180682898,
  "expression_speed_std": 0.22203226014971733,
  "eye_contact_max": 0.9977992698550224,
  "eye_contact_mean": 0.9695399776101112,
  "eye_contact_median": 0.9767081066966057,
  "eye_contact_std": 0.02705607214011252,
  "eye_openness_max": 1.0,
  "eye_openness_mean": 0.8598289117217064,
  "eye_openness_median": 0.9325085580348969,
  "eye_openness_std": 0.19425428565591574,
  "eye_spacing_ratio_max": 0.7241777032613754,
  "eye_spacing_ratio_mean": 0.6461147964000702,
  "eye_spacing_ratio_median": 0.6489836871623993,
  "eye_spacing_ratio_std": 0.02774868533015251,
  "face_width_height_ratio_max": 0.9629276990890503,
  "face_width_height_ratio_mean": 0.7651910148561001,
  "face_width_height_ratio_median": 0.7752032838761806,
  "face_width_height_ratio_std": 0.08488996466621757,
  "facial_symmetry_max": 0.9946599826216698,
  "facial_symmetry_mean": 0.9054152145981789,
  "facial_symmetry_median": 0.9224584922194481,
  "facial_symmetry_std": 0.07399710174649954,
  "gaze_stability_max": 1.0,
  "gaze_stability_mean": 0.9882305487990379,
  "gaze_stability_median": 0.9952607452869415,
  "gaze_stability_std": 0.01771746127633378,
  "happy_max": 0.9452547803521156,
  "happy_mean": 0.1587845254689455,
  "happy_median": 0.004115003954211716,
  "happy_std": 0.2973468629643321,
  "head_tilt_max": 0.5405235327780247,
  "head_tilt_mean": 0.142425658646971,
  "head_tilt_median": 0.07800834253430367,
  "head_tilt_std": 0.14476975426077843,
  "jaw_ratio_max": 0.8612911626696587,
  "jaw_ratio_mean": 0.77995565533638,
  "jaw_ratio_median": 0.774993322789669,
  "jaw_ratio_std": 0.026732509722933173,
  "neutral_max": 0.9978275075554848,
  "neutral_mean": 0.3309948556125164,
  "neutral_median": 0.16786337600569823,
  "neutral_std": 0.38724394887685776,
  "processed_frames": 105.625,
  "smile_intensity_max": 0.8842218741774559,
  "smile_intensity_mean": 0.32956337835639715,
  "smile_intensity_median": 0.34943521535024047,
  "smile_intensity_std": 0.2716039577499032,
  "surprise_max": 0.5910498796729371,
  "surprise_mean": 0.02587618920370005,
  "surprise_median": 2.996828031953669e-05,
  "surprise_std": 0.10196629319398198,
  "video_count": 8.0,
  "valid_video_count": 8.0,
  "valid_video_ratio": 1.0,
  "total_processed_frames": 845.0,
  "avg_processed_frames": 105.625,
  "quality_score": 0.8816666666666666,
  "person_name": "Imoto Ayaka"
}