{
  "facial_symmetry_mean": 0.9019646048545837,
  "facial_symmetry_std": 0.06467583030462265,
  "facial_symmetry_median": 0.9152781963348389,
  "facial_symmetry_max": 0.9996848702430725,
  "face_width_height_ratio_mean": 1.3614826202392578,
  "face_width_height_ratio_std": 0.1707645058631897,
  "face_width_height_ratio_median": 1.4084666967391968,
  "face_width_height_ratio_max": 1.7175359725952148,
  "eye_spacing_ratio_mean": 0.6275894641876221,
  "eye_spacing_ratio_std": 0.03183789178729057,
  "eye_spacing_ratio_median": 0.6308032274246216,
  "eye_spacing_ratio_max": 0.7573708295822144,
  "jaw_ratio_mean": 0.785219132900238,
  "jaw_ratio_std": 0.01896785944700241,
  "jaw_ratio_median": 0.7832774519920349,
  "jaw_ratio_max": 0.8682579398155212,
  "smile_intensity_mean": 0.0755707249045372,
  "smile_intensity_std": 0.14351366460323334,
  "smile_intensity_median": 0.013903847895562649,
  "smile_intensity_max": 0.943343997001648,
  "eye_contact_mean": 0.9630813002586365,
  "eye_contact_std": 0.025380413979291916,
  "eye_contact_median": 0.969597578048706,
  "eye_contact_max": 0.9999043345451355,
  "eye_openness_mean": 0.4402390718460083,
  "eye_openness_std": 0.17495352029800415,
  "eye_openness_median": 0.43623051047325134,
  "eye_openness_max": 0.9334893226623535,
  "gaze_stability_mean": 0.991220235824585,
  "gaze_stability_std": 0.011792831122875214,
  "gaze_stability_median": 0.9954489469528198,
  "gaze_stability_max": 1.0,
  "head_tilt_mean": 0.044598061591386795,
  "head_tilt_std": 0.040442246943712234,
  "head_tilt_median": 0.03047943115234375,
  "head_tilt_max": 0.17361104488372803,
  "expression_speed_mean": 0.07879306375980377,
  "expression_speed_std": 0.10026818513870239,
  "expression_speed_median": 0.03967022895812988,
  "expression_speed_max": 0.718940019607544,
  "happy_mean": 0.20485182106494904,
  "happy_std": 0.35996824502944946,
  "happy_median": 0.0003854517999570817,
  "happy_max": 0.9998052716255188,
  "neutral_mean": 0.2497924566268921,
  "neutral_std": 0.33415135741233826,
  "neutral_median": 0.04774903878569603,
  "neutral_max": 0.9999481439590454,
  "surprise_mean": 0.048506107181310654,
  "surprise_std": 0.17138104140758514,
  "surprise_median": 2.4210557967307977e-05,
  "surprise_max": 0.9996078610420227,
  "processed_frames": 763.0,
  "video_name": "1 (1).mp4"
}