{
  "facial_symmetry_mean": 0.8280119895935059,
  "facial_symmetry_std": 0.09228993207216263,
  "facial_symmetry_median": 0.8637887239456177,
  "facial_symmetry_max": 0.9920344948768616,
  "face_width_height_ratio_mean": 1.4040472507476807,
  "face_width_height_ratio_std": 0.18423952162265778,
  "face_width_height_ratio_median": 1.4511668682098389,
  "face_width_height_ratio_max": 1.7987542152404785,
  "eye_spacing_ratio_mean": 0.6292077898979187,
  "eye_spacing_ratio_std": 0.02934015914797783,
  "eye_spacing_ratio_median": 0.6305354833602905,
  "eye_spacing_ratio_max": 0.708756685256958,
  "jaw_ratio_mean": 0.776605486869812,
  "jaw_ratio_std": 0.033994875848293304,
  "jaw_ratio_median": 0.7728732824325562,
  "jaw_ratio_max": 0.9630671143531799,
  "smile_intensity_mean": 0.07779354602098465,
  "smile_intensity_std": 0.1532440185546875,
  "smile_intensity_median": 0.013751565478742123,
  "smile_intensity_max": 0.8027043342590332,
  "eye_contact_mean": 0.9416921138763428,
  "eye_contact_std": 0.04283321648836136,
  "eye_contact_median": 0.9511411786079407,
  "eye_contact_max": 0.9982298612594604,
  "eye_openness_mean": 0.7573946714401245,
  "eye_openness_std": 0.1943320482969284,
  "eye_openness_median": 0.6874541640281677,
  "eye_openness_max": 1.0,
  "gaze_stability_mean": 0.9856109619140625,
  "gaze_stability_std": 0.023933572694659233,
  "gaze_stability_median": 0.9957863092422485,
  "gaze_stability_max": 1.0,
  "head_tilt_mean": 0.08414022624492645,
  "head_tilt_std": 0.14097176492214203,
  "head_tilt_median": 0.04466257989406586,
  "head_tilt_max": 1.0,
  "expression_speed_mean": 0.1187819093465805,
  "expression_speed_std": 0.1785975694656372,
  "expression_speed_median": 0.02323273941874504,
  "expression_speed_max": 0.7325449585914612,
  "happy_mean": 0.18118944764137268,
  "happy_std": 0.3489489257335663,
  "happy_median": 0.0003129966789856553,
  "happy_max": 0.9999575614929199,
  "neutral_mean": 0.3250989019870758,
  "neutral_std": 0.4169750213623047,
  "neutral_median": 0.01818244531750679,
  "neutral_max": 0.9999608993530273,
  "surprise_mean": 0.1501368284225464,
  "surprise_std": 0.32076066732406616,
  "surprise_median": 1.870595951913856e-06,
  "surprise_max": 0.999500036239624,
  "processed_frames": 102.0,
  "video_name": "1 (2).mp4"
}