{
  "facial_symmetry_mean": 0.821887195110321,
  "facial_symmetry_std": 0.1026204377412796,
  "facial_symmetry_median": 0.8128536939620972,
  "facial_symmetry_max": 0.9837124347686768,
  "face_width_height_ratio_mean": 1.2669389247894287,
  "face_width_height_ratio_std": 0.23413480818271637,
  "face_width_height_ratio_median": 1.2670212984085083,
  "face_width_height_ratio_max": 1.7912341356277466,
  "eye_spacing_ratio_mean": 0.6550567150115967,
  "eye_spacing_ratio_std": 0.04949090629816055,
  "eye_spacing_ratio_median": 0.664020299911499,
  "eye_spacing_ratio_max": 0.7426348924636841,
  "jaw_ratio_mean": 0.7750067114830017,
  "jaw_ratio_std": 0.02938131056725979,
  "jaw_ratio_median": 0.7777127027511597,
  "jaw_ratio_max": 0.8591413497924805,
  "smile_intensity_mean": 0.10904718935489655,
  "smile_intensity_std": 0.1560044139623642,
  "smile_intensity_median": 0.03690541535615921,
  "smile_intensity_max": 0.823337972164154,
  "eye_contact_mean": 0.9438158869743347,
  "eye_contact_std": 0.04201105609536171,
  "eye_contact_median": 0.9501785039901733,
  "eye_contact_max": 0.9999253749847412,
  "eye_openness_mean": 0.7999078631401062,
  "eye_openness_std": 0.25307154655456543,
  "eye_openness_median": 1.0,
  "eye_openness_max": 1.0,
  "gaze_stability_mean": 0.97429358959198,
  "gaze_stability_std": 0.027552790939807892,
  "gaze_stability_median": 0.9844084978103638,
  "gaze_stability_max": 1.0,
  "head_tilt_mean": 0.28104299306869507,
  "head_tilt_std": 0.31729286909103394,
  "head_tilt_median": 0.1548565924167633,
  "head_tilt_max": 1.0,
  "expression_speed_mean": 0.17345647513866425,
  "expression_speed_std": 0.21409547328948975,
  "expression_speed_median": 0.08338000625371933,
  "expression_speed_max": 0.8249454498291016,
  "happy_mean": 0.15276171267032623,
  "happy_std": 0.3485318422317505,
  "happy_median": 1.2119264283683151e-05,
  "happy_max": 0.9999989867210388,
  "neutral_mean": 0.15733645856380463,
  "neutral_std": 0.31437674164772034,
  "neutral_median": 0.00026315581635572016,
  "neutral_max": 0.9996840953826904,
  "surprise_mean": 0.010444669052958488,
  "surprise_std": 0.06896702200174332,
  "surprise_median": 1.0710834885685472e-08,
  "surprise_max": 0.6536912322044373,
  "processed_frames": 93.0,
  "video_name": "1 (3).mp4"
}