{
  "facial_symmetry_mean": 0.8832250833511353,
  "facial_symmetry_std": 0.09116847068071365,
  "facial_symmetry_median": 0.9053131341934204,
  "facial_symmetry_max": 0.9984921216964722,
  "face_width_height_ratio_mean": 1.0485914945602417,
  "face_width_height_ratio_std": 0.08529450744390488,
  "face_width_height_ratio_median": 1.0582786798477173,
  "face_width_height_ratio_max": 1.2044750452041626,
  "eye_spacing_ratio_mean": 0.6501177549362183,
  "eye_spacing_ratio_std": 0.02049253135919571,
  "eye_spacing_ratio_median": 0.6467860341072083,
  "eye_spacing_ratio_max": 0.7231143116950989,
  "jaw_ratio_mean": 0.7746861577033997,
  "jaw_ratio_std": 0.020110927522182465,
  "jaw_ratio_median": 0.7714166045188904,
  "jaw_ratio_max": 0.8637771606445312,
  "smile_intensity_mean": 0.165342316031456,
  "smile_intensity_std": 0.2612600028514862,
  "smile_intensity_median": 0.014896869659423828,
  "smile_intensity_max": 1.0,
  "eye_contact_mean": 0.9397531747817993,
  "eye_contact_std": 0.05634402111172676,
  "eye_contact_median": 0.9636099338531494,
  "eye_contact_max": 0.9997071027755737,
  "eye_openness_mean": 0.931918740272522,
  "eye_openness_std": 0.1667575091123581,
  "eye_openness_median": 1.0,
  "eye_openness_max": 1.0,
  "gaze_stability_mean": 0.9760782122612,
  "gaze_stability_std": 0.039954714477062225,
  "gaze_stability_median": 0.9897700548171997,
  "gaze_stability_max": 1.0,
  "head_tilt_mean": 0.15471959114074707,
  "head_tilt_std": 0.1755869835615158,
  "head_tilt_median": 0.08761368691921234,
  "head_tilt_max": 0.7772034406661987,
  "expression_speed_mean": 0.18445681035518646,
  "expression_speed_std": 0.21859554946422577,
  "expression_speed_median": 0.08081448823213577,
  "expression_speed_max": 0.9871241450309753,
  "happy_mean": 0.038969092071056366,
  "happy_std": 0.13505259156227112,
  "happy_median": 8.53704332257621e-05,
  "happy_max": 0.9955638647079468,
  "neutral_mean": 0.3236636221408844,
  "neutral_std": 0.37733495235443115,
  "neutral_median": 0.058257609605789185,
  "neutral_max": 0.9999995827674866,
  "surprise_mean": 0.11097465455532074,
  "surprise_std": 0.2889644503593445,
  "surprise_median": 1.275065733352676e-05,
  "surprise_max": 0.9988511800765991,
  "processed_frames": 103.0,
  "video_name": "1 (4).mp4"
}