{
  "facial_symmetry_mean": 0.8532196283340454,
  "facial_symmetry_std": 0.10539552569389343,
  "facial_symmetry_median": 0.8701249361038208,
  "facial_symmetry_max": 0.9999997615814209,
  "face_width_height_ratio_mean": 1.3755911588668823,
  "face_width_height_ratio_std": 0.14698147773742676,
  "face_width_height_ratio_median": 1.4021799564361572,
  "face_width_height_ratio_max": 1.663190484046936,
  "eye_spacing_ratio_mean": 0.6467757225036621,
  "eye_spacing_ratio_std": 0.0284915491938591,
  "eye_spacing_ratio_median": 0.6442307233810425,
  "eye_spacing_ratio_max": 0.7426415681838989,
  "jaw_ratio_mean": 0.7883254885673523,
  "jaw_ratio_std": 0.02602960728108883,
  "jaw_ratio_median": 0.7864772081375122,
  "jaw_ratio_max": 0.8776701092720032,
  "smile_intensity_mean": 0.1910657435655594,
  "smile_intensity_std": 0.2349090874195099,
  "smile_intensity_median": 0.07049256563186646,
  "smile_intensity_max": 1.0,
  "eye_contact_mean": 0.9396302700042725,
  "eye_contact_std": 0.05874427780508995,
  "eye_contact_median": 0.9623334407806396,
  "eye_contact_max": 0.9998642802238464,
  "eye_openness_mean": 0.7846945524215698,
  "eye_openness_std": 0.3024795651435852,
  "eye_openness_median": 1.0,
  "eye_openness_max": 1.0,
  "gaze_stability_mean": 0.9761581420898438,
  "gaze_stability_std": 0.03513208031654358,
  "gaze_stability_median": 0.9876387119293213,
  "gaze_stability_max": 1.0,
  "head_tilt_mean": 0.12616699934005737,
  "head_tilt_std": 0.1303262710571289,
  "head_tilt_median": 0.0852828100323677,
  "head_tilt_max": 0.7016556262969971,
  "expression_speed_mean": 0.18102771043777466,
  "expression_speed_std": 0.19354799389839172,
  "expression_speed_median": 0.10798721015453339,
  "expression_speed_max": 0.993780791759491,
  "happy_mean": 0.1578240692615509,
  "happy_std": 0.33536967635154724,
  "happy_median": 0.0005313880392350256,
  "happy_max": 1.0,
  "neutral_mean": 0.25925493240356445,
  "neutral_std": 0.3496573269367218,
  "neutral_median": 0.04622817039489746,
  "neutral_max": 0.9995298981666565,
  "surprise_mean": 0.033460114151239395,
  "surprise_std": 0.14330065250396729,
  "surprise_median": 3.086444621658302e-06,
  "surprise_max": 0.9999211430549622,
  "processed_frames": 194.0,
  "video_name": "1 (5).mp4"
}