{
  "facial_symmetry_mean": 0.77108234167099,
  "facial_symmetry_std": 0.20600253343582153,
  "facial_symmetry_median": 0.8328384757041931,
  "facial_symmetry_max": 0.9995787739753723,
  "face_width_height_ratio_mean": 1.4015990495681763,
  "face_width_height_ratio_std": 0.19945447146892548,
  "face_width_height_ratio_median": 1.4612488746643066,
  "face_width_height_ratio_max": 1.9607475996017456,
  "eye_spacing_ratio_mean": 0.6255947351455688,
  "eye_spacing_ratio_std": 0.029443802312016487,
  "eye_spacing_ratio_median": 0.6275613903999329,
  "eye_spacing_ratio_max": 0.7410924434661865,
  "jaw_ratio_mean": 0.78923499584198,
  "jaw_ratio_std": 0.027658965438604355,
  "jaw_ratio_median": 0.7840877771377563,
  "jaw_ratio_max": 0.896643340587616,
  "smile_intensity_mean": 0.05903371050953865,
  "smile_intensity_std": 0.08739781379699707,
  "smile_intensity_median": 0.011871499940752983,
  "smile_intensity_max": 0.5337117314338684,
  "eye_contact_mean": 0.9264625310897827,
  "eye_contact_std": 0.08101631700992584,
  "eye_contact_median": 0.9502286911010742,
  "eye_contact_max": 0.9997008442878723,
  "eye_openness_mean": 0.9827614426612854,
  "eye_openness_std": 0.07986734062433243,
  "eye_openness_median": 1.0,
  "eye_openness_max": 1.0,
  "gaze_stability_mean": 0.9779993891716003,
  "gaze_stability_std": 0.028827251866459846,
  "gaze_stability_median": 0.9889153838157654,
  "gaze_stability_max": 1.0,
  "head_tilt_mean": 0.14686118066310883,
  "head_tilt_std": 0.2013728767633438,
  "head_tilt_median": 0.08055515587329865,
  "head_tilt_max": 0.9721755385398865,
  "expression_speed_mean": 0.09066127985715866,
  "expression_speed_std": 0.10598688572645187,
  "expression_speed_median": 0.04793696478009224,
  "expression_speed_max": 0.6417660117149353,
  "happy_mean": 0.11641722917556763,
  "happy_std": 0.2780788540840149,
  "happy_median": 0.00011903456470463425,
  "happy_max": 0.9999575018882751,
  "neutral_mean": 0.4538590610027313,
  "neutral_std": 0.40478357672691345,
  "neutral_median": 0.42504289746284485,
  "neutral_max": 0.9999984502792358,
  "surprise_mean": 0.013695319183170795,
  "surprise_std": 0.09220920503139496,
  "surprise_median": 2.0342555217212066e-05,
  "surprise_max": 0.9600697159767151,
  "processed_frames": 219.0,
  "video_name": "1 (6).mp4"
}