{
  "expression_speed_max": 0.8165168960889181,
  "expression_speed_mean": 0.13786287481586137,
  "expression_speed_median": 0.06383693963289261,
  "expression_speed_std": 0.16851527616381645,
  "eye_contact_max": 0.9995552996794382,
  "eye_contact_mean": 0.9424058794975281,
  "eye_contact_median": 0.9578482210636139,
  "eye_contact_std": 0.05105488374829292,
  "eye_openness_max": 0.9889148871103922,
  "eye_openness_mean": 0.782819390296936,
  "eye_openness_median": 0.8539474457502365,
  "eye_openness_std": 0.1952435883382956,
  "eye_spacing_ratio_max": 0.7359351217746735,
  "eye_spacing_ratio_mean": 0.6390570302804311,
  "eye_spacing_ratio_median": 0.6406561930974325,
  "eye_spacing_ratio_std": 0.031516140016416706,
  "face_width_height_ratio_max": 1.6893229087193806,
  "face_width_height_ratio_mean": 1.3097084164619446,
  "face_width_height_ratio_median": 1.341393729050954,
  "face_width_height_ratio_std": 0.17014488205313683,
  "facial_symmetry_max": 0.9955837428569794,
  "facial_symmetry_mean": 0.8432318071524302,
  "facial_symmetry_median": 0.8666995267073313,
  "facial_symmetry_std": 0.11035878832141559,
  "gaze_stability_max": 1.0,
  "gaze_stability_mean": 0.9802267551422119,
  "gaze_stability_median": 0.9903279840946198,
  "gaze_stability_std": 0.027865540236234665,
  "happy_max": 0.99921386440595,
  "happy_mean": 0.14200222864747047,
  "happy_median": 0.00024106013006530702,
  "happy_std": 0.30099168916543323,
  "head_tilt_max": 0.7707742750644684,
  "head_tilt_mean": 0.13958817534148693,
  "head_tilt_median": 0.08057504271467526,
  "head_tilt_std": 0.16766550205647945,
  "jaw_ratio_max": 0.888092835744222,
  "jaw_ratio_mean": 0.781512995560964,
  "jaw_ratio_median": 0.779307504494985,
  "jaw_ratio_std": 0.026023924350738525,
  "neutral_max": 0.999853511651357,
  "neutral_mean": 0.2948342387874921,
  "neutral_median": 0.09928721956384834,
  "neutral_std": 0.3662131627400716,
  "processed_frames": 245.66666666666666,
  "smile_intensity_max": 0.8505163391431173,
  "smile_intensity_mean": 0.11297553839782874,
  "smile_intensity_median": 0.02697029399375121,
  "smile_intensity_std": 0.17272150019804636,
  "surprise_max": 0.9352735280990601,
  "surprise_mean": 0.061202948757757746,
  "surprise_median": 1.0378586987750774e-05,
  "surprise_std": 0.1809305064380169,
  "video_count": 6.0,
  "valid_video_count": 6.0,
  "valid_video_ratio": 1.0,
  "total_processed_frames": 1474.0,
  "avg_processed_frames": 245.66666666666666,
  "quality_score": 1.0,
  "person_name": "Trần Đức Dung"
}