{
  "facial_symmetry_mean": 0.9205358028411865,
  "facial_symmetry_std": 0.04350416734814644,
  "facial_symmetry_median": 0.926726758480072,
  "facial_symmetry_max": 0.9998254776000977,
  "face_width_height_ratio_mean": 0.5945833325386047,
  "face_width_height_ratio_std": 0.07207587361335754,
  "face_width_height_ratio_median": 0.6073586344718933,
  "face_width_height_ratio_max": 0.7461822032928467,
  "eye_spacing_ratio_mean": 0.6456596255302429,
  "eye_spacing_ratio_std": 0.026300564408302307,
  "eye_spacing_ratio_median": 0.6419999003410339,
  "eye_spacing_ratio_max": 0.730506956577301,
  "jaw_ratio_mean": 0.7823813557624817,
  "jaw_ratio_std": 0.02875186875462532,
  "jaw_ratio_median": 0.7819501161575317,
  "jaw_ratio_max": 0.8726492524147034,
  "smile_intensity_mean": 0.5635906457901001,
  "smile_intensity_std": 0.3320285677909851,
  "smile_intensity_median": 0.5672038793563843,
  "smile_intensity_max": 1.0,
  "eye_contact_mean": 0.9720902442932129,
  "eye_contact_std": 0.02316509187221527,
  "eye_contact_median": 0.9791966676712036,
  "eye_contact_max": 0.9996305704116821,
  "eye_openness_mean": 0.8059697151184082,
  "eye_openness_std": 0.1851390302181244,
  "eye_openness_median": 0.8366957306861877,
  "eye_openness_max": 1.0,
  "gaze_stability_mean": 0.9866074919700623,
  "gaze_stability_std": 0.015976181253790855,
  "gaze_stability_median": 0.99260413646698,
  "gaze_stability_max": 1.0,
  "head_tilt_mean": 0.10117404162883759,
  "head_tilt_std": 0.08543279767036438,
  "head_tilt_median": 0.06852768361568451,
  "head_tilt_max": 0.39259105920791626,
  "expression_speed_mean": 0.22865252196788788,
  "expression_speed_std": 0.2308647334575653,
  "expression_speed_median": 0.14128609001636505,
  "expression_speed_max": 1.0,
  "happy_mean": 0.37512239813804626,
  "happy_std": 0.4439793825149536,
  "happy_median": 0.06196681782603264,
  "happy_max": 0.9999992847442627,
  "neutral_mean": 0.20955155789852142,
  "neutral_std": 0.3438875079154968,
  "neutral_median": 0.005896428599953651,
  "neutral_max": 0.9999871850013733,
  "surprise_mean": 0.013355125673115253,
  "surprise_std": 0.06814314424991608,
  "surprise_median": 3.8521488932019565e-07,
  "surprise_max": 0.6272667646408081,
  "processed_frames": 101.0,
  "video_name": "1 (2).mp4"
}