{
  "facial_symmetry_mean": 0.8130828142166138,
  "facial_symmetry_std": 0.09065667539834976,
  "facial_symmetry_median": 0.8088668584823608,
  "facial_symmetry_max": 0.997933566570282,
  "face_width_height_ratio_mean": 1.4014381170272827,
  "face_width_height_ratio_std": 0.15105915069580078,
  "face_width_height_ratio_median": 1.4171624183654785,
  "face_width_height_ratio_max": 1.7262979745864868,
  "eye_spacing_ratio_mean": 0.6435863375663757,
  "eye_spacing_ratio_std": 0.024268819019198418,
  "eye_spacing_ratio_median": 0.6407266855239868,
  "eye_spacing_ratio_max": 0.7519667148590088,
  "jaw_ratio_mean": 0.7728211283683777,
  "jaw_ratio_std": 0.02106102555990219,
  "jaw_ratio_median": 0.7724264860153198,
  "jaw_ratio_max": 0.9296081066131592,
  "smile_intensity_mean": 0.04772942140698433,
  "smile_intensity_std": 0.06539832055568695,
  "smile_intensity_median": 0.013097213581204414,
  "smile_intensity_max": 0.24568694829940796,
  "eye_contact_mean": 0.9571290612220764,
  "eye_contact_std": 0.023237522691488266,
  "eye_contact_median": 0.9578176140785217,
  "eye_contact_max": 0.9961693286895752,
  "eye_openness_mean": 0.7822568416595459,
  "eye_openness_std": 0.27636390924453735,
  "eye_openness_median": 0.8866970539093018,
  "eye_openness_max": 1.0,
  "gaze_stability_mean": 0.9872273802757263,
  "gaze_stability_std": 0.014874552376568317,
  "gaze_stability_median": 0.9924627542495728,
  "gaze_stability_max": 1.0,
  "head_tilt_mean": 0.0841556042432785,
  "head_tilt_std": 0.0608239509165287,
  "head_tilt_median": 0.07944688200950623,
  "head_tilt_max": 0.2169087529182434,
  "expression_speed_mean": 0.10095168650150299,
  "expression_speed_std": 0.167715385556221,
  "expression_speed_median": 0.033728744834661484,
  "expression_speed_max": 0.8736392855644226,
  "happy_mean": 0.20367145538330078,
  "happy_std": 0.3490077257156372,
  "happy_median": 0.0010312257800251245,
  "happy_max": 0.9975745677947998,
  "neutral_mean": 0.3742055594921112,
  "neutral_std": 0.40439310669898987,
  "neutral_median": 0.1799180805683136,
  "neutral_max": 0.9999872446060181,
  "surprise_mean": 0.022047018632292747,
  "surprise_std": 0.10557293891906738,
  "surprise_median": 1.2098368642909918e-05,
  "surprise_max": 0.9229238629341125,
  "processed_frames": 132.0,
  "video_name": "1 (3).mp4"
}