{
  "facial_symmetry_mean": 0.7789061069488525,
  "facial_symmetry_std": 0.16421820223331451,
  "facial_symmetry_median": 0.8307672142982483,
  "facial_symmetry_max": 0.9980047941207886,
  "face_width_height_ratio_mean": 1.0014182329177856,
  "face_width_height_ratio_std": 0.12244542688131332,
  "face_width_height_ratio_median": 1.0305641889572144,
  "face_width_height_ratio_max": 1.3299896717071533,
  "eye_spacing_ratio_mean": 0.6388211250305176,
  "eye_spacing_ratio_std": 0.04331653565168381,
  "eye_spacing_ratio_median": 0.6459656953811646,
  "eye_spacing_ratio_max": 0.7679871320724487,
  "jaw_ratio_mean": 0.7818689346313477,
  "jaw_ratio_std": 0.032160669565200806,
  "jaw_ratio_median": 0.7803534865379333,
  "jaw_ratio_max": 0.8501572608947754,
  "smile_intensity_mean": 0.18127577006816864,
  "smile_intensity_std": 0.2509889602661133,
  "smile_intensity_median": 0.04935707151889801,
  "smile_intensity_max": 1.0,
  "eye_contact_mean": 0.9407660365104675,
  "eye_contact_std": 0.04993810877203941,
  "eye_contact_median": 0.9490389823913574,
  "eye_contact_max": 0.9956408739089966,
  "eye_openness_mean": 0.8270329833030701,
  "eye_openness_std": 0.2826620638370514,
  "eye_openness_median": 1.0,
  "eye_openness_max": 1.0,
  "gaze_stability_mean": 0.9750285148620605,
  "gaze_stability_std": 0.03838224709033966,
  "gaze_stability_median": 0.9893081188201904,
  "gaze_stability_max": 1.0,
  "head_tilt_mean": 0.14547495543956757,
  "head_tilt_std": 0.09969869256019592,
  "head_tilt_median": 0.13127875328063965,
  "head_tilt_max": 0.49147576093673706,
  "expression_speed_mean": 0.17671535909175873,
  "expression_speed_std": 0.22335359454154968,
  "expression_speed_median": 0.08633723855018616,
  "expression_speed_max": 1.0,
  "happy_mean": 0.08772671967744827,
  "happy_std": 0.2567249536514282,
  "happy_median": 1.8575370631879196e-05,
  "happy_max": 0.9996439218521118,
  "neutral_mean": 0.45444726943969727,
  "neutral_std": 0.42120200395584106,
  "neutral_median": 0.3373008966445923,
  "neutral_max": 1.0,
  "surprise_mean": 0.030131952837109566,
  "surprise_std": 0.15085238218307495,
  "surprise_median": 6.423364879992732e-07,
  "surprise_max": 0.9964252710342407,
  "processed_frames": 68.0,
  "video_name": "1 (5).mp4"
}