{
  "facial_symmetry_mean": 0.8447188138961792,
  "facial_symmetry_std": 0.08182350546121597,
  "facial_symmetry_median": 0.8519626259803772,
  "facial_symmetry_max": 0.9885273575782776,
  "face_width_height_ratio_mean": 0.408843070268631,
  "face_width_height_ratio_std": 0.07174871116876602,
  "face_width_height_ratio_median": 0.44098180532455444,
  "face_width_height_ratio_max": 0.5329193472862244,
  "eye_spacing_ratio_mean": 0.6406543850898743,
  "eye_spacing_ratio_std": 0.05208095535635948,
  "eye_spacing_ratio_median": 0.6369458436965942,
  "eye_spacing_ratio_max": 0.8821888566017151,
  "jaw_ratio_mean": 0.7833860516548157,
  "jaw_ratio_std": 0.021925942972302437,
  "jaw_ratio_median": 0.7782568335533142,
  "jaw_ratio_max": 0.8471646904945374,
  "smile_intensity_mean": 0.2205924093723297,
  "smile_intensity_std": 0.2854328453540802,
  "smile_intensity_median": 0.08931251615285873,
  "smile_intensity_max": 1.0,
  "eye_contact_mean": 0.9308193325996399,
  "eye_contact_std": 0.06516236811876297,
  "eye_contact_median": 0.9581654071807861,
  "eye_contact_max": 0.9991852045059204,
  "eye_openness_mean": 0.8337644934654236,
  "eye_openness_std": 0.2666109800338745,
  "eye_openness_median": 1.0,
  "eye_openness_max": 1.0,
  "gaze_stability_mean": 0.9783924221992493,
  "gaze_stability_std": 0.03020622953772545,
  "gaze_stability_median": 0.9894256591796875,
  "gaze_stability_max": 1.0,
  "head_tilt_mean": 0.21623925864696503,
  "head_tilt_std": 0.2487259954214096,
  "head_tilt_median": 0.09273186326026917,
  "head_tilt_max": 0.8095247149467468,
  "expression_speed_mean": 0.17454421520233154,
  "expression_speed_std": 0.22163920104503632,
  "expression_speed_median": 0.07858438044786453,
  "expression_speed_max": 0.9937653541564941,
  "happy_mean": 0.08188243955373764,
  "happy_std": 0.22043713927268982,
  "happy_median": 0.00030110543593764305,
  "happy_max": 0.999701738357544,
  "neutral_mean": 0.3223240077495575,
  "neutral_std": 0.3933122456073761,
  "neutral_median": 0.021305883303284645,
  "neutral_max": 0.9897220134735107,
  "surprise_mean": 0.016969628632068634,
  "surprise_std": 0.09397820383310318,
  "surprise_median": 2.827593334586709e-06,
  "surprise_max": 0.7939578890800476,
  "processed_frames": 83.0,
  "video_name": "1 (6).mp4"
}