{
  "facial_symmetry_mean": 0.9122236967086792,
  "facial_symmetry_std": 0.05442071333527565,
  "facial_symmetry_median": 0.9191999435424805,
  "facial_symmetry_max": 0.9997007250785828,
  "face_width_height_ratio_mean": 0.5983882546424866,
  "face_width_height_ratio_std": 0.09093775600194931,
  "face_width_height_ratio_median": 0.630949854850769,
  "face_width_height_ratio_max": 0.7384566068649292,
  "eye_spacing_ratio_mean": 0.6536965370178223,
  "eye_spacing_ratio_std": 0.0436275452375412,
  "eye_spacing_ratio_median": 0.652351975440979,
  "eye_spacing_ratio_max": 0.7342422604560852,
  "jaw_ratio_mean": 0.7476450204849243,
  "jaw_ratio_std": 0.019570456817746162,
  "jaw_ratio_median": 0.7415651679039001,
  "jaw_ratio_max": 0.7991910576820374,
  "smile_intensity_mean": 0.07609689980745316,
  "smile_intensity_std": 0.11101803183555603,
  "smile_intensity_median": 0.028944559395313263,
  "smile_intensity_max": 0.4487142264842987,
  "eye_contact_mean": 0.9610953330993652,
  "eye_contact_std": 0.02145577408373356,
  "eye_contact_median": 0.966578483581543,
  "eye_contact_max": 0.9990099668502808,
  "eye_openness_mean": 0.8516554236412048,
  "eye_openness_std": 0.22361908853054047,
  "eye_openness_median": 1.0,
  "eye_openness_max": 1.0,
  "gaze_stability_mean": 0.9879999160766602,
  "gaze_stability_std": 0.01533558126538992,
  "gaze_stability_median": 0.9943807721138,
  "gaze_stability_max": 1.0,
  "head_tilt_mean": 0.06269766390323639,
  "head_tilt_std": 0.03738813102245331,
  "head_tilt_median": 0.059347450733184814,
  "head_tilt_max": 0.15035241842269897,
  "expression_speed_mean": 0.16441451013088226,
  "expression_speed_std": 0.20482228696346283,
  "expression_speed_median": 0.08958856016397476,
  "expression_speed_max": 0.792413592338562,
  "happy_mean": 0.06933403015136719,
  "happy_std": 0.2334209829568863,
  "happy_median": 0.00014162824663799256,
  "happy_max": 0.962342381477356,
  "neutral_mean": 0.41341355443000793,
  "neutral_std": 0.40668466687202454,
  "neutral_median": 0.25341764092445374,
  "neutral_max": 0.9936566948890686,
  "surprise_mean": 0.010043605230748653,
  "surprise_std": 0.05274830013513565,
  "surprise_median": 8.695227506905212e-07,
  "surprise_max": 0.3793482482433319,
  "processed_frames": 55.0,
  "video_name": "1 (7).mp4"
}