{
  "facial_symmetry_mean": 0.7930169701576233,
  "facial_symmetry_std": 0.10115116834640503,
  "facial_symmetry_median": 0.7870218753814697,
  "facial_symmetry_max": 0.9933763742446899,
  "face_width_height_ratio_mean": 1.2836111783981323,
  "face_width_height_ratio_std": 0.23327834904193878,
  "face_width_height_ratio_median": 1.3450748920440674,
  "face_width_height_ratio_max": 1.604270339012146,
  "eye_spacing_ratio_mean": 0.6421152353286743,
  "eye_spacing_ratio_std": 0.032341938465833664,
  "eye_spacing_ratio_median": 0.6386945843696594,
  "eye_spacing_ratio_max": 0.7613617181777954,
  "jaw_ratio_mean": 0.7689865231513977,
  "jaw_ratio_std": 0.03253518417477608,
  "jaw_ratio_median": 0.7664334177970886,
  "jaw_ratio_max": 0.8726708292961121,
  "smile_intensity_mean": 0.1525086909532547,
  "smile_intensity_std": 0.2116016298532486,
  "smile_intensity_median": 0.04636804386973381,
  "smile_intensity_max": 1.0,
  "eye_contact_mean": 0.9372057318687439,
  "eye_contact_std": 0.045762766152620316,
  "eye_contact_median": 0.9428904056549072,
  "eye_contact_max": 0.9994999170303345,
  "eye_openness_mean": 0.7973527908325195,
  "eye_openness_std": 0.2402600795030594,
  "eye_openness_median": 0.8905406594276428,
  "eye_openness_max": 1.0,
  "gaze_stability_mean": 0.9769434928894043,
  "gaze_stability_std": 0.03309284523129463,
  "gaze_stability_median": 0.9908519387245178,
  "gaze_stability_max": 1.0,
  "head_tilt_mean": 0.11845357716083527,
  "head_tilt_std": 0.15868549048900604,
  "head_tilt_median": 0.04728063941001892,
  "head_tilt_max": 0.6926414370536804,
  "expression_speed_mean": 0.13409939408302307,
  "expression_speed_std": 0.1769760251045227,
  "expression_speed_median": 0.0565008670091629,
  "expression_speed_max": 0.9105209708213806,
  "happy_mean": 0.09836491197347641,
  "happy_std": 0.261447012424469,
  "happy_median": 0.0002748741826508194,
  "happy_max": 0.9998572468757629,
  "neutral_mean": 0.4030720889568329,
  "neutral_std": 0.43072670698165894,
  "neutral_median": 0.1559446007013321,
  "neutral_max": 0.9988865852355957,
  "surprise_mean": 0.04162432253360748,
  "surprise_std": 0.15946711599826813,
  "surprise_median": 3.754297267732909e-06,
  "surprise_max": 0.9984276294708252,
  "processed_frames": 157.0,
  "video_name": "1 (8).mp4"
}