{
  "facial_symmetry_mean": 0.7924466133117676,
  "facial_symmetry_std": 0.11559674143791199,
  "facial_symmetry_median": 0.7461884617805481,
  "facial_symmetry_max": 0.9998822808265686,
  "face_width_height_ratio_mean": 1.4912817478179932,
  "face_width_height_ratio_std": 0.23128549754619598,
  "face_width_height_ratio_median": 1.573984146118164,
  "face_width_height_ratio_max": 1.7335517406463623,
  "eye_spacing_ratio_mean": 0.6541650891304016,
  "eye_spacing_ratio_std": 0.032739557325839996,
  "eye_spacing_ratio_median": 0.6491706371307373,
  "eye_spacing_ratio_max": 0.7227813601493835,
  "jaw_ratio_mean": 0.7476121187210083,
  "jaw_ratio_std": 0.024197867140173912,
  "jaw_ratio_median": 0.7450864315032959,
  "jaw_ratio_max": 0.8603285551071167,
  "smile_intensity_mean": 0.03535795584321022,
  "smile_intensity_std": 0.05019616335630417,
  "smile_intensity_median": 0.011612452566623688,
  "smile_intensity_max": 0.2709546685218811,
  "eye_contact_mean": 0.9479204416275024,
  "eye_contact_std": 0.0426606610417366,
  "eye_contact_median": 0.9561448097229004,
  "eye_contact_max": 0.9989458322525024,
  "eye_openness_mean": 0.8556283116340637,
  "eye_openness_std": 0.18763341009616852,
  "eye_openness_median": 0.9787335991859436,
  "eye_openness_max": 1.0,
  "gaze_stability_mean": 0.9794400930404663,
  "gaze_stability_std": 0.02348816767334938,
  "gaze_stability_median": 0.9895981550216675,
  "gaze_stability_max": 1.0,
  "head_tilt_mean": 0.07085789740085602,
  "head_tilt_std": 0.07428531348705292,
  "head_tilt_median": 0.037470459938049316,
  "head_tilt_max": 0.2645610272884369,
  "expression_speed_mean": 0.1093897745013237,
  "expression_speed_std": 0.12102557718753815,
  "expression_speed_median": 0.044665317982435226,
  "expression_speed_max": 0.5958025455474854,
  "happy_mean": 0.055541910231113434,
  "happy_std": 0.19118274748325348,
  "happy_median": 8.096589226624928e-06,
  "happy_max": 0.9619191288948059,
  "neutral_mean": 0.29457613825798035,
  "neutral_std": 0.2936144769191742,
  "neutral_median": 0.15708820521831512,
  "neutral_max": 0.9446625709533691,
  "surprise_mean": 0.023114308714866638,
  "surprise_std": 0.1101992279291153,
  "surprise_median": 6.242668405320728e-06,
  "surprise_max": 0.7746259570121765,
  "processed_frames": 53.0,
  "video_name": "1.mp4"
}