{
  "expression_speed_max": 0.879770077764988,
  "expression_speed_mean": 0.1583935720846057,
  "expression_speed_median": 0.08299288060516119,
  "expression_speed_std": 0.1890883967280388,
  "eye_contact_max": 0.9979403987526894,
  "eye_contact_mean": 0.9467971920967102,
  "eye_contact_median": 0.9560748711228371,
  "eye_contact_std": 0.0409060122910887,
  "eye_openness_max": 1.0,
  "eye_openness_mean": 0.8207780122756958,
  "eye_openness_median": 0.9377466216683388,
  "eye_openness_std": 0.23445110581815243,
  "eye_spacing_ratio_max": 0.7631787061691284,
  "eye_spacing_ratio_mean": 0.6447001546621323,
  "eye_spacing_ratio_median": 0.6426617056131363,
  "eye_spacing_ratio_std": 0.03655674238689244,
  "face_width_height_ratio_max": 1.2804416343569756,
  "face_width_height_ratio_mean": 1.0041381604969501,
  "face_width_height_ratio_median": 1.035733476281166,
  "face_width_height_ratio_std": 0.14731387700885534,
  "facial_symmetry_max": 0.9958183616399765,
  "facial_symmetry_mean": 0.8258362337946892,
  "facial_symmetry_median": 0.8297615945339203,
  "facial_symmetry_std": 0.09829202201217413,
  "gaze_stability_max": 1.0,
  "gaze_stability_mean": 0.9801534116268158,
  "gaze_stability_median": 0.9904728829860687,
  "gaze_stability_std": 0.02701367042027414,
  "happy_max": 0.9901145100593567,
  "happy_mean": 0.13662275671958923,
  "happy_median": 0.008005703323078706,
  "happy_std": 0.2802202180027962,
  "head_tilt_max": 0.4680704437196255,
  "head_tilt_mean": 0.11311937402933836,
  "head_tilt_median": 0.07335017994046211,
  "head_tilt_std": 0.11166054988279939,
  "jaw_ratio_max": 0.8695805296301842,
  "jaw_ratio_mean": 0.7719677984714508,
  "jaw_ratio_median": 0.768971785902977,
  "jaw_ratio_std": 0.026748504722490907,
  "neutral_max": 0.9908579960465431,
  "neutral_mean": 0.3476321566849947,
  "neutral_median": 0.14059419778641313,
  "neutral_std": 0.38904969394207,
  "processed_frames": 89.625,
  "smile_intensity_max": 0.6740814670920372,
  "smile_intensity_mean": 0.1728119421750307,
  "smile_intensity_median": 0.10940614040009677,
  "smile_intensity_std": 0.17697760742157698,
  "surprise_max": 0.8080455027520657,
  "surprise_mean": 0.02571441838517785,
  "surprise_median": 5.30879240301374e-06,
  "surprise_std": 0.11509530991315842,
  "video_count": 8.0,
  "valid_video_count": 8.0,
  "valid_video_ratio": 1.0,
  "total_processed_frames": 717.0,
  "avg_processed_frames": 89.625,
  "quality_score": 0.839,
  "person_name": "Lưu Tâm Du"
}