{
  "facial_symmetry_mean": 0.8548303842544556,
  "facial_symmetry_std": 0.12411107867956161,
  "facial_symmetry_median": 0.8984967470169067,
  "facial_symmetry_max": 0.9959203600883484,
  "face_width_height_ratio_mean": 1.3964554071426392,
  "face_width_height_ratio_std": 0.1033824235200882,
  "face_width_height_ratio_median": 1.4107495546340942,
  "face_width_height_ratio_max": 1.6608409881591797,
  "eye_spacing_ratio_mean": 0.6592403650283813,
  "eye_spacing_ratio_std": 0.02102610468864441,
  "eye_spacing_ratio_median": 0.659473180770874,
  "eye_spacing_ratio_max": 0.7525127530097961,
  "jaw_ratio_mean": 0.7819803953170776,
  "jaw_ratio_std": 0.018150653690099716,
  "jaw_ratio_median": 0.7813118696212769,
  "jaw_ratio_max": 0.8217899799346924,
  "smile_intensity_mean": 0.12821345031261444,
  "smile_intensity_std": 0.17028376460075378,
  "smile_intensity_median": 0.023587090894579887,
  "smile_intensity_max": 0.9151628613471985,
  "eye_contact_mean": 0.9545550346374512,
  "eye_contact_std": 0.05695002153515816,
  "eye_contact_median": 0.968135416507721,
  "eye_contact_max": 0.9999428987503052,
  "eye_openness_mean": 0.6869083642959595,
  "eye_openness_std": 0.2678848206996918,
  "eye_openness_median": 0.7153797149658203,
  "eye_openness_max": 1.0,
  "gaze_stability_mean": 0.9787517786026001,
  "gaze_stability_std": 0.03238232433795929,
  "gaze_stability_median": 0.9900901317596436,
  "gaze_stability_max": 1.0,
  "head_tilt_mean": 0.1670721173286438,
  "head_tilt_std": 0.1663973480463028,
  "head_tilt_median": 0.09814277291297913,
  "head_tilt_max": 0.6277518272399902,
  "expression_speed_mean": 0.14412404596805573,
  "expression_speed_std": 0.1894112080335617,
  "expression_speed_median": 0.06918542087078094,
  "expression_speed_max": 1.0,
  "happy_mean": 0.20564034581184387,
  "happy_std": 0.3388831615447998,
  "happy_median": 0.0029826010577380657,
  "happy_max": 0.9999690055847168,
  "neutral_mean": 0.4281126856803894,
  "neutral_std": 0.40762656927108765,
  "neutral_median": 0.30874186754226685,
  "neutral_max": 0.9996603727340698,
  "surprise_mean": 0.004169853869825602,
  "surprise_std": 0.03511502593755722,
  "surprise_median": 2.0872939785476774e-05,
  "surprise_max": 0.412602037191391,
  "processed_frames": 138.0,
  "video_name": "1 (2).mp4"
}