{
  "facial_symmetry_mean": 0.8311395049095154,
  "facial_symmetry_std": 0.12466751784086227,
  "facial_symmetry_median": 0.8331577777862549,
  "facial_symmetry_max": 0.9999063014984131,
  "face_width_height_ratio_mean": 1.37362539768219,
  "face_width_height_ratio_std": 0.13485057651996613,
  "face_width_height_ratio_median": 1.3764985799789429,
  "face_width_height_ratio_max": 1.7194124460220337,
  "eye_spacing_ratio_mean": 0.6609029173851013,
  "eye_spacing_ratio_std": 0.025079786777496338,
  "eye_spacing_ratio_median": 0.6609592437744141,
  "eye_spacing_ratio_max": 0.7631429433822632,
  "jaw_ratio_mean": 0.7875394225120544,
  "jaw_ratio_std": 0.020276477560400963,
  "jaw_ratio_median": 0.7837244272232056,
  "jaw_ratio_max": 0.8383921980857849,
  "smile_intensity_mean": 0.14702288806438446,
  "smile_intensity_std": 0.1876690834760666,
  "smile_intensity_median": 0.05648444592952728,
  "smile_intensity_max": 0.7770007252693176,
  "eye_contact_mean": 0.9385278224945068,
  "eye_contact_std": 0.0488164983689785,
  "eye_contact_median": 0.9529085159301758,
  "eye_contact_max": 0.9987999796867371,
  "eye_openness_mean": 0.9180901050567627,
  "eye_openness_std": 0.15637889504432678,
  "eye_openness_median": 1.0,
  "eye_openness_max": 1.0,
  "gaze_stability_mean": 0.9677035212516785,
  "gaze_stability_std": 0.040540046989917755,
  "gaze_stability_median": 0.9858994483947754,
  "gaze_stability_max": 1.0,
  "head_tilt_mean": 0.19248464703559875,
  "head_tilt_std": 0.11633050441741943,
  "head_tilt_median": 0.21716192364692688,
  "head_tilt_max": 0.3618742525577545,
  "expression_speed_mean": 0.1533026099205017,
  "expression_speed_std": 0.18040969967842102,
  "expression_speed_median": 0.06153521686792374,
  "expression_speed_max": 0.6548190116882324,
  "happy_mean": 0.25065088272094727,
  "happy_std": 0.33719462156295776,
  "happy_median": 0.06298276036977768,
  "happy_max": 0.9996664524078369,
  "neutral_mean": 0.45642703771591187,
  "neutral_std": 0.39885324239730835,
  "neutral_median": 0.3347742557525635,
  "neutral_max": 0.9983970522880554,
  "surprise_mean": 0.016012391075491905,
  "surprise_std": 0.06446007639169693,
  "surprise_median": 1.6070964193204418e-05,
  "surprise_max": 0.4096008241176605,
  "processed_frames": 72.0,
  "video_name": "1 (4).mp4"
}