{
  "facial_symmetry_mean": 0.8885151743888855,
  "facial_symmetry_std": 0.07499785721302032,
  "facial_symmetry_median": 0.9045423269271851,
  "facial_symmetry_max": 0.9999580383300781,
  "face_width_height_ratio_mean": 1.3753715753555298,
  "face_width_height_ratio_std": 0.16708168387413025,
  "face_width_height_ratio_median": 1.4015154838562012,
  "face_width_height_ratio_max": 1.8133504390716553,
  "eye_spacing_ratio_mean": 0.6567835211753845,
  "eye_spacing_ratio_std": 0.0314318984746933,
  "eye_spacing_ratio_median": 0.6617212295532227,
  "eye_spacing_ratio_max": 0.7197918891906738,
  "jaw_ratio_mean": 0.7770106792449951,
  "jaw_ratio_std": 0.020809009671211243,
  "jaw_ratio_median": 0.7748110890388489,
  "jaw_ratio_max": 0.8722847104072571,
  "smile_intensity_mean": 0.12646828591823578,
  "smile_intensity_std": 0.15103590488433838,
  "smile_intensity_median": 0.04303810000419617,
  "smile_intensity_max": 0.7865006327629089,
  "eye_contact_mean": 0.9641710519790649,
  "eye_contact_std": 0.029185794293880463,
  "eye_contact_median": 0.9721695184707642,
  "eye_contact_max": 0.9999771118164062,
  "eye_openness_mean": 0.5913770198822021,
  "eye_openness_std": 0.21264410018920898,
  "eye_openness_median": 0.5904003381729126,
  "eye_openness_max": 1.0,
  "gaze_stability_mean": 0.9879375100135803,
  "gaze_stability_std": 0.016514062881469727,
  "gaze_stability_median": 0.9936936497688293,
  "gaze_stability_max": 1.0,
  "head_tilt_mean": 0.05415736883878708,
  "head_tilt_std": 0.05035093426704407,
  "head_tilt_median": 0.0495949387550354,
  "head_tilt_max": 0.2963404357433319,
  "expression_speed_mean": 0.11086111515760422,
  "expression_speed_std": 0.13887447118759155,
  "expression_speed_median": 0.048199161887168884,
  "expression_speed_max": 0.7586673498153687,
  "happy_mean": 0.3907325267791748,
  "happy_std": 0.4010825753211975,
  "happy_median": 0.19672377407550812,
  "happy_max": 0.9997389912605286,
  "neutral_mean": 0.32774820923805237,
  "neutral_std": 0.33936381340026855,
  "neutral_median": 0.19329918920993805,
  "neutral_max": 0.9997407793998718,
  "surprise_mean": 0.02323148399591446,
  "surprise_std": 0.11949039250612259,
  "surprise_median": 5.163078458281234e-05,
  "surprise_max": 0.9751093983650208,
  "processed_frames": 304.0,
  "video_name": "1 (5).mp4"
}