{
  "facial_symmetry_mean": 0.9751205444335938,
  "facial_symmetry_std": 0.015796368941664696,
  "facial_symmetry_median": 0.9755300283432007,
  "facial_symmetry_max": 0.9997361898422241,
  "face_width_height_ratio_mean": 1.403552532196045,
  "face_width_height_ratio_std": 0.12115643173456192,
  "face_width_height_ratio_median": 1.4261586666107178,
  "face_width_height_ratio_max": 1.8967421054840088,
  "eye_spacing_ratio_mean": 0.6314969062805176,
  "eye_spacing_ratio_std": 0.011973836459219456,
  "eye_spacing_ratio_median": 0.6312071084976196,
  "eye_spacing_ratio_max": 0.6511957049369812,
  "jaw_ratio_mean": 0.8068913817405701,
  "jaw_ratio_std": 0.019281329587101936,
  "jaw_ratio_median": 0.804330587387085,
  "jaw_ratio_max": 0.8466194272041321,
  "smile_intensity_mean": 0.15904487669467926,
  "smile_intensity_std": 0.16715243458747864,
  "smile_intensity_median": 0.13735844194889069,
  "smile_intensity_max": 0.9853412508964539,
  "eye_contact_mean": 0.9916284680366516,
  "eye_contact_std": 0.00438314862549305,
  "eye_contact_median": 0.9923529624938965,
  "eye_contact_max": 0.9992616176605225,
  "eye_openness_mean": 0.2933884859085083,
  "eye_openness_std": 0.07947523146867752,
  "eye_openness_median": 0.314680814743042,
  "eye_openness_max": 0.48049041628837585,
  "gaze_stability_mean": 0.9964593648910522,
  "gaze_stability_std": 0.0035788968671113253,
  "gaze_stability_median": 0.997651219367981,
  "gaze_stability_max": 1.0,
  "head_tilt_mean": 0.05755093693733215,
  "head_tilt_std": 0.029487688094377518,
  "head_tilt_median": 0.05113624036312103,
  "head_tilt_max": 0.13023056089878082,
  "expression_speed_mean": 0.07644881308078766,
  "expression_speed_std": 0.12866941094398499,
  "expression_speed_median": 0.02884470485150814,
  "expression_speed_max": 0.9543347954750061,
  "happy_mean": 0.0863339975476265,
  "happy_std": 0.25077202916145325,
  "happy_median": 0.0001267420593649149,
  "happy_max": 0.9987891912460327,
  "neutral_mean": 0.3329692780971527,
  "neutral_std": 0.37035542726516724,
  "neutral_median": 0.08499599993228912,
  "neutral_max": 0.9984911680221558,
  "surprise_mean": 0.00030299837817437947,
  "surprise_std": 0.0006105850916355848,
  "surprise_median": 5.849009539815597e-06,
  "surprise_max": 0.0030565597116947174,
  "processed_frames": 76.0,
  "video_name": "1 (6).mp4"
}