{
  "facial_symmetry_mean": 0.9002137780189514,
  "facial_symmetry_std": 0.044342026114463806,
  "facial_symmetry_median": 0.8879237771034241,
  "facial_symmetry_max": 0.9957610368728638,
  "face_width_height_ratio_mean": 1.3430862426757812,
  "face_width_height_ratio_std": 0.267221599817276,
  "face_width_height_ratio_median": 1.4354617595672607,
  "face_width_height_ratio_max": 1.7651170492172241,
  "eye_spacing_ratio_mean": 0.6754370927810669,
  "eye_spacing_ratio_std": 0.020745880901813507,
  "eye_spacing_ratio_median": 0.6776893734931946,
  "eye_spacing_ratio_max": 0.7116755247116089,
  "jaw_ratio_mean": 0.7923166155815125,
  "jaw_ratio_std": 0.021580317988991737,
  "jaw_ratio_median": 0.792822003364563,
  "jaw_ratio_max": 0.8486568927764893,
  "smile_intensity_mean": 0.05077611654996872,
  "smile_intensity_std": 0.07033812999725342,
  "smile_intensity_median": 0.019937705248594284,
  "smile_intensity_max": 0.3376646339893341,
  "eye_contact_mean": 0.9703155159950256,
  "eye_contact_std": 0.023955661803483963,
  "eye_contact_median": 0.9809568524360657,
  "eye_contact_max": 0.9994052648544312,
  "eye_openness_mean": 0.6652808785438538,
  "eye_openness_std": 0.23725314438343048,
  "eye_openness_median": 0.6529417634010315,
  "eye_openness_max": 1.0,
  "gaze_stability_mean": 0.983027458190918,
  "gaze_stability_std": 0.016518129035830498,
  "gaze_stability_median": 0.987128734588623,
  "gaze_stability_max": 1.0,
  "head_tilt_mean": 0.262305349111557,
  "head_tilt_std": 0.3926548361778259,
  "head_tilt_median": 0.03437608480453491,
  "head_tilt_max": 1.0,
  "expression_speed_mean": 0.10046414285898209,
  "expression_speed_std": 0.0959632396697998,
  "expression_speed_median": 0.0639578104019165,
  "expression_speed_max": 0.43946415185928345,
  "happy_mean": 0.22000263631343842,
  "happy_std": 0.3361598253250122,
  "happy_median": 0.008497717790305614,
  "happy_max": 0.9999498724937439,
  "neutral_mean": 0.2596922218799591,
  "neutral_std": 0.33628731966018677,
  "neutral_median": 0.030032191425561905,
  "neutral_max": 0.9999025464057922,
  "surprise_mean": 0.006451569963246584,
  "surprise_std": 0.03700730577111244,
  "surprise_median": 1.3959694733500783e-08,
  "surprise_max": 0.2854096293449402,
  "processed_frames": 63.0,
  "video_name": "1 (8).mp4"
}