{
  "expression_speed_max": 0.76796680316329,
  "expression_speed_mean": 0.12391388416290283,
  "expression_speed_median": 0.06876965402625501,
  "expression_speed_std": 0.14380376506596804,
  "eye_contact_max": 0.9996069297194481,
  "eye_contact_mean": 0.9634922742843628,
  "eye_contact_median": 0.9708821326494217,
  "eye_contact_std": 0.03104686038568616,
  "eye_openness_max": 0.8844459317624569,
  "eye_openness_mean": 0.5989682488143444,
  "eye_openness_median": 0.6182494387030602,
  "eye_openness_std": 0.17921024281531572,
  "eye_spacing_ratio_max": 0.7211835458874702,
  "eye_spacing_ratio_mean": 0.6476864516735077,
  "eye_spacing_ratio_median": 0.6482218578457832,
  "eye_spacing_ratio_std": 0.02540122636128217,
  "face_width_height_ratio_max": 1.6912813633680344,
  "face_width_height_ratio_mean": 1.3297914415597916,
  "face_width_height_ratio_median": 1.3497583717107773,
  "face_width_height_ratio_std": 0.15337457600980997,
  "facial_symmetry_max": 0.9964211657643318,
  "facial_symmetry_mean": 0.8726343289017677,
  "facial_symmetry_median": 0.8727981150150299,
  "facial_symmetry_std": 0.07214883831329644,
  "gaze_stability_max": 1.0,
  "gaze_stability_mean": 0.9841657355427742,
  "gaze_stability_median": 0.991821177303791,
  "gaze_stability_std": 0.020305945101426914,
  "happy_max": 0.9997541606426239,
  "happy_mean": 0.2441196171566844,
  "happy_median": 0.03848365679732524,
  "happy_std": 0.3492484912276268,
  "head_tilt_max": 0.41350448690354824,
  "head_tilt_mean": 0.1348319509997964,
  "head_tilt_median": 0.09701117873191833,
  "head_tilt_std": 0.11627055797725916,
  "jaw_ratio_max": 0.8568759635090828,
  "jaw_ratio_mean": 0.7895994782447815,
  "jaw_ratio_median": 0.7884625568985939,
  "jaw_ratio_std": 0.021256637992337346,
  "neutral_max": 0.9992658868432045,
  "neutral_mean": 0.35406032018363476,
  "neutral_median": 0.2090992547746282,
  "neutral_std": 0.37229787185788155,
  "processed_frames": 138.875,
  "smile_intensity_max": 0.8057408668100834,
  "smile_intensity_mean": 0.16003650147467852,
  "smile_intensity_median": 0.11457640281878412,
  "smile_intensity_std": 0.16381120681762695,
  "surprise_max": 0.4989488370483741,
  "surprise_mean": 0.013565234115958447,
  "surprise_median": 1.2143724625324204e-05,
  "surprise_std": 0.06525167396466713,
  "video_count": 8.0,
  "valid_video_count": 8.0,
  "valid_video_ratio": 1.0,
  "total_processed_frames": 1111.0,
  "avg_processed_frames": 138.875,
  "quality_score": 0.9703333333333333,
  "person_name": "Jang Won-young"
}