{
  "facial_symmetry_mean": 0.9785559773445129,
  "facial_symmetry_std": 0.030437014997005463,
  "facial_symmetry_median": 0.9891473650932312,
  "facial_symmetry_max": 0.9994224905967712,
  "face_width_height_ratio_mean": 1.3827693462371826,
  "face_width_height_ratio_std": 0.1114518940448761,
  "face_width_height_ratio_median": 1.4266797304153442,
  "face_width_height_ratio_max": 1.5807307958602905,
  "eye_spacing_ratio_mean": 0.65335613489151,
  "eye_spacing_ratio_std": 0.01733323745429516,
  "eye_spacing_ratio_median": 0.656263530254364,
  "eye_spacing_ratio_max": 0.6812105178833008,
  "jaw_ratio_mean": 0.7719273567199707,
  "jaw_ratio_std": 0.035625897347927094,
  "jaw_ratio_median": 0.7563478350639343,
  "jaw_ratio_max": 0.8379756212234497,
  "smile_intensity_mean": 0.2802180349826813,
  "smile_intensity_std": 0.17010289430618286,
  "smile_intensity_median": 0.34161144495010376,
  "smile_intensity_max": 0.578725278377533,
  "eye_contact_mean": 0.9803786873817444,
  "eye_contact_std": 0.009557710029184818,
  "eye_contact_median": 0.9791640639305115,
  "eye_contact_max": 0.9993149638175964,
  "eye_openness_mean": 0.3747459352016449,
  "eye_openness_std": 0.08758465945720673,
  "eye_openness_median": 0.369735449552536,
  "eye_openness_max": 0.538952648639679,
  "gaze_stability_mean": 0.9927107095718384,
  "gaze_stability_std": 0.008524439297616482,
  "gaze_stability_median": 0.9970605373382568,
  "gaze_stability_max": 1.0,
  "head_tilt_mean": 0.023738393560051918,
  "head_tilt_std": 0.021164260804653168,
  "head_tilt_median": 0.020523667335510254,
  "head_tilt_max": 0.06481148302555084,
  "expression_speed_mean": 0.17779235541820526,
  "expression_speed_std": 0.15463393926620483,
  "expression_speed_median": 0.10875312238931656,
  "expression_speed_max": 0.4949129819869995,
  "happy_mean": 0.1977497637271881,
  "happy_std": 0.380321204662323,
  "happy_median": 0.0012024295283481479,
  "happy_max": 0.9993477463722229,
  "neutral_mean": 0.6768918037414551,
  "neutral_std": 0.37649646401405334,
  "neutral_median": 0.8801329135894775,
  "neutral_max": 0.9966750144958496,
  "surprise_mean": 0.0017031843308359385,
  "surprise_std": 0.0049692257307469845,
  "surprise_median": 2.3984319341252558e-05,
  "surprise_max": 0.021280642598867416,
  "processed_frames": 19.0,
  "video_name": "1 (3).mp4"
}