{
  "facial_symmetry_mean": 0.8730226159095764,
  "facial_symmetry_std": 0.09632164239883423,
  "facial_symmetry_median": 0.8959858417510986,
  "facial_symmetry_max": 0.9945734739303589,
  "face_width_height_ratio_mean": 1.2067095041275024,
  "face_width_height_ratio_std": 0.19281476736068726,
  "face_width_height_ratio_median": 1.1915977001190186,
  "face_width_height_ratio_max": 1.5046674013137817,
  "eye_spacing_ratio_mean": 0.6625009775161743,
  "eye_spacing_ratio_std": 0.017217522487044334,
  "eye_spacing_ratio_median": 0.6587692499160767,
  "eye_spacing_ratio_max": 0.6986649036407471,
  "jaw_ratio_mean": 0.7849165797233582,
  "jaw_ratio_std": 0.014188765548169613,
  "jaw_ratio_median": 0.7814736366271973,
  "jaw_ratio_max": 0.821090042591095,
  "smile_intensity_mean": 0.021525893360376358,
  "smile_intensity_std": 0.05128418654203415,
  "smile_intensity_median": 0.009662600234150887,
  "smile_intensity_max": 0.2862645387649536,
  "eye_contact_mean": 0.9880803823471069,
  "eye_contact_std": 0.008512080647051334,
  "eye_contact_median": 0.9901326298713684,
  "eye_contact_max": 0.999458909034729,
  "eye_openness_mean": 0.7812607884407043,
  "eye_openness_std": 0.2628866136074066,
  "eye_openness_median": 0.9796009063720703,
  "eye_openness_max": 1.0,
  "gaze_stability_mean": 0.9933115243911743,
  "gaze_stability_std": 0.0067991456016898155,
  "gaze_stability_median": 0.9952646493911743,
  "gaze_stability_max": 1.0,
  "head_tilt_mean": 0.32913610339164734,
  "head_tilt_std": 0.23496569693088531,
  "head_tilt_median": 0.36283954977989197,
  "head_tilt_max": 0.6394919753074646,
  "expression_speed_mean": 0.051260948181152344,
  "expression_speed_std": 0.07694724202156067,
  "expression_speed_median": 0.03226904571056366,
  "expression_speed_max": 0.5342515707015991,
  "happy_mean": 0.06774944067001343,
  "happy_std": 0.2152659147977829,
  "happy_median": 0.0005015722708776593,
  "happy_max": 0.9996637105941772,
  "neutral_mean": 0.2540972828865051,
  "neutral_std": 0.3711281716823578,
  "neutral_median": 0.02007468231022358,
  "neutral_max": 0.9944758415222168,
  "surprise_mean": 0.013017426244914532,
  "surprise_std": 0.04706574231386185,
  "surprise_median": 6.017734449415002e-06,
  "surprise_max": 0.30133330821990967,
  "processed_frames": 56.0,
  "video_name": "1 (4).mp4"
}