{
  "facial_symmetry_mean": 0.8641133904457092,
  "facial_symmetry_std": 0.07555893808603287,
  "facial_symmetry_median": 0.8692521452903748,
  "facial_symmetry_max": 0.9993095993995667,
  "face_width_height_ratio_mean": 1.3181812763214111,
  "face_width_height_ratio_std": 0.1847095787525177,
  "face_width_height_ratio_median": 1.4027246236801147,
  "face_width_height_ratio_max": 1.4849309921264648,
  "eye_spacing_ratio_mean": 0.6671695709228516,
  "eye_spacing_ratio_std": 0.038023754954338074,
  "eye_spacing_ratio_median": 0.6711216568946838,
  "eye_spacing_ratio_max": 0.7866038680076599,
  "jaw_ratio_mean": 0.777545690536499,
  "jaw_ratio_std": 0.023317553102970123,
  "jaw_ratio_median": 0.7696273922920227,
  "jaw_ratio_max": 0.8607138395309448,
  "smile_intensity_mean": 0.21245963871479034,
  "smile_intensity_std": 0.21938447654247284,
  "smile_intensity_median": 0.1962904930114746,
  "smile_intensity_max": 0.9590038061141968,
  "eye_contact_mean": 0.9815719127655029,
  "eye_contact_std": 0.017574269324541092,
  "eye_contact_median": 0.9833737015724182,
  "eye_contact_max": 0.999131441116333,
  "eye_openness_mean": 0.5832674503326416,
  "eye_openness_std": 0.31427237391471863,
  "eye_openness_median": 0.6160721182823181,
  "eye_openness_max": 1.0,
  "gaze_stability_mean": 0.9895716309547424,
  "gaze_stability_std": 0.01159967202693224,
  "gaze_stability_median": 0.9924486875534058,
  "gaze_stability_max": 1.0,
  "head_tilt_mean": 0.18806655704975128,
  "head_tilt_std": 0.15534837543964386,
  "head_tilt_median": 0.15474513173103333,
  "head_tilt_max": 0.6495192050933838,
  "expression_speed_mean": 0.1623084843158722,
  "expression_speed_std": 0.1951783150434494,
  "expression_speed_median": 0.06615753471851349,
  "expression_speed_max": 0.7877055406570435,
  "happy_mean": 0.29651227593421936,
  "happy_std": 0.4092494547367096,
  "happy_median": 0.005368254147469997,
  "happy_max": 0.9997326135635376,
  "neutral_mean": 0.35180917382240295,
  "neutral_std": 0.3483186960220337,
  "neutral_median": 0.2657146155834198,
  "neutral_max": 0.9599409103393555,
  "surprise_mean": 0.012756702490150928,
  "surprise_std": 0.10143701732158661,
  "surprise_median": 3.3771553717087954e-05,
  "surprise_max": 0.9270306825637817,
  "processed_frames": 83.0,
  "video_name": "1 (5).mp4"
}