{
  "facial_symmetry_mean": 0.8924148678779602,
  "facial_symmetry_std": 0.025198938325047493,
  "facial_symmetry_median": 0.8851284980773926,
  "facial_symmetry_max": 0.986266016960144,
  "face_width_height_ratio_mean": 1.434016466140747,
  "face_width_height_ratio_std": 0.14453627169132233,
  "face_width_height_ratio_median": 1.4464529752731323,
  "face_width_height_ratio_max": 1.9060896635055542,
  "eye_spacing_ratio_mean": 0.6088910102844238,
  "eye_spacing_ratio_std": 0.03155932575464249,
  "eye_spacing_ratio_median": 0.609362781047821,
  "eye_spacing_ratio_max": 0.6755467653274536,
  "jaw_ratio_mean": 0.7886610627174377,
  "jaw_ratio_std": 0.02127685211598873,
  "jaw_ratio_median": 0.786200225353241,
  "jaw_ratio_max": 0.8446816205978394,
  "smile_intensity_mean": 0.11319195479154587,
  "smile_intensity_std": 0.1511702686548233,
  "smile_intensity_median": 0.014722144231200218,
  "smile_intensity_max": 0.4524526000022888,
  "eye_contact_mean": 0.9506047964096069,
  "eye_contact_std": 0.014476316049695015,
  "eye_contact_median": 0.9491454362869263,
  "eye_contact_max": 0.9920158386230469,
  "eye_openness_mean": 0.3226985037326813,
  "eye_openness_std": 0.06618078052997589,
  "eye_openness_median": 0.3344634771347046,
  "eye_openness_max": 0.40309715270996094,
  "gaze_stability_mean": 0.9905421137809753,
  "gaze_stability_std": 0.011057475581765175,
  "gaze_stability_median": 0.9946545362472534,
  "gaze_stability_max": 1.0,
  "head_tilt_mean": 0.017954057082533836,
  "head_tilt_std": 0.014856638386845589,
  "head_tilt_median": 0.013514384627342224,
  "head_tilt_max": 0.0760592520236969,
  "expression_speed_mean": 0.1020534485578537,
  "expression_speed_std": 0.1139843538403511,
  "expression_speed_median": 0.04510088264942169,
  "expression_speed_max": 0.4386715292930603,
  "happy_mean": 0.09959577023983002,
  "happy_std": 0.24517075717449188,
  "happy_median": 0.003453425597399473,
  "happy_max": 0.9801967740058899,
  "neutral_mean": 0.6574134230613708,
  "neutral_std": 0.4095165431499481,
  "neutral_median": 0.9641197919845581,
  "neutral_max": 0.999839186668396,
  "surprise_mean": 0.027269072830677032,
  "surprise_std": 0.13957813382148743,
  "surprise_median": 8.476062248519156e-06,
  "surprise_max": 0.8439598083496094,
  "processed_frames": 55.0,
  "video_name": "1 (6).mp4"
}