{
  "facial_symmetry_mean": 0.9287675619125366,
  "facial_symmetry_std": 0.06146063283085823,
  "facial_symmetry_median": 0.9479262828826904,
  "facial_symmetry_max": 0.9998908042907715,
  "face_width_height_ratio_mean": 1.3183096647262573,
  "face_width_height_ratio_std": 0.11591163277626038,
  "face_width_height_ratio_median": 1.339433193206787,
  "face_width_height_ratio_max": 1.504546880722046,
  "eye_spacing_ratio_mean": 0.6450508832931519,
  "eye_spacing_ratio_std": 0.024747688323259354,
  "eye_spacing_ratio_median": 0.6401757001876831,
  "eye_spacing_ratio_max": 0.739416241645813,
  "jaw_ratio_mean": 0.7864231467247009,
  "jaw_ratio_std": 0.018316391855478287,
  "jaw_ratio_median": 0.7863133549690247,
  "jaw_ratio_max": 0.8332147002220154,
  "smile_intensity_mean": 0.32091638445854187,
  "smile_intensity_std": 0.22175416350364685,
  "smile_intensity_median": 0.3537265956401825,
  "smile_intensity_max": 0.7795656323432922,
  "eye_contact_mean": 0.9898183345794678,
  "eye_contact_std": 0.008991137146949768,
  "eye_contact_median": 0.9913016557693481,
  "eye_contact_max": 0.9999569058418274,
  "eye_openness_mean": 0.40326178073883057,
  "eye_openness_std": 0.14313238859176636,
  "eye_openness_median": 0.39928218722343445,
  "eye_openness_max": 0.793366014957428,
  "gaze_stability_mean": 0.9928658604621887,
  "gaze_stability_std": 0.010119430720806122,
  "gaze_stability_median": 0.9956761002540588,
  "gaze_stability_max": 1.0,
  "head_tilt_mean": 0.0656697005033493,
  "head_tilt_std": 0.057807955890893936,
  "head_tilt_median": 0.05059465765953064,
  "head_tilt_max": 0.29336750507354736,
  "expression_speed_mean": 0.18512555956840515,
  "expression_speed_std": 0.19597424566745758,
  "expression_speed_median": 0.09826040267944336,
  "expression_speed_max": 0.7657182812690735,
  "happy_mean": 0.14194226264953613,
  "happy_std": 0.3075002431869507,
  "happy_median": 0.0038765559438616037,
  "happy_max": 0.999919056892395,
  "neutral_mean": 0.5912070870399475,
  "neutral_std": 0.4088146388530731,
  "neutral_median": 0.8269690871238708,
  "neutral_max": 0.9915357232093811,
  "surprise_mean": 0.0005498221144080162,
  "surprise_std": 0.0019383878679946065,
  "surprise_median": 0.00011807443661382422,
  "surprise_max": 0.013293973170220852,
  "processed_frames": 47.0,
  "video_name": "1 (7).mp4"
}