{
  "expression_speed_max": 0.6085768171719143,
  "expression_speed_mean": 0.132343305008752,
  "expression_speed_median": 0.07266399051461901,
  "expression_speed_std": 0.13815874819244658,
  "eye_contact_max": 0.9982990877968925,
  "eye_contact_mean": 0.9789971964699882,
  "eye_contact_median": 0.9799079298973083,
  "eye_contact_std": 0.012262424054954733,
  "eye_openness_max": 0.7267647726195199,
  "eye_openness_mean": 0.4777092295033591,
  "eye_openness_median": 0.5189655125141144,
  "eye_openness_std": 0.1623589949948447,
  "eye_spacing_ratio_max": 0.7112051929746356,
  "eye_spacing_ratio_mean": 0.6484713639531817,
  "eye_spacing_ratio_median": 0.6483525122914996,
  "eye_spacing_ratio_std": 0.023648453344191824,
  "face_width_height_ratio_max": 1.6543936729431152,
  "face_width_height_ratio_mean": 1.373060175350734,
  "face_width_height_ratio_median": 1.400350740977696,
  "face_width_height_ratio_std": 0.14204466768673488,
  "facial_symmetry_max": 0.9968141061919076,
  "facial_symmetry_mean": 0.9164850115776062,
  "facial_symmetry_median": 0.9253592661448887,
  "facial_symmetry_std": 0.05261863315744059,
  "gaze_stability_max": 1.0,
  "gaze_stability_mean": 0.9913551892553057,
  "gaze_stability_median": 0.994913365159716,
  "gaze_stability_std": 0.010967037507465907,
  "happy_max": 0.9966263771057129,
  "happy_mean": 0.20444923319986888,
  "happy_median": 0.12983236624859273,
  "happy_std": 0.31979066346372875,
  "head_tilt_max": 0.28061726476464954,
  "head_tilt_mean": 0.09882858861237764,
  "head_tilt_median": 0.09361145751816886,
  "head_tilt_std": 0.07655112259089947,
  "jaw_ratio_max": 0.8428243568965367,
  "jaw_ratio_mean": 0.7787169728960309,
  "jaw_ratio_median": 0.7736710480281285,
  "jaw_ratio_std": 0.02243581906493221,
  "neutral_max": 0.9890224593026298,
  "neutral_mean": 0.4701430840151651,
  "neutral_median": 0.5115483161062002,
  "neutral_std": 0.37565705605915617,
  "processed_frames": 89.71428571428571,
  "smile_intensity_max": 0.6053346991539001,
  "smile_intensity_mean": 0.1855430363544396,
  "smile_intensity_median": 0.18357951832669123,
  "smile_intensity_std": 0.15013734251260757,
  "surprise_max": 0.37631584690617664,
  "surprise_mean": 0.009070072722222124,
  "surprise_median": 3.676718733913731e-05,
  "surprise_std": 0.04853692213405988,
  "video_count": 7.0,
  "valid_video_count": 7.0,
  "valid_video_ratio": 1.0,
  "total_processed_frames": 628.0,
  "avg_processed_frames": 89.71428571428571,
  "quality_score": 0.8392380952380952,
  "person_name": "Kim Jung Won"
}