{
  "facial_symmetry_mean": 0.8083739280700684,
  "facial_symmetry_std": 0.1264462023973465,
  "facial_symmetry_median": 0.7983314990997314,
  "facial_symmetry_max": 0.9990490674972534,
  "face_width_height_ratio_mean": 1.3337064981460571,
  "face_width_height_ratio_std": 0.15898270905017853,
  "face_width_height_ratio_median": 1.335254430770874,
  "face_width_height_ratio_max": 1.9144140481948853,
  "eye_spacing_ratio_mean": 0.6380026340484619,
  "eye_spacing_ratio_std": 0.030169658362865448,
  "eye_spacing_ratio_median": 0.6357454061508179,
  "eye_spacing_ratio_max": 0.8035846948623657,
  "jaw_ratio_mean": 0.768592357635498,
  "jaw_ratio_std": 0.024300592020154,
  "jaw_ratio_median": 0.7700449824333191,
  "jaw_ratio_max": 0.8419658541679382,
  "smile_intensity_mean": 0.11307713389396667,
  "smile_intensity_std": 0.15944474935531616,
  "smile_intensity_median": 0.02238026261329651,
  "smile_intensity_max": 0.6667012572288513,
  "eye_contact_mean": 0.9531389474868774,
  "eye_contact_std": 0.0441761277616024,
  "eye_contact_median": 0.9657739400863647,
  "eye_contact_max": 0.9999843835830688,
  "eye_openness_mean": 0.8172450065612793,
  "eye_openness_std": 0.22130729258060455,
  "eye_openness_median": 0.9254651069641113,
  "eye_openness_max": 1.0,
  "gaze_stability_mean": 0.9817200899124146,
  "gaze_stability_std": 0.027285560965538025,
  "gaze_stability_median": 0.9911536574363708,
  "gaze_stability_max": 1.0,
  "head_tilt_mean": 0.10344929248094559,
  "head_tilt_std": 0.10648713260889053,
  "head_tilt_median": 0.07118836045265198,
  "head_tilt_max": 0.40719762444496155,
  "expression_speed_mean": 0.14282160997390747,
  "expression_speed_std": 0.1524863988161087,
  "expression_speed_median": 0.07562214881181717,
  "expression_speed_max": 0.6991089582443237,
  "happy_mean": 0.061636120080947876,
  "happy_std": 0.19427518546581268,
  "happy_median": 0.0004723880556412041,
  "happy_max": 0.9992966055870056,
  "neutral_mean": 0.32678934931755066,
  "neutral_std": 0.37336012721061707,
  "neutral_median": 0.10393959283828735,
  "neutral_max": 0.9999752044677734,
  "surprise_mean": 0.06492789834737778,
  "surprise_std": 0.18811103701591492,
  "surprise_median": 0.0002538521948736161,
  "surprise_max": 0.9968345761299133,
  "processed_frames": 266.0,
  "video_name": "1 (3).mp4"
}