{
  "facial_symmetry_mean": 0.7892342805862427,
  "facial_symmetry_std": 0.10650157183408737,
  "facial_symmetry_median": 0.7839286923408508,
  "facial_symmetry_max": 0.9974728226661682,
  "face_width_height_ratio_mean": 1.2821483612060547,
  "face_width_height_ratio_std": 0.18000924587249756,
  "face_width_height_ratio_median": 1.3048824071884155,
  "face_width_height_ratio_max": 1.6877164840698242,
  "eye_spacing_ratio_mean": 0.6233367919921875,
  "eye_spacing_ratio_std": 0.041491199284791946,
  "eye_spacing_ratio_median": 0.6257772445678711,
  "eye_spacing_ratio_max": 0.7536725997924805,
  "jaw_ratio_mean": 0.7819692492485046,
  "jaw_ratio_std": 0.03462933748960495,
  "jaw_ratio_median": 0.7834024429321289,
  "jaw_ratio_max": 0.9119204878807068,
  "smile_intensity_mean": 0.1360013335943222,
  "smile_intensity_std": 0.18720349669456482,
  "smile_intensity_median": 0.01740049198269844,
  "smile_intensity_max": 0.7376234531402588,
  "eye_contact_mean": 0.942322850227356,
  "eye_contact_std": 0.06278425455093384,
  "eye_contact_median": 0.9739400148391724,
  "eye_contact_max": 0.9999992847442627,
  "eye_openness_mean": 0.7275033593177795,
  "eye_openness_std": 0.27201715111732483,
  "eye_openness_median": 0.7772699594497681,
  "eye_openness_max": 1.0,
  "gaze_stability_mean": 0.9751960635185242,
  "gaze_stability_std": 0.03336305543780327,
  "gaze_stability_median": 0.9884452819824219,
  "gaze_stability_max": 1.0,
  "head_tilt_mean": 0.11484259366989136,
  "head_tilt_std": 0.12300284951925278,
  "head_tilt_median": 0.07466323673725128,
  "head_tilt_max": 0.5570480227470398,
  "expression_speed_mean": 0.17813542485237122,
  "expression_speed_std": 0.17601832747459412,
  "expression_speed_median": 0.11238107830286026,
  "expression_speed_max": 0.7269356846809387,
  "happy_mean": 0.08773040771484375,
  "happy_std": 0.23087161779403687,
  "happy_median": 0.002303783781826496,
  "happy_max": 0.9949129223823547,
  "neutral_mean": 0.4324936270713806,
  "neutral_std": 0.3558447062969208,
  "neutral_median": 0.36269518733024597,
  "neutral_max": 0.9980379939079285,
  "surprise_mean": 0.01671486161649227,
  "surprise_std": 0.06376314908266068,
  "surprise_median": 3.612085129134357e-05,
  "surprise_max": 0.4762987494468689,
  "processed_frames": 106.0,
  "video_name": "1 (4).mp4"
}