{
  "facial_symmetry_mean": 0.7231356501579285,
  "facial_symmetry_std": 0.21712201833724976,
  "facial_symmetry_median": 0.7676008343696594,
  "facial_symmetry_max": 0.9923321604728699,
  "face_width_height_ratio_mean": 1.237323522567749,
  "face_width_height_ratio_std": 0.23826046288013458,
  "face_width_height_ratio_median": 1.308022141456604,
  "face_width_height_ratio_max": 1.5664042234420776,
  "eye_spacing_ratio_mean": 0.6457061767578125,
  "eye_spacing_ratio_std": 0.024321671575307846,
  "eye_spacing_ratio_median": 0.6412297487258911,
  "eye_spacing_ratio_max": 0.7263370156288147,
  "jaw_ratio_mean": 0.7794753909111023,
  "jaw_ratio_std": 0.030935756862163544,
  "jaw_ratio_median": 0.7771335244178772,
  "jaw_ratio_max": 0.8451123237609863,
  "smile_intensity_mean": 0.3178366422653198,
  "smile_intensity_std": 0.2033672332763672,
  "smile_intensity_median": 0.304125040769577,
  "smile_intensity_max": 0.8945748209953308,
  "eye_contact_mean": 0.9157049059867859,
  "eye_contact_std": 0.057228751480579376,
  "eye_contact_median": 0.9261691570281982,
  "eye_contact_max": 0.9988095760345459,
  "eye_openness_mean": 0.93827223777771,
  "eye_openness_std": 0.14945462346076965,
  "eye_openness_median": 1.0,
  "eye_openness_max": 1.0,
  "gaze_stability_mean": 0.9616960287094116,
  "gaze_stability_std": 0.03792941942811012,
  "gaze_stability_median": 0.9766067266464233,
  "gaze_stability_max": 1.0,
  "head_tilt_mean": 0.4053979516029358,
  "head_tilt_std": 0.25332942605018616,
  "head_tilt_median": 0.41030004620552063,
  "head_tilt_max": 1.0,
  "expression_speed_mean": 0.23078128695487976,
  "expression_speed_std": 0.20327498018741608,
  "expression_speed_median": 0.1621832549571991,
  "expression_speed_max": 0.8923447728157043,
  "happy_mean": 0.10049580037593842,
  "happy_std": 0.2633717656135559,
  "happy_median": 0.00049514917191118,
  "happy_max": 0.9841067790985107,
  "neutral_mean": 0.25269216299057007,
  "neutral_std": 0.3963000476360321,
  "neutral_median": 0.004835811909288168,
  "neutral_max": 0.9999411106109619,
  "surprise_mean": 0.16391895711421967,
  "surprise_std": 0.34253013134002686,
  "surprise_median": 0.00011405227269278839,
  "surprise_max": 0.9999997615814209,
  "processed_frames": 59.0,
  "video_name": "1 (5).mp4"
}