{
  "facial_symmetry_mean": 0.8452833890914917,
  "facial_symmetry_std": 0.1208442747592926,
  "facial_symmetry_median": 0.8765192627906799,
  "facial_symmetry_max": 0.998109757900238,
  "face_width_height_ratio_mean": 1.177888035774231,
  "face_width_height_ratio_std": 0.06367450952529907,
  "face_width_height_ratio_median": 1.1813336610794067,
  "face_width_height_ratio_max": 1.3825196027755737,
  "eye_spacing_ratio_mean": 0.6373555064201355,
  "eye_spacing_ratio_std": 0.03412364795804024,
  "eye_spacing_ratio_median": 0.6365919709205627,
  "eye_spacing_ratio_max": 0.7336243391036987,
  "jaw_ratio_mean": 0.7843464016914368,
  "jaw_ratio_std": 0.020242741331458092,
  "jaw_ratio_median": 0.7841475605964661,
  "jaw_ratio_max": 0.816457211971283,
  "smile_intensity_mean": 0.08690468966960907,
  "smile_intensity_std": 0.11639703810214996,
  "smile_intensity_median": 0.027824414893984795,
  "smile_intensity_max": 0.6694411635398865,
  "eye_contact_mean": 0.9625418186187744,
  "eye_contact_std": 0.02988327108323574,
  "eye_contact_median": 0.9673047065734863,
  "eye_contact_max": 0.9984661340713501,
  "eye_openness_mean": 0.7920308113098145,
  "eye_openness_std": 0.2990833520889282,
  "eye_openness_median": 1.0,
  "eye_openness_max": 1.0,
  "gaze_stability_mean": 0.9857996702194214,
  "gaze_stability_std": 0.020724426954984665,
  "gaze_stability_median": 0.9929357171058655,
  "gaze_stability_max": 1.0,
  "head_tilt_mean": 0.04919261485338211,
  "head_tilt_std": 0.057808488607406616,
  "head_tilt_median": 0.027548223733901978,
  "head_tilt_max": 0.1917693018913269,
  "expression_speed_mean": 0.10200736671686172,
  "expression_speed_std": 0.16859667003154755,
  "expression_speed_median": 0.039439607411623,
  "expression_speed_max": 0.7519076466560364,
  "happy_mean": 0.06001321226358414,
  "happy_std": 0.2196185141801834,
  "happy_median": 2.433072222629562e-05,
  "happy_max": 0.9987963438034058,
  "neutral_mean": 0.3234967589378357,
  "neutral_std": 0.3869152367115021,
  "neutral_median": 0.1016470342874527,
  "neutral_max": 0.9998974204063416,
  "surprise_mean": 0.009417081251740456,
  "surprise_std": 0.03207135573029518,
  "surprise_median": 1.4626941720052855e-06,
  "surprise_max": 0.22666165232658386,
  "processed_frames": 71.0,
  "video_name": "1 (6).mp4"
}