{
  "facial_symmetry_mean": 0.7954441905021667,
  "facial_symmetry_std": 0.17456349730491638,
  "facial_symmetry_median": 0.837895393371582,
  "facial_symmetry_max": 0.999698281288147,
  "face_width_height_ratio_mean": 1.304754614830017,
  "face_width_height_ratio_std": 0.18875136971473694,
  "face_width_height_ratio_median": 1.34834623336792,
  "face_width_height_ratio_max": 1.6470592021942139,
  "eye_spacing_ratio_mean": 0.6206716299057007,
  "eye_spacing_ratio_std": 0.0402664951980114,
  "eye_spacing_ratio_median": 0.6314386129379272,
  "eye_spacing_ratio_max": 0.7146278619766235,
  "jaw_ratio_mean": 0.7727325558662415,
  "jaw_ratio_std": 0.027603240683674812,
  "jaw_ratio_median": 0.7733131051063538,
  "jaw_ratio_max": 0.87041836977005,
  "smile_intensity_mean": 0.19675765931606293,
  "smile_intensity_std": 0.20006226003170013,
  "smile_intensity_median": 0.1665404587984085,
  "smile_intensity_max": 1.0,
  "eye_contact_mean": 0.9275539517402649,
  "eye_contact_std": 0.06083234027028084,
  "eye_contact_median": 0.9416229724884033,
  "eye_contact_max": 0.9999967813491821,
  "eye_openness_mean": 0.7486491799354553,
  "eye_openness_std": 0.29994454979896545,
  "eye_openness_median": 1.0,
  "eye_openness_max": 1.0,
  "gaze_stability_mean": 0.984223484992981,
  "gaze_stability_std": 0.02285306341946125,
  "gaze_stability_median": 0.9919111728668213,
  "gaze_stability_max": 1.0,
  "head_tilt_mean": 0.06467555463314056,
  "head_tilt_std": 0.054154302924871445,
  "head_tilt_median": 0.05393609404563904,
  "head_tilt_max": 0.2689918875694275,
  "expression_speed_mean": 0.14010918140411377,
  "expression_speed_std": 0.14630502462387085,
  "expression_speed_median": 0.08165646344423294,
  "expression_speed_max": 0.8378666043281555,
  "happy_mean": 0.1424170285463333,
  "happy_std": 0.3080978989601135,
  "happy_median": 0.0009104208438657224,
  "happy_max": 0.9999300837516785,
  "neutral_mean": 0.3718399703502655,
  "neutral_std": 0.3841390609741211,
  "neutral_median": 0.20012815296649933,
  "neutral_max": 0.9997848868370056,
  "surprise_mean": 0.06348705291748047,
  "surprise_std": 0.21424752473831177,
  "surprise_median": 2.1959274818073027e-05,
  "surprise_max": 0.9987528920173645,
  "processed_frames": 409.0,
  "video_name": "1 (7).mp4"
}