{
  "facial_symmetry_mean": 0.8881165385246277,
  "facial_symmetry_std": 0.10204681754112244,
  "facial_symmetry_median": 0.9205684661865234,
  "facial_symmetry_max": 0.9819595217704773,
  "face_width_height_ratio_mean": 0.4112171530723572,
  "face_width_height_ratio_std": 0.09748996794223785,
  "face_width_height_ratio_median": 0.41763871908187866,
  "face_width_height_ratio_max": 0.7268866300582886,
  "eye_spacing_ratio_mean": 0.625035285949707,
  "eye_spacing_ratio_std": 0.052721310406923294,
  "eye_spacing_ratio_median": 0.6325116157531738,
  "eye_spacing_ratio_max": 0.7651581764221191,
  "jaw_ratio_mean": 0.7891297340393066,
  "jaw_ratio_std": 0.04268195852637291,
  "jaw_ratio_median": 0.7799288034439087,
  "jaw_ratio_max": 0.9320080280303955,
  "smile_intensity_mean": 0.5432797074317932,
  "smile_intensity_std": 0.41366925835609436,
  "smile_intensity_median": 0.6396487951278687,
  "smile_intensity_max": 1.0,
  "eye_contact_mean": 0.97314453125,
  "eye_contact_std": 0.017251918092370033,
  "eye_contact_median": 0.9764881730079651,
  "eye_contact_max": 0.9996148347854614,
  "eye_openness_mean": 0.8492829203605652,
  "eye_openness_std": 0.16629144549369812,
  "eye_openness_median": 0.9165313839912415,
  "eye_openness_max": 1.0,
  "gaze_stability_mean": 0.9922237396240234,
  "gaze_stability_std": 0.008612166158854961,
  "gaze_stability_median": 0.9953621625900269,
  "gaze_stability_max": 1.0,
  "head_tilt_mean": 0.18387256562709808,
  "head_tilt_std": 0.27666154503822327,
  "head_tilt_median": 0.08812710642814636,
  "head_tilt_max": 1.0,
  "expression_speed_mean": 0.27505218982696533,
  "expression_speed_std": 0.29863929748535156,
  "expression_speed_median": 0.15922951698303223,
  "expression_speed_max": 0.9866224527359009,
  "happy_mean": 0.08336090296506882,
  "happy_std": 0.22209736704826355,
  "happy_median": 0.0003674783802125603,
  "happy_max": 0.9999716877937317,
  "neutral_mean": 0.17472471296787262,
  "neutral_std": 0.3123771846294403,
  "neutral_median": 0.0081151332706213,
  "neutral_max": 0.9999953508377075,
  "surprise_mean": 0.09515326470136642,
  "surprise_std": 0.21991483867168427,
  "surprise_median": 0.0006201356882229447,
  "surprise_max": 0.9844239354133606,
  "processed_frames": 150.0,
  "video_name": "1 (8).mp4"
}