{
  "facial_symmetry_mean": 0.8196455240249634,
  "facial_symmetry_std": 0.12076302617788315,
  "facial_symmetry_median": 0.8825461864471436,
  "facial_symmetry_max": 0.9980678558349609,
  "face_width_height_ratio_mean": 1.0284185409545898,
  "face_width_height_ratio_std": 0.06775935739278793,
  "face_width_height_ratio_median": 1.0339012145996094,
  "face_width_height_ratio_max": 1.2788788080215454,
  "eye_spacing_ratio_mean": 0.6563464403152466,
  "eye_spacing_ratio_std": 0.025792201980948448,
  "eye_spacing_ratio_median": 0.6512541770935059,
  "eye_spacing_ratio_max": 0.7367150783538818,
  "jaw_ratio_mean": 0.7641081809997559,
  "jaw_ratio_std": 0.01826632395386696,
  "jaw_ratio_median": 0.7665458917617798,
  "jaw_ratio_max": 0.8080232739448547,
  "smile_intensity_mean": 0.1679181009531021,
  "smile_intensity_std": 0.1737992763519287,
  "smile_intensity_median": 0.06769676506519318,
  "smile_intensity_max": 0.6614573001861572,
  "eye_contact_mean": 0.9400618672370911,
  "eye_contact_std": 0.0433657132089138,
  "eye_contact_median": 0.9594930410385132,
  "eye_contact_max": 0.9992876052856445,
  "eye_openness_mean": 0.6488162279129028,
  "eye_openness_std": 0.2619752287864685,
  "eye_openness_median": 0.6688873767852783,
  "eye_openness_max": 1.0,
  "gaze_stability_mean": 0.9931747913360596,
  "gaze_stability_std": 0.011934325098991394,
  "gaze_stability_median": 0.9964662790298462,
  "gaze_stability_max": 1.0,
  "head_tilt_mean": 0.05834890902042389,
  "head_tilt_std": 0.042789604514837265,
  "head_tilt_median": 0.058327168226242065,
  "head_tilt_max": 0.1623685657978058,
  "expression_speed_mean": 0.07795947790145874,
  "expression_speed_std": 0.1235799565911293,
  "expression_speed_median": 0.030820202082395554,
  "expression_speed_max": 0.746615469455719,
  "happy_mean": 0.09262633323669434,
  "happy_std": 0.2200430929660797,
  "happy_median": 0.001918816938996315,
  "happy_max": 0.9945388436317444,
  "neutral_mean": 0.2878308892250061,
  "neutral_std": 0.3344491422176361,
  "neutral_median": 0.10584516823291779,
  "neutral_max": 0.9999363422393799,
  "surprise_mean": 0.05395008251070976,
  "surprise_std": 0.14708182215690613,
  "surprise_median": 0.0016872190171852708,
  "surprise_max": 0.8841376900672913,
  "processed_frames": 202.0,
  "video_name": "1.mp4"
}