{
  "facial_symmetry_mean": 0.6916810274124146,
  "facial_symmetry_std": 0.14651916921138763,
  "facial_symmetry_median": 0.6201980113983154,
  "facial_symmetry_max": 0.9991540908813477,
  "face_width_height_ratio_mean": 1.327794075012207,
  "face_width_height_ratio_std": 0.19128581881523132,
  "face_width_height_ratio_median": 1.3270320892333984,
  "face_width_height_ratio_max": 1.959471583366394,
  "eye_spacing_ratio_mean": 0.6513180732727051,
  "eye_spacing_ratio_std": 0.02408509887754917,
  "eye_spacing_ratio_median": 0.6499561071395874,
  "eye_spacing_ratio_max": 0.7554935216903687,
  "jaw_ratio_mean": 0.7589096426963806,
  "jaw_ratio_std": 0.0204409621655941,
  "jaw_ratio_median": 0.7558130025863647,
  "jaw_ratio_max": 0.8259260654449463,
  "smile_intensity_mean": 0.07988300919532776,
  "smile_intensity_std": 0.09283048659563065,
  "smile_intensity_median": 0.06881195306777954,
  "smile_intensity_max": 0.7405347228050232,
  "eye_contact_mean": 0.9784541726112366,
  "eye_contact_std": 0.03187938779592514,
  "eye_contact_median": 0.9908260107040405,
  "eye_contact_max": 0.9999604821205139,
  "eye_openness_mean": 0.9237855076789856,
  "eye_openness_std": 0.17405156791210175,
  "eye_openness_median": 1.0,
  "eye_openness_max": 1.0,
  "gaze_stability_mean": 0.9814701676368713,
  "gaze_stability_std": 0.03285413607954979,
  "gaze_stability_median": 0.9949538707733154,
  "gaze_stability_max": 1.0,
  "head_tilt_mean": 0.17181645333766937,
  "head_tilt_std": 0.1297430843114853,
  "head_tilt_median": 0.20242184400558472,
  "head_tilt_max": 0.6488388776779175,
  "expression_speed_mean": 0.09641660004854202,
  "expression_speed_std": 0.159572035074234,
  "expression_speed_median": 0.03181200474500656,
  "expression_speed_max": 1.0,
  "happy_mean": 0.06346515566110611,
  "happy_std": 0.20735865831375122,
  "happy_median": 9.239558130502701e-05,
  "happy_max": 0.9998371005058289,
  "neutral_mean": 0.6643332839012146,
  "neutral_std": 0.4187624156475067,
  "neutral_median": 0.89515221118927,
  "neutral_max": 0.9992576241493225,
  "surprise_mean": 0.027057098224759102,
  "surprise_std": 0.13616587221622467,
  "surprise_median": 9.911444749377551e-07,
  "surprise_max": 0.8074946999549866,
  "processed_frames": 92.0,
  "video_name": "2.mp4"
}