{
  "facial_symmetry_mean": 0.856773316860199,
  "facial_symmetry_std": 0.04116062447428703,
  "facial_symmetry_median": 0.8552753925323486,
  "facial_symmetry_max": 0.9976803064346313,
  "face_width_height_ratio_mean": 1.1866347789764404,
  "face_width_height_ratio_std": 0.19022564589977264,
  "face_width_height_ratio_median": 1.2261453866958618,
  "face_width_height_ratio_max": 1.4888814687728882,
  "eye_spacing_ratio_mean": 0.6418440937995911,
  "eye_spacing_ratio_std": 0.05030452832579613,
  "eye_spacing_ratio_median": 0.657676637172699,
  "eye_spacing_ratio_max": 0.701027512550354,
  "jaw_ratio_mean": 0.7850464582443237,
  "jaw_ratio_std": 0.029707269743084908,
  "jaw_ratio_median": 0.782206654548645,
  "jaw_ratio_max": 0.8653795123100281,
  "smile_intensity_mean": 0.02592119388282299,
  "smile_intensity_std": 0.02576625905930996,
  "smile_intensity_median": 0.01587078534066677,
  "smile_intensity_max": 0.137910395860672,
  "eye_contact_mean": 0.9474008083343506,
  "eye_contact_std": 0.028590921312570572,
  "eye_contact_median": 0.9523544907569885,
  "eye_contact_max": 0.990927517414093,
  "eye_openness_mean": 0.3668645918369293,
  "eye_openness_std": 0.16499166190624237,
  "eye_openness_median": 0.3561948835849762,
  "eye_openness_max": 0.6758280992507935,
  "gaze_stability_mean": 0.9901005625724792,
  "gaze_stability_std": 0.01416718028485775,
  "gaze_stability_median": 0.9959854483604431,
  "gaze_stability_max": 1.0,
  "head_tilt_mean": 0.05987390875816345,
  "head_tilt_std": 0.03598390519618988,
  "head_tilt_median": 0.06710603833198547,
  "head_tilt_max": 0.16250312328338623,
  "expression_speed_mean": 0.06606412678956985,
  "expression_speed_std": 0.10071678459644318,
  "expression_speed_median": 0.028386173769831657,
  "expression_speed_max": 0.4103269577026367,
  "happy_mean": 0.2811180353164673,
  "happy_std": 0.3801068365573883,
  "happy_median": 0.023484308272600174,
  "happy_max": 0.9999789595603943,
  "neutral_mean": 0.24074476957321167,
  "neutral_std": 0.35080432891845703,
  "neutral_median": 0.016823606565594673,
  "neutral_max": 0.9919502139091492,
  "surprise_mean": 0.022499840706586838,
  "surprise_std": 0.09213998168706894,
  "surprise_median": 4.1521275306877214e-06,
  "surprise_max": 0.5796394944190979,
  "processed_frames": 71.0,
  "video_name": "3.mp4"
}