{
  "facial_symmetry_mean": 0.8723675608634949,
  "facial_symmetry_std": 0.11351483315229416,
  "facial_symmetry_median": 0.9246870875358582,
  "facial_symmetry_max": 0.9986923933029175,
  "face_width_height_ratio_mean": 1.419203519821167,
  "face_width_height_ratio_std": 0.14015279710292816,
  "face_width_height_ratio_median": 1.4442365169525146,
  "face_width_height_ratio_max": 1.6020698547363281,
  "eye_spacing_ratio_mean": 0.6597433686256409,
  "eye_spacing_ratio_std": 0.02709869295358658,
  "eye_spacing_ratio_median": 0.6554913520812988,
  "eye_spacing_ratio_max": 0.7217870354652405,
  "jaw_ratio_mean": 0.7717941403388977,
  "jaw_ratio_std": 0.024483442306518555,
  "jaw_ratio_median": 0.771145224571228,
  "jaw_ratio_max": 0.8554794192314148,
  "smile_intensity_mean": 0.08010977506637573,
  "smile_intensity_std": 0.0984891951084137,
  "smile_intensity_median": 0.021517695859074593,
  "smile_intensity_max": 0.25259190797805786,
  "eye_contact_mean": 0.9542144536972046,
  "eye_contact_std": 0.055841024965047836,
  "eye_contact_median": 0.9767414331436157,
  "eye_contact_max": 0.9993013143539429,
  "eye_openness_mean": 0.7291693091392517,
  "eye_openness_std": 0.18755371868610382,
  "eye_openness_median": 0.7665852308273315,
  "eye_openness_max": 1.0,
  "gaze_stability_mean": 0.9699192643165588,
  "gaze_stability_std": 0.04474090412259102,
  "gaze_stability_median": 0.9900402426719666,
  "gaze_stability_max": 1.0,
  "head_tilt_mean": 0.03041532263159752,
  "head_tilt_std": 0.026451347395777702,
  "head_tilt_median": 0.026394203305244446,
  "head_tilt_max": 0.11964783072471619,
  "expression_speed_mean": 0.14621558785438538,
  "expression_speed_std": 0.14878205955028534,
  "expression_speed_median": 0.1044779047369957,
  "expression_speed_max": 0.5811706781387329,
  "happy_mean": 0.192145437002182,
  "happy_std": 0.3758228123188019,
  "happy_median": 0.00013248465256765485,
  "happy_max": 0.9999961853027344,
  "neutral_mean": 0.2799997329711914,
  "neutral_std": 0.3826507031917572,
  "neutral_median": 0.04448810964822769,
  "neutral_max": 0.9997846484184265,
  "surprise_mean": 0.04031391814351082,
  "surprise_std": 0.13990052044391632,
  "surprise_median": 2.1158639356144704e-05,
  "surprise_max": 0.7450579404830933,
  "processed_frames": 37.0,
  "video_name": "4.mp4"
}