{
  "facial_symmetry_mean": 0.9635223150253296,
  "facial_symmetry_std": 0.04886681213974953,
  "facial_symmetry_median": 0.9847462177276611,
  "facial_symmetry_max": 0.9978769421577454,
  "face_width_height_ratio_mean": 1.3287605047225952,
  "face_width_height_ratio_std": 0.15763744711875916,
  "face_width_height_ratio_median": 1.3358367681503296,
  "face_width_height_ratio_max": 1.767277717590332,
  "eye_spacing_ratio_mean": 0.6396014094352722,
  "eye_spacing_ratio_std": 0.025939321145415306,
  "eye_spacing_ratio_median": 0.636719822883606,
  "eye_spacing_ratio_max": 0.6854722499847412,
  "jaw_ratio_mean": 0.7806733846664429,
  "jaw_ratio_std": 0.02558172307908535,
  "jaw_ratio_median": 0.7767453193664551,
  "jaw_ratio_max": 0.847790002822876,
  "smile_intensity_mean": 0.04925059154629707,
  "smile_intensity_std": 0.06689319759607315,
  "smile_intensity_median": 0.031362488865852356,
  "smile_intensity_max": 0.31771090626716614,
  "eye_contact_mean": 0.9866878986358643,
  "eye_contact_std": 0.008201478980481625,
  "eye_contact_median": 0.987532377243042,
  "eye_contact_max": 0.9978733658790588,
  "eye_openness_mean": 0.3954147398471832,
  "eye_openness_std": 0.1295522302389145,
  "eye_openness_median": 0.36313480138778687,
  "eye_openness_max": 0.618600606918335,
  "gaze_stability_mean": 0.9912357926368713,
  "gaze_stability_std": 0.005456162616610527,
  "gaze_stability_median": 0.9911556243896484,
  "gaze_stability_max": 1.0,
  "head_tilt_mean": 0.04457863047719002,
  "head_tilt_std": 0.03365897014737129,
  "head_tilt_median": 0.0361952930688858,
  "head_tilt_max": 0.09493440389633179,
  "expression_speed_mean": 0.10351269692182541,
  "expression_speed_std": 0.08220627158880234,
  "expression_speed_median": 0.07954689860343933,
  "expression_speed_max": 0.31433263421058655,
  "happy_mean": 0.020010294392704964,
  "happy_std": 0.06051338091492653,
  "happy_median": 2.398356082267128e-05,
  "happy_max": 0.27439311146736145,
  "neutral_mean": 0.6335707902908325,
  "neutral_std": 0.36331337690353394,
  "neutral_median": 0.7999759912490845,
  "neutral_max": 0.9992074966430664,
  "surprise_mean": 0.002016319427639246,
  "surprise_std": 0.003659868147224188,
  "surprise_median": 0.000185497134225443,
  "surprise_max": 0.012313817627727985,
  "processed_frames": 22.0,
  "video_name": "6.mp4"
}