{
  "facial_symmetry_mean": 0.6520789265632629,
  "facial_symmetry_std": 0.22941677272319794,
  "facial_symmetry_median": 0.5987480878829956,
  "facial_symmetry_max": 0.999920129776001,
  "face_width_height_ratio_mean": 1.3742865324020386,
  "face_width_height_ratio_std": 0.13981178402900696,
  "face_width_height_ratio_median": 1.397810935974121,
  "face_width_height_ratio_max": 1.6491403579711914,
  "eye_spacing_ratio_mean": 0.6622225046157837,
  "eye_spacing_ratio_std": 0.025905940681695938,
  "eye_spacing_ratio_median": 0.6670350432395935,
  "eye_spacing_ratio_max": 0.7315111756324768,
  "jaw_ratio_mean": 0.7589598298072815,
  "jaw_ratio_std": 0.016039187088608742,
  "jaw_ratio_median": 0.7564245462417603,
  "jaw_ratio_max": 0.8210442066192627,
  "smile_intensity_mean": 0.03791332617402077,
  "smile_intensity_std": 0.058433275669813156,
  "smile_intensity_median": 0.014597226865589619,
  "smile_intensity_max": 0.35406410694122314,
  "eye_contact_mean": 0.9492830038070679,
  "eye_contact_std": 0.05422128364443779,
  "eye_contact_median": 0.9664375185966492,
  "eye_contact_max": 0.9999401569366455,
  "eye_openness_mean": 0.9766144156455994,
  "eye_openness_std": 0.07405231148004532,
  "eye_openness_median": 1.0,
  "eye_openness_max": 1.0,
  "gaze_stability_mean": 0.9751408100128174,
  "gaze_stability_std": 0.041454046964645386,
  "gaze_stability_median": 0.9879382848739624,
  "gaze_stability_max": 1.0,
  "head_tilt_mean": 0.2819235026836395,
  "head_tilt_std": 0.23041675984859467,
  "head_tilt_median": 0.220697820186615,
  "head_tilt_max": 0.7953072786331177,
  "expression_speed_mean": 0.06949760019779205,
  "expression_speed_std": 0.08622575551271439,
  "expression_speed_median": 0.03349419683218002,
  "expression_speed_max": 0.46128031611442566,
  "happy_mean": 0.17784731090068817,
  "happy_std": 0.33513593673706055,
  "happy_median": 0.0006140899495221674,
  "happy_max": 0.9996142983436584,
  "neutral_mean": 0.4950503706932068,
  "neutral_std": 0.45125874876976013,
  "neutral_median": 0.7307661771774292,
  "neutral_max": 0.9997007846832275,
  "surprise_mean": 0.011965171433985233,
  "surprise_std": 0.07085728645324707,
  "surprise_median": 2.1661833216057857e-07,
  "surprise_max": 0.5918585062026978,
  "processed_frames": 119.0,
  "video_name": "7.mp4"
}