{
  "expression_speed_max": 0.6185254028865269,
  "expression_speed_mean": 0.09366302298648017,
  "expression_speed_median": 0.05011867758418832,
  "expression_speed_std": 0.12021798001868385,
  "eye_contact_max": 0.9981176257133484,
  "eye_contact_mean": 0.9574444804872785,
  "eye_contact_median": 0.9715842519487653,
  "eye_contact_std": 0.039629778026470115,
  "eye_openness_max": 0.8992041008813041,
  "eye_openness_mean": 0.7013404454503741,
  "eye_openness_median": 0.722237514598029,
  "eye_openness_std": 0.16330585415874208,
  "eye_spacing_ratio_max": 0.7203225493431091,
  "eye_spacing_ratio_mean": 0.6500595808029175,
  "eye_spacing_ratio_median": 0.6520634378705706,
  "eye_spacing_ratio_std": 0.03143055337880339,
  "face_width_height_ratio_max": 1.6309198992592948,
  "face_width_height_ratio_mean": 1.2935984986168998,
  "face_width_height_ratio_median": 1.3226802349090576,
  "face_width_height_ratio_std": 0.1611072729740824,
  "facial_symmetry_max": 0.9987143278121948,
  "facial_symmetry_mean": 0.8266280378614154,
  "facial_symmetry_median": 0.8326249378068107,
  "facial_symmetry_std": 0.11071560106107167,
  "gaze_stability_max": 1.0,
  "gaze_stability_mean": 0.9834051217351641,
  "gaze_stability_median": 0.9930158853530884,
  "gaze_stability_std": 0.02630801871418953,
  "happy_max": 0.8954797855445317,
  "happy_mean": 0.14677703087883337,
  "happy_median": 0.004135534470281398,
  "happy_std": 0.2758891119488648,
  "head_tilt_max": 0.34662237763404846,
  "head_tilt_mean": 0.11052348571164268,
  "head_tilt_median": 0.10121845773288182,
  "head_tilt_std": 0.08822786142783505,
  "jaw_ratio_max": 0.83586357321058,
  "jaw_ratio_mean": 0.7653921501977103,
  "jaw_ratio_median": 0.76378333568573,
  "jaw_ratio_std": 0.021962939096348628,
  "neutral_max": 0.9984744361468724,
  "neutral_mean": 0.4367035584790366,
  "neutral_median": 0.43605588296694414,
  "neutral_std": 0.38254239729472567,
  "processed_frames": 91.28571428571429,
  "smile_intensity_max": 0.41753683771405903,
  "smile_intensity_mean": 0.06679041098271098,
  "smile_intensity_median": 0.03269080498388836,
  "smile_intensity_std": 0.082386011789952,
  "surprise_max": 0.6345311793099556,
  "surprise_mean": 0.03137417157579746,
  "surprise_median": 0.00028917082918919083,
  "surprise_std": 0.10648955424715366,
  "video_count": 7.0,
  "valid_video_count": 7.0,
  "valid_video_ratio": 1.0,
  "total_processed_frames": 639.0,
  "avg_processed_frames": 91.28571428571429,
  "quality_score": 0.8434285714285714,
  "person_name": "Vương Sở Nhiên"
}