{
  "facial_symmetry_mean": 0.9087284207344055,
  "facial_symmetry_std": 0.05279147997498512,
  "facial_symmetry_median": 0.9006620049476624,
  "facial_symmetry_max": 0.9977859854698181,
  "face_width_height_ratio_mean": 0.632588803768158,
  "face_width_height_ratio_std": 0.05766400694847107,
  "face_width_height_ratio_median": 0.6263901591300964,
  "face_width_height_ratio_max": 0.8172114491462708,
  "eye_spacing_ratio_mean": 0.6640110611915588,
  "eye_spacing_ratio_std": 0.029796237125992775,
  "eye_spacing_ratio_median": 0.6608536243438721,
  "eye_spacing_ratio_max": 0.7368289232254028,
  "jaw_ratio_mean": 0.761817216873169,
  "jaw_ratio_std": 0.020517360419034958,
  "jaw_ratio_median": 0.7618706226348877,
  "jaw_ratio_max": 0.8225873112678528,
  "smile_intensity_mean": 0.30955320596694946,
  "smile_intensity_std": 0.35366949439048767,
  "smile_intensity_median": 0.10874512791633606,
  "smile_intensity_max": 1.0,
  "eye_contact_mean": 0.9744986891746521,
  "eye_contact_std": 0.018174095079302788,
  "eye_contact_median": 0.9790217280387878,
  "eye_contact_max": 0.9992804527282715,
  "eye_openness_mean": 0.8465907573699951,
  "eye_openness_std": 0.2407395839691162,
  "eye_openness_median": 1.0,
  "eye_openness_max": 1.0,
  "gaze_stability_mean": 0.9871771931648254,
  "gaze_stability_std": 0.016685673967003822,
  "gaze_stability_median": 0.9944049715995789,
  "gaze_stability_max": 1.0,
  "head_tilt_mean": 0.20685917139053345,
  "head_tilt_std": 0.25313082337379456,
  "head_tilt_median": 0.08889704942703247,
  "head_tilt_max": 0.9598219394683838,
  "expression_speed_mean": 0.3436204195022583,
  "expression_speed_std": 0.3179251253604889,
  "expression_speed_median": 0.24512363970279694,
  "expression_speed_max": 1.0,
  "happy_mean": 0.01946326345205307,
  "happy_std": 0.06632840633392334,
  "happy_median": 0.00016642705304548144,
  "happy_max": 0.4789929687976837,
  "neutral_mean": 0.3695054352283478,
  "neutral_std": 0.36225250363349915,
  "neutral_median": 0.24965058267116547,
  "neutral_max": 0.997380256652832,
  "surprise_mean": 0.047619450837373734,
  "surprise_std": 0.18219123780727386,
  "surprise_median": 1.1769320735766087e-05,
  "surprise_max": 0.9969856142997742,
  "processed_frames": 107.0,
  "video_name": "1 (2).mp4"
}