{
  "facial_symmetry_mean": 0.8726488947868347,
  "facial_symmetry_std": 0.08312001824378967,
  "facial_symmetry_median": 0.8732434511184692,
  "facial_symmetry_max": 0.9956049919128418,
  "face_width_height_ratio_mean": 1.3515679836273193,
  "face_width_height_ratio_std": 0.21315898001194,
  "face_width_height_ratio_median": 1.3680846691131592,
  "face_width_height_ratio_max": 1.8251560926437378,
  "eye_spacing_ratio_mean": 0.6307462453842163,
  "eye_spacing_ratio_std": 0.03501459211111069,
  "eye_spacing_ratio_median": 0.6412709951400757,
  "eye_spacing_ratio_max": 0.6872061491012573,
  "jaw_ratio_mean": 0.7967089414596558,
  "jaw_ratio_std": 0.018435653299093246,
  "jaw_ratio_median": 0.7969659566879272,
  "jaw_ratio_max": 0.8504425883293152,
  "smile_intensity_mean": 0.13298067450523376,
  "smile_intensity_std": 0.1586010903120041,
  "smile_intensity_median": 0.05781351402401924,
  "smile_intensity_max": 0.570844829082489,
  "eye_contact_mean": 0.9497367739677429,
  "eye_contact_std": 0.032645050436258316,
  "eye_contact_median": 0.9609301090240479,
  "eye_contact_max": 0.9953352212905884,
  "eye_openness_mean": 0.5548602938652039,
  "eye_openness_std": 0.1892462521791458,
  "eye_openness_median": 0.5245446562767029,
  "eye_openness_max": 0.8816685080528259,
  "gaze_stability_mean": 0.9813877940177917,
  "gaze_stability_std": 0.02544309012591839,
  "gaze_stability_median": 0.9913405179977417,
  "gaze_stability_max": 1.0,
  "head_tilt_mean": 0.05859319120645523,
  "head_tilt_std": 0.06125875189900398,
  "head_tilt_median": 0.022692903876304626,
  "head_tilt_max": 0.20956575870513916,
  "expression_speed_mean": 0.20614513754844666,
  "expression_speed_std": 0.1741156429052353,
  "expression_speed_median": 0.14875687658786774,
  "expression_speed_max": 0.7262751460075378,
  "happy_mean": 0.18200992047786713,
  "happy_std": 0.33552086353302,
  "happy_median": 0.0014026473509147763,
  "happy_max": 0.9993481040000916,
  "neutral_mean": 0.40851718187332153,
  "neutral_std": 0.40799379348754883,
  "neutral_median": 0.2954273819923401,
  "neutral_max": 0.9975396990776062,
  "surprise_mean": 0.04778780788183212,
  "surprise_std": 0.20588310062885284,
  "surprise_median": 1.3265080269775353e-05,
  "surprise_max": 0.9890007376670837,
  "processed_frames": 40.0,
  "video_name": "1 (3).mp4"
}