{
  "facial_symmetry_mean": 0.8205050230026245,
  "facial_symmetry_std": 0.13477684557437897,
  "facial_symmetry_median": 0.8694940805435181,
  "facial_symmetry_max": 0.9935157895088196,
  "face_width_height_ratio_mean": 1.3847893476486206,
  "face_width_height_ratio_std": 0.16966059803962708,
  "face_width_height_ratio_median": 1.3933162689208984,
  "face_width_height_ratio_max": 1.8162829875946045,
  "eye_spacing_ratio_mean": 0.6508683562278748,
  "eye_spacing_ratio_std": 0.019732384011149406,
  "eye_spacing_ratio_median": 0.6499505043029785,
  "eye_spacing_ratio_max": 0.721575915813446,
  "jaw_ratio_mean": 0.782007098197937,
  "jaw_ratio_std": 0.02777045965194702,
  "jaw_ratio_median": 0.7783534526824951,
  "jaw_ratio_max": 0.8505856394767761,
  "smile_intensity_mean": 0.11703984439373016,
  "smile_intensity_std": 0.16594231128692627,
  "smile_intensity_median": 0.01863580010831356,
  "smile_intensity_max": 0.8029233813285828,
  "eye_contact_mean": 0.9255159497261047,
  "eye_contact_std": 0.0412757433950901,
  "eye_contact_median": 0.9248186349868774,
  "eye_contact_max": 0.9993060231208801,
  "eye_openness_mean": 0.9201539158821106,
  "eye_openness_std": 0.11389070004224777,
  "eye_openness_median": 1.0,
  "eye_openness_max": 1.0,
  "gaze_stability_mean": 0.9771211743354797,
  "gaze_stability_std": 0.03002847731113434,
  "gaze_stability_median": 0.9898711442947388,
  "gaze_stability_max": 1.0,
  "head_tilt_mean": 0.19954778254032135,
  "head_tilt_std": 0.1593913435935974,
  "head_tilt_median": 0.1513449102640152,
  "head_tilt_max": 0.6604088544845581,
  "expression_speed_mean": 0.11951717734336853,
  "expression_speed_std": 0.1334560662508011,
  "expression_speed_median": 0.058473557233810425,
  "expression_speed_max": 0.5083010792732239,
  "happy_mean": 0.061323247849941254,
  "happy_std": 0.19733470678329468,
  "happy_median": 0.00030792481265962124,
  "happy_max": 0.9999867677688599,
  "neutral_mean": 0.2790120542049408,
  "neutral_std": 0.3324841260910034,
  "neutral_median": 0.10825009644031525,
  "neutral_max": 0.9954327344894409,
  "surprise_mean": 0.09882606565952301,
  "surprise_std": 0.2467244416475296,
  "surprise_median": 0.00023665357730351388,
  "surprise_max": 0.9835623502731323,
  "processed_frames": 70.0,
  "video_name": "1 (4).mp4"
}