{
  "facial_symmetry_mean": 0.9046096205711365,
  "facial_symmetry_std": 0.08008233457803726,
  "facial_symmetry_median": 0.924918532371521,
  "facial_symmetry_max": 0.9995096921920776,
  "face_width_height_ratio_mean": 0.6380186676979065,
  "face_width_height_ratio_std": 0.045888762921094894,
  "face_width_height_ratio_median": 0.6299923658370972,
  "face_width_height_ratio_max": 0.724433422088623,
  "eye_spacing_ratio_mean": 0.6545058488845825,
  "eye_spacing_ratio_std": 0.013613730669021606,
  "eye_spacing_ratio_median": 0.6537284851074219,
  "eye_spacing_ratio_max": 0.7152542471885681,
  "jaw_ratio_mean": 0.7747528553009033,
  "jaw_ratio_std": 0.015495103783905506,
  "jaw_ratio_median": 0.7721878886222839,
  "jaw_ratio_max": 0.8238738775253296,
  "smile_intensity_mean": 0.14226487278938293,
  "smile_intensity_std": 0.23647871613502502,
  "smile_intensity_median": 0.015528380870819092,
  "smile_intensity_max": 0.9506051540374756,
  "eye_contact_mean": 0.9545671939849854,
  "eye_contact_std": 0.025717860087752342,
  "eye_contact_median": 0.9556776285171509,
  "eye_contact_max": 0.9989438056945801,
  "eye_openness_mean": 0.9847769141197205,
  "eye_openness_std": 0.09903121739625931,
  "eye_openness_median": 1.0,
  "eye_openness_max": 1.0,
  "gaze_stability_mean": 0.9885016679763794,
  "gaze_stability_std": 0.019681420177221298,
  "gaze_stability_median": 0.9943122267723083,
  "gaze_stability_max": 1.0,
  "head_tilt_mean": 0.27511242032051086,
  "head_tilt_std": 0.19179974496364594,
  "head_tilt_median": 0.23189693689346313,
  "head_tilt_max": 0.7069024443626404,
  "expression_speed_mean": 0.11376172304153442,
  "expression_speed_std": 0.19083204865455627,
  "expression_speed_median": 0.037333473563194275,
  "expression_speed_max": 0.8869534730911255,
  "happy_mean": 0.05767336115241051,
  "happy_std": 0.16703321039676666,
  "happy_median": 0.00021001252753194422,
  "happy_max": 0.8463051319122314,
  "neutral_mean": 0.5156416296958923,
  "neutral_std": 0.3837699294090271,
  "neutral_median": 0.47938627004623413,
  "neutral_max": 0.996769368648529,
  "surprise_mean": 0.05300172418355942,
  "surprise_std": 0.1764964908361435,
  "surprise_median": 7.379382441285998e-05,
  "surprise_max": 0.9376220107078552,
  "processed_frames": 124.0,
  "video_name": "1 (6).mp4"
}