{
  "facial_symmetry_mean": 0.6816004514694214,
  "facial_symmetry_std": 0.2657676935195923,
  "facial_symmetry_median": 0.7392280101776123,
  "facial_symmetry_max": 0.9955538511276245,
  "face_width_height_ratio_mean": 1.3932740688323975,
  "face_width_height_ratio_std": 0.13987767696380615,
  "face_width_height_ratio_median": 1.4171483516693115,
  "face_width_height_ratio_max": 1.607864260673523,
  "eye_spacing_ratio_mean": 0.6386807560920715,
  "eye_spacing_ratio_std": 0.042792510241270065,
  "eye_spacing_ratio_median": 0.6515446901321411,
  "eye_spacing_ratio_max": 0.7313234210014343,
  "jaw_ratio_mean": 0.7773199677467346,
  "jaw_ratio_std": 0.019330918788909912,
  "jaw_ratio_median": 0.7719738483428955,
  "jaw_ratio_max": 0.8204717040061951,
  "smile_intensity_mean": 0.13908357918262482,
  "smile_intensity_std": 0.1280214637517929,
  "smile_intensity_median": 0.07521316409111023,
  "smile_intensity_max": 0.4170909523963928,
  "eye_contact_mean": 0.8929663896560669,
  "eye_contact_std": 0.1052761897444725,
  "eye_contact_median": 0.9389405250549316,
  "eye_contact_max": 0.9983395338058472,
  "eye_openness_mean": 0.887850284576416,
  "eye_openness_std": 0.20067209005355835,
  "eye_openness_median": 1.0,
  "eye_openness_max": 1.0,
  "gaze_stability_mean": 0.9656267166137695,
  "gaze_stability_std": 0.05136696249246597,
  "gaze_stability_median": 0.9837068319320679,
  "gaze_stability_max": 1.0,
  "head_tilt_mean": 0.1273600161075592,
  "head_tilt_std": 0.08309673517942429,
  "head_tilt_median": 0.103272944688797,
  "head_tilt_max": 0.3654564917087555,
  "expression_speed_mean": 0.15710020065307617,
  "expression_speed_std": 0.1438525915145874,
  "expression_speed_median": 0.11458811163902283,
  "expression_speed_max": 0.8164899349212646,
  "happy_mean": 0.15432558953762054,
  "happy_std": 0.3171369135379791,
  "happy_median": 0.005404516123235226,
  "happy_max": 0.9984034895896912,
  "neutral_mean": 0.30920615792274475,
  "neutral_std": 0.38881728053092957,
  "neutral_median": 0.05865044519305229,
  "neutral_max": 0.9996293187141418,
  "surprise_mean": 0.02534046396613121,
  "surprise_std": 0.12511883676052094,
  "surprise_median": 2.852564193744911e-06,
  "surprise_max": 0.9594507813453674,
  "processed_frames": 80.0,
  "video_name": "1 (7).mp4"
}