{
  "facial_symmetry_mean": 0.8701459169387817,
  "facial_symmetry_std": 0.07094567269086838,
  "facial_symmetry_median": 0.8651367425918579,
  "facial_symmetry_max": 0.9976766705513,
  "face_width_height_ratio_mean": 1.4194120168685913,
  "face_width_height_ratio_std": 0.0908806100487709,
  "face_width_height_ratio_median": 1.4150418043136597,
  "face_width_height_ratio_max": 1.6331770420074463,
  "eye_spacing_ratio_mean": 0.6645728349685669,
  "eye_spacing_ratio_std": 0.026803744956851006,
  "eye_spacing_ratio_median": 0.6641594171524048,
  "eye_spacing_ratio_max": 0.760896623134613,
  "jaw_ratio_mean": 0.762833833694458,
  "jaw_ratio_std": 0.01752053201198578,
  "jaw_ratio_median": 0.7613184452056885,
  "jaw_ratio_max": 0.8271476626396179,
  "smile_intensity_mean": 0.06488630920648575,
  "smile_intensity_std": 0.09859505295753479,
  "smile_intensity_median": 0.02261003851890564,
  "smile_intensity_max": 0.6877643465995789,
  "eye_contact_mean": 0.9497259855270386,
  "eye_contact_std": 0.035321906208992004,
  "eye_contact_median": 0.9636750221252441,
  "eye_contact_max": 0.9995018243789673,
  "eye_openness_mean": 0.6635172367095947,
  "eye_openness_std": 0.1918303519487381,
  "eye_openness_median": 0.6845407485961914,
  "eye_openness_max": 1.0,
  "gaze_stability_mean": 0.9897737503051758,
  "gaze_stability_std": 0.01676582731306553,
  "gaze_stability_median": 0.9945790767669678,
  "gaze_stability_max": 1.0,
  "head_tilt_mean": 0.04716617614030838,
  "head_tilt_std": 0.045287542045116425,
  "head_tilt_median": 0.03618486225605011,
  "head_tilt_max": 0.19172519445419312,
  "expression_speed_mean": 0.0927034318447113,
  "expression_speed_std": 0.10157656669616699,
  "expression_speed_median": 0.051335934549570084,
  "expression_speed_max": 0.6316922903060913,
  "happy_mean": 0.1052040234208107,
  "happy_std": 0.2604665756225586,
  "happy_median": 0.000620219565462321,
  "happy_max": 0.9999999403953552,
  "neutral_mean": 0.22562667727470398,
  "neutral_std": 0.3184661865234375,
  "neutral_median": 0.04003828018903732,
  "neutral_max": 0.9848790764808655,
  "surprise_mean": 0.19378314912319183,
  "surprise_std": 0.3530482053756714,
  "surprise_median": 0.0026289699599146843,
  "surprise_max": 0.9999271631240845,
  "processed_frames": 202.0,
  "video_name": "1.mp4"
}