{
  "facial_symmetry_mean": 0.8986964225769043,
  "facial_symmetry_std": 0.09957124292850494,
  "facial_symmetry_median": 0.9452089071273804,
  "facial_symmetry_max": 0.9980369210243225,
  "face_width_height_ratio_mean": 0.8738980889320374,
  "face_width_height_ratio_std": 0.05490494146943092,
  "face_width_height_ratio_median": 0.8738598823547363,
  "face_width_height_ratio_max": 1.0943400859832764,
  "eye_spacing_ratio_mean": 0.68536776304245,
  "eye_spacing_ratio_std": 0.020285770297050476,
  "eye_spacing_ratio_median": 0.6822062730789185,
  "eye_spacing_ratio_max": 0.7558359503746033,
  "jaw_ratio_mean": 0.768095076084137,
  "jaw_ratio_std": 0.021793486550450325,
  "jaw_ratio_median": 0.7687672972679138,
  "jaw_ratio_max": 0.840684175491333,
  "smile_intensity_mean": 0.05721115693449974,
  "smile_intensity_std": 0.13899864256381989,
  "smile_intensity_median": 0.009891453199088573,
  "smile_intensity_max": 0.8490850329399109,
  "eye_contact_mean": 0.9578545689582825,
  "eye_contact_std": 0.056317396461963654,
  "eye_contact_median": 0.9795817732810974,
  "eye_contact_max": 0.9998528957366943,
  "eye_openness_mean": 0.9641966819763184,
  "eye_openness_std": 0.10925492644309998,
  "eye_openness_median": 1.0,
  "eye_openness_max": 1.0,
  "gaze_stability_mean": 0.9823101758956909,
  "gaze_stability_std": 0.0328989215195179,
  "gaze_stability_median": 0.994942843914032,
  "gaze_stability_max": 1.0,
  "head_tilt_mean": 0.08923538774251938,
  "head_tilt_std": 0.09685176610946655,
  "head_tilt_median": 0.047551244497299194,
  "head_tilt_max": 0.3882408142089844,
  "expression_speed_mean": 0.1199258491396904,
  "expression_speed_std": 0.16589988768100739,
  "expression_speed_median": 0.03707510605454445,
  "expression_speed_max": 0.6678588390350342,
  "happy_mean": 0.03245968744158745,
  "happy_std": 0.08752033114433289,
  "happy_median": 0.003015574999153614,
  "happy_max": 0.5369149446487427,
  "neutral_mean": 0.6128180623054504,
  "neutral_std": 0.3572288751602173,
  "neutral_median": 0.760029137134552,
  "neutral_max": 0.9993119835853577,
  "surprise_mean": 0.036325208842754364,
  "surprise_std": 0.11395220458507538,
  "surprise_median": 0.0007929944549687207,
  "surprise_max": 0.739134669303894,
  "processed_frames": 81.0,
  "video_name": "1.mp4"
}