{
  "facial_symmetry_mean": 0.9301245808601379,
  "facial_symmetry_std": 0.07379428297281265,
  "facial_symmetry_median": 0.9462156295776367,
  "facial_symmetry_max": 0.9980529546737671,
  "face_width_height_ratio_mean": 0.6506485342979431,
  "face_width_height_ratio_std": 0.0346592515707016,
  "face_width_height_ratio_median": 0.6506757140159607,
  "face_width_height_ratio_max": 0.8265935182571411,
  "eye_spacing_ratio_mean": 0.6684359312057495,
  "eye_spacing_ratio_std": 0.02018284983932972,
  "eye_spacing_ratio_median": 0.671249508857727,
  "eye_spacing_ratio_max": 0.7248818874359131,
  "jaw_ratio_mean": 0.7786204218864441,
  "jaw_ratio_std": 0.01594655029475689,
  "jaw_ratio_median": 0.7751467823982239,
  "jaw_ratio_max": 0.8215003609657288,
  "smile_intensity_mean": 0.2728363573551178,
  "smile_intensity_std": 0.23972612619400024,
  "smile_intensity_median": 0.26158735156059265,
  "smile_intensity_max": 0.795265793800354,
  "eye_contact_mean": 0.980657696723938,
  "eye_contact_std": 0.02196170762181282,
  "eye_contact_median": 0.9903907179832458,
  "eye_contact_max": 0.9994612336158752,
  "eye_openness_mean": 0.9163332581520081,
  "eye_openness_std": 0.19556351006031036,
  "eye_openness_median": 1.0,
  "eye_openness_max": 1.0,
  "gaze_stability_mean": 0.989941418170929,
  "gaze_stability_std": 0.01800915226340294,
  "gaze_stability_median": 0.9957528114318848,
  "gaze_stability_max": 1.0,
  "head_tilt_mean": 0.07186657935380936,
  "head_tilt_std": 0.08217041939496994,
  "head_tilt_median": 0.04642769694328308,
  "head_tilt_max": 0.5306344032287598,
  "expression_speed_mean": 0.15222714841365814,
  "expression_speed_std": 0.19736211001873016,
  "expression_speed_median": 0.05682780221104622,
  "expression_speed_max": 0.7484084367752075,
  "happy_mean": 0.06753075122833252,
  "happy_std": 0.18235912919044495,
  "happy_median": 0.003180872183293104,
  "happy_max": 0.9986292719841003,
  "neutral_mean": 0.41609641909599304,
  "neutral_std": 0.32961735129356384,
  "neutral_median": 0.41743865609169006,
  "neutral_max": 0.9672267436981201,
  "surprise_mean": 0.011391856707632542,
  "surprise_std": 0.06507445126771927,
  "surprise_median": 6.069728988222778e-05,
  "surprise_max": 0.5775645971298218,
  "processed_frames": 93.0,
  "video_name": "2.mp4"
}