{
  "facial_symmetry_mean": 0.8853687644004822,
  "facial_symmetry_std": 0.049343008548021317,
  "facial_symmetry_median": 0.8746874332427979,
  "facial_symmetry_max": 0.9905374050140381,
  "face_width_height_ratio_mean": 0.6231362223625183,
  "face_width_height_ratio_std": 0.03594127297401428,
  "face_width_height_ratio_median": 0.6330190300941467,
  "face_width_height_ratio_max": 0.7143489122390747,
  "eye_spacing_ratio_mean": 0.6533809900283813,
  "eye_spacing_ratio_std": 0.025901509448885918,
  "eye_spacing_ratio_median": 0.6591099500656128,
  "eye_spacing_ratio_max": 0.7682588696479797,
  "jaw_ratio_mean": 0.7612165808677673,
  "jaw_ratio_std": 0.020503776147961617,
  "jaw_ratio_median": 0.762010931968689,
  "jaw_ratio_max": 0.8233198523521423,
  "smile_intensity_mean": 0.15324386954307556,
  "smile_intensity_std": 0.26012498140335083,
  "smile_intensity_median": 0.019945111125707626,
  "smile_intensity_max": 1.0,
  "eye_contact_mean": 0.9691834449768066,
  "eye_contact_std": 0.030478693544864655,
  "eye_contact_median": 0.9845404028892517,
  "eye_contact_max": 0.9986124038696289,
  "eye_openness_mean": 0.9438067078590393,
  "eye_openness_std": 0.1661231964826584,
  "eye_openness_median": 1.0,
  "eye_openness_max": 1.0,
  "gaze_stability_mean": 0.9865311980247498,
  "gaze_stability_std": 0.023651959374547005,
  "gaze_stability_median": 0.995278537273407,
  "gaze_stability_max": 1.0,
  "head_tilt_mean": 0.09043724834918976,
  "head_tilt_std": 0.09939735382795334,
  "head_tilt_median": 0.03760926425457001,
  "head_tilt_max": 0.3899364173412323,
  "expression_speed_mean": 0.19254715740680695,
  "expression_speed_std": 0.2557884156703949,
  "expression_speed_median": 0.059578824788331985,
  "expression_speed_max": 1.0,
  "happy_mean": 0.21995095908641815,
  "happy_std": 0.3569621443748474,
  "happy_median": 0.0014709403039887547,
  "happy_max": 0.9974343776702881,
  "neutral_mean": 0.26045921444892883,
  "neutral_std": 0.323173850774765,
  "neutral_median": 0.11516459286212921,
  "neutral_max": 0.999926745891571,
  "surprise_mean": 0.10927369445562363,
  "surprise_std": 0.26693710684776306,
  "surprise_median": 0.002070814371109009,
  "surprise_max": 0.9863764047622681,
  "processed_frames": 76.0,
  "video_name": "3.mp4"
}