{
  "facial_symmetry_mean": 0.9142497181892395,
  "facial_symmetry_std": 0.05925355479121208,
  "facial_symmetry_median": 0.9266151189804077,
  "facial_symmetry_max": 0.9984943866729736,
  "face_width_height_ratio_mean": 0.6440480947494507,
  "face_width_height_ratio_std": 0.03363720700144768,
  "face_width_height_ratio_median": 0.6482809782028198,
  "face_width_height_ratio_max": 0.6923365592956543,
  "eye_spacing_ratio_mean": 0.6587789058685303,
  "eye_spacing_ratio_std": 0.02456296794116497,
  "eye_spacing_ratio_median": 0.6613196134567261,
  "eye_spacing_ratio_max": 0.7137017250061035,
  "jaw_ratio_mean": 0.7898896932601929,
  "jaw_ratio_std": 0.01855274848639965,
  "jaw_ratio_median": 0.7902884483337402,
  "jaw_ratio_max": 0.8460472822189331,
  "smile_intensity_mean": 0.3229449987411499,
  "smile_intensity_std": 0.269748717546463,
  "smile_intensity_median": 0.357067734003067,
  "smile_intensity_max": 0.8309164643287659,
  "eye_contact_mean": 0.9785013794898987,
  "eye_contact_std": 0.018880106508731842,
  "eye_contact_median": 0.9840293526649475,
  "eye_contact_max": 0.9999635219573975,
  "eye_openness_mean": 0.8777979612350464,
  "eye_openness_std": 0.22697044909000397,
  "eye_openness_median": 1.0,
  "eye_openness_max": 1.0,
  "gaze_stability_mean": 0.990290641784668,
  "gaze_stability_std": 0.013575254939496517,
  "gaze_stability_median": 0.9950923919677734,
  "gaze_stability_max": 1.0,
  "head_tilt_mean": 0.07262849062681198,
  "head_tilt_std": 0.06493573635816574,
  "head_tilt_median": 0.06180815398693085,
  "head_tilt_max": 0.3623683750629425,
  "expression_speed_mean": 0.1436283439397812,
  "expression_speed_std": 0.19549408555030823,
  "expression_speed_median": 0.06592763960361481,
  "expression_speed_max": 0.9351729154586792,
  "happy_mean": 0.11074967682361603,
  "happy_std": 0.2481168806552887,
  "happy_median": 0.0015049991197884083,
  "happy_max": 0.9995986819267273,
  "neutral_mean": 0.3300156891345978,
  "neutral_std": 0.3191383183002472,
  "neutral_median": 0.23111964762210846,
  "neutral_max": 0.9869217872619629,
  "surprise_mean": 0.005590148735791445,
  "surprise_std": 0.04261217266321182,
  "surprise_median": 2.452730041113682e-05,
  "surprise_max": 0.4340530335903168,
  "processed_frames": 104.0,
  "video_name": "4.mp4"
}