{
  "facial_symmetry_mean": 0.8881592154502869,
  "facial_symmetry_std": 0.05235317721962929,
  "facial_symmetry_median": 0.8785359859466553,
  "facial_symmetry_max": 0.9643451571464539,
  "face_width_height_ratio_mean": 1.403009295463562,
  "face_width_height_ratio_std": 0.13071106374263763,
  "face_width_height_ratio_median": 1.407984972000122,
  "face_width_height_ratio_max": 1.755294680595398,
  "eye_spacing_ratio_mean": 0.6744533777236938,
  "eye_spacing_ratio_std": 0.023731274530291557,
  "eye_spacing_ratio_median": 0.671745777130127,
  "eye_spacing_ratio_max": 0.732082188129425,
  "jaw_ratio_mean": 0.7867821455001831,
  "jaw_ratio_std": 0.020733525976538658,
  "jaw_ratio_median": 0.7833480834960938,
  "jaw_ratio_max": 0.8569289445877075,
  "smile_intensity_mean": 0.10410289466381073,
  "smile_intensity_std": 0.12012550234794617,
  "smile_intensity_median": 0.02884567901492119,
  "smile_intensity_max": 0.3627678453922272,
  "eye_contact_mean": 0.963137149810791,
  "eye_contact_std": 0.03369666635990143,
  "eye_contact_median": 0.9736144542694092,
  "eye_contact_max": 0.9996145963668823,
  "eye_openness_mean": 0.5783089995384216,
  "eye_openness_std": 0.2801588475704193,
  "eye_openness_median": 0.5139753818511963,
  "eye_openness_max": 1.0,
  "gaze_stability_mean": 0.985215961933136,
  "gaze_stability_std": 0.021204335615038872,
  "gaze_stability_median": 0.9932445287704468,
  "gaze_stability_max": 1.0,
  "head_tilt_mean": 0.07174316048622131,
  "head_tilt_std": 0.052345603704452515,
  "head_tilt_median": 0.0551450252532959,
  "head_tilt_max": 0.1969313621520996,
  "expression_speed_mean": 0.08482417464256287,
  "expression_speed_std": 0.1019454151391983,
  "expression_speed_median": 0.04533123970031738,
  "expression_speed_max": 0.5030059218406677,
  "happy_mean": 0.3548375368118286,
  "happy_std": 0.4642164707183838,
  "happy_median": 0.001341216266155243,
  "happy_max": 0.999967098236084,
  "neutral_mean": 0.0951211154460907,
  "neutral_std": 0.23063470423221588,
  "neutral_median": 0.006781565956771374,
  "neutral_max": 0.993408739566803,
  "surprise_mean": 0.03613845631480217,
  "surprise_std": 0.15095508098602295,
  "surprise_median": 1.1644669939414598e-05,
  "surprise_max": 0.8828744292259216,
  "processed_frames": 76.0,
  "video_name": "5.mp4"
}