{
  "facial_symmetry_mean": 0.8940938711166382,
  "facial_symmetry_std": 0.11355340480804443,
  "facial_symmetry_median": 0.9449682235717773,
  "facial_symmetry_max": 0.9999974966049194,
  "face_width_height_ratio_mean": 1.171826958656311,
  "face_width_height_ratio_std": 0.05171285197138786,
  "face_width_height_ratio_median": 1.172724723815918,
  "face_width_height_ratio_max": 1.320610761642456,
  "eye_spacing_ratio_mean": 0.6744147539138794,
  "eye_spacing_ratio_std": 0.020400922745466232,
  "eye_spacing_ratio_median": 0.6717768907546997,
  "eye_spacing_ratio_max": 0.7390492558479309,
  "jaw_ratio_mean": 0.7673200368881226,
  "jaw_ratio_std": 0.021876858547329903,
  "jaw_ratio_median": 0.768388032913208,
  "jaw_ratio_max": 0.848259687423706,
  "smile_intensity_mean": 0.06909946352243423,
  "smile_intensity_std": 0.09591925144195557,
  "smile_intensity_median": 0.016665855422616005,
  "smile_intensity_max": 0.34301459789276123,
  "eye_contact_mean": 0.9569768905639648,
  "eye_contact_std": 0.031193779781460762,
  "eye_contact_median": 0.9630594253540039,
  "eye_contact_max": 0.999793529510498,
  "eye_openness_mean": 0.9353866577148438,
  "eye_openness_std": 0.15742088854312897,
  "eye_openness_median": 1.0,
  "eye_openness_max": 1.0,
  "gaze_stability_mean": 0.9882562160491943,
  "gaze_stability_std": 0.014774584211409092,
  "gaze_stability_median": 0.9938538074493408,
  "gaze_stability_max": 1.0,
  "head_tilt_mean": 0.08003733307123184,
  "head_tilt_std": 0.06457097083330154,
  "head_tilt_median": 0.051325708627700806,
  "head_tilt_max": 0.2759680151939392,
  "expression_speed_mean": 0.10363297909498215,
  "expression_speed_std": 0.1790701299905777,
  "expression_speed_median": 0.03684613108634949,
  "expression_speed_max": 0.9105415940284729,
  "happy_mean": 0.1364593803882599,
  "happy_std": 0.3258827030658722,
  "happy_median": 0.0009875877294689417,
  "happy_max": 0.9999417066574097,
  "neutral_mean": 0.44787147641181946,
  "neutral_std": 0.3575285077095032,
  "neutral_median": 0.4615955650806427,
  "neutral_max": 0.990355908870697,
  "surprise_mean": 0.03937927633523941,
  "surprise_std": 0.15012402832508087,
  "surprise_median": 9.60238539846614e-05,
  "surprise_max": 0.7291918992996216,
  "processed_frames": 89.0,
  "video_name": "6.mp4"
}