{
  "facial_symmetry_mean": 0.7898606061935425,
  "facial_symmetry_std": 0.1937742829322815,
  "facial_symmetry_median": 0.8633866906166077,
  "facial_symmetry_max": 0.9974915981292725,
  "face_width_height_ratio_mean": 1.4726167917251587,
  "face_width_height_ratio_std": 0.1285458207130432,
  "face_width_height_ratio_median": 1.4973835945129395,
  "face_width_height_ratio_max": 1.8407776355743408,
  "eye_spacing_ratio_mean": 0.6586608290672302,
  "eye_spacing_ratio_std": 0.034809306263923645,
  "eye_spacing_ratio_median": 0.662475049495697,
  "eye_spacing_ratio_max": 0.7430754899978638,
  "jaw_ratio_mean": 0.7836682796478271,
  "jaw_ratio_std": 0.018922805786132812,
  "jaw_ratio_median": 0.7811463475227356,
  "jaw_ratio_max": 0.8497404456138611,
  "smile_intensity_mean": 0.14118483662605286,
  "smile_intensity_std": 0.11804019659757614,
  "smile_intensity_median": 0.170662984251976,
  "smile_intensity_max": 0.4109390377998352,
  "eye_contact_mean": 0.9303945302963257,
  "eye_contact_std": 0.08431614935398102,
  "eye_contact_median": 0.954456090927124,
  "eye_contact_max": 0.9970653057098389,
  "eye_openness_mean": 0.9004113078117371,
  "eye_openness_std": 0.16693758964538574,
  "eye_openness_median": 1.0,
  "eye_openness_max": 1.0,
  "gaze_stability_mean": 0.97193443775177,
  "gaze_stability_std": 0.04939763620495796,
  "gaze_stability_median": 0.986880362033844,
  "gaze_stability_max": 1.0,
  "head_tilt_mean": 0.09068058431148529,
  "head_tilt_std": 0.06911105662584305,
  "head_tilt_median": 0.0803937017917633,
  "head_tilt_max": 0.3458067774772644,
  "expression_speed_mean": 0.15726706385612488,
  "expression_speed_std": 0.1652766466140747,
  "expression_speed_median": 0.09718459099531174,
  "expression_speed_max": 1.0,
  "happy_mean": 0.19147558510303497,
  "happy_std": 0.3382188677787781,
  "happy_median": 0.009179884567856789,
  "happy_max": 0.9999004006385803,
  "neutral_mean": 0.2999035120010376,
  "neutral_std": 0.3515321612358093,
  "neutral_median": 0.09103898704051971,
  "neutral_max": 0.9994803667068481,
  "surprise_mean": 0.016847601160407066,
  "surprise_std": 0.0942842960357666,
  "surprise_median": 4.671447823056951e-05,
  "surprise_max": 0.9732838869094849,
  "processed_frames": 121.0,
  "video_name": "7.mp4"
}