{
  "expression_speed_max": 0.8235696724482945,
  "expression_speed_mean": 0.13629324521337235,
  "expression_speed_median": 0.05696733349135944,
  "expression_speed_std": 0.1801195272377559,
  "eye_contact_max": 0.9991947838238308,
  "eye_contact_mean": 0.9623865229742867,
  "eye_contact_median": 0.9756674596241542,
  "eye_contact_std": 0.039549214233245165,
  "eye_openness_max": 1.0,
  "eye_openness_mean": 0.8737487963267735,
  "eye_openness_median": 0.930567911693028,
  "eye_openness_std": 0.18606134397642954,
  "eye_spacing_ratio_max": 0.7395550523485456,
  "eye_spacing_ratio_mean": 0.6676417929785592,
  "eye_spacing_ratio_median": 0.6685547232627869,
  "eye_spacing_ratio_std": 0.02426780015230179,
  "face_width_height_ratio_max": 1.1777574505124773,
  "face_width_height_ratio_mean": 0.9770262837409973,
  "face_width_height_ratio_median": 0.9834184135709491,
  "face_width_height_ratio_std": 0.06715891563466617,
  "facial_symmetry_max": 0.992422274180821,
  "facial_symmetry_mean": 0.8857933112553188,
  "facial_symmetry_median": 0.911373998437609,
  "facial_symmetry_std": 0.09166327917150088,
  "gaze_stability_max": 1.0,
  "gaze_stability_mean": 0.9849257213728768,
  "gaze_stability_median": 0.9935778975486755,
  "gaze_stability_std": 0.0247874063040529,
  "happy_max": 0.9331980688231332,
  "happy_mean": 0.15906750996197974,
  "happy_median": 0.0029544393099578364,
  "happy_std": 0.2861818884100233,
  "head_tilt_max": 0.3556980235236032,
  "head_tilt_mean": 0.08094696913446699,
  "head_tilt_median": 0.05432297076497759,
  "head_tilt_std": 0.07562612955059324,
  "jaw_ratio_max": 0.8409258212362017,
  "jaw_ratio_mean": 0.7765131763049534,
  "jaw_ratio_median": 0.7755851319858006,
  "jaw_ratio_std": 0.019761393112795695,
  "neutral_max": 0.9909474679401943,
  "neutral_mean": 0.35213276743888855,
  "neutral_median": 0.2995262746033924,
  "neutral_std": 0.3243805489369801,
  "processed_frames": 91.42857142857143,
  "smile_intensity_max": 0.6559983960219792,
  "smile_intensity_mean": 0.1600890824837344,
  "smile_intensity_median": 0.1235237383682813,
  "smile_intensity_std": 0.17752620258501597,
  "surprise_max": 0.7603541314601898,
  "surprise_mean": 0.0364218912353473,
  "surprise_median": 0.0004433452026465342,
  "surprise_std": 0.12627673255545752,
  "video_count": 7.0,
  "valid_video_count": 7.0,
  "valid_video_ratio": 1.0,
  "total_processed_frames": 640.0,
  "avg_processed_frames": 91.42857142857143,
  "quality_score": 0.8438095238095238,
  "person_name": "Alesandrova Marina"
}