{
  "facial_symmetry_mean": 0.9195613861083984,
  "facial_symmetry_std": 0.07177622616291046,
  "facial_symmetry_median": 0.9466384053230286,
  "facial_symmetry_max": 0.9984019994735718,
  "face_width_height_ratio_mean": 0.6156790852546692,
  "face_width_height_ratio_std": 0.03335071727633476,
  "face_width_height_ratio_median": 0.6138128042221069,
  "face_width_height_ratio_max": 0.7441146373748779,
  "eye_spacing_ratio_mean": 0.6580873131752014,
  "eye_spacing_ratio_std": 0.021679524332284927,
  "eye_spacing_ratio_median": 0.6578551530838013,
  "eye_spacing_ratio_max": 0.6967688798904419,
  "jaw_ratio_mean": 0.7678793668746948,
  "jaw_ratio_std": 0.020592112094163895,
  "jaw_ratio_median": 0.7679219841957092,
  "jaw_ratio_max": 0.8241449594497681,
  "smile_intensity_mean": 0.3454287350177765,
  "smile_intensity_std": 0.2879103422164917,
  "smile_intensity_median": 0.3698400557041168,
  "smile_intensity_max": 0.8619064688682556,
  "eye_contact_mean": 0.9831596612930298,
  "eye_contact_std": 0.019222209230065346,
  "eye_contact_median": 0.9898242354393005,
  "eye_contact_max": 0.999110758304596,
  "eye_openness_mean": 0.9511612057685852,
  "eye_openness_std": 0.11468341201543808,
  "eye_openness_median": 1.0,
  "eye_openness_max": 1.0,
  "gaze_stability_mean": 0.9907248020172119,
  "gaze_stability_std": 0.015247817151248455,
  "gaze_stability_median": 0.9958670735359192,
  "gaze_stability_max": 1.0,
  "head_tilt_mean": 0.11052636802196503,
  "head_tilt_std": 0.18277065455913544,
  "head_tilt_median": 0.04309922456741333,
  "head_tilt_max": 0.9072616696357727,
  "expression_speed_mean": 0.12314845621585846,
  "expression_speed_std": 0.18122270703315735,
  "expression_speed_median": 0.05121714249253273,
  "expression_speed_max": 0.8111487030982971,
  "happy_mean": 0.3403286635875702,
  "happy_std": 0.450528621673584,
  "happy_median": 0.01912507601082325,
  "happy_max": 0.9999967217445374,
  "neutral_mean": 0.504201352596283,
  "neutral_std": 0.4401170015335083,
  "neutral_median": 0.6644455790519714,
  "neutral_max": 0.9996362328529358,
  "surprise_mean": 0.03547775745391846,
  "surprise_std": 0.16129593551158905,
  "surprise_median": 4.478666596696712e-05,
  "surprise_max": 0.9953373074531555,
  "processed_frames": 95.0,
  "video_name": "1 (2).mp4"
}