{
  "facial_symmetry_mean": 0.8645315766334534,
  "facial_symmetry_std": 0.09729518741369247,
  "facial_symmetry_median": 0.8805781006813049,
  "facial_symmetry_max": 0.9956887364387512,
  "face_width_height_ratio_mean": 1.0629934072494507,
  "face_width_height_ratio_std": 0.1780392825603485,
  "face_width_height_ratio_median": 1.092218041419983,
  "face_width_height_ratio_max": 1.4584487676620483,
  "eye_spacing_ratio_mean": 0.654220461845398,
  "eye_spacing_ratio_std": 0.055288948118686676,
  "eye_spacing_ratio_median": 0.6575521230697632,
  "eye_spacing_ratio_max": 0.8043828010559082,
  "jaw_ratio_mean": 0.7603819966316223,
  "jaw_ratio_std": 0.029219288378953934,
  "jaw_ratio_median": 0.7663812637329102,
  "jaw_ratio_max": 0.8276412487030029,
  "smile_intensity_mean": 0.08269354701042175,
  "smile_intensity_std": 0.10343707352876663,
  "smile_intensity_median": 0.02974363975226879,
  "smile_intensity_max": 0.45016857981681824,
  "eye_contact_mean": 0.9629533290863037,
  "eye_contact_std": 0.036713581532239914,
  "eye_contact_median": 0.9786378145217896,
  "eye_contact_max": 0.9995687007904053,
  "eye_openness_mean": 0.7383866906166077,
  "eye_openness_std": 0.2447504848241806,
  "eye_openness_median": 0.7361702919006348,
  "eye_openness_max": 1.0,
  "gaze_stability_mean": 0.9795030951499939,
  "gaze_stability_std": 0.02267002873122692,
  "gaze_stability_median": 0.9857608079910278,
  "gaze_stability_max": 1.0,
  "head_tilt_mean": 0.09726006537675858,
  "head_tilt_std": 0.06275267153978348,
  "head_tilt_median": 0.10004758834838867,
  "head_tilt_max": 0.22574365139007568,
  "expression_speed_mean": 0.178241565823555,
  "expression_speed_std": 0.17258493602275848,
  "expression_speed_median": 0.13105101883411407,
  "expression_speed_max": 0.7357339859008789,
  "happy_mean": 0.18664078414440155,
  "happy_std": 0.331543892621994,
  "happy_median": 0.0031840428709983826,
  "happy_max": 0.9998478889465332,
  "neutral_mean": 0.49620214104652405,
  "neutral_std": 0.4328933656215668,
  "neutral_median": 0.601230263710022,
  "neutral_max": 0.9999873042106628,
  "surprise_mean": 0.024374643340706825,
  "surprise_std": 0.1088654175400734,
  "surprise_median": 8.892437108443119e-06,
  "surprise_max": 0.7687607407569885,
  "processed_frames": 72.0,
  "video_name": "1 (3).mp4"
}