{
  "facial_symmetry_mean": 0.8900290131568909,
  "facial_symmetry_std": 0.06530258059501648,
  "facial_symmetry_median": 0.8846196532249451,
  "facial_symmetry_max": 0.9998955130577087,
  "face_width_height_ratio_mean": 0.6305794715881348,
  "face_width_height_ratio_std": 0.05556540563702583,
  "face_width_height_ratio_median": 0.6425562500953674,
  "face_width_height_ratio_max": 0.7513042688369751,
  "eye_spacing_ratio_mean": 0.6458255648612976,
  "eye_spacing_ratio_std": 0.024685250595211983,
  "eye_spacing_ratio_median": 0.6448810696601868,
  "eye_spacing_ratio_max": 0.7481552362442017,
  "jaw_ratio_mean": 0.7455315589904785,
  "jaw_ratio_std": 0.017855260521173477,
  "jaw_ratio_median": 0.7440866231918335,
  "jaw_ratio_max": 0.8338565826416016,
  "smile_intensity_mean": 0.09725695848464966,
  "smile_intensity_std": 0.16872379183769226,
  "smile_intensity_median": 0.014723439700901508,
  "smile_intensity_max": 1.0,
  "eye_contact_mean": 0.9538580775260925,
  "eye_contact_std": 0.03327607363462448,
  "eye_contact_median": 0.9612772464752197,
  "eye_contact_max": 0.9991944432258606,
  "eye_openness_mean": 0.9735472798347473,
  "eye_openness_std": 0.106828972697258,
  "eye_openness_median": 1.0,
  "eye_openness_max": 1.0,
  "gaze_stability_mean": 0.9852550029754639,
  "gaze_stability_std": 0.02263340912759304,
  "gaze_stability_median": 0.9932637214660645,
  "gaze_stability_max": 1.0,
  "head_tilt_mean": 0.1384478658437729,
  "head_tilt_std": 0.10870987921953201,
  "head_tilt_median": 0.11098295450210571,
  "head_tilt_max": 0.508478581905365,
  "expression_speed_mean": 0.10140740126371384,
  "expression_speed_std": 0.15438373386859894,
  "expression_speed_median": 0.03717488422989845,
  "expression_speed_max": 0.9461139440536499,
  "happy_mean": 0.1531868577003479,
  "happy_std": 0.30567750334739685,
  "happy_median": 0.0019365019397810102,
  "happy_max": 0.998291552066803,
  "neutral_mean": 0.52373206615448,
  "neutral_std": 0.41495802998542786,
  "neutral_median": 0.5881279110908508,
  "neutral_max": 0.9999968409538269,
  "surprise_mean": 0.07290469855070114,
  "surprise_std": 0.21132706105709076,
  "surprise_median": 8.145845640683547e-05,
  "surprise_max": 0.980383574962616,
  "processed_frames": 187.0,
  "video_name": "1 (6).mp4"
}