{
  "facial_symmetry_mean": 0.8535045981407166,
  "facial_symmetry_std": 0.1261947900056839,
  "facial_symmetry_median": 0.908001184463501,
  "facial_symmetry_max": 0.9910039305686951,
  "face_width_height_ratio_mean": 1.399510145187378,
  "face_width_height_ratio_std": 0.1063479408621788,
  "face_width_height_ratio_median": 1.4208576679229736,
  "face_width_height_ratio_max": 1.637045979499817,
  "eye_spacing_ratio_mean": 0.6555624008178711,
  "eye_spacing_ratio_std": 0.0305018313229084,
  "eye_spacing_ratio_median": 0.6570948362350464,
  "eye_spacing_ratio_max": 0.7188107967376709,
  "jaw_ratio_mean": 0.7735885381698608,
  "jaw_ratio_std": 0.0224301777780056,
  "jaw_ratio_median": 0.7713654041290283,
  "jaw_ratio_max": 0.8215257525444031,
  "smile_intensity_mean": 0.08542697876691818,
  "smile_intensity_std": 0.09302346408367157,
  "smile_intensity_median": 0.06578058004379272,
  "smile_intensity_max": 0.5349287986755371,
  "eye_contact_mean": 0.9340638518333435,
  "eye_contact_std": 0.044339559972286224,
  "eye_contact_median": 0.9453122019767761,
  "eye_contact_max": 0.997255802154541,
  "eye_openness_mean": 0.6849877834320068,
  "eye_openness_std": 0.23837754130363464,
  "eye_openness_median": 0.694442629814148,
  "eye_openness_max": 1.0,
  "gaze_stability_mean": 0.9772167801856995,
  "gaze_stability_std": 0.03081030584871769,
  "gaze_stability_median": 0.9907091856002808,
  "gaze_stability_max": 1.0,
  "head_tilt_mean": 0.0600813664495945,
  "head_tilt_std": 0.04821675643324852,
  "head_tilt_median": 0.045581236481666565,
  "head_tilt_max": 0.15682309865951538,
  "expression_speed_mean": 0.1325305849313736,
  "expression_speed_std": 0.14782632887363434,
  "expression_speed_median": 0.07688461244106293,
  "expression_speed_max": 0.6918535828590393,
  "happy_mean": 0.048913102596998215,
  "happy_std": 0.1664462387561798,
  "happy_median": 0.0008239437593147159,
  "happy_max": 0.9043074250221252,
  "neutral_mean": 0.5389707684516907,
  "neutral_std": 0.40325403213500977,
  "neutral_median": 0.7426527142524719,
  "neutral_max": 0.9948529601097107,
  "surprise_mean": 0.03413261100649834,
  "surprise_std": 0.1291734278202057,
  "surprise_median": 0.00037797936238348484,
  "surprise_max": 0.9849593043327332,
  "processed_frames": 70.0,
  "video_name": "1 (8).mp4"
}