{
  "facial_symmetry_mean": 0.9309388995170593,
  "facial_symmetry_std": 0.05872054770588875,
  "facial_symmetry_median": 0.9664121866226196,
  "facial_symmetry_max": 0.9983591437339783,
  "face_width_height_ratio_mean": 0.6088681817054749,
  "face_width_height_ratio_std": 0.04758371412754059,
  "face_width_height_ratio_median": 0.6097334623336792,
  "face_width_height_ratio_max": 0.761542797088623,
  "eye_spacing_ratio_mean": 0.6539056301116943,
  "eye_spacing_ratio_std": 0.023727651685476303,
  "eye_spacing_ratio_median": 0.6488034725189209,
  "eye_spacing_ratio_max": 0.7312684655189514,
  "jaw_ratio_mean": 0.7630603313446045,
  "jaw_ratio_std": 0.024715762585401535,
  "jaw_ratio_median": 0.7545480728149414,
  "jaw_ratio_max": 0.8190999627113342,
  "smile_intensity_mean": 0.0743219181895256,
  "smile_intensity_std": 0.14094874262809753,
  "smile_intensity_median": 0.015002086758613586,
  "smile_intensity_max": 0.49076613783836365,
  "eye_contact_mean": 0.9682542681694031,
  "eye_contact_std": 0.028950361534953117,
  "eye_contact_median": 0.9836176633834839,
  "eye_contact_max": 0.9992431402206421,
  "eye_openness_mean": 0.9149414896965027,
  "eye_openness_std": 0.20695732533931732,
  "eye_openness_median": 1.0,
  "eye_openness_max": 1.0,
  "gaze_stability_mean": 0.9925332069396973,
  "gaze_stability_std": 0.012553870677947998,
  "gaze_stability_median": 0.9965355396270752,
  "gaze_stability_max": 1.0,
  "head_tilt_mean": 0.064081110060215,
  "head_tilt_std": 0.048557087779045105,
  "head_tilt_median": 0.049061551690101624,
  "head_tilt_max": 0.20468175411224365,
  "expression_speed_mean": 0.06349100172519684,
  "expression_speed_std": 0.12911078333854675,
  "expression_speed_median": 0.01886051520705223,
  "expression_speed_max": 0.7698137164115906,
  "happy_mean": 0.3351841866970062,
  "happy_std": 0.387381374835968,
  "happy_median": 0.07965043932199478,
  "happy_max": 0.9994142651557922,
  "neutral_mean": 0.3369907736778259,
  "neutral_std": 0.34612545371055603,
  "neutral_median": 0.2121213972568512,
  "neutral_max": 0.9946057200431824,
  "surprise_mean": 0.0441710539162159,
  "surprise_std": 0.13283982872962952,
  "surprise_median": 0.00023652840172871947,
  "surprise_max": 0.871982216835022,
  "processed_frames": 90.0,
  "video_name": "1.mp4"
}