{
  "expression_speed_max": 0.7392922639846802,
  "expression_speed_mean": 0.10813454492017627,
  "expression_speed_median": 0.05473448592238128,
  "expression_speed_std": 0.1453652922064066,
  "eye_contact_max": 0.9989941194653511,
  "eye_contact_mean": 0.9639475420117378,
  "eye_contact_median": 0.9743228927254677,
  "eye_contact_std": 0.030601583188399673,
  "eye_openness_max": 1.0,
  "eye_openness_mean": 0.8346124514937401,
  "eye_openness_median": 0.8873915746808052,
  "eye_openness_std": 0.18994460720568895,
  "eye_spacing_ratio_max": 0.7452774047851562,
  "eye_spacing_ratio_mean": 0.6530074700713158,
  "eye_spacing_ratio_median": 0.6528538018465042,
  "eye_spacing_ratio_std": 0.030125515768304467,
  "face_width_height_ratio_max": 1.2369528710842133,
  "face_width_height_ratio_mean": 0.9702074900269508,
  "face_width_height_ratio_median": 0.9871682897210121,
  "face_width_height_ratio_std": 0.11108108656480908,
  "facial_symmetry_max": 0.9975915774703026,
  "facial_symmetry_mean": 0.8853807598352432,
  "facial_symmetry_median": 0.9107599854469299,
  "facial_symmetry_std": 0.0917467218823731,
  "gaze_stability_max": 1.0,
  "gaze_stability_mean": 0.9857214912772179,
  "gaze_stability_median": 0.9930866956710815,
  "gaze_stability_std": 0.019619292696006596,
  "happy_max": 0.9873685985803604,
  "happy_mean": 0.17433351697400212,
  "happy_median": 0.015281478565157158,
  "happy_std": 0.29585544764995575,
  "head_tilt_max": 0.4456878527998924,
  "head_tilt_mean": 0.1072358968667686,
  "head_tilt_median": 0.0811549462378025,
  "head_tilt_std": 0.09685035096481442,
  "jaw_ratio_max": 0.8196350634098053,
  "jaw_ratio_mean": 0.7644001692533493,
  "jaw_ratio_median": 0.7634445056319237,
  "jaw_ratio_std": 0.0215090416604653,
  "neutral_max": 0.9985504746437073,
  "neutral_mean": 0.47127171978354454,
  "neutral_median": 0.4966816268861294,
  "neutral_std": 0.3996705263853073,
  "processed_frames": 99.625,
  "smile_intensity_max": 0.658598056063056,
  "smile_intensity_mean": 0.1191521929576993,
  "smile_intensity_median": 0.07662013889057562,
  "smile_intensity_std": 0.1467058565467596,
  "surprise_max": 0.787811279296875,
  "surprise_mean": 0.038848270662128925,
  "surprise_median": 0.000582540885261551,
  "surprise_std": 0.1274424004368484,
  "video_count": 8.0,
  "valid_video_count": 8.0,
  "valid_video_ratio": 1.0,
  "total_processed_frames": 797.0,
  "avg_processed_frames": 99.625,
  "quality_score": 0.8656666666666666,
  "person_name": "Phạm Băng Băng"
}