{
  "facial_symmetry_mean": 0.9375767707824707,
  "facial_symmetry_std": 0.045822884887456894,
  "facial_symmetry_median": 0.9473658800125122,
  "facial_symmetry_max": 0.997664749622345,
  "face_width_height_ratio_mean": 0.5987961292266846,
  "face_width_height_ratio_std": 0.04395376518368721,
  "face_width_height_ratio_median": 0.606010377407074,
  "face_width_height_ratio_max": 0.7347996234893799,
  "eye_spacing_ratio_mean": 0.6580260396003723,
  "eye_spacing_ratio_std": 0.01918810047209263,
  "eye_spacing_ratio_median": 0.6564059257507324,
  "eye_spacing_ratio_max": 0.7151796817779541,
  "jaw_ratio_mean": 0.7688978910446167,
  "jaw_ratio_std": 0.01967785507440567,
  "jaw_ratio_median": 0.7649358510971069,
  "jaw_ratio_max": 0.8200518488883972,
  "smile_intensity_mean": 0.6230499148368835,
  "smile_intensity_std": 0.3179272711277008,
  "smile_intensity_median": 0.7450423836708069,
  "smile_intensity_max": 1.0,
  "eye_contact_mean": 0.9716672301292419,
  "eye_contact_std": 0.031150447204709053,
  "eye_contact_median": 0.9816311597824097,
  "eye_contact_max": 0.9990111589431763,
  "eye_openness_mean": 0.538982629776001,
  "eye_openness_std": 0.3148694336414337,
  "eye_openness_median": 0.43754470348358154,
  "eye_openness_max": 1.0,
  "gaze_stability_mean": 0.9902110695838928,
  "gaze_stability_std": 0.019574739038944244,
  "gaze_stability_median": 0.9960999488830566,
  "gaze_stability_max": 1.0,
  "head_tilt_mean": 0.07493545114994049,
  "head_tilt_std": 0.08347141742706299,
  "head_tilt_median": 0.04671875387430191,
  "head_tilt_max": 0.48543915152549744,
  "expression_speed_mean": 0.19293543696403503,
  "expression_speed_std": 0.2560924291610718,
  "expression_speed_median": 0.07756838202476501,
  "expression_speed_max": 1.0,
  "happy_mean": 0.5155952572822571,
  "happy_std": 0.453960657119751,
  "happy_median": 0.5258834958076477,
  "happy_max": 0.9999998807907104,
  "neutral_mean": 0.2784663736820221,
  "neutral_std": 0.38239359855651855,
  "neutral_median": 0.013619216158986092,
  "neutral_max": 0.99770188331604,
  "surprise_mean": 0.012418581172823906,
  "surprise_std": 0.07431723922491074,
  "surprise_median": 5.032695480622351e-05,
  "surprise_max": 0.6250661611557007,
  "processed_frames": 76.0,
  "video_name": "1 (1).mp4"
}