{
  "facial_symmetry_mean": 0.9515097737312317,
  "facial_symmetry_std": 0.038731012493371964,
  "facial_symmetry_median": 0.9630438089370728,
  "facial_symmetry_max": 0.9965178966522217,
  "face_width_height_ratio_mean": 1.5262627601623535,
  "face_width_height_ratio_std": 0.08531951159238815,
  "face_width_height_ratio_median": 1.5422059297561646,
  "face_width_height_ratio_max": 1.6996078491210938,
  "eye_spacing_ratio_mean": 0.6537240147590637,
  "eye_spacing_ratio_std": 0.0165804885327816,
  "eye_spacing_ratio_median": 0.6490269303321838,
  "eye_spacing_ratio_max": 0.702308177947998,
  "jaw_ratio_mean": 0.7730498313903809,
  "jaw_ratio_std": 0.01686743274331093,
  "jaw_ratio_median": 0.7710822224617004,
  "jaw_ratio_max": 0.8060798645019531,
  "smile_intensity_mean": 0.044371504336595535,
  "smile_intensity_std": 0.07580126076936722,
  "smile_intensity_median": 0.012506074272096157,
  "smile_intensity_max": 0.31162339448928833,
  "eye_contact_mean": 0.9838745594024658,
  "eye_contact_std": 0.012174897827208042,
  "eye_contact_median": 0.9872308969497681,
  "eye_contact_max": 0.9994798302650452,
  "eye_openness_mean": 0.47756946086883545,
  "eye_openness_std": 0.1606225222349167,
  "eye_openness_median": 0.4982930123806,
  "eye_openness_max": 0.7302602529525757,
  "gaze_stability_mean": 0.9921115636825562,
  "gaze_stability_std": 0.008685557171702385,
  "gaze_stability_median": 0.9951289296150208,
  "gaze_stability_max": 1.0,
  "head_tilt_mean": 0.02616247534751892,
  "head_tilt_std": 0.022593751549720764,
  "head_tilt_median": 0.01839384436607361,
  "head_tilt_max": 0.08406534790992737,
  "expression_speed_mean": 0.0892961174249649,
  "expression_speed_std": 0.07849273830652237,
  "expression_speed_median": 0.05640584975481033,
  "expression_speed_max": 0.3780498504638672,
  "happy_mean": 0.2665504515171051,
  "happy_std": 0.3712362051010132,
  "happy_median": 0.06503321975469589,
  "happy_max": 0.9978078603744507,
  "neutral_mean": 0.35996896028518677,
  "neutral_std": 0.34856536984443665,
  "neutral_median": 0.21457402408123016,
  "neutral_max": 0.9409480690956116,
  "surprise_mean": 0.010982436127960682,
  "surprise_std": 0.07051385194063187,
  "surprise_median": 0.00020145013695582747,
  "surprise_max": 0.5879164338111877,
  "processed_frames": 69.0,
  "video_name": "1 (2).mp4"
}