{
  "facial_symmetry_mean": 0.8841415643692017,
  "facial_symmetry_std": 0.0696559026837349,
  "facial_symmetry_median": 0.911811351776123,
  "facial_symmetry_max": 0.9922608733177185,
  "face_width_height_ratio_mean": 0.7767840623855591,
  "face_width_height_ratio_std": 0.07616385072469711,
  "face_width_height_ratio_median": 0.7988048195838928,
  "face_width_height_ratio_max": 1.027968406677246,
  "eye_spacing_ratio_mean": 0.6507907509803772,
  "eye_spacing_ratio_std": 0.03536232188344002,
  "eye_spacing_ratio_median": 0.6546950936317444,
  "eye_spacing_ratio_max": 0.7598244547843933,
  "jaw_ratio_mean": 0.7625711560249329,
  "jaw_ratio_std": 0.02074834518134594,
  "jaw_ratio_median": 0.762093186378479,
  "jaw_ratio_max": 0.8046332001686096,
  "smile_intensity_mean": 0.35380110144615173,
  "smile_intensity_std": 0.29371631145477295,
  "smile_intensity_median": 0.3841247260570526,
  "smile_intensity_max": 1.0,
  "eye_contact_mean": 0.9595824480056763,
  "eye_contact_std": 0.03225986659526825,
  "eye_contact_median": 0.9676293134689331,
  "eye_contact_max": 0.9996361136436462,
  "eye_openness_mean": 0.8453396558761597,
  "eye_openness_std": 0.21925227344036102,
  "eye_openness_median": 0.9723455309867859,
  "eye_openness_max": 1.0,
  "gaze_stability_mean": 0.9880443215370178,
  "gaze_stability_std": 0.017072316259145737,
  "gaze_stability_median": 0.9942486882209778,
  "gaze_stability_max": 1.0,
  "head_tilt_mean": 0.06795505434274673,
  "head_tilt_std": 0.06235683709383011,
  "head_tilt_median": 0.053997188806533813,
  "head_tilt_max": 0.31372785568237305,
  "expression_speed_mean": 0.22753818333148956,
  "expression_speed_std": 0.24884319305419922,
  "expression_speed_median": 0.12779192626476288,
  "expression_speed_max": 1.0,
  "happy_mean": 0.35398513078689575,
  "happy_std": 0.4389490485191345,
  "happy_median": 0.024725239723920822,
  "happy_max": 0.9999744296073914,
  "neutral_mean": 0.3132563829421997,
  "neutral_std": 0.356188029050827,
  "neutral_median": 0.15418799221515656,
  "neutral_max": 0.9990847110748291,
  "surprise_mean": 0.0341641902923584,
  "surprise_std": 0.11909784376621246,
  "surprise_median": 0.00013372485409490764,
  "surprise_max": 0.8095617890357971,
  "processed_frames": 87.0,
  "video_name": "1 (3).mp4"
}