{
  "facial_symmetry_mean": 0.8831831216812134,
  "facial_symmetry_std": 0.09628201276063919,
  "facial_symmetry_median": 0.8992022275924683,
  "facial_symmetry_max": 0.9962899088859558,
  "face_width_height_ratio_mean": 1.3403311967849731,
  "face_width_height_ratio_std": 0.20400121808052063,
  "face_width_height_ratio_median": 1.315091609954834,
  "face_width_height_ratio_max": 1.59047532081604,
  "eye_spacing_ratio_mean": 0.6243448853492737,
  "eye_spacing_ratio_std": 0.04659506678581238,
  "eye_spacing_ratio_median": 0.6500003337860107,
  "eye_spacing_ratio_max": 0.7085209488868713,
  "jaw_ratio_mean": 0.7688431739807129,
  "jaw_ratio_std": 0.03114791214466095,
  "jaw_ratio_median": 0.7647749781608582,
  "jaw_ratio_max": 0.8794870376586914,
  "smile_intensity_mean": 0.02448202669620514,
  "smile_intensity_std": 0.049137406051158905,
  "smile_intensity_median": 0.007745377253741026,
  "smile_intensity_max": 0.25082826614379883,
  "eye_contact_mean": 0.9601677060127258,
  "eye_contact_std": 0.03337043151259422,
  "eye_contact_median": 0.9687672853469849,
  "eye_contact_max": 0.9990309476852417,
  "eye_openness_mean": 0.5294044017791748,
  "eye_openness_std": 0.2439025640487671,
  "eye_openness_median": 0.3808918297290802,
  "eye_openness_max": 1.0,
  "gaze_stability_mean": 0.988306999206543,
  "gaze_stability_std": 0.020431937649846077,
  "gaze_stability_median": 0.9947834014892578,
  "gaze_stability_max": 1.0,
  "head_tilt_mean": 0.05403359606862068,
  "head_tilt_std": 0.054102636873722076,
  "head_tilt_median": 0.03520563244819641,
  "head_tilt_max": 0.24377912282943726,
  "expression_speed_mean": 0.08433438837528229,
  "expression_speed_std": 0.1335994303226471,
  "expression_speed_median": 0.031490545719861984,
  "expression_speed_max": 0.6489959359169006,
  "happy_mean": 0.32211989164352417,
  "happy_std": 0.418855220079422,
  "happy_median": 0.013593361712992191,
  "happy_max": 0.9972258806228638,
  "neutral_mean": 0.34237080812454224,
  "neutral_std": 0.4247152507305145,
  "neutral_median": 0.022981740534305573,
  "neutral_max": 0.9991711974143982,
  "surprise_mean": 0.0009315510396845639,
  "surprise_std": 0.0031314734369516373,
  "surprise_median": 2.4999622837640345e-05,
  "surprise_max": 0.018568266183137894,
  "processed_frames": 57.0,
  "video_name": "1 (4).mp4"
}