{
  "facial_symmetry_mean": 0.7576199769973755,
  "facial_symmetry_std": 0.11958359181880951,
  "facial_symmetry_median": 0.7687352895736694,
  "facial_symmetry_max": 0.9958679676055908,
  "face_width_height_ratio_mean": 1.3605164289474487,
  "face_width_height_ratio_std": 0.17241200804710388,
  "face_width_height_ratio_median": 1.3720989227294922,
  "face_width_height_ratio_max": 1.8114140033721924,
  "eye_spacing_ratio_mean": 0.6594376564025879,
  "eye_spacing_ratio_std": 0.02373448573052883,
  "eye_spacing_ratio_median": 0.6589404344558716,
  "eye_spacing_ratio_max": 0.7258612513542175,
  "jaw_ratio_mean": 0.7601378560066223,
  "jaw_ratio_std": 0.021141091361641884,
  "jaw_ratio_median": 0.7602056264877319,
  "jaw_ratio_max": 0.8905067443847656,
  "smile_intensity_mean": 0.07136846333742142,
  "smile_intensity_std": 0.12074641138315201,
  "smile_intensity_median": 0.012024005874991417,
  "smile_intensity_max": 0.645865797996521,
  "eye_contact_mean": 0.9374872446060181,
  "eye_contact_std": 0.060114361345767975,
  "eye_contact_median": 0.9569148421287537,
  "eye_contact_max": 0.9999440908432007,
  "eye_openness_mean": 0.8450236916542053,
  "eye_openness_std": 0.21008442342281342,
  "eye_openness_median": 0.9985464811325073,
  "eye_openness_max": 1.0,
  "gaze_stability_mean": 0.9779704213142395,
  "gaze_stability_std": 0.04405524581670761,
  "gaze_stability_median": 0.9907481670379639,
  "gaze_stability_max": 1.0,
  "head_tilt_mean": 0.06614535301923752,
  "head_tilt_std": 0.08031323552131653,
  "head_tilt_median": 0.03405749797821045,
  "head_tilt_max": 0.4118350148200989,
  "expression_speed_mean": 0.11426335573196411,
  "expression_speed_std": 0.1603129357099533,
  "expression_speed_median": 0.04492233321070671,
  "expression_speed_max": 0.8157995343208313,
  "happy_mean": 0.17173545062541962,
  "happy_std": 0.3467572331428528,
  "happy_median": 0.0005387449637055397,
  "happy_max": 0.9999992847442627,
  "neutral_mean": 0.38022541999816895,
  "neutral_std": 0.3897634446620941,
  "neutral_median": 0.2334352433681488,
  "neutral_max": 0.9998700022697449,
  "surprise_mean": 0.016088256612420082,
  "surprise_std": 0.08444501459598541,
  "surprise_median": 1.3218943422543816e-05,
  "surprise_max": 0.9522268772125244,
  "processed_frames": 296.0,
  "video_name": "1 (6).mp4"
}