{
  "facial_symmetry_mean": 0.9410226345062256,
  "facial_symmetry_std": 0.04446157068014145,
  "facial_symmetry_median": 0.9493212103843689,
  "facial_symmetry_max": 0.9991827011108398,
  "face_width_height_ratio_mean": 1.4199596643447876,
  "face_width_height_ratio_std": 0.18083174526691437,
  "face_width_height_ratio_median": 1.4535611867904663,
  "face_width_height_ratio_max": 1.846286654472351,
  "eye_spacing_ratio_mean": 0.6721106767654419,
  "eye_spacing_ratio_std": 0.031470801681280136,
  "eye_spacing_ratio_median": 0.679868757724762,
  "eye_spacing_ratio_max": 0.7380375862121582,
  "jaw_ratio_mean": 0.7416548728942871,
  "jaw_ratio_std": 0.036664512008428574,
  "jaw_ratio_median": 0.7273855805397034,
  "jaw_ratio_max": 0.8629692792892456,
  "smile_intensity_mean": 0.06357099860906601,
  "smile_intensity_std": 0.09648115187883377,
  "smile_intensity_median": 0.025006679818034172,
  "smile_intensity_max": 0.4247271418571472,
  "eye_contact_mean": 0.9762167930603027,
  "eye_contact_std": 0.02065790817141533,
  "eye_contact_median": 0.9835396409034729,
  "eye_contact_max": 0.9993878602981567,
  "eye_openness_mean": 0.6402860283851624,
  "eye_openness_std": 0.3161373734474182,
  "eye_openness_median": 0.5972640514373779,
  "eye_openness_max": 1.0,
  "gaze_stability_mean": 0.9832266569137573,
  "gaze_stability_std": 0.02278832532465458,
  "gaze_stability_median": 0.9927022457122803,
  "gaze_stability_max": 1.0,
  "head_tilt_mean": 0.06502072513103485,
  "head_tilt_std": 0.05209231376647949,
  "head_tilt_median": 0.050805509090423584,
  "head_tilt_max": 0.18134988844394684,
  "expression_speed_mean": 0.17301157116889954,
  "expression_speed_std": 0.17440417408943176,
  "expression_speed_median": 0.09282148629426956,
  "expression_speed_max": 0.6517565250396729,
  "happy_mean": 0.17390748858451843,
  "happy_std": 0.33182913064956665,
  "happy_median": 0.004517690744251013,
  "happy_max": 0.9999997019767761,
  "neutral_mean": 0.43363437056541443,
  "neutral_std": 0.35158002376556396,
  "neutral_median": 0.3786412477493286,
  "neutral_max": 0.9753239750862122,
  "surprise_mean": 0.015133579261600971,
  "surprise_std": 0.053517721593379974,
  "surprise_median": 0.0009472945821471512,
  "surprise_max": 0.31451866030693054,
  "processed_frames": 37.0,
  "video_name": "1 (7).mp4"
}