{
  "expression_speed_max": 0.7270779439381191,
  "expression_speed_mean": 0.13789937645196915,
  "expression_speed_median": 0.06603804230690002,
  "expression_speed_std": 0.1674939159836088,
  "eye_contact_max": 0.9994545068059649,
  "eye_contact_mean": 0.9676323277609689,
  "eye_contact_median": 0.9768884096826825,
  "eye_contact_std": 0.030165862957281724,
  "eye_openness_max": 0.9509342568261283,
  "eye_openness_mean": 0.6319964953831264,
  "eye_openness_median": 0.6381566098758152,
  "eye_openness_std": 0.24195539951324463,
  "eye_spacing_ratio_max": 0.7231430070740836,
  "eye_spacing_ratio_mean": 0.6551677925246102,
  "eye_spacing_ratio_median": 0.6587345259530204,
  "eye_spacing_ratio_std": 0.027882074937224388,
  "face_width_height_ratio_max": 1.4779022250856673,
  "face_width_height_ratio_mean": 1.218441162790571,
  "face_width_height_ratio_median": 1.2295314925057548,
  "face_width_height_ratio_std": 0.1217040169451918,
  "facial_symmetry_max": 0.9963910153933934,
  "facial_symmetry_mean": 0.8985650709697178,
  "facial_symmetry_median": 0.9133401087352208,
  "facial_symmetry_std": 0.06657856862459864,
  "gaze_stability_max": 1.0,
  "gaze_stability_mean": 0.9873091323035104,
  "gaze_stability_median": 0.9940527422087533,
  "gaze_stability_std": 0.020456232263573577,
  "happy_max": 0.9991956949234009,
  "happy_mean": 0.29417900315352846,
  "happy_median": 0.0953528944269887,
  "happy_std": 0.38962764399392263,
  "head_tilt_max": 0.2556006078209196,
  "head_tilt_mean": 0.05421922941293035,
  "head_tilt_median": 0.037554827119622915,
  "head_tilt_std": 0.053134363676820486,
  "jaw_ratio_max": 0.8382898058210101,
  "jaw_ratio_mean": 0.7602956380162921,
  "jaw_ratio_median": 0.7564975023269653,
  "jaw_ratio_std": 0.02257998114717858,
  "neutral_max": 0.9874203545706612,
  "neutral_mean": 0.3953847714832851,
  "neutral_median": 0.26366010441311766,
  "neutral_std": 0.37292500904628206,
  "processed_frames": 103.85714285714286,
  "smile_intensity_max": 0.5370403464351382,
  "smile_intensity_mean": 0.1700236355619771,
  "smile_intensity_median": 0.17061621462926269,
  "smile_intensity_std": 0.13801693131348916,
  "surprise_max": 0.47877842507192064,
  "surprise_mean": 0.012925409237920706,
  "surprise_median": 0.00019826054995064624,
  "surprise_std": 0.05848104999001537,
  "video_count": 7.0,
  "valid_video_count": 7.0,
  "valid_video_ratio": 1.0,
  "total_processed_frames": 727.0,
  "avg_processed_frames": 103.85714285714286,
  "quality_score": 0.8769523809523809,
  "person_name": "Tống Dật"
}