{
  "facial_symmetry_mean": 0.8468077182769775,
  "facial_symmetry_std": 0.08006218075752258,
  "facial_symmetry_median": 0.841549813747406,
  "facial_symmetry_max": 0.9972588419914246,
  "face_width_height_ratio_mean": 1.119587779045105,
  "face_width_height_ratio_std": 0.0959579274058342,
  "face_width_height_ratio_median": 1.1004137992858887,
  "face_width_height_ratio_max": 1.7806223630905151,
  "eye_spacing_ratio_mean": 0.6401770710945129,
  "eye_spacing_ratio_std": 0.01683012582361698,
  "eye_spacing_ratio_median": 0.6379132270812988,
  "eye_spacing_ratio_max": 0.7507179379463196,
  "jaw_ratio_mean": 0.7684369683265686,
  "jaw_ratio_std": 0.011396373622119427,
  "jaw_ratio_median": 0.7693220973014832,
  "jaw_ratio_max": 0.798801064491272,
  "smile_intensity_mean": 0.14241985976696014,
  "smile_intensity_std": 0.1435299813747406,
  "smile_intensity_median": 0.10516350716352463,
  "smile_intensity_max": 0.8412580490112305,
  "eye_contact_mean": 0.9626462459564209,
  "eye_contact_std": 0.025382794439792633,
  "eye_contact_median": 0.9652833938598633,
  "eye_contact_max": 0.999950647354126,
  "eye_openness_mean": 0.8692228198051453,
  "eye_openness_std": 0.2603454887866974,
  "eye_openness_median": 1.0,
  "eye_openness_max": 1.0,
  "gaze_stability_mean": 0.9885689616203308,
  "gaze_stability_std": 0.0161054078489542,
  "gaze_stability_median": 0.994698703289032,
  "gaze_stability_max": 1.0,
  "head_tilt_mean": 0.1071222722530365,
  "head_tilt_std": 0.08987551927566528,
  "head_tilt_median": 0.08280545473098755,
  "head_tilt_max": 0.3748616576194763,
  "expression_speed_mean": 0.10974498093128204,
  "expression_speed_std": 0.18750359117984772,
  "expression_speed_median": 0.02854086644947529,
  "expression_speed_max": 0.9076458215713501,
  "happy_mean": 0.18378846347332,
  "happy_std": 0.3262575566768646,
  "happy_median": 0.0011387176346033812,
  "happy_max": 0.999347448348999,
  "neutral_mean": 0.3027898967266083,
  "neutral_std": 0.3641923666000366,
  "neutral_median": 0.14575709402561188,
  "neutral_max": 0.9999936819076538,
  "surprise_mean": 0.014533302746713161,
  "surprise_std": 0.06300211697816849,
  "surprise_median": 1.5692601664341055e-05,
  "surprise_max": 0.6068249940872192,
  "processed_frames": 119.0,
  "video_name": "1 (1).mp4"
}