{
  "facial_symmetry_mean": 0.8925595879554749,
  "facial_symmetry_std": 0.09148260951042175,
  "facial_symmetry_median": 0.9200752377510071,
  "facial_symmetry_max": 0.9979033470153809,
  "face_width_height_ratio_mean": 1.1183704137802124,
  "face_width_height_ratio_std": 0.0878983736038208,
  "face_width_height_ratio_median": 1.1359375715255737,
  "face_width_height_ratio_max": 1.3275620937347412,
  "eye_spacing_ratio_mean": 0.6341702342033386,
  "eye_spacing_ratio_std": 0.016609368845820427,
  "eye_spacing_ratio_median": 0.6325904726982117,
  "eye_spacing_ratio_max": 0.7114521861076355,
  "jaw_ratio_mean": 0.761221170425415,
  "jaw_ratio_std": 0.0142098069190979,
  "jaw_ratio_median": 0.7602128386497498,
  "jaw_ratio_max": 0.8274067044258118,
  "smile_intensity_mean": 0.19988185167312622,
  "smile_intensity_std": 0.16550831496715546,
  "smile_intensity_median": 0.18429343402385712,
  "smile_intensity_max": 0.664150595664978,
  "eye_contact_mean": 0.9635940790176392,
  "eye_contact_std": 0.0263227391988039,
  "eye_contact_median": 0.9657565951347351,
  "eye_contact_max": 0.999665379524231,
  "eye_openness_mean": 0.9131672978401184,
  "eye_openness_std": 0.20714768767356873,
  "eye_openness_median": 1.0,
  "eye_openness_max": 1.0,
  "gaze_stability_mean": 0.9872080087661743,
  "gaze_stability_std": 0.019092708826065063,
  "gaze_stability_median": 0.9939635992050171,
  "gaze_stability_max": 1.0,
  "head_tilt_mean": 0.13345877826213837,
  "head_tilt_std": 0.09103185683488846,
  "head_tilt_median": 0.11512398719787598,
  "head_tilt_max": 0.45763611793518066,
  "expression_speed_mean": 0.11546371132135391,
  "expression_speed_std": 0.15296563506126404,
  "expression_speed_median": 0.047080449759960175,
  "expression_speed_max": 0.747525691986084,
  "happy_mean": 0.04152199625968933,
  "happy_std": 0.1594432145357132,
  "happy_median": 0.0001286239712499082,
  "happy_max": 0.9769904017448425,
  "neutral_mean": 0.2794285714626312,
  "neutral_std": 0.35249099135398865,
  "neutral_median": 0.05700422450900078,
  "neutral_max": 0.9999932646751404,
  "surprise_mean": 0.06756112724542618,
  "surprise_std": 0.18729493021965027,
  "surprise_median": 1.3070371096546296e-05,
  "surprise_max": 0.9496146440505981,
  "processed_frames": 95.0,
  "video_name": "1 (2).mp4"
}