{
  "facial_symmetry_mean": 0.8523861169815063,
  "facial_symmetry_std": 0.10392048209905624,
  "facial_symmetry_median": 0.8517389893531799,
  "facial_symmetry_max": 0.9977023005485535,
  "face_width_height_ratio_mean": 1.4717752933502197,
  "face_width_height_ratio_std": 0.13929760456085205,
  "face_width_height_ratio_median": 1.48387610912323,
  "face_width_height_ratio_max": 1.9782841205596924,
  "eye_spacing_ratio_mean": 0.6399784684181213,
  "eye_spacing_ratio_std": 0.023728173226118088,
  "eye_spacing_ratio_median": 0.6354182958602905,
  "eye_spacing_ratio_max": 0.8043162822723389,
  "jaw_ratio_mean": 0.7682974934577942,
  "jaw_ratio_std": 0.015783529728651047,
  "jaw_ratio_median": 0.7698193192481995,
  "jaw_ratio_max": 0.8227505087852478,
  "smile_intensity_mean": 0.10586726665496826,
  "smile_intensity_std": 0.10511671006679535,
  "smile_intensity_median": 0.055421460419893265,
  "smile_intensity_max": 0.4381714165210724,
  "eye_contact_mean": 0.9462041854858398,
  "eye_contact_std": 0.047111865133047104,
  "eye_contact_median": 0.9626384377479553,
  "eye_contact_max": 0.9999282956123352,
  "eye_openness_mean": 0.9353771805763245,
  "eye_openness_std": 0.16886483132839203,
  "eye_openness_median": 1.0,
  "eye_openness_max": 1.0,
  "gaze_stability_mean": 0.9823659062385559,
  "gaze_stability_std": 0.03277795761823654,
  "gaze_stability_median": 0.9920873045921326,
  "gaze_stability_max": 1.0,
  "head_tilt_mean": 0.13370680809020996,
  "head_tilt_std": 0.12712302803993225,
  "head_tilt_median": 0.09433373808860779,
  "head_tilt_max": 0.48857495188713074,
  "expression_speed_mean": 0.07243318110704422,
  "expression_speed_std": 0.09962619096040726,
  "expression_speed_median": 0.032145000994205475,
  "expression_speed_max": 0.6446751952171326,
  "happy_mean": 0.10339705646038055,
  "happy_std": 0.2509431838989258,
  "happy_median": 0.0033333853352814913,
  "happy_max": 0.9999367594718933,
  "neutral_mean": 0.3325532376766205,
  "neutral_std": 0.38202908635139465,
  "neutral_median": 0.10239576548337936,
  "neutral_max": 0.9985219240188599,
  "surprise_mean": 0.04401227459311485,
  "surprise_std": 0.14586055278778076,
  "surprise_median": 0.00022119382629171014,
  "surprise_max": 0.9663576483726501,
  "processed_frames": 171.0,
  "video_name": "1 (3).mp4"
}