{
  "facial_symmetry_mean": 0.8442258834838867,
  "facial_symmetry_std": 0.07093529403209686,
  "facial_symmetry_median": 0.8435454368591309,
  "facial_symmetry_max": 0.999535858631134,
  "face_width_height_ratio_mean": 1.0913223028182983,
  "face_width_height_ratio_std": 0.10302450507879257,
  "face_width_height_ratio_median": 1.1103764772415161,
  "face_width_height_ratio_max": 1.4082692861557007,
  "eye_spacing_ratio_mean": 0.634568989276886,
  "eye_spacing_ratio_std": 0.018097659572958946,
  "eye_spacing_ratio_median": 0.6392602324485779,
  "eye_spacing_ratio_max": 0.6808714866638184,
  "jaw_ratio_mean": 0.7604111433029175,
  "jaw_ratio_std": 0.015508596785366535,
  "jaw_ratio_median": 0.7622878551483154,
  "jaw_ratio_max": 0.7883897423744202,
  "smile_intensity_mean": 0.067324697971344,
  "smile_intensity_std": 0.11192595213651657,
  "smile_intensity_median": 0.008948873728513718,
  "smile_intensity_max": 0.4598487615585327,
  "eye_contact_mean": 0.9407211542129517,
  "eye_contact_std": 0.03514091670513153,
  "eye_contact_median": 0.9484935998916626,
  "eye_contact_max": 0.9989114999771118,
  "eye_openness_mean": 0.9229389429092407,
  "eye_openness_std": 0.16561459004878998,
  "eye_openness_median": 1.0,
  "eye_openness_max": 1.0,
  "gaze_stability_mean": 0.9834884405136108,
  "gaze_stability_std": 0.021353796124458313,
  "gaze_stability_median": 0.9930782914161682,
  "gaze_stability_max": 1.0,
  "head_tilt_mean": 0.10365338623523712,
  "head_tilt_std": 0.08517073839902878,
  "head_tilt_median": 0.06501242518424988,
  "head_tilt_max": 0.2969476580619812,
  "expression_speed_mean": 0.16103902459144592,
  "expression_speed_std": 0.17725799977779388,
  "expression_speed_median": 0.0797317773103714,
  "expression_speed_max": 0.7214605212211609,
  "happy_mean": 0.15719857811927795,
  "happy_std": 0.32712534070014954,
  "happy_median": 0.0029295312706381083,
  "happy_max": 0.9997583627700806,
  "neutral_mean": 0.3142938017845154,
  "neutral_std": 0.3637372851371765,
  "neutral_median": 0.14095467329025269,
  "neutral_max": 0.9887403845787048,
  "surprise_mean": 0.02299771085381508,
  "surprise_std": 0.08453424274921417,
  "surprise_median": 0.0005519861006177962,
  "surprise_max": 0.523121178150177,
  "processed_frames": 80.0,
  "video_name": "1 (6).mp4"
}