{
  "facial_symmetry_mean": 0.8941642045974731,
  "facial_symmetry_std": 0.08733925223350525,
  "facial_symmetry_median": 0.9210060834884644,
  "facial_symmetry_max": 0.9997772574424744,
  "face_width_height_ratio_mean": 1.1494777202606201,
  "face_width_height_ratio_std": 0.07930973172187805,
  "face_width_height_ratio_median": 1.1586732864379883,
  "face_width_height_ratio_max": 1.4586132764816284,
  "eye_spacing_ratio_mean": 0.6368778347969055,
  "eye_spacing_ratio_std": 0.02082672528922558,
  "eye_spacing_ratio_median": 0.6337351202964783,
  "eye_spacing_ratio_max": 0.6990534067153931,
  "jaw_ratio_mean": 0.7647738456726074,
  "jaw_ratio_std": 0.016597306355834007,
  "jaw_ratio_median": 0.7629271149635315,
  "jaw_ratio_max": 0.8143094778060913,
  "smile_intensity_mean": 0.11437101662158966,
  "smile_intensity_std": 0.12213402986526489,
  "smile_intensity_median": 0.05447087064385414,
  "smile_intensity_max": 0.4996051490306854,
  "eye_contact_mean": 0.9673656225204468,
  "eye_contact_std": 0.026373034343123436,
  "eye_contact_median": 0.978557825088501,
  "eye_contact_max": 0.9996275901794434,
  "eye_openness_mean": 0.7869559526443481,
  "eye_openness_std": 0.2677493393421173,
  "eye_openness_median": 0.9204257130622864,
  "eye_openness_max": 1.0,
  "gaze_stability_mean": 0.9875932931900024,
  "gaze_stability_std": 0.01669074036180973,
  "gaze_stability_median": 0.9932558536529541,
  "gaze_stability_max": 1.0,
  "head_tilt_mean": 0.09146469086408615,
  "head_tilt_std": 0.0879986360669136,
  "head_tilt_median": 0.06460204720497131,
  "head_tilt_max": 0.4629167914390564,
  "expression_speed_mean": 0.13130684196949005,
  "expression_speed_std": 0.16510191559791565,
  "expression_speed_median": 0.0675557479262352,
  "expression_speed_max": 0.8453611135482788,
  "happy_mean": 0.08977865427732468,
  "happy_std": 0.20834384858608246,
  "happy_median": 0.0006154740112833679,
  "happy_max": 0.9492981433868408,
  "neutral_mean": 0.31298255920410156,
  "neutral_std": 0.3634583055973053,
  "neutral_median": 0.11984202265739441,
  "neutral_max": 0.9999976754188538,
  "surprise_mean": 0.02273840457201004,
  "surprise_std": 0.09674932062625885,
  "surprise_median": 4.344348417362198e-05,
  "surprise_max": 0.9928566813468933,
  "processed_frames": 151.0,
  "video_name": "1 (7).mp4"
}