{
  "facial_symmetry_mean": 0.877840518951416,
  "facial_symmetry_std": 0.1111903190612793,
  "facial_symmetry_median": 0.9220894575119019,
  "facial_symmetry_max": 0.9993848204612732,
  "face_width_height_ratio_mean": 1.1046851873397827,
  "face_width_height_ratio_std": 0.12736861407756805,
  "face_width_height_ratio_median": 1.1169557571411133,
  "face_width_height_ratio_max": 1.3218333721160889,
  "eye_spacing_ratio_mean": 0.6311274766921997,
  "eye_spacing_ratio_std": 0.022861266508698463,
  "eye_spacing_ratio_median": 0.6308853626251221,
  "eye_spacing_ratio_max": 0.6925706267356873,
  "jaw_ratio_mean": 0.7644994854927063,
  "jaw_ratio_std": 0.01819225586950779,
  "jaw_ratio_median": 0.7593641877174377,
  "jaw_ratio_max": 0.8169317841529846,
  "smile_intensity_mean": 0.046624187380075455,
  "smile_intensity_std": 0.08990102261304855,
  "smile_intensity_median": 0.009311910718679428,
  "smile_intensity_max": 0.3554669916629791,
  "eye_contact_mean": 0.943359375,
  "eye_contact_std": 0.04738050699234009,
  "eye_contact_median": 0.9604021906852722,
  "eye_contact_max": 0.998553991317749,
  "eye_openness_mean": 0.9586135149002075,
  "eye_openness_std": 0.1071147620677948,
  "eye_openness_median": 1.0,
  "eye_openness_max": 1.0,
  "gaze_stability_mean": 0.9830449223518372,
  "gaze_stability_std": 0.0228375606238842,
  "gaze_stability_median": 0.9927504658699036,
  "gaze_stability_max": 1.0,
  "head_tilt_mean": 0.14500626921653748,
  "head_tilt_std": 0.1204300969839096,
  "head_tilt_median": 0.12616485357284546,
  "head_tilt_max": 0.45401766896247864,
  "expression_speed_mean": 0.07796492427587509,
  "expression_speed_std": 0.10173135995864868,
  "expression_speed_median": 0.037258222699165344,
  "expression_speed_max": 0.5226315259933472,
  "happy_mean": 0.10555008053779602,
  "happy_std": 0.2287752479314804,
  "happy_median": 0.0031410646624863148,
  "happy_max": 0.9560779929161072,
  "neutral_mean": 0.31130170822143555,
  "neutral_std": 0.3261182904243469,
  "neutral_median": 0.16682255268096924,
  "neutral_max": 0.9965337514877319,
  "surprise_mean": 0.0023642750456929207,
  "surprise_std": 0.007936051115393639,
  "surprise_median": 4.9549478717381135e-05,
  "surprise_max": 0.05846063047647476,
  "processed_frames": 69.0,
  "video_name": "1 (8).mp4"
}