{
  "facial_symmetry_mean": 0.9023239612579346,
  "facial_symmetry_std": 0.08287855237722397,
  "facial_symmetry_median": 0.9195061922073364,
  "facial_symmetry_max": 0.9998928308486938,
  "face_width_height_ratio_mean": 0.7755733132362366,
  "face_width_height_ratio_std": 0.07266407459974289,
  "face_width_height_ratio_median": 0.7886654734611511,
  "face_width_height_ratio_max": 0.9005082249641418,
  "eye_spacing_ratio_mean": 0.6437370181083679,
  "eye_spacing_ratio_std": 0.028503520414233208,
  "eye_spacing_ratio_median": 0.6381931900978088,
  "eye_spacing_ratio_max": 0.721900224685669,
  "jaw_ratio_mean": 0.790513813495636,
  "jaw_ratio_std": 0.020862288773059845,
  "jaw_ratio_median": 0.785754382610321,
  "jaw_ratio_max": 0.8468607664108276,
  "smile_intensity_mean": 0.195795938372612,
  "smile_intensity_std": 0.2656954824924469,
  "smile_intensity_median": 0.0690431073307991,
  "smile_intensity_max": 1.0,
  "eye_contact_mean": 0.9693382382392883,
  "eye_contact_std": 0.02340381219983101,
  "eye_contact_median": 0.9705748558044434,
  "eye_contact_max": 0.9984210729598999,
  "eye_openness_mean": 0.5387923717498779,
  "eye_openness_std": 0.2814826965332031,
  "eye_openness_median": 0.40982747077941895,
  "eye_openness_max": 1.0,
  "gaze_stability_mean": 0.9865513443946838,
  "gaze_stability_std": 0.016636930406093597,
  "gaze_stability_median": 0.9938430786132812,
  "gaze_stability_max": 1.0,
  "head_tilt_mean": 0.08278509974479675,
  "head_tilt_std": 0.08356545120477676,
  "head_tilt_median": 0.0365743413567543,
  "head_tilt_max": 0.38468852639198303,
  "expression_speed_mean": 0.19181382656097412,
  "expression_speed_std": 0.22606819868087769,
  "expression_speed_median": 0.09436264634132385,
  "expression_speed_max": 0.9813768267631531,
  "happy_mean": 0.07378885895013809,
  "happy_std": 0.2023969292640686,
  "happy_median": 0.0014941508416086435,
  "happy_max": 0.9803321957588196,
  "neutral_mean": 0.2784891128540039,
  "neutral_std": 0.2945207357406616,
  "neutral_median": 0.1759394258260727,
  "neutral_max": 0.9987980723381042,
  "surprise_mean": 0.031212422996759415,
  "surprise_std": 0.12381492555141449,
  "surprise_median": 6.736928480677307e-05,
  "surprise_max": 0.8203853368759155,
  "processed_frames": 98.0,
  "video_name": "1 (2).mp4"
}