{
  "facial_symmetry_mean": 0.7708443999290466,
  "facial_symmetry_std": 0.13955016434192657,
  "facial_symmetry_median": 0.8138397336006165,
  "facial_symmetry_max": 0.9790183305740356,
  "face_width_height_ratio_mean": 1.3201905488967896,
  "face_width_height_ratio_std": 0.1842842996120453,
  "face_width_height_ratio_median": 1.3569962978363037,
  "face_width_height_ratio_max": 1.6114164590835571,
  "eye_spacing_ratio_mean": 0.6245278716087341,
  "eye_spacing_ratio_std": 0.025698790326714516,
  "eye_spacing_ratio_median": 0.6261316537857056,
  "eye_spacing_ratio_max": 0.6966453194618225,
  "jaw_ratio_mean": 0.8050068616867065,
  "jaw_ratio_std": 0.02130707912147045,
  "jaw_ratio_median": 0.7980241179466248,
  "jaw_ratio_max": 0.9069725871086121,
  "smile_intensity_mean": 0.2445121556520462,
  "smile_intensity_std": 0.1159825474023819,
  "smile_intensity_median": 0.2622903287410736,
  "smile_intensity_max": 0.4905130863189697,
  "eye_contact_mean": 0.947961688041687,
  "eye_contact_std": 0.058080341666936874,
  "eye_contact_median": 0.9633321166038513,
  "eye_contact_max": 0.9996128678321838,
  "eye_openness_mean": 0.5337986946105957,
  "eye_openness_std": 0.2845571041107178,
  "eye_openness_median": 0.5011588335037231,
  "eye_openness_max": 1.0,
  "gaze_stability_mean": 0.975375235080719,
  "gaze_stability_std": 0.03643067926168442,
  "gaze_stability_median": 0.9887098073959351,
  "gaze_stability_max": 1.0,
  "head_tilt_mean": 0.05233361944556236,
  "head_tilt_std": 0.040903981775045395,
  "head_tilt_median": 0.04237264394760132,
  "head_tilt_max": 0.1365002989768982,
  "expression_speed_mean": 0.12308111041784286,
  "expression_speed_std": 0.13093988597393036,
  "expression_speed_median": 0.07037223875522614,
  "expression_speed_max": 0.6743802428245544,
  "happy_mean": 0.4256038963794708,
  "happy_std": 0.45587626099586487,
  "happy_median": 0.07070838660001755,
  "happy_max": 0.9999723434448242,
  "neutral_mean": 0.23151646554470062,
  "neutral_std": 0.31679365038871765,
  "neutral_median": 0.03669081628322601,
  "neutral_max": 0.927808403968811,
  "surprise_mean": 0.014978009276092052,
  "surprise_std": 0.05943518131971359,
  "surprise_median": 0.0002275159495184198,
  "surprise_max": 0.3761473298072815,
  "processed_frames": 86.0,
  "video_name": "1 (4).mp4"
}