{
  "facial_symmetry_mean": 0.9017658829689026,
  "facial_symmetry_std": 0.05397835746407509,
  "facial_symmetry_median": 0.9041505455970764,
  "facial_symmetry_max": 0.9938104748725891,
  "face_width_height_ratio_mean": 0.8018231987953186,
  "face_width_height_ratio_std": 0.05743058770895004,
  "face_width_height_ratio_median": 0.7904194593429565,
  "face_width_height_ratio_max": 0.9538472294807434,
  "eye_spacing_ratio_mean": 0.6390824913978577,
  "eye_spacing_ratio_std": 0.03465824946761131,
  "eye_spacing_ratio_median": 0.6441555023193359,
  "eye_spacing_ratio_max": 0.7135452628135681,
  "jaw_ratio_mean": 0.7956731915473938,
  "jaw_ratio_std": 0.019807815551757812,
  "jaw_ratio_median": 0.7962324619293213,
  "jaw_ratio_max": 0.8273768424987793,
  "smile_intensity_mean": 0.24802277982234955,
  "smile_intensity_std": 0.2769261300563812,
  "smile_intensity_median": 0.07023631036281586,
  "smile_intensity_max": 0.9550824165344238,
  "eye_contact_mean": 0.9716137647628784,
  "eye_contact_std": 0.019445152953267097,
  "eye_contact_median": 0.9730831384658813,
  "eye_contact_max": 0.9981846809387207,
  "eye_openness_mean": 0.6696338057518005,
  "eye_openness_std": 0.26388171315193176,
  "eye_openness_median": 0.6222606301307678,
  "eye_openness_max": 1.0,
  "gaze_stability_mean": 0.9830868244171143,
  "gaze_stability_std": 0.015419445000588894,
  "gaze_stability_median": 0.987195611000061,
  "gaze_stability_max": 1.0,
  "head_tilt_mean": 0.10409969836473465,
  "head_tilt_std": 0.08361081779003143,
  "head_tilt_median": 0.07881335914134979,
  "head_tilt_max": 0.4000210762023926,
  "expression_speed_mean": 0.2854119539260864,
  "expression_speed_std": 0.2706993818283081,
  "expression_speed_median": 0.2161991000175476,
  "expression_speed_max": 0.8983100056648254,
  "happy_mean": 0.1554490327835083,
  "happy_std": 0.3379572927951813,
  "happy_median": 0.005105152260512114,
  "happy_max": 0.9999976754188538,
  "neutral_mean": 0.24140559136867523,
  "neutral_std": 0.29942718148231506,
  "neutral_median": 0.05887126922607422,
  "neutral_max": 0.9036880731582642,
  "surprise_mean": 0.015383999794721603,
  "surprise_std": 0.08012305200099945,
  "surprise_median": 6.96041461196728e-05,
  "surprise_max": 0.567101001739502,
  "processed_frames": 49.0,
  "video_name": "1 (7).mp4"
}