{
  "facial_symmetry_mean": 0.8011332154273987,
  "facial_symmetry_std": 0.1436392217874527,
  "facial_symmetry_median": 0.8298285007476807,
  "facial_symmetry_max": 0.9981088042259216,
  "face_width_height_ratio_mean": 1.3315296173095703,
  "face_width_height_ratio_std": 0.17314034700393677,
  "face_width_height_ratio_median": 1.35744309425354,
  "face_width_height_ratio_max": 1.8409662246704102,
  "eye_spacing_ratio_mean": 0.6477629542350769,
  "eye_spacing_ratio_std": 0.029983559623360634,
  "eye_spacing_ratio_median": 0.6460704803466797,
  "eye_spacing_ratio_max": 0.7361800670623779,
  "jaw_ratio_mean": 0.7863560914993286,
  "jaw_ratio_std": 0.025325801223516464,
  "jaw_ratio_median": 0.7847222089767456,
  "jaw_ratio_max": 0.8668258786201477,
  "smile_intensity_mean": 0.1412803828716278,
  "smile_intensity_std": 0.16923262178897858,
  "smile_intensity_median": 0.07840967178344727,
  "smile_intensity_max": 1.0,
  "eye_contact_mean": 0.9400869607925415,
  "eye_contact_std": 0.05372094735503197,
  "eye_contact_median": 0.9518391489982605,
  "eye_contact_max": 0.9996583461761475,
  "eye_openness_mean": 0.8317574262619019,
  "eye_openness_std": 0.23133426904678345,
  "eye_openness_median": 1.0,
  "eye_openness_max": 1.0,
  "gaze_stability_mean": 0.9738966226577759,
  "gaze_stability_std": 0.037131167948246,
  "gaze_stability_median": 0.988775908946991,
  "gaze_stability_max": 1.0,
  "head_tilt_mean": 0.15886007249355316,
  "head_tilt_std": 0.1549178659915924,
  "head_tilt_median": 0.11876627802848816,
  "head_tilt_max": 0.7143237590789795,
  "expression_speed_mean": 0.15706658363342285,
  "expression_speed_std": 0.18783922493457794,
  "expression_speed_median": 0.07713566720485687,
  "expression_speed_max": 1.0,
  "happy_mean": 0.07520096749067307,
  "happy_std": 0.20930427312850952,
  "happy_median": 0.00033883797004818916,
  "happy_max": 0.999856173992157,
  "neutral_mean": 0.22559256851673126,
  "neutral_std": 0.29198697209358215,
  "neutral_median": 0.0814216136932373,
  "neutral_max": 0.9745105504989624,
  "surprise_mean": 0.0441109724342823,
  "surprise_std": 0.15346866846084595,
  "surprise_median": 2.2828386136097834e-05,
  "surprise_max": 0.9981323480606079,
  "processed_frames": 180.0,
  "video_name": "1.mp4"
}