{
  "expression_speed_max": 0.9080003585134234,
  "expression_speed_mean": 0.17861217579671315,
  "expression_speed_median": 0.1045070184128625,
  "expression_speed_std": 0.20040355622768402,
  "eye_contact_max": 0.9992036138262067,
  "eye_contact_mean": 0.9547360369137355,
  "eye_contact_median": 0.9625105857849121,
  "eye_contact_std": 0.04020353167184761,
  "eye_openness_max": 1.0,
  "eye_openness_mean": 0.676174019064222,
  "eye_openness_median": 0.6867440257753644,
  "eye_openness_std": 0.25637373115335194,
  "eye_spacing_ratio_max": 0.7196984035628182,
  "eye_spacing_ratio_mean": 0.6363701054028102,
  "eye_spacing_ratio_median": 0.6365572043827602,
  "eye_spacing_ratio_std": 0.030484919037137712,
  "face_width_height_ratio_max": 1.3428901433944702,
  "face_width_height_ratio_mean": 1.0653434991836548,
  "face_width_height_ratio_median": 1.0816980004310608,
  "face_width_height_ratio_std": 0.11543486693075725,
  "facial_symmetry_max": 0.9947019815444946,
  "facial_symmetry_mean": 0.8287029947553363,
  "facial_symmetry_median": 0.8397290366036552,
  "facial_symmetry_std": 0.10697754738586289,
  "gaze_stability_max": 1.0,
  "gaze_stability_mean": 0.9805926936013358,
  "gaze_stability_median": 0.991421273776463,
  "gaze_stability_std": 0.02697817701846361,
  "happy_max": 0.9966349601745605,
  "happy_mean": 0.16141608357429504,
  "happy_median": 0.011735570833220013,
  "happy_std": 0.2936802804470062,
  "head_tilt_max": 0.3728156770978655,
  "head_tilt_mean": 0.09136446725044932,
  "head_tilt_median": 0.06311487406492233,
  "head_tilt_std": 0.08252011558839253,
  "jaw_ratio_max": 0.8650856358664376,
  "jaw_ratio_mean": 0.7945641790117536,
  "jaw_ratio_median": 0.7918253030095782,
  "jaw_ratio_std": 0.02284181783241885,
  "neutral_max": 0.9647513968603951,
  "neutral_mean": 0.29770310648850035,
  "neutral_median": 0.1584251650742122,
  "neutral_std": 0.32454823170389446,
  "processed_frames": 126.14285714285714,
  "smile_intensity_max": 0.7995933209146772,
  "smile_intensity_mean": 0.18778615232024873,
  "smile_intensity_median": 0.10214893094130925,
  "smile_intensity_std": 0.19267606735229492,
  "surprise_max": 0.7230867913791111,
  "surprise_mean": 0.026189516032380716,
  "surprise_median": 7.442699924402924e-05,
  "surprise_std": 0.10483486843960625,
  "video_count": 7.0,
  "valid_video_count": 7.0,
  "valid_video_ratio": 1.0,
  "total_processed_frames": 883.0,
  "avg_processed_frames": 126.14285714285714,
  "quality_score": 0.9363809523809523,
  "person_name": "Jung Eun-chae"
}