{
  "facial_symmetry_mean": 0.8415238261222839,
  "facial_symmetry_std": 0.0576767772436142,
  "facial_symmetry_median": 0.8305912017822266,
  "facial_symmetry_max": 0.9964693188667297,
  "face_width_height_ratio_mean": 0.6750280857086182,
  "face_width_height_ratio_std": 0.09628447890281677,
  "face_width_height_ratio_median": 0.6638299226760864,
  "face_width_height_ratio_max": 0.850058376789093,
  "eye_spacing_ratio_mean": 0.6405773162841797,
  "eye_spacing_ratio_std": 0.0435754619538784,
  "eye_spacing_ratio_median": 0.6482576131820679,
  "eye_spacing_ratio_max": 0.7754516005516052,
  "jaw_ratio_mean": 0.7832035422325134,
  "jaw_ratio_std": 0.014167777262628078,
  "jaw_ratio_median": 0.785351574420929,
  "jaw_ratio_max": 0.839863657951355,
  "smile_intensity_mean": 0.21106557548046112,
  "smile_intensity_std": 0.24481101334095,
  "smile_intensity_median": 0.10038995742797852,
  "smile_intensity_max": 0.8756477236747742,
  "eye_contact_mean": 0.9539507627487183,
  "eye_contact_std": 0.03608277440071106,
  "eye_contact_median": 0.960791826248169,
  "eye_contact_max": 0.9999680519104004,
  "eye_openness_mean": 0.8932709693908691,
  "eye_openness_std": 0.17025628685951233,
  "eye_openness_median": 1.0,
  "eye_openness_max": 1.0,
  "gaze_stability_mean": 0.9902181625366211,
  "gaze_stability_std": 0.012865186668932438,
  "gaze_stability_median": 0.9938626289367676,
  "gaze_stability_max": 1.0,
  "head_tilt_mean": 0.05764250084757805,
  "head_tilt_std": 0.07464558631181717,
  "head_tilt_median": 0.038487762212753296,
  "head_tilt_max": 0.5264636874198914,
  "expression_speed_mean": 0.087530218064785,
  "expression_speed_std": 0.12341439723968506,
  "expression_speed_median": 0.04402146860957146,
  "expression_speed_max": 0.9406925439834595,
  "happy_mean": 0.11121184378862381,
  "happy_std": 0.2829515337944031,
  "happy_median": 0.0002895924262702465,
  "happy_max": 1.0,
  "neutral_mean": 0.3009284436702728,
  "neutral_std": 0.3657180368900299,
  "neutral_median": 0.06110280752182007,
  "neutral_max": 0.9995981454849243,
  "surprise_mean": 0.011651240289211273,
  "surprise_std": 0.0784420371055603,
  "surprise_median": 3.142070227113436e-06,
  "surprise_max": 0.6554113030433655,
  "processed_frames": 207.0,
  "video_name": "1 (4).mp4"
}