{
  "facial_symmetry_mean": 0.8969008326530457,
  "facial_symmetry_std": 0.06571006029844284,
  "facial_symmetry_median": 0.8957219123840332,
  "facial_symmetry_max": 0.9986923933029175,
  "face_width_height_ratio_mean": 0.6128999590873718,
  "face_width_height_ratio_std": 0.06479217857122421,
  "face_width_height_ratio_median": 0.6167392730712891,
  "face_width_height_ratio_max": 0.7893053293228149,
  "eye_spacing_ratio_mean": 0.6470279693603516,
  "eye_spacing_ratio_std": 0.03098573535680771,
  "eye_spacing_ratio_median": 0.648613452911377,
  "eye_spacing_ratio_max": 0.7872806191444397,
  "jaw_ratio_mean": 0.7930566072463989,
  "jaw_ratio_std": 0.024342624470591545,
  "jaw_ratio_median": 0.7987550497055054,
  "jaw_ratio_max": 0.8487709164619446,
  "smile_intensity_mean": 0.2531748414039612,
  "smile_intensity_std": 0.33066752552986145,
  "smile_intensity_median": 0.022452378645539284,
  "smile_intensity_max": 1.0,
  "eye_contact_mean": 0.9610500931739807,
  "eye_contact_std": 0.03064989484846592,
  "eye_contact_median": 0.966257631778717,
  "eye_contact_max": 0.9998385906219482,
  "eye_openness_mean": 0.8315868377685547,
  "eye_openness_std": 0.24337151646614075,
  "eye_openness_median": 1.0,
  "eye_openness_max": 1.0,
  "gaze_stability_mean": 0.9875265955924988,
  "gaze_stability_std": 0.016979023814201355,
  "gaze_stability_median": 0.9933640956878662,
  "gaze_stability_max": 1.0,
  "head_tilt_mean": 0.16543814539909363,
  "head_tilt_std": 0.14042778313159943,
  "head_tilt_median": 0.11167876422405243,
  "head_tilt_max": 0.5834912061691284,
  "expression_speed_mean": 0.1632208377122879,
  "expression_speed_std": 0.2292776256799698,
  "expression_speed_median": 0.055565327405929565,
  "expression_speed_max": 1.0,
  "happy_mean": 0.13959582149982452,
  "happy_std": 0.319379597902298,
  "happy_median": 0.00017496214422862977,
  "happy_max": 0.9999999403953552,
  "neutral_mean": 0.24629931151866913,
  "neutral_std": 0.3227783739566803,
  "neutral_median": 0.07660702615976334,
  "neutral_max": 0.9999549388885498,
  "surprise_mean": 0.0444522425532341,
  "surprise_std": 0.1726890653371811,
  "surprise_median": 2.9315988285816275e-06,
  "surprise_max": 0.9791232347488403,
  "processed_frames": 158.0,
  "video_name": "1 (5).mp4"
}