{
  "facial_symmetry_mean": 0.8786133527755737,
  "facial_symmetry_std": 0.07538384944200516,
  "facial_symmetry_median": 0.8804771900177002,
  "facial_symmetry_max": 0.9992998242378235,
  "face_width_height_ratio_mean": 0.6020031571388245,
  "face_width_height_ratio_std": 0.07118877023458481,
  "face_width_height_ratio_median": 0.6059183478355408,
  "face_width_height_ratio_max": 0.8181729912757874,
  "eye_spacing_ratio_mean": 0.643335223197937,
  "eye_spacing_ratio_std": 0.029894458130002022,
  "eye_spacing_ratio_median": 0.6459219455718994,
  "eye_spacing_ratio_max": 0.7558320164680481,
  "jaw_ratio_mean": 0.7820034623146057,
  "jaw_ratio_std": 0.021371005102992058,
  "jaw_ratio_median": 0.7785995006561279,
  "jaw_ratio_max": 0.8309341073036194,
  "smile_intensity_mean": 0.1804201900959015,
  "smile_intensity_std": 0.28645068407058716,
  "smile_intensity_median": 0.020024938508868217,
  "smile_intensity_max": 1.0,
  "eye_contact_mean": 0.956268846988678,
  "eye_contact_std": 0.03709501400589943,
  "eye_contact_median": 0.9636748433113098,
  "eye_contact_max": 0.9999871253967285,
  "eye_openness_mean": 0.9064701199531555,
  "eye_openness_std": 0.18321868777275085,
  "eye_openness_median": 1.0,
  "eye_openness_max": 1.0,
  "gaze_stability_mean": 0.9854057431221008,
  "gaze_stability_std": 0.020789125934243202,
  "gaze_stability_median": 0.9930944442749023,
  "gaze_stability_max": 1.0,
  "head_tilt_mean": 0.2100345939397812,
  "head_tilt_std": 0.2195398509502411,
  "head_tilt_median": 0.13156436383724213,
  "head_tilt_max": 0.8333851099014282,
  "expression_speed_mean": 0.17248259484767914,
  "expression_speed_std": 0.24048779904842377,
  "expression_speed_median": 0.06117624789476395,
  "expression_speed_max": 1.0,
  "happy_mean": 0.13347047567367554,
  "happy_std": 0.30246827006340027,
  "happy_median": 0.0002439427189528942,
  "happy_max": 0.9999983906745911,
  "neutral_mean": 0.2757464349269867,
  "neutral_std": 0.34528297185897827,
  "neutral_median": 0.09111470729112625,
  "neutral_max": 0.99820476770401,
  "surprise_mean": 0.01541264820843935,
  "surprise_std": 0.09263373911380768,
  "surprise_median": 8.685396096552722e-06,
  "surprise_max": 0.9829227924346924,
  "processed_frames": 174.0,
  "video_name": "1 (6).mp4"
}