{
  "expression_speed_max": 0.8332226276397705,
  "expression_speed_mean": 0.1231314679607749,
  "expression_speed_median": 0.048855647910386324,
  "expression_speed_std": 0.17185450438410044,
  "eye_contact_max": 0.9995346739888191,
  "eye_contact_mean": 0.9617533981800079,
  "eye_contact_median": 0.9673741534352303,
  "eye_contact_std": 0.02942699403502047,
  "eye_openness_max": 1.0,
  "eye_openness_mean": 0.8830806389451027,
  "eye_openness_median": 0.946464017033577,
  "eye_openness_std": 0.1658181371167302,
  "eye_spacing_ratio_max": 0.7611747533082962,
  "eye_spacing_ratio_mean": 0.6492369472980499,
  "eye_spacing_ratio_median": 0.6509927660226822,
  "eye_spacing_ratio_std": 0.030823857174254954,
  "face_width_height_ratio_max": 1.0511537343263626,
  "face_width_height_ratio_mean": 0.8606566935777664,
  "face_width_height_ratio_median": 0.8617221489548683,
  "face_width_height_ratio_std": 0.06991302687674761,
  "facial_symmetry_max": 0.9983296394348145,
  "facial_symmetry_mean": 0.8810400366783142,
  "facial_symmetry_median": 0.8862952291965485,
  "facial_symmetry_std": 0.07425435306504369,
  "gaze_stability_max": 1.0,
  "gaze_stability_mean": 0.9871138781309128,
  "gaze_stability_median": 0.9931087866425514,
  "gaze_stability_std": 0.017661217018030584,
  "happy_max": 0.9999723210930824,
  "happy_mean": 0.19408783968538046,
  "happy_median": 0.0030838314351058216,
  "happy_std": 0.35053636878728867,
  "head_tilt_max": 0.5353512912988663,
  "head_tilt_mean": 0.13544871052727103,
  "head_tilt_median": 0.09442988783121109,
  "head_tilt_std": 0.12336238892748952,
  "jaw_ratio_max": 0.8346092775464058,
  "jaw_ratio_mean": 0.7866869419813156,
  "jaw_ratio_median": 0.7866991832852364,
  "jaw_ratio_std": 0.019084827043116093,
  "neutral_max": 0.9992954060435295,
  "neutral_mean": 0.2709397953003645,
  "neutral_median": 0.053507948585320264,
  "neutral_std": 0.3586888201534748,
  "processed_frames": 154.25,
  "smile_intensity_max": 0.7921768017113209,
  "smile_intensity_mean": 0.19474495947360992,
  "smile_intensity_median": 0.05296301585622132,
  "smile_intensity_std": 0.24252093024551868,
  "surprise_max": 0.8075517213437706,
  "surprise_mean": 0.02686380648810882,
  "surprise_median": 6.661510162153661e-06,
  "surprise_std": 0.1180960712954402,
  "video_count": 8.0,
  "valid_video_count": 8.0,
  "valid_video_ratio": 1.0,
  "total_processed_frames": 1234.0,
  "avg_processed_frames": 154.25,
  "quality_score": 1.0,
  "person_name": "Thu Hà"
}