{
  "facial_symmetry_mean": 0.9052892327308655,
  "facial_symmetry_std": 0.07916973531246185,
  "facial_symmetry_median": 0.9415359497070312,
  "facial_symmetry_max": 0.9994754195213318,
  "face_width_height_ratio_mean": 1.4789068698883057,
  "face_width_height_ratio_std": 0.15164704620838165,
  "face_width_height_ratio_median": 1.4928926229476929,
  "face_width_height_ratio_max": 1.7303718328475952,
  "eye_spacing_ratio_mean": 0.6640968322753906,
  "eye_spacing_ratio_std": 0.03660999611020088,
  "eye_spacing_ratio_median": 0.6660300493240356,
  "eye_spacing_ratio_max": 0.7487550377845764,
  "jaw_ratio_mean": 0.7890444397926331,
  "jaw_ratio_std": 0.01719825528562069,
  "jaw_ratio_median": 0.7922103404998779,
  "jaw_ratio_max": 0.8260570764541626,
  "smile_intensity_mean": 0.1586262434720993,
  "smile_intensity_std": 0.15746435523033142,
  "smile_intensity_median": 0.13322585821151733,
  "smile_intensity_max": 0.5119088292121887,
  "eye_contact_mean": 0.9718518257141113,
  "eye_contact_std": 0.028554433956742287,
  "eye_contact_median": 0.9881813526153564,
  "eye_contact_max": 0.9998825788497925,
  "eye_openness_mean": 0.7198604941368103,
  "eye_openness_std": 0.24147239327430725,
  "eye_openness_median": 0.7268034219741821,
  "eye_openness_max": 1.0,
  "gaze_stability_mean": 0.9902266263961792,
  "gaze_stability_std": 0.012295258231461048,
  "gaze_stability_median": 0.9941527843475342,
  "gaze_stability_max": 1.0,
  "head_tilt_mean": 0.05163748934864998,
  "head_tilt_std": 0.04865654185414314,
  "head_tilt_median": 0.024264901876449585,
  "head_tilt_max": 0.20007729530334473,
  "expression_speed_mean": 0.11427567899227142,
  "expression_speed_std": 0.1523514837026596,
  "expression_speed_median": 0.053713422268629074,
  "expression_speed_max": 0.7420498132705688,
  "happy_mean": 0.1950523555278778,
  "happy_std": 0.33943971991539,
  "happy_median": 0.0022365632466971874,
  "happy_max": 0.999656081199646,
  "neutral_mean": 0.5331845879554749,
  "neutral_std": 0.4038037955760956,
  "neutral_median": 0.6014603972434998,
  "neutral_max": 0.9999833106994629,
  "surprise_mean": 0.028926130384206772,
  "surprise_std": 0.1264232099056244,
  "surprise_median": 1.622247145860456e-05,
  "surprise_max": 0.97808837890625,
  "processed_frames": 75.0,
  "video_name": "1.mp4"
}