{
  "facial_symmetry_mean": 0.8916940689086914,
  "facial_symmetry_std": 0.10219316184520721,
  "facial_symmetry_median": 0.9398379921913147,
  "facial_symmetry_max": 0.9999909996986389,
  "face_width_height_ratio_mean": 1.506417989730835,
  "face_width_height_ratio_std": 0.16121231019496918,
  "face_width_height_ratio_median": 1.4871858358383179,
  "face_width_height_ratio_max": 1.763460397720337,
  "eye_spacing_ratio_mean": 0.6636377573013306,
  "eye_spacing_ratio_std": 0.026099273934960365,
  "eye_spacing_ratio_median": 0.6667656302452087,
  "eye_spacing_ratio_max": 0.7109718918800354,
  "jaw_ratio_mean": 0.7840849161148071,
  "jaw_ratio_std": 0.02601267211139202,
  "jaw_ratio_median": 0.782100260257721,
  "jaw_ratio_max": 0.8365287184715271,
  "smile_intensity_mean": 0.15513768792152405,
  "smile_intensity_std": 0.24926672875881195,
  "smile_intensity_median": 0.011814680881798267,
  "smile_intensity_max": 1.0,
  "eye_contact_mean": 0.9779103994369507,
  "eye_contact_std": 0.021672677248716354,
  "eye_contact_median": 0.9867807626724243,
  "eye_contact_max": 0.9991773962974548,
  "eye_openness_mean": 0.935466468334198,
  "eye_openness_std": 0.13394397497177124,
  "eye_openness_median": 1.0,
  "eye_openness_max": 1.0,
  "gaze_stability_mean": 0.9836732149124146,
  "gaze_stability_std": 0.0135724488645792,
  "gaze_stability_median": 0.9871664643287659,
  "gaze_stability_max": 1.0,
  "head_tilt_mean": 0.1632792055606842,
  "head_tilt_std": 0.10321000963449478,
  "head_tilt_median": 0.13180822134017944,
  "head_tilt_max": 0.3932419419288635,
  "expression_speed_mean": 0.1719772070646286,
  "expression_speed_std": 0.15378065407276154,
  "expression_speed_median": 0.0999055802822113,
  "expression_speed_max": 0.6589498519897461,
  "happy_mean": 0.18534401059150696,
  "happy_std": 0.3496659994125366,
  "happy_median": 0.00021516563720069826,
  "happy_max": 0.9999942183494568,
  "neutral_mean": 0.3286428153514862,
  "neutral_std": 0.3884659707546234,
  "neutral_median": 0.14365991950035095,
  "neutral_max": 0.9999921917915344,
  "surprise_mean": 0.031234679743647575,
  "surprise_std": 0.12041939049959183,
  "surprise_median": 8.890577873899019e-08,
  "surprise_max": 0.5335376262664795,
  "processed_frames": 37.0,
  "video_name": "2.mp4"
}