{
  "facial_symmetry_mean": 0.8713904023170471,
  "facial_symmetry_std": 0.10303366929292679,
  "facial_symmetry_median": 0.9240866899490356,
  "facial_symmetry_max": 0.9978541135787964,
  "face_width_height_ratio_mean": 1.489899754524231,
  "face_width_height_ratio_std": 0.15239554643630981,
  "face_width_height_ratio_median": 1.5034781694412231,
  "face_width_height_ratio_max": 1.906977653503418,
  "eye_spacing_ratio_mean": 0.6842411160469055,
  "eye_spacing_ratio_std": 0.03873833641409874,
  "eye_spacing_ratio_median": 0.6901669502258301,
  "eye_spacing_ratio_max": 0.7920722365379333,
  "jaw_ratio_mean": 0.7843611240386963,
  "jaw_ratio_std": 0.018690776079893112,
  "jaw_ratio_median": 0.7893677353858948,
  "jaw_ratio_max": 0.8257561326026917,
  "smile_intensity_mean": 0.21231848001480103,
  "smile_intensity_std": 0.17056210339069366,
  "smile_intensity_median": 0.24227631092071533,
  "smile_intensity_max": 0.7384576797485352,
  "eye_contact_mean": 0.962446928024292,
  "eye_contact_std": 0.03830699995160103,
  "eye_contact_median": 0.9717608094215393,
  "eye_contact_max": 0.999984085559845,
  "eye_openness_mean": 0.8345776796340942,
  "eye_openness_std": 0.17110469937324524,
  "eye_openness_median": 0.8964043855667114,
  "eye_openness_max": 1.0,
  "gaze_stability_mean": 0.9852209687232971,
  "gaze_stability_std": 0.028925566002726555,
  "gaze_stability_median": 0.9943541288375854,
  "gaze_stability_max": 1.0,
  "head_tilt_mean": 0.10215882956981659,
  "head_tilt_std": 0.12635156512260437,
  "head_tilt_median": 0.05118533968925476,
  "head_tilt_max": 0.6919385194778442,
  "expression_speed_mean": 0.09409457445144653,
  "expression_speed_std": 0.1496911644935608,
  "expression_speed_median": 0.031977612525224686,
  "expression_speed_max": 0.8540031909942627,
  "happy_mean": 0.21953566372394562,
  "happy_std": 0.36247023940086365,
  "happy_median": 0.006055824458599091,
  "happy_max": 0.9999982118606567,
  "neutral_mean": 0.2144244909286499,
  "neutral_std": 0.3245508670806885,
  "neutral_median": 0.02752426639199257,
  "neutral_max": 0.9772934913635254,
  "surprise_mean": 0.003232636721804738,
  "surprise_std": 0.014124729670584202,
  "surprise_median": 1.1088635574196815e-06,
  "surprise_max": 0.09990780055522919,
  "processed_frames": 127.0,
  "video_name": "4.mp4"
}