{
  "facial_symmetry_mean": 0.8686203956604004,
  "facial_symmetry_std": 0.10728409141302109,
  "facial_symmetry_median": 0.8756173849105835,
  "facial_symmetry_max": 0.997070848941803,
  "face_width_height_ratio_mean": 1.366129755973816,
  "face_width_height_ratio_std": 0.17100660502910614,
  "face_width_height_ratio_median": 1.3804585933685303,
  "face_width_height_ratio_max": 1.748719334602356,
  "eye_spacing_ratio_mean": 0.6563996076583862,
  "eye_spacing_ratio_std": 0.027844728901982307,
  "eye_spacing_ratio_median": 0.6555659770965576,
  "eye_spacing_ratio_max": 0.7743744254112244,
  "jaw_ratio_mean": 0.808041512966156,
  "jaw_ratio_std": 0.019161535426974297,
  "jaw_ratio_median": 0.8093947172164917,
  "jaw_ratio_max": 0.8561798930168152,
  "smile_intensity_mean": 0.3086697459220886,
  "smile_intensity_std": 0.2719990015029907,
  "smile_intensity_median": 0.30294615030288696,
  "smile_intensity_max": 1.0,
  "eye_contact_mean": 0.9756543636322021,
  "eye_contact_std": 0.028333162888884544,
  "eye_contact_median": 0.9854768514633179,
  "eye_contact_max": 0.9999086260795593,
  "eye_openness_mean": 0.7291268110275269,
  "eye_openness_std": 0.24793486297130585,
  "eye_openness_median": 0.7412066459655762,
  "eye_openness_max": 1.0,
  "gaze_stability_mean": 0.9812655448913574,
  "gaze_stability_std": 0.02057088539004326,
  "gaze_stability_median": 0.9892678260803223,
  "gaze_stability_max": 1.0,
  "head_tilt_mean": 0.19363951683044434,
  "head_tilt_std": 0.1466730237007141,
  "head_tilt_median": 0.14927461743354797,
  "head_tilt_max": 0.5919542908668518,
  "expression_speed_mean": 0.29846224188804626,
  "expression_speed_std": 0.24255073070526123,
  "expression_speed_median": 0.2620609700679779,
  "expression_speed_max": 1.0,
  "happy_mean": 0.15371571481227875,
  "happy_std": 0.3204939067363739,
  "happy_median": 0.0015661465004086494,
  "happy_max": 0.9992566704750061,
  "neutral_mean": 0.2745612859725952,
  "neutral_std": 0.35812243819236755,
  "neutral_median": 0.06164589524269104,
  "neutral_max": 0.9999852180480957,
  "surprise_mean": 0.0318266861140728,
  "surprise_std": 0.16122125089168549,
  "surprise_median": 2.0362054783618078e-05,
  "surprise_max": 0.9821942448616028,
  "processed_frames": 102.0,
  "video_name": "5.mp4"
}