{
  "expression_speed_max": 0.8718184999057225,
  "expression_speed_mean": 0.1763250348823411,
  "expression_speed_median": 0.11095670504229409,
  "expression_speed_std": 0.18758511117526463,
  "eye_contact_max": 0.9997328519821167,
  "eye_contact_mean": 0.9698576586587089,
  "eye_contact_median": 0.980700169290815,
  "eye_contact_std": 0.03173122448580606,
  "eye_openness_max": 1.0,
  "eye_openness_mean": 0.8362248539924622,
  "eye_openness_median": 0.9092020647866386,
  "eye_openness_std": 0.19578707431043899,
  "eye_spacing_ratio_max": 0.758419964994703,
  "eye_spacing_ratio_mean": 0.6696511677333287,
  "eye_spacing_ratio_median": 0.6698135563305446,
  "eye_spacing_ratio_std": 0.030984113258974894,
  "face_width_height_ratio_max": 1.5454978687422616,
  "face_width_height_ratio_mean": 1.265893084662301,
  "face_width_height_ratio_median": 1.2818983793258667,
  "face_width_height_ratio_std": 0.14142158680728503,
  "facial_symmetry_max": 0.9983245815549578,
  "facial_symmetry_mean": 0.8912796803883144,
  "facial_symmetry_median": 0.9216951983315604,
  "facial_symmetry_std": 0.09125342858689171,
  "gaze_stability_max": 1.0,
  "gaze_stability_mean": 0.984515803200858,
  "gaze_stability_median": 0.99113187619618,
  "gaze_stability_std": 0.01981220593942063,
  "happy_max": 0.9994133455412728,
  "happy_mean": 0.21685849343027389,
  "happy_median": 0.003616709341128756,
  "happy_std": 0.35568960649626596,
  "head_tilt_max": 0.49708629505974905,
  "head_tilt_mean": 0.1349750038768564,
  "head_tilt_median": 0.09828074276447296,
  "head_tilt_std": 0.11618719303182193,
  "jaw_ratio_max": 0.8481256195477077,
  "jaw_ratio_mean": 0.7935575417109898,
  "jaw_ratio_median": 0.7945237840924945,
  "jaw_ratio_std": 0.02084034707929407,
  "neutral_max": 0.9950162512915475,
  "neutral_mean": 0.316138248358454,
  "neutral_median": 0.1422196582758001,
  "neutral_std": 0.36978207315717426,
  "processed_frames": 103.42857142857143,
  "smile_intensity_max": 0.8304556437901088,
  "smile_intensity_mean": 0.25579035707882475,
  "smile_intensity_median": 0.2124294387176633,
  "smile_intensity_std": 0.2274170539208821,
  "surprise_max": 0.6499504085097995,
  "surprise_mean": 0.024407968615248268,
  "surprise_median": 1.1153011696153823e-05,
  "surprise_std": 0.10502981560836945,
  "video_count": 7.0,
  "valid_video_count": 7.0,
  "valid_video_ratio": 1.0,
  "total_processed_frames": 724.0,
  "avg_processed_frames": 103.42857142857143,
  "quality_score": 0.8758095238095238,
  "person_name": "Asuka Saito"
}