{
  "facial_symmetry_mean": 0.8543815612792969,
  "facial_symmetry_std": 0.11264413595199585,
  "facial_symmetry_median": 0.8868118524551392,
  "facial_symmetry_max": 0.998313844203949,
  "face_width_height_ratio_mean": 1.364886999130249,
  "face_width_height_ratio_std": 0.17620842158794403,
  "face_width_height_ratio_median": 1.415151596069336,
  "face_width_height_ratio_max": 1.5886691808700562,
  "eye_spacing_ratio_mean": 0.6725313663482666,
  "eye_spacing_ratio_std": 0.01746976561844349,
  "eye_spacing_ratio_median": 0.6761965751647949,
  "eye_spacing_ratio_max": 0.7610573768615723,
  "jaw_ratio_mean": 0.7647255063056946,
  "jaw_ratio_std": 0.016007564961910248,
  "jaw_ratio_median": 0.762129008769989,
  "jaw_ratio_max": 0.8069448471069336,
  "smile_intensity_mean": 0.10630199313163757,
  "smile_intensity_std": 0.1243508830666542,
  "smile_intensity_median": 0.030924323946237564,
  "smile_intensity_max": 0.44165337085723877,
  "eye_contact_mean": 0.9786270260810852,
  "eye_contact_std": 0.015659235417842865,
  "eye_contact_median": 0.9817665219306946,
  "eye_contact_max": 0.9999045133590698,
  "eye_openness_mean": 0.9752668738365173,
  "eye_openness_std": 0.10970714688301086,
  "eye_openness_median": 1.0,
  "eye_openness_max": 1.0,
  "gaze_stability_mean": 0.9911649823188782,
  "gaze_stability_std": 0.00853050872683525,
  "gaze_stability_median": 0.9935645461082458,
  "gaze_stability_max": 1.0,
  "head_tilt_mean": 0.22302933037281036,
  "head_tilt_std": 0.1873454451560974,
  "head_tilt_median": 0.18821701407432556,
  "head_tilt_max": 0.6350213289260864,
  "expression_speed_mean": 0.07240922003984451,
  "expression_speed_std": 0.12433212995529175,
  "expression_speed_median": 0.03185407817363739,
  "expression_speed_max": 0.7729144096374512,
  "happy_mean": 0.13433033227920532,
  "happy_std": 0.30251243710517883,
  "happy_median": 0.0005251647089608014,
  "happy_max": 1.0,
  "neutral_mean": 0.48980310559272766,
  "neutral_std": 0.42045411467552185,
  "neutral_median": 0.5691264867782593,
  "neutral_max": 0.9998826384544373,
  "surprise_mean": 0.019756421446800232,
  "surprise_std": 0.1312776803970337,
  "surprise_median": 1.3470461226461339e-06,
  "surprise_max": 0.9810941815376282,
  "processed_frames": 157.0,
  "video_name": "1 (3).mp4"
}