{
  "facial_symmetry_mean": 0.878322422504425,
  "facial_symmetry_std": 0.08286154270172119,
  "facial_symmetry_median": 0.8843930959701538,
  "facial_symmetry_max": 0.9935735464096069,
  "face_width_height_ratio_mean": 1.3722466230392456,
  "face_width_height_ratio_std": 0.22841249406337738,
  "face_width_height_ratio_median": 1.4573934078216553,
  "face_width_height_ratio_max": 2.00212025642395,
  "eye_spacing_ratio_mean": 0.6674836277961731,
  "eye_spacing_ratio_std": 0.026785433292388916,
  "eye_spacing_ratio_median": 0.6650169491767883,
  "eye_spacing_ratio_max": 0.7529371380805969,
  "jaw_ratio_mean": 0.7777732014656067,
  "jaw_ratio_std": 0.026076557114720345,
  "jaw_ratio_median": 0.7764528393745422,
  "jaw_ratio_max": 0.8427202105522156,
  "smile_intensity_mean": 0.18580137193202972,
  "smile_intensity_std": 0.20413680374622345,
  "smile_intensity_median": 0.11847978085279465,
  "smile_intensity_max": 0.9594119191169739,
  "eye_contact_mean": 0.9734135270118713,
  "eye_contact_std": 0.03132128715515137,
  "eye_contact_median": 0.9826216697692871,
  "eye_contact_max": 0.9996193647384644,
  "eye_openness_mean": 0.7624632716178894,
  "eye_openness_std": 0.20849601924419403,
  "eye_openness_median": 0.7750970125198364,
  "eye_openness_max": 1.0,
  "gaze_stability_mean": 0.9809909462928772,
  "gaze_stability_std": 0.02903961017727852,
  "gaze_stability_median": 0.9895734786987305,
  "gaze_stability_max": 1.0,
  "head_tilt_mean": 0.14990904927253723,
  "head_tilt_std": 0.15790845453739166,
  "head_tilt_median": 0.0802728533744812,
  "head_tilt_max": 0.6345028281211853,
  "expression_speed_mean": 0.2232479751110077,
  "expression_speed_std": 0.19362130761146545,
  "expression_speed_median": 0.16238631308078766,
  "expression_speed_max": 0.9070483446121216,
  "happy_mean": 0.1269678920507431,
  "happy_std": 0.2949081361293793,
  "happy_median": 0.00044818135211244226,
  "happy_max": 0.9999940991401672,
  "neutral_mean": 0.2550026774406433,
  "neutral_std": 0.34839534759521484,
  "neutral_median": 0.03182070329785347,
  "neutral_max": 0.999244213104248,
  "surprise_mean": 0.03722449392080307,
  "surprise_std": 0.15707166492938995,
  "surprise_median": 2.781408966257004e-06,
  "surprise_max": 0.9999927878379822,
  "processed_frames": 121.0,
  "video_name": "1 (4).mp4"
}