{
  "facial_symmetry_mean": 0.8865416646003723,
  "facial_symmetry_std": 0.05862467736005783,
  "facial_symmetry_median": 0.8948874473571777,
  "facial_symmetry_max": 0.9889843463897705,
  "face_width_height_ratio_mean": 0.8425447344779968,
  "face_width_height_ratio_std": 0.031033813953399658,
  "face_width_height_ratio_median": 0.8451511263847351,
  "face_width_height_ratio_max": 0.9163855910301208,
  "eye_spacing_ratio_mean": 0.6794506311416626,
  "eye_spacing_ratio_std": 0.01818615011870861,
  "eye_spacing_ratio_median": 0.6799594759941101,
  "eye_spacing_ratio_max": 0.7308670282363892,
  "jaw_ratio_mean": 0.7603420615196228,
  "jaw_ratio_std": 0.01467510499060154,
  "jaw_ratio_median": 0.7606161236763,
  "jaw_ratio_max": 0.8029295206069946,
  "smile_intensity_mean": 0.23720434308052063,
  "smile_intensity_std": 0.1908133178949356,
  "smile_intensity_median": 0.26806211471557617,
  "smile_intensity_max": 0.9506873488426208,
  "eye_contact_mean": 0.9781045913696289,
  "eye_contact_std": 0.021891789510846138,
  "eye_contact_median": 0.9860453605651855,
  "eye_contact_max": 0.9999812841415405,
  "eye_openness_mean": 0.9986695647239685,
  "eye_openness_std": 0.015266413800418377,
  "eye_openness_median": 1.0,
  "eye_openness_max": 1.0,
  "gaze_stability_mean": 0.993900716304779,
  "gaze_stability_std": 0.009304551407694817,
  "gaze_stability_median": 0.9962739944458008,
  "gaze_stability_max": 1.0,
  "head_tilt_mean": 0.1672980934381485,
  "head_tilt_std": 0.21708372235298157,
  "head_tilt_median": 0.09641408920288086,
  "head_tilt_max": 0.8972585201263428,
  "expression_speed_mean": 0.06100411340594292,
  "expression_speed_std": 0.0875713899731636,
  "expression_speed_median": 0.026956453919410706,
  "expression_speed_max": 0.46725013852119446,
  "happy_mean": 0.057508375495672226,
  "happy_std": 0.21220433712005615,
  "happy_median": 6.578292232006788e-05,
  "happy_max": 0.9994301199913025,
  "neutral_mean": 0.496859610080719,
  "neutral_std": 0.3871324360370636,
  "neutral_median": 0.4708721935749054,
  "neutral_max": 0.9997661709785461,
  "surprise_mean": 0.0030825480353087187,
  "surprise_std": 0.03172296658158302,
  "surprise_median": 2.633369149407372e-06,
  "surprise_max": 0.4629572033882141,
  "processed_frames": 223.0,
  "video_name": "1 (5).mp4"
}