{
  "facial_symmetry_mean": 0.8328558206558228,
  "facial_symmetry_std": 0.10731211304664612,
  "facial_symmetry_median": 0.852507472038269,
  "facial_symmetry_max": 0.9990599751472473,
  "face_width_height_ratio_mean": 1.0632301568984985,
  "face_width_height_ratio_std": 0.12921205163002014,
  "face_width_height_ratio_median": 1.0314959287643433,
  "face_width_height_ratio_max": 1.3553434610366821,
  "eye_spacing_ratio_mean": 0.6548568606376648,
  "eye_spacing_ratio_std": 0.03152669221162796,
  "eye_spacing_ratio_median": 0.6638291478157043,
  "eye_spacing_ratio_max": 0.7167308926582336,
  "jaw_ratio_mean": 0.775779128074646,
  "jaw_ratio_std": 0.03365115076303482,
  "jaw_ratio_median": 0.7823868989944458,
  "jaw_ratio_max": 0.8620548248291016,
  "smile_intensity_mean": 0.320292592048645,
  "smile_intensity_std": 0.31315919756889343,
  "smile_intensity_median": 0.21642419695854187,
  "smile_intensity_max": 1.0,
  "eye_contact_mean": 0.9776318669319153,
  "eye_contact_std": 0.019561361521482468,
  "eye_contact_median": 0.9822947382926941,
  "eye_contact_max": 0.9997833967208862,
  "eye_openness_mean": 0.7814706563949585,
  "eye_openness_std": 0.23740382492542267,
  "eye_openness_median": 0.8793584108352661,
  "eye_openness_max": 1.0,
  "gaze_stability_mean": 0.9852436184883118,
  "gaze_stability_std": 0.01763099990785122,
  "gaze_stability_median": 0.9907155632972717,
  "gaze_stability_max": 1.0,
  "head_tilt_mean": 0.3199802041053772,
  "head_tilt_std": 0.19336555898189545,
  "head_tilt_median": 0.38468390703201294,
  "head_tilt_max": 0.636969804763794,
  "expression_speed_mean": 0.20979925990104675,
  "expression_speed_std": 0.23845620453357697,
  "expression_speed_median": 0.09557482600212097,
  "expression_speed_max": 1.0,
  "happy_mean": 0.1783849000930786,
  "happy_std": 0.3674963712692261,
  "happy_median": 3.5356457374291494e-05,
  "happy_max": 0.9999997019767761,
  "neutral_mean": 0.18938423693180084,
  "neutral_std": 0.37432390451431274,
  "neutral_median": 0.00020412582671269774,
  "neutral_max": 0.9999855160713196,
  "surprise_mean": 0.06455858796834946,
  "surprise_std": 0.22154705226421356,
  "surprise_median": 6.624934201227006e-08,
  "surprise_max": 0.9870421886444092,
  "processed_frames": 93.0,
  "video_name": "1 (6).mp4"
}