{
  "facial_symmetry_mean": 0.8818040490150452,
  "facial_symmetry_std": 0.07354116439819336,
  "facial_symmetry_median": 0.8740696907043457,
  "facial_symmetry_max": 0.9980268478393555,
  "face_width_height_ratio_mean": 1.0453988313674927,
  "face_width_height_ratio_std": 0.09710688889026642,
  "face_width_height_ratio_median": 1.0678887367248535,
  "face_width_height_ratio_max": 1.2468286752700806,
  "eye_spacing_ratio_mean": 0.6860405802726746,
  "eye_spacing_ratio_std": 0.03353537246584892,
  "eye_spacing_ratio_median": 0.6909050941467285,
  "eye_spacing_ratio_max": 0.7404248714447021,
  "jaw_ratio_mean": 0.7759854197502136,
  "jaw_ratio_std": 0.029331518337130547,
  "jaw_ratio_median": 0.7730319499969482,
  "jaw_ratio_max": 0.8744116425514221,
  "smile_intensity_mean": 0.2698974311351776,
  "smile_intensity_std": 0.24418887495994568,
  "smile_intensity_median": 0.27019286155700684,
  "smile_intensity_max": 1.0,
  "eye_contact_mean": 0.974549412727356,
  "eye_contact_std": 0.03013358823955059,
  "eye_contact_median": 0.9863268136978149,
  "eye_contact_max": 0.999908983707428,
  "eye_openness_mean": 0.8906417489051819,
  "eye_openness_std": 0.18013238906860352,
  "eye_openness_median": 1.0,
  "eye_openness_max": 1.0,
  "gaze_stability_mean": 0.9758710861206055,
  "gaze_stability_std": 0.030096037313342094,
  "gaze_stability_median": 0.9899581670761108,
  "gaze_stability_max": 1.0,
  "head_tilt_mean": 0.08715035021305084,
  "head_tilt_std": 0.06012720242142677,
  "head_tilt_median": 0.06809592247009277,
  "head_tilt_max": 0.23478850722312927,
  "expression_speed_mean": 0.22083313763141632,
  "expression_speed_std": 0.22260978817939758,
  "expression_speed_median": 0.15413330495357513,
  "expression_speed_max": 0.8561325073242188,
  "happy_mean": 0.17845389246940613,
  "happy_std": 0.2873970568180084,
  "happy_median": 0.00011406681733205914,
  "happy_max": 0.9995748996734619,
  "neutral_mean": 0.42426565289497375,
  "neutral_std": 0.3777550160884857,
  "neutral_median": 0.44877350330352783,
  "neutral_max": 0.9817061424255371,
  "surprise_mean": 0.048105400055646896,
  "surprise_std": 0.19440858066082,
  "surprise_median": 1.3772450984106399e-05,
  "surprise_max": 0.964502215385437,
  "processed_frames": 56.0,
  "video_name": "1 (7).mp4"
}