{
  "facial_symmetry_mean": 0.8951980471611023,
  "facial_symmetry_std": 0.11813360452651978,
  "facial_symmetry_median": 0.9474430680274963,
  "facial_symmetry_max": 0.9991075992584229,
  "face_width_height_ratio_mean": 1.4202736616134644,
  "face_width_height_ratio_std": 0.11317850649356842,
  "face_width_height_ratio_median": 1.448111891746521,
  "face_width_height_ratio_max": 1.702723503112793,
  "eye_spacing_ratio_mean": 0.6783063411712646,
  "eye_spacing_ratio_std": 0.04330331087112427,
  "eye_spacing_ratio_median": 0.6907268762588501,
  "eye_spacing_ratio_max": 0.7434594035148621,
  "jaw_ratio_mean": 0.7479939460754395,
  "jaw_ratio_std": 0.02787417359650135,
  "jaw_ratio_median": 0.741812527179718,
  "jaw_ratio_max": 0.8896923661231995,
  "smile_intensity_mean": 0.09735050052404404,
  "smile_intensity_std": 0.12094158679246902,
  "smile_intensity_median": 0.02072484977543354,
  "smile_intensity_max": 0.4364778995513916,
  "eye_contact_mean": 0.9673738479614258,
  "eye_contact_std": 0.05606510117650032,
  "eye_contact_median": 0.985145092010498,
  "eye_contact_max": 0.999574601650238,
  "eye_openness_mean": 0.8855867981910706,
  "eye_openness_std": 0.15913259983062744,
  "eye_openness_median": 0.943065881729126,
  "eye_openness_max": 1.0,
  "gaze_stability_mean": 0.9799574613571167,
  "gaze_stability_std": 0.03609665855765343,
  "gaze_stability_median": 0.9940024018287659,
  "gaze_stability_max": 1.0,
  "head_tilt_mean": 0.09051080048084259,
  "head_tilt_std": 0.08029511570930481,
  "head_tilt_median": 0.06134346127510071,
  "head_tilt_max": 0.28715863823890686,
  "expression_speed_mean": 0.14429444074630737,
  "expression_speed_std": 0.17971093952655792,
  "expression_speed_median": 0.06688448786735535,
  "expression_speed_max": 0.7265084385871887,
  "happy_mean": 0.04661528393626213,
  "happy_std": 0.17352570593357086,
  "happy_median": 0.00017340814520139247,
  "happy_max": 0.8882387280464172,
  "neutral_mean": 0.2700207829475403,
  "neutral_std": 0.3282788097858429,
  "neutral_median": 0.035898514091968536,
  "neutral_max": 0.9981901049613953,
  "surprise_mean": 0.00026267138309776783,
  "surprise_std": 0.000855284568388015,
  "surprise_median": 1.7962148604055983e-06,
  "surprise_max": 0.004590899683535099,
  "processed_frames": 85.0,
  "video_name": "1.mp4"
}