{
  "expression_speed_max": 0.8171679079532623,
  "expression_speed_mean": 0.16742757015994617,
  "expression_speed_median": 0.0993324603353228,
  "expression_speed_std": 0.18399480091673986,
  "eye_contact_max": 0.9997965267726353,
  "eye_contact_mean": 0.9768376435552325,
  "eye_contact_median": 0.9853316290037972,
  "eye_contact_std": 0.027039498622928346,
  "eye_openness_max": 1.0,
  "eye_openness_mean": 0.8586688893181937,
  "eye_openness_median": 0.9130854947226388,
  "eye_openness_std": 0.16469569437737977,
  "eye_spacing_ratio_max": 0.7365035329546247,
  "eye_spacing_ratio_mean": 0.6703327383313861,
  "eye_spacing_ratio_median": 0.6749078631401062,
  "eye_spacing_ratio_std": 0.028758214520556585,
  "face_width_height_ratio_max": 1.4049893191882543,
  "face_width_height_ratio_mean": 1.1423964244978768,
  "face_width_height_ratio_median": 1.168085413319724,
  "face_width_height_ratio_std": 0.12291524878570012,
  "facial_symmetry_max": 0.9964368258203778,
  "facial_symmetry_mean": 0.8755417551313128,
  "facial_symmetry_median": 0.8904581410544259,
  "facial_symmetry_std": 0.08783326936619622,
  "gaze_stability_max": 1.0,
  "gaze_stability_mean": 0.9856714180537632,
  "gaze_stability_median": 0.9929619261196682,
  "gaze_stability_std": 0.02032269550753491,
  "happy_max": 0.9834460105214801,
  "happy_mean": 0.12973368274314062,
  "happy_median": 0.005242918464708575,
  "happy_std": 0.277592197060585,
  "head_tilt_max": 0.617957089628492,
  "head_tilt_mean": 0.19885929567473276,
  "head_tilt_median": 0.16780586753572738,
  "head_tilt_std": 0.16408094391226768,
  "jaw_ratio_max": 0.8476660166467939,
  "jaw_ratio_mean": 0.7679662278720311,
  "jaw_ratio_median": 0.7665008476802281,
  "jaw_ratio_std": 0.02489964264844145,
  "neutral_max": 0.9969044583184379,
  "neutral_mean": 0.3285803496837616,
  "neutral_median": 0.2232813993385727,
  "neutral_std": 0.3652176005499704,
  "processed_frames": 117.28571428571429,
  "smile_intensity_max": 0.8268900769097465,
  "smile_intensity_mean": 0.2364840560725757,
  "smile_intensity_median": 0.20215414863611972,
  "smile_intensity_std": 0.2136488961321967,
  "surprise_max": 0.7575050040281245,
  "surprise_mean": 0.03194339121026652,
  "surprise_median": 3.852258282271188e-06,
  "surprise_std": 0.13014054814785986,
  "video_count": 7.0,
  "valid_video_count": 7.0,
  "valid_video_ratio": 1.0,
  "total_processed_frames": 821.0,
  "avg_processed_frames": 117.28571428571429,
  "quality_score": 0.9127619047619048,
  "person_name": "Karina"
}