{
  "facial_symmetry_mean": 0.7149215936660767,
  "facial_symmetry_std": 0.22929319739341736,
  "facial_symmetry_median": 0.7390533089637756,
  "facial_symmetry_max": 0.9998611211776733,
  "face_width_height_ratio_mean": 1.2978460788726807,
  "face_width_height_ratio_std": 0.25753626227378845,
  "face_width_height_ratio_median": 1.4137767553329468,
  "face_width_height_ratio_max": 1.7340844869613647,
  "eye_spacing_ratio_mean": 0.6638383269309998,
  "eye_spacing_ratio_std": 0.04141809418797493,
  "eye_spacing_ratio_median": 0.6639823317527771,
  "eye_spacing_ratio_max": 0.7522943019866943,
  "jaw_ratio_mean": 0.7872048020362854,
  "jaw_ratio_std": 0.027580229565501213,
  "jaw_ratio_median": 0.7828190326690674,
  "jaw_ratio_max": 0.8665459156036377,
  "smile_intensity_mean": 0.18583711981773376,
  "smile_intensity_std": 0.185287207365036,
  "smile_intensity_median": 0.14682510495185852,
  "smile_intensity_max": 0.7542110681533813,
  "eye_contact_mean": 0.9046271443367004,
  "eye_contact_std": 0.07878046482801437,
  "eye_contact_median": 0.920566201210022,
  "eye_contact_max": 0.9998977184295654,
  "eye_openness_mean": 0.8802234530448914,
  "eye_openness_std": 0.15879058837890625,
  "eye_openness_median": 1.0,
  "eye_openness_max": 1.0,
  "gaze_stability_mean": 0.9642010927200317,
  "gaze_stability_std": 0.05275140330195427,
  "gaze_stability_median": 0.9838247299194336,
  "gaze_stability_max": 1.0,
  "head_tilt_mean": 0.21042516827583313,
  "head_tilt_std": 0.21774710714817047,
  "head_tilt_median": 0.12421756982803345,
  "head_tilt_max": 1.0,
  "expression_speed_mean": 0.18207146227359772,
  "expression_speed_std": 0.15377356112003326,
  "expression_speed_median": 0.1514425277709961,
  "expression_speed_max": 0.7012125849723816,
  "happy_mean": 0.14873966574668884,
  "happy_std": 0.32894060015678406,
  "happy_median": 0.00011579330021049827,
  "happy_max": 0.9999984502792358,
  "neutral_mean": 0.27634283900260925,
  "neutral_std": 0.34682172536849976,
  "neutral_median": 0.037597496062517166,
  "neutral_max": 0.9968770742416382,
  "surprise_mean": 0.011503290385007858,
  "surprise_std": 0.07048747688531876,
  "surprise_median": 5.035286676502437e-07,
  "surprise_max": 0.5512715578079224,
  "processed_frames": 105.0,
  "video_name": "2.mp4"
}