{
  "facial_symmetry_mean": 0.8738624453544617,
  "facial_symmetry_std": 0.08643341809511185,
  "facial_symmetry_median": 0.8859149217605591,
  "facial_symmetry_max": 0.9999918937683105,
  "face_width_height_ratio_mean": 0.8018131852149963,
  "face_width_height_ratio_std": 0.06580355763435364,
  "face_width_height_ratio_median": 0.80708247423172,
  "face_width_height_ratio_max": 1.0461475849151611,
  "eye_spacing_ratio_mean": 0.6575914621353149,
  "eye_spacing_ratio_std": 0.028936991468071938,
  "eye_spacing_ratio_median": 0.6551357507705688,
  "eye_spacing_ratio_max": 0.7956480383872986,
  "jaw_ratio_mean": 0.797413170337677,
  "jaw_ratio_std": 0.020483484491705894,
  "jaw_ratio_median": 0.7972086071968079,
  "jaw_ratio_max": 0.8562987446784973,
  "smile_intensity_mean": 0.27001601457595825,
  "smile_intensity_std": 0.2611077129840851,
  "smile_intensity_median": 0.2687215507030487,
  "smile_intensity_max": 1.0,
  "eye_contact_mean": 0.9564990997314453,
  "eye_contact_std": 0.03743564710021019,
  "eye_contact_median": 0.9649006128311157,
  "eye_contact_max": 0.9999872446060181,
  "eye_openness_mean": 0.8294058442115784,
  "eye_openness_std": 0.256325364112854,
  "eye_openness_median": 1.0,
  "eye_openness_max": 1.0,
  "gaze_stability_mean": 0.98399418592453,
  "gaze_stability_std": 0.026646463200449944,
  "gaze_stability_median": 0.9934841394424438,
  "gaze_stability_max": 1.0,
  "head_tilt_mean": 0.12622003257274628,
  "head_tilt_std": 0.14907167851924896,
  "head_tilt_median": 0.08535653352737427,
  "head_tilt_max": 0.95296311378479,
  "expression_speed_mean": 0.18198402225971222,
  "expression_speed_std": 0.19937163591384888,
  "expression_speed_median": 0.10006493330001831,
  "expression_speed_max": 1.0,
  "happy_mean": 0.21256960928440094,
  "happy_std": 0.3719988465309143,
  "happy_median": 0.0038802067283540964,
  "happy_max": 0.9999812841415405,
  "neutral_mean": 0.3016638159751892,
  "neutral_std": 0.35783150792121887,
  "neutral_median": 0.07797630876302719,
  "neutral_max": 0.9999602437019348,
  "surprise_mean": 0.024805044755339622,
  "surprise_std": 0.11980002373456955,
  "surprise_median": 1.7941185433301143e-05,
  "surprise_max": 0.9747360348701477,
  "processed_frames": 345.0,
  "video_name": "4.mp4"
}