{
  "facial_symmetry_mean": 0.9147279262542725,
  "facial_symmetry_std": 0.04780719801783562,
  "facial_symmetry_median": 0.9199413657188416,
  "facial_symmetry_max": 0.9981980919837952,
  "face_width_height_ratio_mean": 0.8155336380004883,
  "face_width_height_ratio_std": 0.04684856906533241,
  "face_width_height_ratio_median": 0.8123579025268555,
  "face_width_height_ratio_max": 0.9956977963447571,
  "eye_spacing_ratio_mean": 0.6519161462783813,
  "eye_spacing_ratio_std": 0.037340134382247925,
  "eye_spacing_ratio_median": 0.6474133133888245,
  "eye_spacing_ratio_max": 0.7636439800262451,
  "jaw_ratio_mean": 0.8107999563217163,
  "jaw_ratio_std": 0.01916409656405449,
  "jaw_ratio_median": 0.8106722831726074,
  "jaw_ratio_max": 0.8499255776405334,
  "smile_intensity_mean": 0.3617417514324188,
  "smile_intensity_std": 0.22765520215034485,
  "smile_intensity_median": 0.4206685423851013,
  "smile_intensity_max": 0.8999178409576416,
  "eye_contact_mean": 0.9687483310699463,
  "eye_contact_std": 0.025271419435739517,
  "eye_contact_median": 0.973366916179657,
  "eye_contact_max": 0.9997943639755249,
  "eye_openness_mean": 0.537455677986145,
  "eye_openness_std": 0.3102242052555084,
  "eye_openness_median": 0.5304147601127625,
  "eye_openness_max": 1.0,
  "gaze_stability_mean": 0.982353150844574,
  "gaze_stability_std": 0.01680801995098591,
  "gaze_stability_median": 0.9882310032844543,
  "gaze_stability_max": 1.0,
  "head_tilt_mean": 0.10205243527889252,
  "head_tilt_std": 0.07165130227804184,
  "head_tilt_median": 0.08802980184555054,
  "head_tilt_max": 0.32663583755493164,
  "expression_speed_mean": 0.29823121428489685,
  "expression_speed_std": 0.278502494096756,
  "expression_speed_median": 0.19548073410987854,
  "expression_speed_max": 1.0,
  "happy_mean": 0.33381590247154236,
  "happy_std": 0.43972650170326233,
  "happy_median": 0.018976490944623947,
  "happy_max": 0.9999998807907104,
  "neutral_mean": 0.07686654478311539,
  "neutral_std": 0.18277977406978607,
  "neutral_median": 0.00039492049836553633,
  "neutral_max": 0.7783402800559998,
  "surprise_mean": 0.06724615395069122,
  "surprise_std": 0.1952774077653885,
  "surprise_median": 2.7241635507380124e-06,
  "surprise_max": 0.8917102217674255,
  "processed_frames": 57.0,
  "video_name": "5.mp4"
}