{
  "facial_symmetry_mean": 0.8759942650794983,
  "facial_symmetry_std": 0.07336452603340149,
  "facial_symmetry_median": 0.8875199556350708,
  "facial_symmetry_max": 0.9932283163070679,
  "face_width_height_ratio_mean": 0.5923790335655212,
  "face_width_height_ratio_std": 0.050506167113780975,
  "face_width_height_ratio_median": 0.5981532335281372,
  "face_width_height_ratio_max": 0.8106699585914612,
  "eye_spacing_ratio_mean": 0.6430660486221313,
  "eye_spacing_ratio_std": 0.029726669192314148,
  "eye_spacing_ratio_median": 0.6448677182197571,
  "eye_spacing_ratio_max": 0.7057896256446838,
  "jaw_ratio_mean": 0.7949718236923218,
  "jaw_ratio_std": 0.021755289286375046,
  "jaw_ratio_median": 0.789968729019165,
  "jaw_ratio_max": 0.8596698641777039,
  "smile_intensity_mean": 0.3251776099205017,
  "smile_intensity_std": 0.32702693343162537,
  "smile_intensity_median": 0.20522695779800415,
  "smile_intensity_max": 1.0,
  "eye_contact_mean": 0.9674826264381409,
  "eye_contact_std": 0.02230997569859028,
  "eye_contact_median": 0.966819703578949,
  "eye_contact_max": 0.9999675750732422,
  "eye_openness_mean": 0.7860450148582458,
  "eye_openness_std": 0.25789040327072144,
  "eye_openness_median": 1.0,
  "eye_openness_max": 1.0,
  "gaze_stability_mean": 0.9905832409858704,
  "gaze_stability_std": 0.011056718416512012,
  "gaze_stability_median": 0.9944401383399963,
  "gaze_stability_max": 1.0,
  "head_tilt_mean": 0.10256526619195938,
  "head_tilt_std": 0.21123838424682617,
  "head_tilt_median": 0.051753297448158264,
  "head_tilt_max": 1.0,
  "expression_speed_mean": 0.19367776811122894,
  "expression_speed_std": 0.2280769795179367,
  "expression_speed_median": 0.1065492108464241,
  "expression_speed_max": 0.9647033214569092,
  "happy_mean": 0.05364604294300079,
  "happy_std": 0.20611520111560822,
  "happy_median": 7.365450437646359e-05,
  "happy_max": 0.9992409348487854,
  "neutral_mean": 0.17756417393684387,
  "neutral_std": 0.28385987877845764,
  "neutral_median": 0.02268802374601364,
  "neutral_max": 0.9998824000358582,
  "surprise_mean": 0.08375977724790573,
  "surprise_std": 0.23458142578601837,
  "surprise_median": 5.89336414122954e-05,
  "surprise_max": 0.9914448857307434,
  "processed_frames": 138.0,
  "video_name": "3.mp4"
}