{
  "facial_symmetry_mean": 0.866743803024292,
  "facial_symmetry_std": 0.08772124350070953,
  "facial_symmetry_median": 0.8920809626579285,
  "facial_symmetry_max": 0.9947416186332703,
  "face_width_height_ratio_mean": 1.2927451133728027,
  "face_width_height_ratio_std": 0.1847505122423172,
  "face_width_height_ratio_median": 1.3159441947937012,
  "face_width_height_ratio_max": 1.7301666736602783,
  "eye_spacing_ratio_mean": 0.6370831727981567,
  "eye_spacing_ratio_std": 0.060515303164720535,
  "eye_spacing_ratio_median": 0.6544865965843201,
  "eye_spacing_ratio_max": 0.7447935938835144,
  "jaw_ratio_mean": 0.7769886255264282,
  "jaw_ratio_std": 0.026587648317217827,
  "jaw_ratio_median": 0.7757758498191833,
  "jaw_ratio_max": 0.8980074524879456,
  "smile_intensity_mean": 0.16561435163021088,
  "smile_intensity_std": 0.14424879848957062,
  "smile_intensity_median": 0.14468398690223694,
  "smile_intensity_max": 0.5914508104324341,
  "eye_contact_mean": 0.9523667693138123,
  "eye_contact_std": 0.03489813581109047,
  "eye_contact_median": 0.9638068675994873,
  "eye_contact_max": 0.9997750520706177,
  "eye_openness_mean": 0.45180457830429077,
  "eye_openness_std": 0.22855328023433685,
  "eye_openness_median": 0.3610997796058655,
  "eye_openness_max": 1.0,
  "gaze_stability_mean": 0.9867538809776306,
  "gaze_stability_std": 0.017900686711072922,
  "gaze_stability_median": 0.9939830303192139,
  "gaze_stability_max": 1.0,
  "head_tilt_mean": 0.0728837251663208,
  "head_tilt_std": 0.07130436599254608,
  "head_tilt_median": 0.0497707724571228,
  "head_tilt_max": 0.2638465166091919,
  "expression_speed_mean": 0.11894914507865906,
  "expression_speed_std": 0.13874155282974243,
  "expression_speed_median": 0.0665266364812851,
  "expression_speed_max": 0.808596670627594,
  "happy_mean": 0.1430738866329193,
  "happy_std": 0.3239642083644867,
  "happy_median": 0.00022719711705576628,
  "happy_max": 0.9979004859924316,
  "neutral_mean": 0.13949275016784668,
  "neutral_std": 0.2519618272781372,
  "neutral_median": 0.017909379675984383,
  "neutral_max": 0.990538477897644,
  "surprise_mean": 0.015505140647292137,
  "surprise_std": 0.06398526579141617,
  "surprise_median": 8.332733159477357e-06,
  "surprise_max": 0.5232630968093872,
  "processed_frames": 121.0,
  "video_name": "4.mp4"
}