{
  "facial_symmetry_mean": 0.8908658623695374,
  "facial_symmetry_std": 0.06192079186439514,
  "facial_symmetry_median": 0.9014487266540527,
  "facial_symmetry_max": 0.9921173453330994,
  "face_width_height_ratio_mean": 0.9607899188995361,
  "face_width_height_ratio_std": 0.10632570832967758,
  "face_width_height_ratio_median": 0.974890410900116,
  "face_width_height_ratio_max": 1.2432583570480347,
  "eye_spacing_ratio_mean": 0.6579322218894958,
  "eye_spacing_ratio_std": 0.024486295878887177,
  "eye_spacing_ratio_median": 0.6613011956214905,
  "eye_spacing_ratio_max": 0.7030361294746399,
  "jaw_ratio_mean": 0.7979033589363098,
  "jaw_ratio_std": 0.02250269055366516,
  "jaw_ratio_median": 0.7938976883888245,
  "jaw_ratio_max": 0.8641047477722168,
  "smile_intensity_mean": 0.3110155463218689,
  "smile_intensity_std": 0.27802765369415283,
  "smile_intensity_median": 0.3046762943267822,
  "smile_intensity_max": 1.0,
  "eye_contact_mean": 0.970099151134491,
  "eye_contact_std": 0.0225492212921381,
  "eye_contact_median": 0.9733883738517761,
  "eye_contact_max": 0.9995889663696289,
  "eye_openness_mean": 0.5402270555496216,
  "eye_openness_std": 0.22751249372959137,
  "eye_openness_median": 0.5105991959571838,
  "eye_openness_max": 1.0,
  "gaze_stability_mean": 0.9833729863166809,
  "gaze_stability_std": 0.019298136234283447,
  "gaze_stability_median": 0.9923615455627441,
  "gaze_stability_max": 1.0,
  "head_tilt_mean": 0.06649048626422882,
  "head_tilt_std": 0.06921529769897461,
  "head_tilt_median": 0.038237422704696655,
  "head_tilt_max": 0.24049505591392517,
  "expression_speed_mean": 0.27987852692604065,
  "expression_speed_std": 0.260781854391098,
  "expression_speed_median": 0.21936623752117157,
  "expression_speed_max": 1.0,
  "happy_mean": 0.2126448154449463,
  "happy_std": 0.3809085786342621,
  "happy_median": 0.0025967343244701624,
  "happy_max": 0.9999051690101624,
  "neutral_mean": 0.3106943368911743,
  "neutral_std": 0.3924747407436371,
  "neutral_median": 0.04494430124759674,
  "neutral_max": 0.9948780536651611,
  "surprise_mean": 0.02983538620173931,
  "surprise_std": 0.1532241553068161,
  "surprise_median": 1.74612614500802e-05,
  "surprise_max": 0.9827889800071716,
  "processed_frames": 81.0,
  "video_name": "6.mp4"
}