{
  "expression_speed_max": 0.7801843370710101,
  "expression_speed_mean": 0.1613461598753929,
  "expression_speed_median": 0.10410307560648237,
  "expression_speed_std": 0.16719155652182444,
  "eye_contact_max": 0.9983835135187421,
  "eye_contact_mean": 0.9622363533292498,
  "eye_contact_median": 0.9682724561010089,
  "eye_contact_std": 0.029380816434110914,
  "eye_openness_max": 0.9993815677506583,
  "eye_openness_mean": 0.5816822648048401,
  "eye_openness_median": 0.5812531113624573,
  "eye_openness_std": 0.23158991762569972,
  "eye_spacing_ratio_max": 0.7328885623386928,
  "eye_spacing_ratio_mean": 0.6496990152767727,
  "eye_spacing_ratio_median": 0.6558684025491986,
  "eye_spacing_ratio_std": 0.039454344127859385,
  "face_width_height_ratio_max": 1.5152337976864405,
  "face_width_height_ratio_mean": 1.1790386182921273,
  "face_width_height_ratio_median": 1.2060628363064356,
  "face_width_height_ratio_std": 0.13813046046665736,
  "facial_symmetry_max": 0.9904113752501351,
  "facial_symmetry_mean": 0.8642176134245736,
  "facial_symmetry_median": 0.8753449746540615,
  "facial_symmetry_std": 0.07496469361441475,
  "gaze_stability_max": 1.0,
  "gaze_stability_mean": 0.9858079893248421,
  "gaze_stability_median": 0.9926923768860954,
  "gaze_stability_std": 0.018590792481388365,
  "happy_max": 0.9982688767569405,
  "happy_mean": 0.12591739371418953,
  "happy_median": 0.0013090916587056459,
  "happy_std": 0.281785534960883,
  "head_tilt_max": 0.37222609775406973,
  "head_tilt_mean": 0.06690431492669242,
  "head_tilt_median": 0.045851713844708035,
  "head_tilt_std": 0.07885632504309927,
  "jaw_ratio_max": 0.8586413519723075,
  "jaw_ratio_mean": 0.7907954113824027,
  "jaw_ratio_median": 0.7897982427052089,
  "jaw_ratio_std": 0.020936939200120314,
  "neutral_max": 0.994793210710798,
  "neutral_mean": 0.23832320315497263,
  "neutral_median": 0.07510329170950822,
  "neutral_std": 0.3159538890634264,
  "processed_frames": 107.14285714285714,
  "smile_intensity_max": 0.7492070879255023,
  "smile_intensity_mean": 0.19408981714929854,
  "smile_intensity_median": 0.15854895221335547,
  "smile_intensity_std": 0.1894541648881776,
  "surprise_max": 0.8422793831144061,
  "surprise_mean": 0.04542028611259801,
  "surprise_median": 4.322162763108801e-05,
  "surprise_std": 0.15399444209677832,
  "video_count": 7.0,
  "valid_video_count": 7.0,
  "valid_video_ratio": 1.0,
  "total_processed_frames": 750.0,
  "avg_processed_frames": 107.14285714285714,
  "quality_score": 0.8857142857142857,
  "person_name": "Anna Chipovskaya"
}