{
  "facial_symmetry_mean": 0.8749373555183411,
  "facial_symmetry_std": 0.08476858586072922,
  "facial_symmetry_median": 0.8927161693572998,
  "facial_symmetry_max": 0.9959889054298401,
  "face_width_height_ratio_mean": 0.5577154755592346,
  "face_width_height_ratio_std": 0.08884309977293015,
  "face_width_height_ratio_median": 0.5704322457313538,
  "face_width_height_ratio_max": 0.7192281484603882,
  "eye_spacing_ratio_mean": 0.6299077272415161,
  "eye_spacing_ratio_std": 0.038520365953445435,
  "eye_spacing_ratio_median": 0.6390526294708252,
  "eye_spacing_ratio_max": 0.6906973123550415,
  "jaw_ratio_mean": 0.7901328206062317,
  "jaw_ratio_std": 0.025531375780701637,
  "jaw_ratio_median": 0.784083366394043,
  "jaw_ratio_max": 0.8775979280471802,
  "smile_intensity_mean": 0.31733450293540955,
  "smile_intensity_std": 0.3461262583732605,
  "smile_intensity_median": 0.1335393786430359,
  "smile_intensity_max": 1.0,
  "eye_contact_mean": 0.9609925150871277,
  "eye_contact_std": 0.027049442753195763,
  "eye_contact_median": 0.9644862413406372,
  "eye_contact_max": 0.9998486042022705,
  "eye_openness_mean": 0.7041128277778625,
  "eye_openness_std": 0.2860439121723175,
  "eye_openness_median": 0.8437175750732422,
  "eye_openness_max": 1.0,
  "gaze_stability_mean": 0.9865216016769409,
  "gaze_stability_std": 0.016632962971925735,
  "gaze_stability_median": 0.994361400604248,
  "gaze_stability_max": 1.0,
  "head_tilt_mean": 0.1882932335138321,
  "head_tilt_std": 0.19599108397960663,
  "head_tilt_median": 0.12647822499275208,
  "head_tilt_max": 0.794063925743103,
  "expression_speed_mean": 0.22595085203647614,
  "expression_speed_std": 0.27402353286743164,
  "expression_speed_median": 0.0935923159122467,
  "expression_speed_max": 0.9764261245727539,
  "happy_mean": 0.16053369641304016,
  "happy_std": 0.3328999876976013,
  "happy_median": 0.0014151944778859615,
  "happy_max": 0.9979711771011353,
  "neutral_mean": 0.12639294564723969,
  "neutral_std": 0.23436158895492554,
  "neutral_median": 0.004964558407664299,
  "neutral_max": 0.9797267913818359,
  "surprise_mean": 0.06635569781064987,
  "surprise_std": 0.1899556666612625,
  "surprise_median": 4.782705218531191e-06,
  "surprise_max": 0.97163325548172,
  "processed_frames": 84.0,
  "video_name": "1 (1).mp4"
}