{
  "facial_symmetry_mean": 0.9388330578804016,
  "facial_symmetry_std": 0.05514460802078247,
  "facial_symmetry_median": 0.9589691162109375,
  "facial_symmetry_max": 0.999688982963562,
  "face_width_height_ratio_mean": 0.49914559721946716,
  "face_width_height_ratio_std": 0.06779646128416061,
  "face_width_height_ratio_median": 0.4728109538555145,
  "face_width_height_ratio_max": 0.7271501421928406,
  "eye_spacing_ratio_mean": 0.6619009375572205,
  "eye_spacing_ratio_std": 0.025867247954010963,
  "eye_spacing_ratio_median": 0.6573280096054077,
  "eye_spacing_ratio_max": 0.7630826234817505,
  "jaw_ratio_mean": 0.7863926291465759,
  "jaw_ratio_std": 0.02280542068183422,
  "jaw_ratio_median": 0.7859091758728027,
  "jaw_ratio_max": 0.8583316802978516,
  "smile_intensity_mean": 0.5072590708732605,
  "smile_intensity_std": 0.3534148037433624,
  "smile_intensity_median": 0.5561870336532593,
  "smile_intensity_max": 1.0,
  "eye_contact_mean": 0.9826651215553284,
  "eye_contact_std": 0.015741709619760513,
  "eye_contact_median": 0.9870858192443848,
  "eye_contact_max": 0.9998271465301514,
  "eye_openness_mean": 0.7086102366447449,
  "eye_openness_std": 0.33321037888526917,
  "eye_openness_median": 0.8625882267951965,
  "eye_openness_max": 1.0,
  "gaze_stability_mean": 0.9924376010894775,
  "gaze_stability_std": 0.009537273086607456,
  "gaze_stability_median": 0.9962277412414551,
  "gaze_stability_max": 1.0,
  "head_tilt_mean": 0.21441400051116943,
  "head_tilt_std": 0.1996537148952484,
  "head_tilt_median": 0.13692356646060944,
  "head_tilt_max": 0.8545726537704468,
  "expression_speed_mean": 0.25613638758659363,
  "expression_speed_std": 0.2426648736000061,
  "expression_speed_median": 0.15799644589424133,
  "expression_speed_max": 0.9946869015693665,
  "happy_mean": 0.445516437292099,
  "happy_std": 0.4755766987800598,
  "happy_median": 0.03459876403212547,
  "happy_max": 1.0,
  "neutral_mean": 0.2240544557571411,
  "neutral_std": 0.3584597706794739,
  "neutral_median": 0.008025093004107475,
  "neutral_max": 0.9996566772460938,
  "surprise_mean": 0.03945934772491455,
  "surprise_std": 0.16224849224090576,
  "surprise_median": 1.1146632914460497e-06,
  "surprise_max": 0.9809349775314331,
  "processed_frames": 96.0,
  "video_name": "1 (3).mp4"
}