{
  "facial_symmetry_mean": 0.8230651021003723,
  "facial_symmetry_std": 0.10428442060947418,
  "facial_symmetry_median": 0.8254342675209045,
  "facial_symmetry_max": 0.9994863867759705,
  "face_width_height_ratio_mean": 0.7832551598548889,
  "face_width_height_ratio_std": 0.086543969810009,
  "face_width_height_ratio_median": 0.8108100891113281,
  "face_width_height_ratio_max": 0.9997260570526123,
  "eye_spacing_ratio_mean": 0.6453626155853271,
  "eye_spacing_ratio_std": 0.036001574248075485,
  "eye_spacing_ratio_median": 0.6462042927742004,
  "eye_spacing_ratio_max": 0.7526503801345825,
  "jaw_ratio_mean": 0.7786211371421814,
  "jaw_ratio_std": 0.02388131432235241,
  "jaw_ratio_median": 0.7754985690116882,
  "jaw_ratio_max": 0.8392875790596008,
  "smile_intensity_mean": 0.4299061596393585,
  "smile_intensity_std": 0.26890432834625244,
  "smile_intensity_median": 0.4540006220340729,
  "smile_intensity_max": 0.9505685567855835,
  "eye_contact_mean": 0.9467613101005554,
  "eye_contact_std": 0.03387811407446861,
  "eye_contact_median": 0.9487496018409729,
  "eye_contact_max": 0.9993143081665039,
  "eye_openness_mean": 0.818454921245575,
  "eye_openness_std": 0.2048434466123581,
  "eye_openness_median": 0.8843047022819519,
  "eye_openness_max": 1.0,
  "gaze_stability_mean": 0.9778293371200562,
  "gaze_stability_std": 0.025335874408483505,
  "gaze_stability_median": 0.9845502376556396,
  "gaze_stability_max": 1.0,
  "head_tilt_mean": 0.19233252108097076,
  "head_tilt_std": 0.1456453949213028,
  "head_tilt_median": 0.15698805451393127,
  "head_tilt_max": 0.6424626708030701,
  "expression_speed_mean": 0.2618634104728699,
  "expression_speed_std": 0.21564166247844696,
  "expression_speed_median": 0.20894117653369904,
  "expression_speed_max": 0.9378299713134766,
  "happy_mean": 0.28308671712875366,
  "happy_std": 0.39807233214378357,
  "happy_median": 0.016876451671123505,
  "happy_max": 0.9999971389770508,
  "neutral_mean": 0.312950998544693,
  "neutral_std": 0.38977017998695374,
  "neutral_median": 0.06309960037469864,
  "neutral_max": 0.999946117401123,
  "surprise_mean": 0.03450857475399971,
  "surprise_std": 0.16221250593662262,
  "surprise_median": 3.064729753532447e-05,
  "surprise_max": 0.9536392688751221,
  "processed_frames": 69.0,
  "video_name": "1 (5).mp4"
}