{
  "facial_symmetry_mean": 0.8347901701927185,
  "facial_symmetry_std": 0.1165575385093689,
  "facial_symmetry_median": 0.8644377589225769,
  "facial_symmetry_max": 0.9997227787971497,
  "face_width_height_ratio_mean": 1.5087664127349854,
  "face_width_height_ratio_std": 0.1115163192152977,
  "face_width_height_ratio_median": 1.527620553970337,
  "face_width_height_ratio_max": 1.6998945474624634,
  "eye_spacing_ratio_mean": 0.640995442867279,
  "eye_spacing_ratio_std": 0.027142642065882683,
  "eye_spacing_ratio_median": 0.6390561461448669,
  "eye_spacing_ratio_max": 0.7246185541152954,
  "jaw_ratio_mean": 0.8031405210494995,
  "jaw_ratio_std": 0.017225084826350212,
  "jaw_ratio_median": 0.799788236618042,
  "jaw_ratio_max": 0.8584752082824707,
  "smile_intensity_mean": 0.22864410281181335,
  "smile_intensity_std": 0.17242957651615143,
  "smile_intensity_median": 0.2172149270772934,
  "smile_intensity_max": 0.6832172870635986,
  "eye_contact_mean": 0.9607123732566833,
  "eye_contact_std": 0.031297340989112854,
  "eye_contact_median": 0.9682079553604126,
  "eye_contact_max": 0.9979126453399658,
  "eye_openness_mean": 0.4640234410762787,
  "eye_openness_std": 0.15345732867717743,
  "eye_openness_median": 0.4702110290527344,
  "eye_openness_max": 0.8214386701583862,
  "gaze_stability_mean": 0.9809013605117798,
  "gaze_stability_std": 0.026944713667035103,
  "gaze_stability_median": 0.9919062852859497,
  "gaze_stability_max": 1.0,
  "head_tilt_mean": 0.09359455108642578,
  "head_tilt_std": 0.07485385984182358,
  "head_tilt_median": 0.07212787866592407,
  "head_tilt_max": 0.30055955052375793,
  "expression_speed_mean": 0.1798393279314041,
  "expression_speed_std": 0.1465533971786499,
  "expression_speed_median": 0.13462580740451813,
  "expression_speed_max": 0.7261464595794678,
  "happy_mean": 0.0714237317442894,
  "happy_std": 0.21233882009983063,
  "happy_median": 1.419381624145899e-05,
  "happy_max": 0.9992173314094543,
  "neutral_mean": 0.2190694510936737,
  "neutral_std": 0.32686659693717957,
  "neutral_median": 0.016638895496726036,
  "neutral_max": 0.9992180466651917,
  "surprise_mean": 0.0034115661401301622,
  "surprise_std": 0.013532059267163277,
  "surprise_median": 3.111719308890315e-07,
  "surprise_max": 0.07932372391223907,
  "processed_frames": 59.0,
  "video_name": "1 (7).mp4"
}