{
  "expression_speed_max": 0.8911252958433968,
  "expression_speed_mean": 0.2114326474922044,
  "expression_speed_median": 0.12165387400559016,
  "expression_speed_std": 0.22331541350909642,
  "eye_contact_max": 0.9994208216667175,
  "eye_contact_mean": 0.9644591382571629,
  "eye_contact_median": 0.9661438379968915,
  "eye_contact_std": 0.025581480403031622,
  "eye_openness_max": 0.9277440394674029,
  "eye_openness_mean": 0.6364962245736804,
  "eye_openness_median": 0.7249641844204494,
  "eye_openness_std": 0.244135782122612,
  "eye_spacing_ratio_max": 0.7351933632578168,
  "eye_spacing_ratio_mean": 0.6445865205356053,
  "eye_spacing_ratio_median": 0.6451022795268467,
  "eye_spacing_ratio_std": 0.03392469350780759,
  "face_width_height_ratio_max": 1.0162694879940577,
  "face_width_height_ratio_mean": 0.7850363680294582,
  "face_width_height_ratio_median": 0.8007933497428894,
  "face_width_height_ratio_std": 0.10344450920820236,
  "facial_symmetry_max": 0.998287490436009,
  "facial_symmetry_mean": 0.8931114418166024,
  "facial_symmetry_median": 0.9078031863485064,
  "facial_symmetry_std": 0.07457783871463367,
  "gaze_stability_max": 1.0,
  "gaze_stability_mean": 0.986357297216143,
  "gaze_stability_median": 0.9932861242975507,
  "gaze_stability_std": 0.0177583158282297,
  "happy_max": 0.9995962977409363,
  "happy_mean": 0.2472785615495273,
  "happy_median": 0.008362408362310296,
  "happy_std": 0.371121808886528,
  "head_tilt_max": 0.6404565743037632,
  "head_tilt_mean": 0.1548892664057868,
  "head_tilt_median": 0.11374651321343013,
  "head_tilt_std": 0.14281804114580154,
  "jaw_ratio_max": 0.8860769101551601,
  "jaw_ratio_mean": 0.7898104020527431,
  "jaw_ratio_median": 0.7853336163929531,
  "jaw_ratio_std": 0.027216509516750063,
  "neutral_max": 0.9933583736419678,
  "neutral_mean": 0.2497341505118779,
  "neutral_median": 0.026886389607430568,
  "neutral_std": 0.35111754281180246,
  "processed_frames": 89.14285714285714,
  "smile_intensity_max": 0.9476836919784546,
  "smile_intensity_mean": 0.36284273862838745,
  "smile_intensity_median": 0.28707881325057577,
  "smile_intensity_std": 0.31546538855348316,
  "surprise_max": 0.5542613255924412,
  "surprise_mean": 0.02372930320728171,
  "surprise_median": 1.1692603058983358e-05,
  "surprise_std": 0.08826428977772593,
  "video_count": 7.0,
  "valid_video_count": 7.0,
  "valid_video_ratio": 1.0,
  "total_processed_frames": 624.0,
  "avg_processed_frames": 89.14285714285714,
  "quality_score": 0.8377142857142857,
  "person_name": "Tanaka Yuko"
}