{
  "facial_symmetry_mean": 0.8776324987411499,
  "facial_symmetry_std": 0.06869998574256897,
  "facial_symmetry_median": 0.8832929134368896,
  "facial_symmetry_max": 0.9981600642204285,
  "face_width_height_ratio_mean": 0.5508881211280823,
  "face_width_height_ratio_std": 0.05577622726559639,
  "face_width_height_ratio_median": 0.558424711227417,
  "face_width_height_ratio_max": 0.65106600522995,
  "eye_spacing_ratio_mean": 0.6320617198944092,
  "eye_spacing_ratio_std": 0.041266702115535736,
  "eye_spacing_ratio_median": 0.6409062147140503,
  "eye_spacing_ratio_max": 0.7136113047599792,
  "jaw_ratio_mean": 0.7680787444114685,
  "jaw_ratio_std": 0.019614195451140404,
  "jaw_ratio_median": 0.7675002813339233,
  "jaw_ratio_max": 0.841014564037323,
  "smile_intensity_mean": 0.169668510556221,
  "smile_intensity_std": 0.25697436928749084,
  "smile_intensity_median": 0.03654325753450394,
  "smile_intensity_max": 1.0,
  "eye_contact_mean": 0.9495151042938232,
  "eye_contact_std": 0.04264748468995094,
  "eye_contact_median": 0.9575508236885071,
  "eye_contact_max": 0.9996402263641357,
  "eye_openness_mean": 0.7893331050872803,
  "eye_openness_std": 0.2578605115413666,
  "eye_openness_median": 0.9471497535705566,
  "eye_openness_max": 1.0,
  "gaze_stability_mean": 0.9860051274299622,
  "gaze_stability_std": 0.020814279094338417,
  "gaze_stability_median": 0.9947115778923035,
  "gaze_stability_max": 1.0,
  "head_tilt_mean": 0.08497955650091171,
  "head_tilt_std": 0.0879797711968422,
  "head_tilt_median": 0.06910368800163269,
  "head_tilt_max": 0.40071606636047363,
  "expression_speed_mean": 0.13208287954330444,
  "expression_speed_std": 0.19096767902374268,
  "expression_speed_median": 0.036900151520967484,
  "expression_speed_max": 0.9564200639724731,
  "happy_mean": 0.14627383649349213,
  "happy_std": 0.3201538026332855,
  "happy_median": 0.0022160597145557404,
  "happy_max": 1.0,
  "neutral_mean": 0.29711464047431946,
  "neutral_std": 0.3639835715293884,
  "neutral_median": 0.07292787730693817,
  "neutral_max": 0.9992488622665405,
  "surprise_mean": 0.06544863432645798,
  "surprise_std": 0.17543451488018036,
  "surprise_median": 4.74081898573786e-05,
  "surprise_max": 0.9171621203422546,
  "processed_frames": 161.0,
  "video_name": "1 (2).mp4"
}