{
  "facial_symmetry_mean": 0.862285852432251,
  "facial_symmetry_std": 0.07722306251525879,
  "facial_symmetry_median": 0.888300359249115,
  "facial_symmetry_max": 0.9643722772598267,
  "face_width_height_ratio_mean": 1.3504267930984497,
  "face_width_height_ratio_std": 0.16934765875339508,
  "face_width_height_ratio_median": 1.3885616064071655,
  "face_width_height_ratio_max": 1.6667253971099854,
  "eye_spacing_ratio_mean": 0.6398337483406067,
  "eye_spacing_ratio_std": 0.021445855498313904,
  "eye_spacing_ratio_median": 0.6434301733970642,
  "eye_spacing_ratio_max": 0.6939309239387512,
  "jaw_ratio_mean": 0.7764387726783752,
  "jaw_ratio_std": 0.01846960373222828,
  "jaw_ratio_median": 0.7767618894577026,
  "jaw_ratio_max": 0.8481685519218445,
  "smile_intensity_mean": 0.16493646800518036,
  "smile_intensity_std": 0.12308919429779053,
  "smile_intensity_median": 0.16752012073993683,
  "smile_intensity_max": 0.639441728591919,
  "eye_contact_mean": 0.9484522342681885,
  "eye_contact_std": 0.0366266705095768,
  "eye_contact_median": 0.9607360363006592,
  "eye_contact_max": 0.9998453259468079,
  "eye_openness_mean": 0.6285754442214966,
  "eye_openness_std": 0.20943546295166016,
  "eye_openness_median": 0.6242716908454895,
  "eye_openness_max": 1.0,
  "gaze_stability_mean": 0.9809503555297852,
  "gaze_stability_std": 0.02478697896003723,
  "gaze_stability_median": 0.9908134341239929,
  "gaze_stability_max": 1.0,
  "head_tilt_mean": 0.11389827728271484,
  "head_tilt_std": 0.09501253068447113,
  "head_tilt_median": 0.089510977268219,
  "head_tilt_max": 0.353977233171463,
  "expression_speed_mean": 0.15337571501731873,
  "expression_speed_std": 0.14744454622268677,
  "expression_speed_median": 0.09011723846197128,
  "expression_speed_max": 0.6133036613464355,
  "happy_mean": 0.5091001987457275,
  "happy_std": 0.47161582112312317,
  "happy_median": 0.5669963955879211,
  "happy_max": 0.9999999403953552,
  "neutral_mean": 0.2110082358121872,
  "neutral_std": 0.33674293756484985,
  "neutral_median": 0.02371354214847088,
  "neutral_max": 0.9698468446731567,
  "surprise_mean": 0.0058220624923706055,
  "surprise_std": 0.020634545013308525,
  "surprise_median": 2.8818449209211394e-06,
  "surprise_max": 0.13036705553531647,
  "processed_frames": 73.0,
  "video_name": "1 (3).mp4"
}