{
  "facial_symmetry_mean": 0.8988535404205322,
  "facial_symmetry_std": 0.037564609199762344,
  "facial_symmetry_median": 0.8943129777908325,
  "facial_symmetry_max": 0.9980795979499817,
  "face_width_height_ratio_mean": 0.7304956316947937,
  "face_width_height_ratio_std": 0.1226797103881836,
  "face_width_height_ratio_median": 0.7602922320365906,
  "face_width_height_ratio_max": 0.9735544919967651,
  "eye_spacing_ratio_mean": 0.638181746006012,
  "eye_spacing_ratio_std": 0.040452856570482254,
  "eye_spacing_ratio_median": 0.6412556767463684,
  "eye_spacing_ratio_max": 0.7696334719657898,
  "jaw_ratio_mean": 0.8109017014503479,
  "jaw_ratio_std": 0.031200233846902847,
  "jaw_ratio_median": 0.8067559003829956,
  "jaw_ratio_max": 0.8812769651412964,
  "smile_intensity_mean": 0.35727378726005554,
  "smile_intensity_std": 0.39748650789260864,
  "smile_intensity_median": 0.09721134603023529,
  "smile_intensity_max": 1.0,
  "eye_contact_mean": 0.9732204079627991,
  "eye_contact_std": 0.017909416928887367,
  "eye_contact_median": 0.9757333397865295,
  "eye_contact_max": 0.9993492364883423,
  "eye_openness_mean": 0.3532187044620514,
  "eye_openness_std": 0.12942132353782654,
  "eye_openness_median": 0.33140623569488525,
  "eye_openness_max": 0.7069876194000244,
  "gaze_stability_mean": 0.9887397289276123,
  "gaze_stability_std": 0.010485127568244934,
  "gaze_stability_median": 0.9916577935218811,
  "gaze_stability_max": 1.0,
  "head_tilt_mean": 0.10356063395738602,
  "head_tilt_std": 0.06140706688165665,
  "head_tilt_median": 0.08976072072982788,
  "head_tilt_max": 0.27273356914520264,
  "expression_speed_mean": 0.1762346774339676,
  "expression_speed_std": 0.2022441029548645,
  "expression_speed_median": 0.10790452361106873,
  "expression_speed_max": 1.0,
  "happy_mean": 0.16102397441864014,
  "happy_std": 0.33168360590934753,
  "happy_median": 0.0007364379125647247,
  "happy_max": 0.9989298582077026,
  "neutral_mean": 0.10704471170902252,
  "neutral_std": 0.245417058467865,
  "neutral_median": 0.0011241772444918752,
  "neutral_max": 0.9986996054649353,
  "surprise_mean": 0.019828788936138153,
  "surprise_std": 0.08324416726827621,
  "surprise_median": 4.065445864398498e-06,
  "surprise_max": 0.5650045871734619,
  "processed_frames": 65.0,
  "video_name": "1 (4).mp4"
}