{
  "facial_symmetry_mean": 0.9196693897247314,
  "facial_symmetry_std": 0.031057966873049736,
  "facial_symmetry_median": 0.9151710867881775,
  "facial_symmetry_max": 0.9837746620178223,
  "face_width_height_ratio_mean": 0.6547008156776428,
  "face_width_height_ratio_std": 0.03834710642695427,
  "face_width_height_ratio_median": 0.6502968668937683,
  "face_width_height_ratio_max": 0.7607005834579468,
  "eye_spacing_ratio_mean": 0.665978729724884,
  "eye_spacing_ratio_std": 0.023773444816470146,
  "eye_spacing_ratio_median": 0.6626542806625366,
  "eye_spacing_ratio_max": 0.7178836464881897,
  "jaw_ratio_mean": 0.7761359810829163,
  "jaw_ratio_std": 0.019131647422909737,
  "jaw_ratio_median": 0.7777423858642578,
  "jaw_ratio_max": 0.8081406950950623,
  "smile_intensity_mean": 0.09619543701410294,
  "smile_intensity_std": 0.16208048164844513,
  "smile_intensity_median": 0.017348553985357285,
  "smile_intensity_max": 0.5779369473457336,
  "eye_contact_mean": 0.9736350178718567,
  "eye_contact_std": 0.024154838174581528,
  "eye_contact_median": 0.9807416200637817,
  "eye_contact_max": 0.9997477531433105,
  "eye_openness_mean": 0.9281318187713623,
  "eye_openness_std": 0.18375742435455322,
  "eye_openness_median": 1.0,
  "eye_openness_max": 1.0,
  "gaze_stability_mean": 0.9874193668365479,
  "gaze_stability_std": 0.015865150839090347,
  "gaze_stability_median": 0.9923772811889648,
  "gaze_stability_max": 1.0,
  "head_tilt_mean": 0.25585997104644775,
  "head_tilt_std": 0.27882134914398193,
  "head_tilt_median": 0.1263265311717987,
  "head_tilt_max": 0.8800056576728821,
  "expression_speed_mean": 0.11402322351932526,
  "expression_speed_std": 0.16821187734603882,
  "expression_speed_median": 0.03905242308974266,
  "expression_speed_max": 0.7066470384597778,
  "happy_mean": 0.27938687801361084,
  "happy_std": 0.4157826900482178,
  "happy_median": 0.0008226876379922032,
  "happy_max": 0.9998870491981506,
  "neutral_mean": 0.25516024231910706,
  "neutral_std": 0.3358103036880493,
  "neutral_median": 0.0407097302377224,
  "neutral_max": 0.9965878129005432,
  "surprise_mean": 0.0005508382455445826,
  "surprise_std": 0.0016640207031741738,
  "surprise_median": 2.547265830799006e-05,
  "surprise_max": 0.010064885951578617,
  "processed_frames": 63.0,
  "video_name": "1 (5).mp4"
}