{
  "facial_symmetry_mean": 0.9273591041564941,
  "facial_symmetry_std": 0.048737652599811554,
  "facial_symmetry_median": 0.940596342086792,
  "facial_symmetry_max": 0.9992440938949585,
  "face_width_height_ratio_mean": 0.6152312755584717,
  "face_width_height_ratio_std": 0.05084460601210594,
  "face_width_height_ratio_median": 0.6211943626403809,
  "face_width_height_ratio_max": 0.7463905215263367,
  "eye_spacing_ratio_mean": 0.6601431369781494,
  "eye_spacing_ratio_std": 0.02723023109138012,
  "eye_spacing_ratio_median": 0.6513974666595459,
  "eye_spacing_ratio_max": 0.7216926217079163,
  "jaw_ratio_mean": 0.7669100761413574,
  "jaw_ratio_std": 0.0194802638143301,
  "jaw_ratio_median": 0.766040563583374,
  "jaw_ratio_max": 0.8300342559814453,
  "smile_intensity_mean": 0.16089794039726257,
  "smile_intensity_std": 0.24942290782928467,
  "smile_intensity_median": 0.026460614055395126,
  "smile_intensity_max": 1.0,
  "eye_contact_mean": 0.9675047397613525,
  "eye_contact_std": 0.027849171310663223,
  "eye_contact_median": 0.9750063419342041,
  "eye_contact_max": 0.9997398853302002,
  "eye_openness_mean": 0.8260108828544617,
  "eye_openness_std": 0.25162458419799805,
  "eye_openness_median": 1.0,
  "eye_openness_max": 1.0,
  "gaze_stability_mean": 0.988280713558197,
  "gaze_stability_std": 0.018386704847216606,
  "gaze_stability_median": 0.9960523247718811,
  "gaze_stability_max": 1.0,
  "head_tilt_mean": 0.11527568846940994,
  "head_tilt_std": 0.13163800537586212,
  "head_tilt_median": 0.06448693573474884,
  "head_tilt_max": 0.560207724571228,
  "expression_speed_mean": 0.15395395457744598,
  "expression_speed_std": 0.21636103093624115,
  "expression_speed_median": 0.06766617298126221,
  "expression_speed_max": 0.9647902250289917,
  "happy_mean": 0.15205009281635284,
  "happy_std": 0.3204245865345001,
  "happy_median": 0.0014808060368523002,
  "happy_max": 0.9996882081031799,
  "neutral_mean": 0.42352408170700073,
  "neutral_std": 0.4236578643321991,
  "neutral_median": 0.2614161968231201,
  "neutral_max": 0.9999822974205017,
  "surprise_mean": 0.042329512536525726,
  "surprise_std": 0.16642582416534424,
  "surprise_median": 0.00012126023648306727,
  "surprise_max": 0.9901498556137085,
  "processed_frames": 102.0,
  "video_name": "1 (6).mp4"
}