{
  "facial_symmetry_mean": 0.9078758358955383,
  "facial_symmetry_std": 0.05969635397195816,
  "facial_symmetry_median": 0.9066647887229919,
  "facial_symmetry_max": 0.9976505041122437,
  "face_width_height_ratio_mean": 1.063120722770691,
  "face_width_height_ratio_std": 0.07202388346195221,
  "face_width_height_ratio_median": 1.088036298751831,
  "face_width_height_ratio_max": 1.1448817253112793,
  "eye_spacing_ratio_mean": 0.6649206876754761,
  "eye_spacing_ratio_std": 0.028645474463701248,
  "eye_spacing_ratio_median": 0.6645510196685791,
  "eye_spacing_ratio_max": 0.7698566317558289,
  "jaw_ratio_mean": 0.7917459607124329,
  "jaw_ratio_std": 0.01585979200899601,
  "jaw_ratio_median": 0.7914676070213318,
  "jaw_ratio_max": 0.832157552242279,
  "smile_intensity_mean": 0.015553274191915989,
  "smile_intensity_std": 0.015397881157696247,
  "smile_intensity_median": 0.013168694451451302,
  "smile_intensity_max": 0.09934786707162857,
  "eye_contact_mean": 0.9606136679649353,
  "eye_contact_std": 0.03682063892483711,
  "eye_contact_median": 0.9727650284767151,
  "eye_contact_max": 0.9996461868286133,
  "eye_openness_mean": 0.696967601776123,
  "eye_openness_std": 0.2413562834262848,
  "eye_openness_median": 0.624992847442627,
  "eye_openness_max": 1.0,
  "gaze_stability_mean": 0.9903621077537537,
  "gaze_stability_std": 0.012713477946817875,
  "gaze_stability_median": 0.995479941368103,
  "gaze_stability_max": 1.0,
  "head_tilt_mean": 0.09092315286397934,
  "head_tilt_std": 0.0820809006690979,
  "head_tilt_median": 0.05364805459976196,
  "head_tilt_max": 0.26156485080718994,
  "expression_speed_mean": 0.08274105191230774,
  "expression_speed_std": 0.14576755464076996,
  "expression_speed_median": 0.029887352138757706,
  "expression_speed_max": 0.7477537393569946,
  "happy_mean": 0.0445944145321846,
  "happy_std": 0.14224018156528473,
  "happy_median": 0.0006608050316572189,
  "happy_max": 0.8593194484710693,
  "neutral_mean": 0.5164498090744019,
  "neutral_std": 0.3887932002544403,
  "neutral_median": 0.558038592338562,
  "neutral_max": 0.998494029045105,
  "surprise_mean": 0.00045861114631406963,
  "surprise_std": 0.0019798472058027983,
  "surprise_median": 1.957464701263234e-05,
  "surprise_max": 0.01690979115664959,
  "processed_frames": 81.0,
  "video_name": "1 (7).mp4"
}