{
  "facial_symmetry_mean": 0.924837052822113,
  "facial_symmetry_std": 0.060726165771484375,
  "facial_symmetry_median": 0.9299311637878418,
  "facial_symmetry_max": 0.9998626708984375,
  "face_width_height_ratio_mean": 1.4454814195632935,
  "face_width_height_ratio_std": 0.12365925312042236,
  "face_width_height_ratio_median": 1.4763531684875488,
  "face_width_height_ratio_max": 1.719426155090332,
  "eye_spacing_ratio_mean": 0.6599745154380798,
  "eye_spacing_ratio_std": 0.020995568484067917,
  "eye_spacing_ratio_median": 0.6567877531051636,
  "eye_spacing_ratio_max": 0.7673546075820923,
  "jaw_ratio_mean": 0.7739032506942749,
  "jaw_ratio_std": 0.022807519882917404,
  "jaw_ratio_median": 0.7744166254997253,
  "jaw_ratio_max": 0.847971498966217,
  "smile_intensity_mean": 0.0745023563504219,
  "smile_intensity_std": 0.09413702040910721,
  "smile_intensity_median": 0.011496518738567829,
  "smile_intensity_max": 0.28162795305252075,
  "eye_contact_mean": 0.9673090577125549,
  "eye_contact_std": 0.02313043549656868,
  "eye_contact_median": 0.9705703258514404,
  "eye_contact_max": 0.998003363609314,
  "eye_openness_mean": 0.7092602849006653,
  "eye_openness_std": 0.22308775782585144,
  "eye_openness_median": 0.7617778182029724,
  "eye_openness_max": 1.0,
  "gaze_stability_mean": 0.9846062064170837,
  "gaze_stability_std": 0.022001419216394424,
  "gaze_stability_median": 0.9939414262771606,
  "gaze_stability_max": 1.0,
  "head_tilt_mean": 0.06642686575651169,
  "head_tilt_std": 0.06522081047296524,
  "head_tilt_median": 0.046818703413009644,
  "head_tilt_max": 0.23367777466773987,
  "expression_speed_mean": 0.13814805448055267,
  "expression_speed_std": 0.15136010944843292,
  "expression_speed_median": 0.06297282874584198,
  "expression_speed_max": 0.7018467783927917,
  "happy_mean": 0.33442622423171997,
  "happy_std": 0.4644712507724762,
  "happy_median": 0.0025460743345320225,
  "happy_max": 0.9999516606330872,
  "neutral_mean": 0.22631537914276123,
  "neutral_std": 0.3141573965549469,
  "neutral_median": 0.031440313905477524,
  "neutral_max": 0.9989021420478821,
  "surprise_mean": 0.02022389881312847,
  "surprise_std": 0.08951827138662338,
  "surprise_median": 1.055741904565366e-05,
  "surprise_max": 0.6568025350570679,
  "processed_frames": 83.0,
  "video_name": "1.mp4"
}