{
  "expression_speed_max": 0.7826070010662078,
  "expression_speed_mean": 0.1285010740160942,
  "expression_speed_median": 0.06021810993552208,
  "expression_speed_std": 0.16511980667710305,
  "eye_contact_max": 0.9994977951049805,
  "eye_contact_mean": 0.9571472465991974,
  "eye_contact_median": 0.9652381122112275,
  "eye_contact_std": 0.03479092698544264,
  "eye_openness_max": 0.9706987619400025,
  "eye_openness_mean": 0.7511248320341111,
  "eye_openness_median": 0.8173253417015076,
  "eye_openness_std": 0.2111920103430748,
  "eye_spacing_ratio_max": 0.7290729463100434,
  "eye_spacing_ratio_mean": 0.6519390225410462,
  "eye_spacing_ratio_median": 0.6522522866725922,
  "eye_spacing_ratio_std": 0.027673450578004122,
  "face_width_height_ratio_max": 1.1935296773910522,
  "face_width_height_ratio_mean": 0.9927640914916992,
  "face_width_height_ratio_median": 1.009948343038559,
  "face_width_height_ratio_std": 0.0945981938391924,
  "facial_symmetry_max": 0.9926849067211151,
  "facial_symmetry_mean": 0.8836169600486755,
  "facial_symmetry_median": 0.8858818531036377,
  "facial_symmetry_std": 0.0709306275472045,
  "gaze_stability_max": 1.0,
  "gaze_stability_mean": 0.9838945269584656,
  "gaze_stability_median": 0.9923105537891388,
  "gaze_stability_std": 0.021272043231874704,
  "happy_max": 0.9857771098613739,
  "happy_mean": 0.29033566191792487,
  "happy_median": 0.16178561834967695,
  "happy_std": 0.3732620134949684,
  "head_tilt_max": 0.41543337106704714,
  "head_tilt_mean": 0.1231876142323017,
  "head_tilt_median": 0.08804675936698914,
  "head_tilt_std": 0.11033041477203369,
  "jaw_ratio_max": 0.8402742147445679,
  "jaw_ratio_mean": 0.7840338051319122,
  "jaw_ratio_median": 0.7835648357868195,
  "jaw_ratio_std": 0.02063234243541956,
  "neutral_max": 0.9959369242191315,
  "neutral_mean": 0.2960497885942459,
  "neutral_median": 0.116899576583819,
  "neutral_std": 0.3612444996833801,
  "processed_frames": 97.0,
  "smile_intensity_max": 0.6071793831884861,
  "smile_intensity_mean": 0.1487357103265822,
  "smile_intensity_median": 0.08232835000380874,
  "smile_intensity_std": 0.174207800347358,
  "surprise_max": 0.4967655842192471,
  "surprise_mean": 0.018923367321258412,
  "surprise_median": 2.5219552214040686e-05,
  "surprise_std": 0.07398102110018953,
  "video_count": 10.0,
  "valid_video_count": 10.0,
  "valid_video_ratio": 1.0,
  "total_processed_frames": 970.0,
  "avg_processed_frames": 97.0,
  "quality_score": 0.8586666666666667,
  "person_name": "Hamabe Minami"
}