{
  "facial_symmetry_mean": 0.850318431854248,
  "facial_symmetry_std": 0.09004593640565872,
  "facial_symmetry_median": 0.8786855340003967,
  "facial_symmetry_max": 0.9966237545013428,
  "face_width_height_ratio_mean": 0.7700455188751221,
  "face_width_height_ratio_std": 0.10076640546321869,
  "face_width_height_ratio_median": 0.7994765043258667,
  "face_width_height_ratio_max": 0.9731616377830505,
  "eye_spacing_ratio_mean": 0.6496851444244385,
  "eye_spacing_ratio_std": 0.03968985006213188,
  "eye_spacing_ratio_median": 0.6604994535446167,
  "eye_spacing_ratio_max": 0.7344468235969543,
  "jaw_ratio_mean": 0.7747876048088074,
  "jaw_ratio_std": 0.0247664712369442,
  "jaw_ratio_median": 0.7722014784812927,
  "jaw_ratio_max": 0.8567184209823608,
  "smile_intensity_mean": 0.24352917075157166,
  "smile_intensity_std": 0.30382397770881653,
  "smile_intensity_median": 0.04454142972826958,
  "smile_intensity_max": 1.0,
  "eye_contact_mean": 0.9388461709022522,
  "eye_contact_std": 0.051951803267002106,
  "eye_contact_median": 0.9547774195671082,
  "eye_contact_max": 0.9993661046028137,
  "eye_openness_mean": 0.7620128989219666,
  "eye_openness_std": 0.2814493477344513,
  "eye_openness_median": 1.0,
  "eye_openness_max": 1.0,
  "gaze_stability_mean": 0.9771751165390015,
  "gaze_stability_std": 0.0337744802236557,
  "gaze_stability_median": 0.9914736151695251,
  "gaze_stability_max": 1.0,
  "head_tilt_mean": 0.10417049378156662,
  "head_tilt_std": 0.09918935596942902,
  "head_tilt_median": 0.06958171725273132,
  "head_tilt_max": 0.5167725682258606,
  "expression_speed_mean": 0.2587960958480835,
  "expression_speed_std": 0.2957608103752136,
  "expression_speed_median": 0.10205046832561493,
  "expression_speed_max": 1.0,
  "happy_mean": 0.07575875520706177,
  "happy_std": 0.23351864516735077,
  "happy_median": 7.778476719977334e-05,
  "happy_max": 0.9981883764266968,
  "neutral_mean": 0.33139610290527344,
  "neutral_std": 0.3703996539115906,
  "neutral_median": 0.18387141823768616,
  "neutral_max": 0.99989253282547,
  "surprise_mean": 0.007941381074488163,
  "surprise_std": 0.05111859366297722,
  "surprise_median": 6.422530987038044e-06,
  "surprise_max": 0.4511285126209259,
  "processed_frames": 81.0,
  "video_name": "1.mp4"
}