{
  "facial_symmetry_mean": 0.9371514916419983,
  "facial_symmetry_std": 0.012847522273659706,
  "facial_symmetry_median": 0.9337215423583984,
  "facial_symmetry_max": 0.9613130688667297,
  "face_width_height_ratio_mean": 0.8579843044281006,
  "face_width_height_ratio_std": 0.00662790983915329,
  "face_width_height_ratio_median": 0.8577769994735718,
  "face_width_height_ratio_max": 0.8726123571395874,
  "eye_spacing_ratio_mean": 0.6356640458106995,
  "eye_spacing_ratio_std": 0.007923929020762444,
  "eye_spacing_ratio_median": 0.6379081606864929,
  "eye_spacing_ratio_max": 0.6510306000709534,
  "jaw_ratio_mean": 0.763202965259552,
  "jaw_ratio_std": 0.004818288143724203,
  "jaw_ratio_median": 0.7625569105148315,
  "jaw_ratio_max": 0.7737911343574524,
  "smile_intensity_mean": 0.18933051824569702,
  "smile_intensity_std": 0.12962867319583893,
  "smile_intensity_median": 0.1401335597038269,
  "smile_intensity_max": 0.4438994824886322,
  "eye_contact_mean": 0.9743083715438843,
  "eye_contact_std": 0.00872006919234991,
  "eye_contact_median": 0.9724693298339844,
  "eye_contact_max": 0.9977997541427612,
  "eye_openness_mean": 1.0,
  "eye_openness_std": 0.0,
  "eye_openness_median": 1.0,
  "eye_openness_max": 1.0,
  "gaze_stability_mean": 0.9951035976409912,
  "gaze_stability_std": 0.004632116295397282,
  "gaze_stability_median": 0.9969356656074524,
  "gaze_stability_max": 1.0,
  "head_tilt_mean": 0.08255449682474136,
  "head_tilt_std": 0.00962880253791809,
  "head_tilt_median": 0.08065059781074524,
  "head_tilt_max": 0.10459408164024353,
  "expression_speed_mean": 0.044556617736816406,
  "expression_speed_std": 0.04065415635704994,
  "expression_speed_median": 0.035140786319971085,
  "expression_speed_max": 0.23502443730831146,
  "happy_mean": 0.004937082063406706,
  "happy_std": 0.020475078374147415,
  "happy_median": 0.0009322352707386017,
  "happy_max": 0.14861562848091125,
  "neutral_mean": 0.5237026810646057,
  "neutral_std": 0.3074420690536499,
  "neutral_median": 0.45759594440460205,
  "neutral_max": 0.9987917542457581,
  "surprise_mean": 0.00031339447014033794,
  "surprise_std": 0.0014167727204039693,
  "surprise_median": 7.605226983287139e-06,
  "surprise_max": 0.009240057319402695,
  "processed_frames": 51.0,
  "video_name": "2.mp4"
}