{
  "facial_symmetry_mean": 0.9261366724967957,
  "facial_symmetry_std": 0.09767623245716095,
  "facial_symmetry_median": 0.9623610973358154,
  "facial_symmetry_max": 0.9995638728141785,
  "face_width_height_ratio_mean": 1.3708668947219849,
  "face_width_height_ratio_std": 0.10197169333696365,
  "face_width_height_ratio_median": 1.4266586303710938,
  "face_width_height_ratio_max": 1.4778679609298706,
  "eye_spacing_ratio_mean": 0.6675159931182861,
  "eye_spacing_ratio_std": 0.0328325517475605,
  "eye_spacing_ratio_median": 0.6729210615158081,
  "eye_spacing_ratio_max": 0.7024376392364502,
  "jaw_ratio_mean": 0.7488001585006714,
  "jaw_ratio_std": 0.02726825326681137,
  "jaw_ratio_median": 0.7604240775108337,
  "jaw_ratio_max": 0.8104380965232849,
  "smile_intensity_mean": 0.048236388713121414,
  "smile_intensity_std": 0.1196485087275505,
  "smile_intensity_median": 0.010520236566662788,
  "smile_intensity_max": 0.5310662388801575,
  "eye_contact_mean": 0.9652055501937866,
  "eye_contact_std": 0.05183274298906326,
  "eye_contact_median": 0.9817516803741455,
  "eye_contact_max": 0.9939258098602295,
  "eye_openness_mean": 0.8954569101333618,
  "eye_openness_std": 0.12624119222164154,
  "eye_openness_median": 0.9280110597610474,
  "eye_openness_max": 1.0,
  "gaze_stability_mean": 0.9898311495780945,
  "gaze_stability_std": 0.028149478137493134,
  "gaze_stability_median": 0.996058464050293,
  "gaze_stability_max": 1.0,
  "head_tilt_mean": 0.10758776217699051,
  "head_tilt_std": 0.11395084112882614,
  "head_tilt_median": 0.05686067044734955,
  "head_tilt_max": 0.2932703495025635,
  "expression_speed_mean": 0.041175127029418945,
  "expression_speed_std": 0.10315927118062973,
  "expression_speed_median": 0.014476783573627472,
  "expression_speed_max": 0.7717836499214172,
  "happy_mean": 0.3973518908023834,
  "happy_std": 0.48357686400413513,
  "happy_median": 0.0014066894073039293,
  "happy_max": 0.999997079372406,
  "neutral_mean": 0.43258771300315857,
  "neutral_std": 0.46056097745895386,
  "neutral_median": 0.07189035415649414,
  "neutral_max": 0.9944705963134766,
  "surprise_mean": 0.0002191530802519992,
  "surprise_std": 0.0010304185561835766,
  "surprise_median": 2.3873517420724966e-06,
  "surprise_max": 0.0066491346806287766,
  "processed_frames": 62.0,
  "video_name": "4.mp4"
}