{
  "facial_symmetry_mean": 0.8412723541259766,
  "facial_symmetry_std": 0.10316929966211319,
  "facial_symmetry_median": 0.8570124506950378,
  "facial_symmetry_max": 0.994120180606842,
  "face_width_height_ratio_mean": 0.7911030650138855,
  "face_width_height_ratio_std": 0.061126723885536194,
  "face_width_height_ratio_median": 0.8105568289756775,
  "face_width_height_ratio_max": 0.931359052658081,
  "eye_spacing_ratio_mean": 0.6357194781303406,
  "eye_spacing_ratio_std": 0.03499959409236908,
  "eye_spacing_ratio_median": 0.6385884881019592,
  "eye_spacing_ratio_max": 0.7586790323257446,
  "jaw_ratio_mean": 0.7723464369773865,
  "jaw_ratio_std": 0.020949900150299072,
  "jaw_ratio_median": 0.7722288966178894,
  "jaw_ratio_max": 0.8403356671333313,
  "smile_intensity_mean": 0.16175107657909393,
  "smile_intensity_std": 0.25198495388031006,
  "smile_intensity_median": 0.017020734027028084,
  "smile_intensity_max": 1.0,
  "eye_contact_mean": 0.9542705416679382,
  "eye_contact_std": 0.038723174482584,
  "eye_contact_median": 0.9705085754394531,
  "eye_contact_max": 0.9990634918212891,
  "eye_openness_mean": 0.8563774824142456,
  "eye_openness_std": 0.23110535740852356,
  "eye_openness_median": 1.0,
  "eye_openness_max": 1.0,
  "gaze_stability_mean": 0.9839194416999817,
  "gaze_stability_std": 0.022827813401818275,
  "gaze_stability_median": 0.9927940368652344,
  "gaze_stability_max": 1.0,
  "head_tilt_mean": 0.09724216908216476,
  "head_tilt_std": 0.13045567274093628,
  "head_tilt_median": 0.04733815789222717,
  "head_tilt_max": 0.7852077484130859,
  "expression_speed_mean": 0.17628513276576996,
  "expression_speed_std": 0.2254570871591568,
  "expression_speed_median": 0.06814777851104736,
  "expression_speed_max": 1.0,
  "happy_mean": 0.21063002943992615,
  "happy_std": 0.3406165838241577,
  "happy_median": 0.008220541290938854,
  "happy_max": 0.9995732307434082,
  "neutral_mean": 0.385799765586853,
  "neutral_std": 0.3692378103733063,
  "neutral_median": 0.2553178071975708,
  "neutral_max": 0.9897962808609009,
  "surprise_mean": 0.034404125064611435,
  "surprise_std": 0.14606685936450958,
  "surprise_median": 0.0002993026573676616,
  "surprise_max": 0.9764593243598938,
  "processed_frames": 123.0,
  "video_name": "5.mp4"
}