{
  "facial_symmetry_mean": 0.8602513074874878,
  "facial_symmetry_std": 0.08189181238412857,
  "facial_symmetry_median": 0.8591104745864868,
  "facial_symmetry_max": 0.9994959235191345,
  "face_width_height_ratio_mean": 1.1468732357025146,
  "face_width_height_ratio_std": 0.28255191445350647,
  "face_width_height_ratio_median": 1.2479472160339355,
  "face_width_height_ratio_max": 1.4943149089813232,
  "eye_spacing_ratio_mean": 0.6580386161804199,
  "eye_spacing_ratio_std": 0.03625086322426796,
  "eye_spacing_ratio_median": 0.6612452268600464,
  "eye_spacing_ratio_max": 0.7413305640220642,
  "jaw_ratio_mean": 0.7837990522384644,
  "jaw_ratio_std": 0.031964026391506195,
  "jaw_ratio_median": 0.7770026922225952,
  "jaw_ratio_max": 0.8866629004478455,
  "smile_intensity_mean": 0.17358724772930145,
  "smile_intensity_std": 0.22897687554359436,
  "smile_intensity_median": 0.03795534372329712,
  "smile_intensity_max": 1.0,
  "eye_contact_mean": 0.9520092010498047,
  "eye_contact_std": 0.04132702201604843,
  "eye_contact_median": 0.9682072401046753,
  "eye_contact_max": 0.999812126159668,
  "eye_openness_mean": 0.6509899497032166,
  "eye_openness_std": 0.3216771185398102,
  "eye_openness_median": 0.6558151245117188,
  "eye_openness_max": 1.0,
  "gaze_stability_mean": 0.985875129699707,
  "gaze_stability_std": 0.021704278886318207,
  "gaze_stability_median": 0.9942315220832825,
  "gaze_stability_max": 1.0,
  "head_tilt_mean": 0.1371372491121292,
  "head_tilt_std": 0.22205081582069397,
  "head_tilt_median": 0.05315162241458893,
  "head_tilt_max": 1.0,
  "expression_speed_mean": 0.1345411241054535,
  "expression_speed_std": 0.2189502865076065,
  "expression_speed_median": 0.030925437808036804,
  "expression_speed_max": 0.918667197227478,
  "happy_mean": 0.2130521833896637,
  "happy_std": 0.372774213552475,
  "happy_median": 0.00014218734577298164,
  "happy_max": 0.9999932646751404,
  "neutral_mean": 0.30619266629219055,
  "neutral_std": 0.4210880994796753,
  "neutral_median": 0.011633098125457764,
  "neutral_max": 0.999722421169281,
  "surprise_mean": 0.0092374999076128,
  "surprise_std": 0.03272101655602455,
  "surprise_median": 1.901069310861203e-07,
  "surprise_max": 0.2550654411315918,
  "processed_frames": 72.0,
  "video_name": "6.mp4"
}