{
  "facial_symmetry_mean": 0.7785263061523438,
  "facial_symmetry_std": 0.04004404693841934,
  "facial_symmetry_median": 0.7742548584938049,
  "facial_symmetry_max": 0.8941152691841125,
  "face_width_height_ratio_mean": 1.223759651184082,
  "face_width_height_ratio_std": 0.03709084540605545,
  "face_width_height_ratio_median": 1.213026523590088,
  "face_width_height_ratio_max": 1.3147958517074585,
  "eye_spacing_ratio_mean": 0.6043983697891235,
  "eye_spacing_ratio_std": 0.017213335260748863,
  "eye_spacing_ratio_median": 0.6021366119384766,
  "eye_spacing_ratio_max": 0.6770716905593872,
  "jaw_ratio_mean": 0.7871330976486206,
  "jaw_ratio_std": 0.011541537940502167,
  "jaw_ratio_median": 0.7868792414665222,
  "jaw_ratio_max": 0.8164268732070923,
  "smile_intensity_mean": 0.045945461839437485,
  "smile_intensity_std": 0.05620322749018669,
  "smile_intensity_median": 0.01814013347029686,
  "smile_intensity_max": 0.20357312262058258,
  "eye_contact_mean": 0.9466334581375122,
  "eye_contact_std": 0.017554236575961113,
  "eye_contact_median": 0.946370005607605,
  "eye_contact_max": 0.9914213418960571,
  "eye_openness_mean": 0.51385498046875,
  "eye_openness_std": 0.12054768204689026,
  "eye_openness_median": 0.5554664134979248,
  "eye_openness_max": 0.6284459233283997,
  "gaze_stability_mean": 0.9901362657546997,
  "gaze_stability_std": 0.010285459458827972,
  "gaze_stability_median": 0.9921200275421143,
  "gaze_stability_max": 1.0,
  "head_tilt_mean": 0.07749071717262268,
  "head_tilt_std": 0.024085676297545433,
  "head_tilt_median": 0.08462026715278625,
  "head_tilt_max": 0.11170268058776855,
  "expression_speed_mean": 0.08164308220148087,
  "expression_speed_std": 0.08947019279003143,
  "expression_speed_median": 0.049896225333213806,
  "expression_speed_max": 0.38411930203437805,
  "happy_mean": 0.048056475818157196,
  "happy_std": 0.13386182487010956,
  "happy_median": 0.0012047223281115294,
  "happy_max": 0.6459023356437683,
  "neutral_mean": 0.5097846984863281,
  "neutral_std": 0.40977373719215393,
  "neutral_median": 0.5246319770812988,
  "neutral_max": 0.9975368976593018,
  "surprise_mean": 0.031847842037677765,
  "surprise_std": 0.06917654722929001,
  "surprise_median": 0.0014283745549619198,
  "surprise_max": 0.29558098316192627,
  "processed_frames": 32.0,
  "video_name": "8.mp4"
}