{
  "facial_symmetry_mean": 0.9160960912704468,
  "facial_symmetry_std": 0.06055370718240738,
  "facial_symmetry_median": 0.9184040427207947,
  "facial_symmetry_max": 0.9999092817306519,
  "face_width_height_ratio_mean": 1.4737062454223633,
  "face_width_height_ratio_std": 0.10108450055122375,
  "face_width_height_ratio_median": 1.4441665410995483,
  "face_width_height_ratio_max": 1.757235050201416,
  "eye_spacing_ratio_mean": 0.6617819666862488,
  "eye_spacing_ratio_std": 0.0273728147149086,
  "eye_spacing_ratio_median": 0.6591140031814575,
  "eye_spacing_ratio_max": 0.7268655300140381,
  "jaw_ratio_mean": 0.7591524124145508,
  "jaw_ratio_std": 0.025259144604206085,
  "jaw_ratio_median": 0.7564074397087097,
  "jaw_ratio_max": 0.8043242692947388,
  "smile_intensity_mean": 0.035865891724824905,
  "smile_intensity_std": 0.05000070109963417,
  "smile_intensity_median": 0.014097620733082294,
  "smile_intensity_max": 0.17533327639102936,
  "eye_contact_mean": 0.9762390851974487,
  "eye_contact_std": 0.013634078204631805,
  "eye_contact_median": 0.9764991998672485,
  "eye_contact_max": 0.9997124671936035,
  "eye_openness_mean": 0.6226147413253784,
  "eye_openness_std": 0.15746375918388367,
  "eye_openness_median": 0.648935079574585,
  "eye_openness_max": 0.9402785897254944,
  "gaze_stability_mean": 0.9928523302078247,
  "gaze_stability_std": 0.007868656888604164,
  "gaze_stability_median": 0.9953914880752563,
  "gaze_stability_max": 1.0,
  "head_tilt_mean": 0.04644307121634483,
  "head_tilt_std": 0.03447902947664261,
  "head_tilt_median": 0.03443613648414612,
  "head_tilt_max": 0.13214394450187683,
  "expression_speed_mean": 0.074050173163414,
  "expression_speed_std": 0.09894124418497086,
  "expression_speed_median": 0.033946238458156586,
  "expression_speed_max": 0.44828301668167114,
  "happy_mean": 0.11920233070850372,
  "happy_std": 0.29843825101852417,
  "happy_median": 0.00039057430694811046,
  "happy_max": 0.9999917149543762,
  "neutral_mean": 0.25177907943725586,
  "neutral_std": 0.33186623454093933,
  "neutral_median": 0.03053370490670204,
  "neutral_max": 0.9869611859321594,
  "surprise_mean": 0.03955153375864029,
  "surprise_std": 0.13042880594730377,
  "surprise_median": 5.861440058652079e-06,
  "surprise_max": 0.7358218431472778,
  "processed_frames": 71.0,
  "video_name": "1.mp4"
}