{
  "facial_symmetry_mean": 0.905078649520874,
  "facial_symmetry_std": 0.05317765101790428,
  "facial_symmetry_median": 0.9091997742652893,
  "facial_symmetry_max": 0.9979287385940552,
  "face_width_height_ratio_mean": 0.6231412887573242,
  "face_width_height_ratio_std": 0.05464595928788185,
  "face_width_height_ratio_median": 0.6198870539665222,
  "face_width_height_ratio_max": 0.8112947940826416,
  "eye_spacing_ratio_mean": 0.6400370597839355,
  "eye_spacing_ratio_std": 0.019860349595546722,
  "eye_spacing_ratio_median": 0.6404087543487549,
  "eye_spacing_ratio_max": 0.712038516998291,
  "jaw_ratio_mean": 0.785884439945221,
  "jaw_ratio_std": 0.018677521497011185,
  "jaw_ratio_median": 0.7889777421951294,
  "jaw_ratio_max": 0.8311643004417419,
  "smile_intensity_mean": 0.2706926167011261,
  "smile_intensity_std": 0.3377566635608673,
  "smile_intensity_median": 0.0757647454738617,
  "smile_intensity_max": 1.0,
  "eye_contact_mean": 0.9776448011398315,
  "eye_contact_std": 0.012634814716875553,
  "eye_contact_median": 0.977947473526001,
  "eye_contact_max": 0.9998853206634521,
  "eye_openness_mean": 0.7840856909751892,
  "eye_openness_std": 0.28505802154541016,
  "eye_openness_median": 1.0,
  "eye_openness_max": 1.0,
  "gaze_stability_mean": 0.9911594390869141,
  "gaze_stability_std": 0.008840205147862434,
  "gaze_stability_median": 0.9939091205596924,
  "gaze_stability_max": 1.0,
  "head_tilt_mean": 0.19790810346603394,
  "head_tilt_std": 0.18137019872665405,
  "head_tilt_median": 0.1427413523197174,
  "head_tilt_max": 0.6567471027374268,
  "expression_speed_mean": 0.27206945419311523,
  "expression_speed_std": 0.2806207835674286,
  "expression_speed_median": 0.1423240602016449,
  "expression_speed_max": 1.0,
  "happy_mean": 0.32352346181869507,
  "happy_std": 0.3999263346195221,
  "happy_median": 0.033976491540670395,
  "happy_max": 1.0,
  "neutral_mean": 0.16175203025341034,
  "neutral_std": 0.29719987511634827,
  "neutral_median": 0.00892516691237688,
  "neutral_max": 0.992141842842102,
  "surprise_mean": 0.048540469259023666,
  "surprise_std": 0.12900730967521667,
  "surprise_median": 0.00011388667189748958,
  "surprise_max": 0.7521530985832214,
  "processed_frames": 85.0,
  "video_name": "2.mp4"
}