{
  "facial_symmetry_mean": 0.8862960338592529,
  "facial_symmetry_std": 0.08376076817512512,
  "facial_symmetry_median": 0.9233587980270386,
  "facial_symmetry_max": 0.9939454793930054,
  "face_width_height_ratio_mean": 1.363171935081482,
  "face_width_height_ratio_std": 0.18201230466365814,
  "face_width_height_ratio_median": 1.4238361120224,
  "face_width_height_ratio_max": 1.6485803127288818,
  "eye_spacing_ratio_mean": 0.6443932056427002,
  "eye_spacing_ratio_std": 0.03087100386619568,
  "eye_spacing_ratio_median": 0.6398055553436279,
  "eye_spacing_ratio_max": 0.7300072908401489,
  "jaw_ratio_mean": 0.780789315700531,
  "jaw_ratio_std": 0.029721418395638466,
  "jaw_ratio_median": 0.784783124923706,
  "jaw_ratio_max": 0.8628407716751099,
  "smile_intensity_mean": 0.13139326870441437,
  "smile_intensity_std": 0.17027220129966736,
  "smile_intensity_median": 0.059566471725702286,
  "smile_intensity_max": 0.7145417332649231,
  "eye_contact_mean": 0.9626749157905579,
  "eye_contact_std": 0.026297975331544876,
  "eye_contact_median": 0.967632532119751,
  "eye_contact_max": 0.9977986812591553,
  "eye_openness_mean": 0.606235682964325,
  "eye_openness_std": 0.19584938883781433,
  "eye_openness_median": 0.5594719648361206,
  "eye_openness_max": 1.0,
  "gaze_stability_mean": 0.9819038510322571,
  "gaze_stability_std": 0.01857621781527996,
  "gaze_stability_median": 0.9888190031051636,
  "gaze_stability_max": 1.0,
  "head_tilt_mean": 0.07622795552015305,
  "head_tilt_std": 0.06407221406698227,
  "head_tilt_median": 0.0640377402305603,
  "head_tilt_max": 0.28792962431907654,
  "expression_speed_mean": 0.179697647690773,
  "expression_speed_std": 0.17593573033809662,
  "expression_speed_median": 0.10111930221319199,
  "expression_speed_max": 0.7303599119186401,
  "happy_mean": 0.14280714094638824,
  "happy_std": 0.32782745361328125,
  "happy_median": 0.00021561281755566597,
  "happy_max": 0.998945415019989,
  "neutral_mean": 0.2317979484796524,
  "neutral_std": 0.35174599289894104,
  "neutral_median": 0.01662345975637436,
  "neutral_max": 0.9972203969955444,
  "surprise_mean": 0.0322282612323761,
  "surprise_std": 0.12794187664985657,
  "surprise_median": 1.0294961612089537e-06,
  "surprise_max": 0.6866272687911987,
  "processed_frames": 76.0,
  "video_name": "3.mp4"
}