{
  "facial_symmetry_mean": 0.9254626631736755,
  "facial_symmetry_std": 0.05463983491063118,
  "facial_symmetry_median": 0.9448405504226685,
  "facial_symmetry_max": 0.9999136328697205,
  "face_width_height_ratio_mean": 1.4478479623794556,
  "face_width_height_ratio_std": 0.08220959454774857,
  "face_width_height_ratio_median": 1.4436960220336914,
  "face_width_height_ratio_max": 1.7355616092681885,
  "eye_spacing_ratio_mean": 0.641999363899231,
  "eye_spacing_ratio_std": 0.021456042304635048,
  "eye_spacing_ratio_median": 0.6406558752059937,
  "eye_spacing_ratio_max": 0.7030365467071533,
  "jaw_ratio_mean": 0.7731843590736389,
  "jaw_ratio_std": 0.02480774186551571,
  "jaw_ratio_median": 0.7722086906433105,
  "jaw_ratio_max": 0.8470928072929382,
  "smile_intensity_mean": 0.16921254992485046,
  "smile_intensity_std": 0.16936010122299194,
  "smile_intensity_median": 0.10836340487003326,
  "smile_intensity_max": 0.5420011281967163,
  "eye_contact_mean": 0.9770493507385254,
  "eye_contact_std": 0.020048677921295166,
  "eye_contact_median": 0.9828594923019409,
  "eye_contact_max": 0.999970555305481,
  "eye_openness_mean": 0.582086980342865,
  "eye_openness_std": 0.20062527060508728,
  "eye_openness_median": 0.5601720809936523,
  "eye_openness_max": 1.0,
  "gaze_stability_mean": 0.9874532222747803,
  "gaze_stability_std": 0.01430992316454649,
  "gaze_stability_median": 0.9927883148193359,
  "gaze_stability_max": 1.0,
  "head_tilt_mean": 0.04439381882548332,
  "head_tilt_std": 0.03908244147896767,
  "head_tilt_median": 0.027016550302505493,
  "head_tilt_max": 0.15612438321113586,
  "expression_speed_mean": 0.17677432298660278,
  "expression_speed_std": 0.15587657690048218,
  "expression_speed_median": 0.11812353134155273,
  "expression_speed_max": 0.6369177103042603,
  "happy_mean": 0.10381915420293808,
  "happy_std": 0.26246902346611023,
  "happy_median": 0.00017788069089874625,
  "happy_max": 0.9996492862701416,
  "neutral_mean": 0.16046398878097534,
  "neutral_std": 0.2589712142944336,
  "neutral_median": 0.020299244672060013,
  "neutral_max": 0.9398687481880188,
  "surprise_mean": 0.02098080888390541,
  "surprise_std": 0.10403760522603989,
  "surprise_median": 1.9019666069652885e-05,
  "surprise_max": 0.7584826350212097,
  "processed_frames": 116.0,
  "video_name": "5.mp4"
}