{
  "expression_speed_max": 0.7631121277809143,
  "expression_speed_mean": 0.19183329343795777,
  "expression_speed_median": 0.10889094769954681,
  "expression_speed_std": 0.19517372101545333,
  "eye_contact_max": 0.9994715213775635,
  "eye_contact_mean": 0.9717029571533203,
  "eye_contact_median": 0.9757821083068847,
  "eye_contact_std": 0.021114380098879337,
  "eye_openness_max": 0.9880557179450988,
  "eye_openness_mean": 0.6783547639846802,
  "eye_openness_median": 0.7449954867362976,
  "eye_openness_std": 0.22144561409950256,
  "eye_spacing_ratio_max": 0.7124796152114868,
  "eye_spacing_ratio_mean": 0.6448892116546631,
  "eye_spacing_ratio_median": 0.6435762166976928,
  "eye_spacing_ratio_std": 0.024291656166315078,
  "face_width_height_ratio_max": 1.331317138671875,
  "face_width_height_ratio_mean": 1.1002535820007324,
  "face_width_height_ratio_median": 1.104927122592926,
  "face_width_height_ratio_std": 0.09457961022853852,
  "facial_symmetry_max": 0.998148500919342,
  "facial_symmetry_mean": 0.9012490153312683,
  "facial_symmetry_median": 0.9162122249603272,
  "facial_symmetry_std": 0.06643198728561402,
  "gaze_stability_max": 1.0,
  "gaze_stability_mean": 0.9879972696304321,
  "gaze_stability_median": 0.9927670955657959,
  "gaze_stability_std": 0.013353735767304897,
  "happy_max": 0.9997171998023987,
  "happy_mean": 0.15813670456409454,
  "happy_median": 0.006962263105378952,
  "happy_std": 0.3113937973976135,
  "head_tilt_max": 0.39859692454338075,
  "head_tilt_mean": 0.10426376461982727,
  "head_tilt_median": 0.07127277553081512,
  "head_tilt_std": 0.10016005709767342,
  "jaw_ratio_max": 0.8397095203399658,
  "jaw_ratio_mean": 0.7782197952270508,
  "jaw_ratio_median": 0.779569411277771,
  "jaw_ratio_std": 0.023885369673371314,
  "neutral_max": 0.9727037668228149,
  "neutral_mean": 0.18627990484237672,
  "neutral_median": 0.015566409868188202,
  "neutral_std": 0.2936111569404602,
  "processed_frames": 89.6,
  "smile_intensity_max": 0.6863752275705337,
  "smile_intensity_mean": 0.21037980988621713,
  "smile_intensity_median": 0.1441073792055249,
  "smile_intensity_std": 0.2238540418446064,
  "surprise_max": 0.6690925061702728,
  "surprise_mean": 0.031124359741806985,
  "surprise_median": 3.1073067020770395e-05,
  "surprise_std": 0.11019833460450172,
  "video_count": 5.0,
  "valid_video_count": 5.0,
  "valid_video_ratio": 1.0,
  "total_processed_frames": 448.0,
  "avg_processed_frames": 89.6,
  "quality_score": 0.8389333333333333,
  "person_name": "Kudo Shizuka"
}