{
  "facial_symmetry_mean": 0.9332733154296875,
  "facial_symmetry_std": 0.055165890604257584,
  "facial_symmetry_median": 0.9548372030258179,
  "facial_symmetry_max": 0.9962323307991028,
  "face_width_height_ratio_mean": 0.4875359833240509,
  "face_width_height_ratio_std": 0.04652566462755203,
  "face_width_height_ratio_median": 0.48830729722976685,
  "face_width_height_ratio_max": 0.5696587562561035,
  "eye_spacing_ratio_mean": 0.6525266766548157,
  "eye_spacing_ratio_std": 0.029074260964989662,
  "eye_spacing_ratio_median": 0.6513466835021973,
  "eye_spacing_ratio_max": 0.7321972846984863,
  "jaw_ratio_mean": 0.7865194082260132,
  "jaw_ratio_std": 0.02102131024003029,
  "jaw_ratio_median": 0.7851500511169434,
  "jaw_ratio_max": 0.8259418606758118,
  "smile_intensity_mean": 0.2369927614927292,
  "smile_intensity_std": 0.3429757058620453,
  "smile_intensity_median": 0.041072774678468704,
  "smile_intensity_max": 1.0,
  "eye_contact_mean": 0.9693370461463928,
  "eye_contact_std": 0.03411974757909775,
  "eye_contact_median": 0.9754030704498291,
  "eye_contact_max": 0.9993140697479248,
  "eye_openness_mean": 0.8017315864562988,
  "eye_openness_std": 0.27011749148368835,
  "eye_openness_median": 1.0,
  "eye_openness_max": 1.0,
  "gaze_stability_mean": 0.9782888293266296,
  "gaze_stability_std": 0.030297042801976204,
  "gaze_stability_median": 0.9898279905319214,
  "gaze_stability_max": 1.0,
  "head_tilt_mean": 0.13379260897636414,
  "head_tilt_std": 0.0972677692770958,
  "head_tilt_median": 0.10517805814743042,
  "head_tilt_max": 0.3073388338088989,
  "expression_speed_mean": 0.32041946053504944,
  "expression_speed_std": 0.30383384227752686,
  "expression_speed_median": 0.23077598214149475,
  "expression_speed_max": 1.0,
  "happy_mean": 0.25037676095962524,
  "happy_std": 0.39210134744644165,
  "happy_median": 0.006584318354725838,
  "happy_max": 0.9998893141746521,
  "neutral_mean": 0.33736926317214966,
  "neutral_std": 0.4058211147785187,
  "neutral_median": 0.0490361750125885,
  "neutral_max": 0.9893960356712341,
  "surprise_mean": 0.0008327631512656808,
  "surprise_std": 0.002943960018455982,
  "surprise_median": 1.867987975856522e-06,
  "surprise_max": 0.0170411616563797,
  "processed_frames": 38.0,
  "video_name": "1.mp4"
}