{
  "facial_symmetry_mean": 0.9145655632019043,
  "facial_symmetry_std": 0.09563431888818741,
  "facial_symmetry_median": 0.961566686630249,
  "facial_symmetry_max": 0.9997849464416504,
  "face_width_height_ratio_mean": 1.0807530879974365,
  "face_width_height_ratio_std": 0.18154190480709076,
  "face_width_height_ratio_median": 1.136673927307129,
  "face_width_height_ratio_max": 1.2920591831207275,
  "eye_spacing_ratio_mean": 0.6447740793228149,
  "eye_spacing_ratio_std": 0.04175781458616257,
  "eye_spacing_ratio_median": 0.6428059339523315,
  "eye_spacing_ratio_max": 0.7999802231788635,
  "jaw_ratio_mean": 0.7922748923301697,
  "jaw_ratio_std": 0.019949741661548615,
  "jaw_ratio_median": 0.7950317859649658,
  "jaw_ratio_max": 0.822009265422821,
  "smile_intensity_mean": 0.09605785459280014,
  "smile_intensity_std": 0.14816734194755554,
  "smile_intensity_median": 0.01027525682002306,
  "smile_intensity_max": 0.5182722210884094,
  "eye_contact_mean": 0.9703742265701294,
  "eye_contact_std": 0.038086604326963425,
  "eye_contact_median": 0.988273561000824,
  "eye_contact_max": 0.9999436736106873,
  "eye_openness_mean": 0.7244763374328613,
  "eye_openness_std": 0.21945931017398834,
  "eye_openness_median": 0.7369612455368042,
  "eye_openness_max": 1.0,
  "gaze_stability_mean": 0.9739791750907898,
  "gaze_stability_std": 0.03352144733071327,
  "gaze_stability_median": 0.9906845092773438,
  "gaze_stability_max": 1.0,
  "head_tilt_mean": 0.12122028321027756,
  "head_tilt_std": 0.15225863456726074,
  "head_tilt_median": 0.07727991789579391,
  "head_tilt_max": 0.6606671214103699,
  "expression_speed_mean": 0.31334733963012695,
  "expression_speed_std": 0.23424702882766724,
  "expression_speed_median": 0.3071284890174866,
  "expression_speed_max": 0.8384388089179993,
  "happy_mean": 0.15786601603031158,
  "happy_std": 0.28617554903030396,
  "happy_median": 0.006173739675432444,
  "happy_max": 0.9730159044265747,
  "neutral_mean": 0.2812466323375702,
  "neutral_std": 0.3375261127948761,
  "neutral_median": 0.09339241683483124,
  "neutral_max": 0.999501645565033,
  "surprise_mean": 0.0073216804303228855,
  "surprise_std": 0.02809508889913559,
  "surprise_median": 1.3096194379613735e-05,
  "surprise_max": 0.1593252420425415,
  "processed_frames": 32.0,
  "video_name": "2.mp4"
}