{
  "facial_symmetry_mean": 0.8512168526649475,
  "facial_symmetry_std": 0.09101109951734543,
  "facial_symmetry_median": 0.8457069993019104,
  "facial_symmetry_max": 0.9996879696846008,
  "face_width_height_ratio_mean": 1.0288177728652954,
  "face_width_height_ratio_std": 0.12897813320159912,
  "face_width_height_ratio_median": 1.0310595035552979,
  "face_width_height_ratio_max": 1.4268524646759033,
  "eye_spacing_ratio_mean": 0.6180455684661865,
  "eye_spacing_ratio_std": 0.030925557017326355,
  "eye_spacing_ratio_median": 0.6201607584953308,
  "eye_spacing_ratio_max": 0.6916484236717224,
  "jaw_ratio_mean": 0.7852856516838074,
  "jaw_ratio_std": 0.02651643566787243,
  "jaw_ratio_median": 0.7792006134986877,
  "jaw_ratio_max": 0.8669145107269287,
  "smile_intensity_mean": 0.16014277935028076,
  "smile_intensity_std": 0.20266161859035492,
  "smile_intensity_median": 0.028507286682724953,
  "smile_intensity_max": 0.7589687705039978,
  "eye_contact_mean": 0.9524084329605103,
  "eye_contact_std": 0.04201500862836838,
  "eye_contact_median": 0.9673457145690918,
  "eye_contact_max": 0.9996367692947388,
  "eye_openness_mean": 0.7103557586669922,
  "eye_openness_std": 0.22044117748737335,
  "eye_openness_median": 0.7025679349899292,
  "eye_openness_max": 1.0,
  "gaze_stability_mean": 0.9824509024620056,
  "gaze_stability_std": 0.0235487911850214,
  "gaze_stability_median": 0.9922264218330383,
  "gaze_stability_max": 1.0,
  "head_tilt_mean": 0.19273008406162262,
  "head_tilt_std": 0.19561201333999634,
  "head_tilt_median": 0.14273539185523987,
  "head_tilt_max": 0.8850070834159851,
  "expression_speed_mean": 0.15983252227306366,
  "expression_speed_std": 0.1943453699350357,
  "expression_speed_median": 0.07020468264818192,
  "expression_speed_max": 0.8728389143943787,
  "happy_mean": 0.3967973589897156,
  "happy_std": 0.4602385461330414,
  "happy_median": 0.008207457140088081,
  "happy_max": 0.9999998807907104,
  "neutral_mean": 0.09396447986364365,
  "neutral_std": 0.22233961522579193,
  "neutral_median": 0.0013529531424865127,
  "neutral_max": 0.992469072341919,
  "surprise_mean": 0.04800312593579292,
  "surprise_std": 0.18360313773155212,
  "surprise_median": 4.105982952751219e-06,
  "surprise_max": 0.9967963695526123,
  "processed_frames": 173.0,
  "video_name": "3.mp4"
}