{
  "facial_symmetry_mean": 0.7180456519126892,
  "facial_symmetry_std": 0.15784113109111786,
  "facial_symmetry_median": 0.74271559715271,
  "facial_symmetry_max": 0.9899759292602539,
  "face_width_height_ratio_mean": 1.3869584798812866,
  "face_width_height_ratio_std": 0.1344197690486908,
  "face_width_height_ratio_median": 1.4123326539993286,
  "face_width_height_ratio_max": 1.5722460746765137,
  "eye_spacing_ratio_mean": 0.6492700576782227,
  "eye_spacing_ratio_std": 0.03561157360672951,
  "eye_spacing_ratio_median": 0.6518157720565796,
  "eye_spacing_ratio_max": 0.7133688926696777,
  "jaw_ratio_mean": 0.793502151966095,
  "jaw_ratio_std": 0.026256872341036797,
  "jaw_ratio_median": 0.7865080237388611,
  "jaw_ratio_max": 0.8593611121177673,
  "smile_intensity_mean": 0.1718405783176422,
  "smile_intensity_std": 0.1685323864221573,
  "smile_intensity_median": 0.1318163424730301,
  "smile_intensity_max": 0.6851587891578674,
  "eye_contact_mean": 0.8995447158813477,
  "eye_contact_std": 0.1029224619269371,
  "eye_contact_median": 0.9135606288909912,
  "eye_contact_max": 0.9956105947494507,
  "eye_openness_mean": 0.9846740365028381,
  "eye_openness_std": 0.03518584370613098,
  "eye_openness_median": 1.0,
  "eye_openness_max": 1.0,
  "gaze_stability_mean": 0.9683285355567932,
  "gaze_stability_std": 0.057394202798604965,
  "gaze_stability_median": 0.9831265807151794,
  "gaze_stability_max": 1.0,
  "head_tilt_mean": 0.2432219535112381,
  "head_tilt_std": 0.13875354826450348,
  "head_tilt_median": 0.19951045513153076,
  "head_tilt_max": 0.5740619897842407,
  "expression_speed_mean": 0.15823373198509216,
  "expression_speed_std": 0.14296428859233856,
  "expression_speed_median": 0.10610561817884445,
  "expression_speed_max": 0.7020378708839417,
  "happy_mean": 0.034981898963451385,
  "happy_std": 0.15525516867637634,
  "happy_median": 1.5932289898046292e-05,
  "happy_max": 0.9989794492721558,
  "neutral_mean": 0.34808990359306335,
  "neutral_std": 0.42512673139572144,
  "neutral_median": 0.004841383546590805,
  "neutral_max": 0.9990764260292053,
  "surprise_mean": 0.0003984545182902366,
  "surprise_std": 0.0017965283477678895,
  "surprise_median": 6.916949679691697e-09,
  "surprise_max": 0.01188906840980053,
  "processed_frames": 53.0,
  "video_name": "4.mp4"
}