{
  "facial_symmetry_mean": 0.743105411529541,
  "facial_symmetry_std": 0.19483602046966553,
  "facial_symmetry_median": 0.7199095487594604,
  "facial_symmetry_max": 0.9996448159217834,
  "face_width_height_ratio_mean": 1.5736411809921265,
  "face_width_height_ratio_std": 0.12153800576925278,
  "face_width_height_ratio_median": 1.575165867805481,
  "face_width_height_ratio_max": 1.7469940185546875,
  "eye_spacing_ratio_mean": 0.656566321849823,
  "eye_spacing_ratio_std": 0.02518090046942234,
  "eye_spacing_ratio_median": 0.6545885801315308,
  "eye_spacing_ratio_max": 0.7285996079444885,
  "jaw_ratio_mean": 0.7910408973693848,
  "jaw_ratio_std": 0.026645846664905548,
  "jaw_ratio_median": 0.7941359281539917,
  "jaw_ratio_max": 0.9200572371482849,
  "smile_intensity_mean": 0.12496369332075119,
  "smile_intensity_std": 0.14978638291358948,
  "smile_intensity_median": 0.051467832177877426,
  "smile_intensity_max": 0.6442967057228088,
  "eye_contact_mean": 0.9379401206970215,
  "eye_contact_std": 0.05249125137925148,
  "eye_contact_median": 0.9531335830688477,
  "eye_contact_max": 0.9993417859077454,
  "eye_openness_mean": 0.9994727373123169,
  "eye_openness_std": 0.004542201291769743,
  "eye_openness_median": 1.0,
  "eye_openness_max": 1.0,
  "gaze_stability_mean": 0.9759015440940857,
  "gaze_stability_std": 0.030941704288125038,
  "gaze_stability_median": 0.9900323152542114,
  "gaze_stability_max": 1.0,
  "head_tilt_mean": 0.26482105255126953,
  "head_tilt_std": 0.17975233495235443,
  "head_tilt_median": 0.24262197315692902,
  "head_tilt_max": 0.7571491599082947,
  "expression_speed_mean": 0.07526687532663345,
  "expression_speed_std": 0.11105936765670776,
  "expression_speed_median": 0.04047248885035515,
  "expression_speed_max": 0.9539679884910583,
  "happy_mean": 0.07255467027425766,
  "happy_std": 0.2095729559659958,
  "happy_median": 9.747561125550419e-05,
  "happy_max": 0.9999200105667114,
  "neutral_mean": 0.370143860578537,
  "neutral_std": 0.41611242294311523,
  "neutral_median": 0.14767055213451385,
  "neutral_max": 0.9995715022087097,
  "surprise_mean": 0.0030902118887752295,
  "surprise_std": 0.01946713589131832,
  "surprise_median": 1.724220766163853e-07,
  "surprise_max": 0.2165127992630005,
  "processed_frames": 146.0,
  "video_name": "5.mp4"
}