{
  "expression_speed_max": 0.8894591430823008,
  "expression_speed_mean": 0.20384730026125908,
  "expression_speed_median": 0.14335429357985655,
  "expression_speed_std": 0.2021846522887548,
  "eye_contact_max": 0.9989393452803293,
  "eye_contact_mean": 0.9468665619691213,
  "eye_contact_median": 0.9629363914330801,
  "eye_contact_std": 0.05757703259587288,
  "eye_openness_max": 1.0,
  "eye_openness_mean": 0.8098405102888743,
  "eye_openness_median": 0.8459429343541464,
  "eye_openness_std": 0.17449646683720252,
  "eye_spacing_ratio_max": 0.7288260459899902,
  "eye_spacing_ratio_mean": 0.6443815430005392,
  "eye_spacing_ratio_median": 0.6445654133955637,
  "eye_spacing_ratio_std": 0.03262688343723615,
  "face_width_height_ratio_max": 1.404256244500478,
  "face_width_height_ratio_mean": 1.1590008984009426,
  "face_width_height_ratio_median": 1.1876961688200633,
  "face_width_height_ratio_std": 0.1356739103794098,
  "facial_symmetry_max": 0.9964840213457743,
  "facial_symmetry_mean": 0.833089143037796,
  "facial_symmetry_median": 0.848168800274531,
  "facial_symmetry_std": 0.12121943943202496,
  "gaze_stability_max": 1.0,
  "gaze_stability_mean": 0.9745281636714935,
  "gaze_stability_median": 0.9895838499069214,
  "gaze_stability_std": 0.039895105796555676,
  "happy_max": 0.995289166768392,
  "happy_mean": 0.18131053199370703,
  "happy_median": 0.003625285529475756,
  "happy_std": 0.30866793046394986,
  "head_tilt_max": 0.5887366433938345,
  "head_tilt_mean": 0.17345006888111433,
  "head_tilt_median": 0.13803049301107725,
  "head_tilt_std": 0.14101428786913553,
  "jaw_ratio_max": 0.8671435912450155,
  "jaw_ratio_mean": 0.790198415517807,
  "jaw_ratio_median": 0.7882918119430542,
  "jaw_ratio_std": 0.025325162957111996,
  "neutral_max": 0.9966296354929606,
  "neutral_mean": 0.26419126863280934,
  "neutral_median": 0.05134321755031124,
  "neutral_std": 0.3511454090476036,
  "processed_frames": 82.66666666666667,
  "smile_intensity_max": 0.71134019891421,
  "smile_intensity_mean": 0.14817534883817038,
  "smile_intensity_median": 0.05225482567523917,
  "smile_intensity_std": 0.19145780056715012,
  "surprise_max": 0.3219907454525431,
  "surprise_mean": 0.011606526585334601,
  "surprise_median": 3.2377366827596177e-06,
  "surprise_std": 0.051231497685269765,
  "video_count": 6.0,
  "valid_video_count": 6.0,
  "valid_video_ratio": 1.0,
  "total_processed_frames": 496.0,
  "avg_processed_frames": 82.66666666666667,
  "quality_score": 0.8204444444444444,
  "person_name": "Yui Asakura"
}