{
  "facial_symmetry_mean": 0.9027909636497498,
  "facial_symmetry_std": 0.08453283458948135,
  "facial_symmetry_median": 0.9240554571151733,
  "facial_symmetry_max": 0.9984668493270874,
  "face_width_height_ratio_mean": 0.638369619846344,
  "face_width_height_ratio_std": 0.07044458389282227,
  "face_width_height_ratio_median": 0.6492917537689209,
  "face_width_height_ratio_max": 0.7659224271774292,
  "eye_spacing_ratio_mean": 0.6367039680480957,
  "eye_spacing_ratio_std": 0.029927706345915794,
  "eye_spacing_ratio_median": 0.6375069618225098,
  "eye_spacing_ratio_max": 0.8041819930076599,
  "jaw_ratio_mean": 0.771618664264679,
  "jaw_ratio_std": 0.024346016347408295,
  "jaw_ratio_median": 0.7761901617050171,
  "jaw_ratio_max": 0.8157501816749573,
  "smile_intensity_mean": 0.29387086629867554,
  "smile_intensity_std": 0.31379857659339905,
  "smile_intensity_median": 0.14309757947921753,
  "smile_intensity_max": 1.0,
  "eye_contact_mean": 0.9653342962265015,
  "eye_contact_std": 0.03679579123854637,
  "eye_contact_median": 0.9788111448287964,
  "eye_contact_max": 0.9996083974838257,
  "eye_openness_mean": 0.879987895488739,
  "eye_openness_std": 0.219012051820755,
  "eye_openness_median": 1.0,
  "eye_openness_max": 1.0,
  "gaze_stability_mean": 0.9895486235618591,
  "gaze_stability_std": 0.01902569830417633,
  "gaze_stability_median": 0.9962987303733826,
  "gaze_stability_max": 1.0,
  "head_tilt_mean": 0.17031976580619812,
  "head_tilt_std": 0.16127219796180725,
  "head_tilt_median": 0.12284047901630402,
  "head_tilt_max": 0.7011586427688599,
  "expression_speed_mean": 0.1339588761329651,
  "expression_speed_std": 0.19665180146694183,
  "expression_speed_median": 0.043339528143405914,
  "expression_speed_max": 1.0,
  "happy_mean": 0.09413737058639526,
  "happy_std": 0.23547855019569397,
  "happy_median": 0.002082136459648609,
  "happy_max": 0.9883067607879639,
  "neutral_mean": 0.4337815046310425,
  "neutral_std": 0.40081390738487244,
  "neutral_median": 0.2938525676727295,
  "neutral_max": 0.9926279187202454,
  "surprise_mean": 0.03028818964958191,
  "surprise_std": 0.11527429521083832,
  "surprise_median": 0.00023295187565963715,
  "surprise_max": 0.9774970412254333,
  "processed_frames": 174.0,
  "video_name": "1.mp4"
}