{
  "facial_symmetry_mean": 0.9150842428207397,
  "facial_symmetry_std": 0.06581476330757141,
  "facial_symmetry_median": 0.9292854070663452,
  "facial_symmetry_max": 0.9990683794021606,
  "face_width_height_ratio_mean": 0.6668637990951538,
  "face_width_height_ratio_std": 0.05072161182761192,
  "face_width_height_ratio_median": 0.6604446768760681,
  "face_width_height_ratio_max": 0.8452087640762329,
  "eye_spacing_ratio_mean": 0.6440377831459045,
  "eye_spacing_ratio_std": 0.021484287455677986,
  "eye_spacing_ratio_median": 0.6390456557273865,
  "eye_spacing_ratio_max": 0.7266206741333008,
  "jaw_ratio_mean": 0.7662913203239441,
  "jaw_ratio_std": 0.02018734999001026,
  "jaw_ratio_median": 0.7700357437133789,
  "jaw_ratio_max": 0.8364370465278625,
  "smile_intensity_mean": 0.23049698770046234,
  "smile_intensity_std": 0.22705933451652527,
  "smile_intensity_median": 0.12021549791097641,
  "smile_intensity_max": 0.7151646018028259,
  "eye_contact_mean": 0.974422812461853,
  "eye_contact_std": 0.01967117376625538,
  "eye_contact_median": 0.9809212684631348,
  "eye_contact_max": 0.9973546266555786,
  "eye_openness_mean": 0.9954558610916138,
  "eye_openness_std": 0.020516760647296906,
  "eye_openness_median": 1.0,
  "eye_openness_max": 1.0,
  "gaze_stability_mean": 0.9917381405830383,
  "gaze_stability_std": 0.01277325488626957,
  "gaze_stability_median": 0.9968181252479553,
  "gaze_stability_max": 1.0,
  "head_tilt_mean": 0.4165033996105194,
  "head_tilt_std": 0.23358698189258575,
  "head_tilt_median": 0.31638815999031067,
  "head_tilt_max": 0.8206738233566284,
  "expression_speed_mean": 0.08532779663801193,
  "expression_speed_std": 0.11622700840234756,
  "expression_speed_median": 0.042288679629564285,
  "expression_speed_max": 0.48360487818717957,
  "happy_mean": 0.03938165307044983,
  "happy_std": 0.13777950406074524,
  "happy_median": 0.0011317214230075479,
  "happy_max": 0.9592006206512451,
  "neutral_mean": 0.430061399936676,
  "neutral_std": 0.39540234208106995,
  "neutral_median": 0.4644433259963989,
  "neutral_max": 0.9923182725906372,
  "surprise_mean": 0.004065412096679211,
  "surprise_std": 0.026793671771883965,
  "surprise_median": 1.9932940631406382e-05,
  "surprise_max": 0.2243267446756363,
  "processed_frames": 69.0,
  "video_name": "3.mp4"
}