{
  "facial_symmetry_mean": 0.7772990465164185,
  "facial_symmetry_std": 0.15759550034999847,
  "facial_symmetry_median": 0.7558184862136841,
  "facial_symmetry_max": 0.9981330037117004,
  "face_width_height_ratio_mean": 1.323263168334961,
  "face_width_height_ratio_std": 0.15413519740104675,
  "face_width_height_ratio_median": 1.32297682762146,
  "face_width_height_ratio_max": 1.6672841310501099,
  "eye_spacing_ratio_mean": 0.6379060745239258,
  "eye_spacing_ratio_std": 0.051662877202034,
  "eye_spacing_ratio_median": 0.6376216411590576,
  "eye_spacing_ratio_max": 0.7666923403739929,
  "jaw_ratio_mean": 0.7684293389320374,
  "jaw_ratio_std": 0.02478831075131893,
  "jaw_ratio_median": 0.767545223236084,
  "jaw_ratio_max": 0.8640096783638,
  "smile_intensity_mean": 0.21656163036823273,
  "smile_intensity_std": 0.18670831620693207,
  "smile_intensity_median": 0.21189074218273163,
  "smile_intensity_max": 1.0,
  "eye_contact_mean": 0.9107291102409363,
  "eye_contact_std": 0.0776013508439064,
  "eye_contact_median": 0.9258331060409546,
  "eye_contact_max": 0.9992090463638306,
  "eye_openness_mean": 0.7777174115180969,
  "eye_openness_std": 0.27363306283950806,
  "eye_openness_median": 0.9399980306625366,
  "eye_openness_max": 1.0,
  "gaze_stability_mean": 0.972477912902832,
  "gaze_stability_std": 0.04526258260011673,
  "gaze_stability_median": 0.9906575679779053,
  "gaze_stability_max": 1.0,
  "head_tilt_mean": 0.13665156066417694,
  "head_tilt_std": 0.107535719871521,
  "head_tilt_median": 0.11606335639953613,
  "head_tilt_max": 0.39190396666526794,
  "expression_speed_mean": 0.1511518657207489,
  "expression_speed_std": 0.19136275351047516,
  "expression_speed_median": 0.07432830333709717,
  "expression_speed_max": 1.0,
  "happy_mean": 0.11262259632349014,
  "happy_std": 0.24405619502067566,
  "happy_median": 0.001162193831987679,
  "happy_max": 0.9803258776664734,
  "neutral_mean": 0.2608622610569,
  "neutral_std": 0.32543379068374634,
  "neutral_median": 0.0793527215719223,
  "neutral_max": 0.9992421865463257,
  "surprise_mean": 0.014527509920299053,
  "surprise_std": 0.06494399905204773,
  "surprise_median": 3.858276159007801e-06,
  "surprise_max": 0.5321714878082275,
  "processed_frames": 112.0,
  "video_name": "4.mp4"
}