{
  "facial_symmetry_mean": 0.8186139464378357,
  "facial_symmetry_std": 0.14363811910152435,
  "facial_symmetry_median": 0.8891485929489136,
  "facial_symmetry_max": 0.9953746199607849,
  "face_width_height_ratio_mean": 1.3901044130325317,
  "face_width_height_ratio_std": 0.1526721864938736,
  "face_width_height_ratio_median": 1.4276776313781738,
  "face_width_height_ratio_max": 1.9210377931594849,
  "eye_spacing_ratio_mean": 0.642340898513794,
  "eye_spacing_ratio_std": 0.019467705860733986,
  "eye_spacing_ratio_median": 0.6390137076377869,
  "eye_spacing_ratio_max": 0.6968415379524231,
  "jaw_ratio_mean": 0.7739154100418091,
  "jaw_ratio_std": 0.02109728753566742,
  "jaw_ratio_median": 0.7744125723838806,
  "jaw_ratio_max": 0.8311865925788879,
  "smile_intensity_mean": 0.13987897336483002,
  "smile_intensity_std": 0.13353805243968964,
  "smile_intensity_median": 0.11511869728565216,
  "smile_intensity_max": 0.6099801063537598,
  "eye_contact_mean": 0.928254246711731,
  "eye_contact_std": 0.0524895116686821,
  "eye_contact_median": 0.936484694480896,
  "eye_contact_max": 0.9987735152244568,
  "eye_openness_mean": 0.9428748488426208,
  "eye_openness_std": 0.13448303937911987,
  "eye_openness_median": 1.0,
  "eye_openness_max": 1.0,
  "gaze_stability_mean": 0.978769838809967,
  "gaze_stability_std": 0.02846185490489006,
  "gaze_stability_median": 0.988722562789917,
  "gaze_stability_max": 1.0,
  "head_tilt_mean": 0.19013163447380066,
  "head_tilt_std": 0.1290181577205658,
  "head_tilt_median": 0.1747964322566986,
  "head_tilt_max": 0.59183669090271,
  "expression_speed_mean": 0.09250272065401077,
  "expression_speed_std": 0.10193410515785217,
  "expression_speed_median": 0.05499536171555519,
  "expression_speed_max": 0.5553920269012451,
  "happy_mean": 0.09637390822172165,
  "happy_std": 0.2375607043504715,
  "happy_median": 0.0009558304445818067,
  "happy_max": 0.9906436800956726,
  "neutral_mean": 0.4157155156135559,
  "neutral_std": 0.3741847276687622,
  "neutral_median": 0.3205134868621826,
  "neutral_max": 0.9962024092674255,
  "surprise_mean": 0.01622164621949196,
  "surprise_std": 0.06575740873813629,
  "surprise_median": 8.691086986800656e-05,
  "surprise_max": 0.4323851466178894,
  "processed_frames": 139.0,
  "video_name": "5.mp4"
}