{
  "facial_symmetry_mean": 0.8668003082275391,
  "facial_symmetry_std": 0.046814508736133575,
  "facial_symmetry_median": 0.8572642803192139,
  "facial_symmetry_max": 0.9666514992713928,
  "face_width_height_ratio_mean": 1.3023145198822021,
  "face_width_height_ratio_std": 0.11165399849414825,
  "face_width_height_ratio_median": 1.2795262336730957,
  "face_width_height_ratio_max": 1.5355528593063354,
  "eye_spacing_ratio_mean": 0.6456733345985413,
  "eye_spacing_ratio_std": 0.01572469435632229,
  "eye_spacing_ratio_median": 0.6451690793037415,
  "eye_spacing_ratio_max": 0.6856366395950317,
  "jaw_ratio_mean": 0.7762422561645508,
  "jaw_ratio_std": 0.01186123862862587,
  "jaw_ratio_median": 0.7766960859298706,
  "jaw_ratio_max": 0.8022968769073486,
  "smile_intensity_mean": 0.07781331986188889,
  "smile_intensity_std": 0.11131149530410767,
  "smile_intensity_median": 0.0144423209130764,
  "smile_intensity_max": 0.35743048787117004,
  "eye_contact_mean": 0.9715569019317627,
  "eye_contact_std": 0.019441358745098114,
  "eye_contact_median": 0.9753541946411133,
  "eye_contact_max": 0.9999327659606934,
  "eye_openness_mean": 0.7286781668663025,
  "eye_openness_std": 0.21802638471126556,
  "eye_openness_median": 0.7634613513946533,
  "eye_openness_max": 1.0,
  "gaze_stability_mean": 0.9933120012283325,
  "gaze_stability_std": 0.00833694078028202,
  "gaze_stability_median": 0.9957031011581421,
  "gaze_stability_max": 1.0,
  "head_tilt_mean": 0.08015203475952148,
  "head_tilt_std": 0.05863688513636589,
  "head_tilt_median": 0.07540017366409302,
  "head_tilt_max": 0.20281419157981873,
  "expression_speed_mean": 0.061246685683727264,
  "expression_speed_std": 0.10112321376800537,
  "expression_speed_median": 0.026923824101686478,
  "expression_speed_max": 0.6100655794143677,
  "happy_mean": 0.1671791672706604,
  "happy_std": 0.353780061006546,
  "happy_median": 9.185502131003886e-05,
  "happy_max": 0.9980628490447998,
  "neutral_mean": 0.432435005903244,
  "neutral_std": 0.35553938150405884,
  "neutral_median": 0.43254488706588745,
  "neutral_max": 0.9960975646972656,
  "surprise_mean": 0.007022010162472725,
  "surprise_std": 0.046871673315763474,
  "surprise_median": 2.683452476048842e-05,
  "surprise_max": 0.3942202925682068,
  "processed_frames": 72.0,
  "video_name": "6.mp4"
}