{
  "facial_symmetry_mean": 0.9088561534881592,
  "facial_symmetry_std": 0.06001458689570427,
  "facial_symmetry_median": 0.9182029962539673,
  "facial_symmetry_max": 0.9994176030158997,
  "face_width_height_ratio_mean": 0.49149835109710693,
  "face_width_height_ratio_std": 0.05626135319471359,
  "face_width_height_ratio_median": 0.4888320565223694,
  "face_width_height_ratio_max": 0.7079231142997742,
  "eye_spacing_ratio_mean": 0.6364242434501648,
  "eye_spacing_ratio_std": 0.028401287272572517,
  "eye_spacing_ratio_median": 0.6403314471244812,
  "eye_spacing_ratio_max": 0.8063719868659973,
  "jaw_ratio_mean": 0.7792243957519531,
  "jaw_ratio_std": 0.01973097212612629,
  "jaw_ratio_median": 0.7780402898788452,
  "jaw_ratio_max": 0.8904145956039429,
  "smile_intensity_mean": 0.3335205316543579,
  "smile_intensity_std": 0.36530834436416626,
  "smile_intensity_median": 0.10503391921520233,
  "smile_intensity_max": 1.0,
  "eye_contact_mean": 0.9745349287986755,
  "eye_contact_std": 0.021175535395741463,
  "eye_contact_median": 0.9811526536941528,
  "eye_contact_max": 0.9998111724853516,
  "eye_openness_mean": 0.842903196811676,
  "eye_openness_std": 0.25622475147247314,
  "eye_openness_median": 1.0,
  "eye_openness_max": 1.0,
  "gaze_stability_mean": 0.993106484413147,
  "gaze_stability_std": 0.010412690229713917,
  "gaze_stability_median": 0.9962946176528931,
  "gaze_stability_max": 1.0,
  "head_tilt_mean": 0.21180367469787598,
  "head_tilt_std": 0.22536073625087738,
  "head_tilt_median": 0.14917679131031036,
  "head_tilt_max": 1.0,
  "expression_speed_mean": 0.1626616269350052,
  "expression_speed_std": 0.23410853743553162,
  "expression_speed_median": 0.06559360027313232,
  "expression_speed_max": 1.0,
  "happy_mean": 0.11105775088071823,
  "happy_std": 0.2727709412574768,
  "happy_median": 0.0006672259187325835,
  "happy_max": 0.9999746680259705,
  "neutral_mean": 0.4194888472557068,
  "neutral_std": 0.39805668592453003,
  "neutral_median": 0.33762162923812866,
  "neutral_max": 0.9995232820510864,
  "surprise_mean": 0.0038252451922744513,
  "surprise_std": 0.022601721808314323,
  "surprise_median": 7.12398650648538e-06,
  "surprise_max": 0.3274352252483368,
  "processed_frames": 474.0,
  "video_name": "7.mp4"
}