{
  "facial_symmetry_mean": 0.8813977241516113,
  "facial_symmetry_std": 0.04938208684325218,
  "facial_symmetry_median": 0.8938345909118652,
  "facial_symmetry_max": 0.9937771558761597,
  "face_width_height_ratio_mean": 1.2620575428009033,
  "face_width_height_ratio_std": 0.15198558568954468,
  "face_width_height_ratio_median": 1.324364185333252,
  "face_width_height_ratio_max": 1.4565532207489014,
  "eye_spacing_ratio_mean": 0.6424636840820312,
  "eye_spacing_ratio_std": 0.03158305957913399,
  "eye_spacing_ratio_median": 0.6430819630622864,
  "eye_spacing_ratio_max": 0.7546834945678711,
  "jaw_ratio_mean": 0.792134702205658,
  "jaw_ratio_std": 0.021274341270327568,
  "jaw_ratio_median": 0.7873841524124146,
  "jaw_ratio_max": 0.865052342414856,
  "smile_intensity_mean": 0.25721296668052673,
  "smile_intensity_std": 0.14279496669769287,
  "smile_intensity_median": 0.27255451679229736,
  "smile_intensity_max": 0.9368223547935486,
  "eye_contact_mean": 0.9535365104675293,
  "eye_contact_std": 0.03961632773280144,
  "eye_contact_median": 0.9710220098495483,
  "eye_contact_max": 0.9892497062683105,
  "eye_openness_mean": 0.36476850509643555,
  "eye_openness_std": 0.10367267578840256,
  "eye_openness_median": 0.38695791363716125,
  "eye_openness_max": 0.5774645209312439,
  "gaze_stability_mean": 0.9869500994682312,
  "gaze_stability_std": 0.022343071177601814,
  "gaze_stability_median": 0.9953927993774414,
  "gaze_stability_max": 1.0,
  "head_tilt_mean": 0.03195979818701744,
  "head_tilt_std": 0.02933468483388424,
  "head_tilt_median": 0.021150261163711548,
  "head_tilt_max": 0.1250634342432022,
  "expression_speed_mean": 0.11215409636497498,
  "expression_speed_std": 0.14030547440052032,
  "expression_speed_median": 0.06401300430297852,
  "expression_speed_max": 0.9307495355606079,
  "happy_mean": 0.24586087465286255,
  "happy_std": 0.38990679383277893,
  "happy_median": 0.005669467616826296,
  "happy_max": 0.999960720539093,
  "neutral_mean": 0.24307703971862793,
  "neutral_std": 0.3761553168296814,
  "neutral_median": 0.0015995497815310955,
  "neutral_max": 0.9985597729682922,
  "surprise_mean": 0.016588009893894196,
  "surprise_std": 0.08925402164459229,
  "surprise_median": 6.435623072320595e-05,
  "surprise_max": 0.8264994621276855,
  "processed_frames": 99.0,
  "video_name": "2.mp4"
}