{
  "facial_symmetry_mean": 0.9104848504066467,
  "facial_symmetry_std": 0.08100032806396484,
  "facial_symmetry_median": 0.9394042491912842,
  "facial_symmetry_max": 0.9996471405029297,
  "face_width_height_ratio_mean": 1.2883665561676025,
  "face_width_height_ratio_std": 0.23083806037902832,
  "face_width_height_ratio_median": 1.369343638420105,
  "face_width_height_ratio_max": 1.6973940134048462,
  "eye_spacing_ratio_mean": 0.6431449055671692,
  "eye_spacing_ratio_std": 0.04515772685408592,
  "eye_spacing_ratio_median": 0.6536843180656433,
  "eye_spacing_ratio_max": 0.7315836548805237,
  "jaw_ratio_mean": 0.7839162945747375,
  "jaw_ratio_std": 0.034259695559740067,
  "jaw_ratio_median": 0.7820296883583069,
  "jaw_ratio_max": 0.880349338054657,
  "smile_intensity_mean": 0.18709796667099,
  "smile_intensity_std": 0.16709937155246735,
  "smile_intensity_median": 0.2125939130783081,
  "smile_intensity_max": 0.7024419903755188,
  "eye_contact_mean": 0.9639272689819336,
  "eye_contact_std": 0.04006650298833847,
  "eye_contact_median": 0.9816948175430298,
  "eye_contact_max": 0.9996954798698425,
  "eye_openness_mean": 0.506100058555603,
  "eye_openness_std": 0.21700909733772278,
  "eye_openness_median": 0.46747541427612305,
  "eye_openness_max": 1.0,
  "gaze_stability_mean": 0.9799891114234924,
  "gaze_stability_std": 0.030589571222662926,
  "gaze_stability_median": 0.9933624863624573,
  "gaze_stability_max": 1.0,
  "head_tilt_mean": 0.10173681378364563,
  "head_tilt_std": 0.07989563792943954,
  "head_tilt_median": 0.08911043405532837,
  "head_tilt_max": 0.268094539642334,
  "expression_speed_mean": 0.1781933456659317,
  "expression_speed_std": 0.17811164259910583,
  "expression_speed_median": 0.10141410678625107,
  "expression_speed_max": 0.7267390489578247,
  "happy_mean": 0.24526499211788177,
  "happy_std": 0.4144443869590759,
  "happy_median": 0.00027701715589500964,
  "happy_max": 0.9999876618385315,
  "neutral_mean": 0.18836933374404907,
  "neutral_std": 0.3546346426010132,
  "neutral_median": 0.002358682919293642,
  "neutral_max": 0.9999944567680359,
  "surprise_mean": 0.06277728825807571,
  "surprise_std": 0.2037910521030426,
  "surprise_median": 7.741760441604129e-07,
  "surprise_max": 0.9277450442314148,
  "processed_frames": 55.0,
  "video_name": "3.mp4"
}