{
  "facial_symmetry_mean": 0.8940191864967346,
  "facial_symmetry_std": 0.031081104651093483,
  "facial_symmetry_median": 0.8813714981079102,
  "facial_symmetry_max": 0.9572449326515198,
  "face_width_height_ratio_mean": 0.5135265588760376,
  "face_width_height_ratio_std": 0.023836294189095497,
  "face_width_height_ratio_median": 0.5178741216659546,
  "face_width_height_ratio_max": 0.5471965670585632,
  "eye_spacing_ratio_mean": 0.6429753303527832,
  "eye_spacing_ratio_std": 0.004935365170240402,
  "eye_spacing_ratio_median": 0.6435693502426147,
  "eye_spacing_ratio_max": 0.6494059562683105,
  "jaw_ratio_mean": 0.7689096331596375,
  "jaw_ratio_std": 0.007224373985081911,
  "jaw_ratio_median": 0.7680671811103821,
  "jaw_ratio_max": 0.7937219738960266,
  "smile_intensity_mean": 0.3757781386375427,
  "smile_intensity_std": 0.36683306097984314,
  "smile_intensity_median": 0.3206547200679779,
  "smile_intensity_max": 0.9709311127662659,
  "eye_contact_mean": 0.9756547212600708,
  "eye_contact_std": 0.0038912261370569468,
  "eye_contact_median": 0.9762052297592163,
  "eye_contact_max": 0.9817630052566528,
  "eye_openness_mean": 1.0,
  "eye_openness_std": 0.0,
  "eye_openness_median": 1.0,
  "eye_openness_max": 1.0,
  "gaze_stability_mean": 0.9971025586128235,
  "gaze_stability_std": 0.0021734328474849463,
  "gaze_stability_median": 0.997488260269165,
  "gaze_stability_max": 1.0,
  "head_tilt_mean": 0.37712362408638,
  "head_tilt_std": 0.12222108989953995,
  "head_tilt_median": 0.442991703748703,
  "head_tilt_max": 0.5209344625473022,
  "expression_speed_mean": 0.10530408471822739,
  "expression_speed_std": 0.12976504862308502,
  "expression_speed_median": 0.031603824347257614,
  "expression_speed_max": 0.47338593006134033,
  "happy_mean": 0.11690674722194672,
  "happy_std": 0.28849050402641296,
  "happy_median": 0.00034340188722126186,
  "happy_max": 0.9562870860099792,
  "neutral_mean": 0.6554614305496216,
  "neutral_std": 0.4401620328426361,
  "neutral_median": 0.9923751354217529,
  "neutral_max": 0.9988991022109985,
  "surprise_mean": 0.0011273572454228997,
  "surprise_std": 0.001747358008287847,
  "surprise_median": 0.00041035734466277063,
  "surprise_max": 0.006793897598981857,
  "processed_frames": 21.0,
  "video_name": "Download (9).mp4"
}