{
  "facial_symmetry_mean": 0.8231660723686218,
  "facial_symmetry_std": 0.07987289875745773,
  "facial_symmetry_median": 0.8171126246452332,
  "facial_symmetry_max": 0.9854949116706848,
  "face_width_height_ratio_mean": 1.4458142518997192,
  "face_width_height_ratio_std": 0.057262808084487915,
  "face_width_height_ratio_median": 1.434302806854248,
  "face_width_height_ratio_max": 1.5601602792739868,
  "eye_spacing_ratio_mean": 0.6692193150520325,
  "eye_spacing_ratio_std": 0.015038855373859406,
  "eye_spacing_ratio_median": 0.6684892177581787,
  "eye_spacing_ratio_max": 0.7218891382217407,
  "jaw_ratio_mean": 0.7818183302879333,
  "jaw_ratio_std": 0.02144007198512554,
  "jaw_ratio_median": 0.7835115194320679,
  "jaw_ratio_max": 0.8362585306167603,
  "smile_intensity_mean": 0.060413189232349396,
  "smile_intensity_std": 0.06601160764694214,
  "smile_intensity_median": 0.03754916787147522,
  "smile_intensity_max": 0.4409167468547821,
  "eye_contact_mean": 0.980561375617981,
  "eye_contact_std": 0.019657790660858154,
  "eye_contact_median": 0.9870386719703674,
  "eye_contact_max": 0.9994277954101562,
  "eye_openness_mean": 0.7735899090766907,
  "eye_openness_std": 0.20238985121250153,
  "eye_openness_median": 0.8202406167984009,
  "eye_openness_max": 1.0,
  "gaze_stability_mean": 0.9909073114395142,
  "gaze_stability_std": 0.013025466352701187,
  "gaze_stability_median": 0.996813178062439,
  "gaze_stability_max": 1.0,
  "head_tilt_mean": 0.0693027526140213,
  "head_tilt_std": 0.03978927433490753,
  "head_tilt_median": 0.07019564509391785,
  "head_tilt_max": 0.21662987768650055,
  "expression_speed_mean": 0.09123377501964569,
  "expression_speed_std": 0.15700383484363556,
  "expression_speed_median": 0.03416115418076515,
  "expression_speed_max": 0.8250420093536377,
  "happy_mean": 0.00043890048982575536,
  "happy_std": 0.0007856423035264015,
  "happy_median": 4.306987102609128e-05,
  "happy_max": 0.004375683609396219,
  "neutral_mean": 0.41810110211372375,
  "neutral_std": 0.45802468061447144,
  "neutral_median": 0.06048497557640076,
  "neutral_max": 0.9998757243156433,
  "surprise_mean": 7.439384353347123e-05,
  "surprise_std": 0.00020817558106500655,
  "surprise_median": 1.6010831416224391e-07,
  "surprise_max": 0.000975236704107374,
  "processed_frames": 51.0,
  "video_name": "1 (1).mp4"
}