{
  "facial_symmetry_mean": 0.9009183049201965,
  "facial_symmetry_std": 0.0358758307993412,
  "facial_symmetry_median": 0.9023361802101135,
  "facial_symmetry_max": 0.9865415096282959,
  "face_width_height_ratio_mean": 0.8813213109970093,
  "face_width_height_ratio_std": 0.1975206881761551,
  "face_width_height_ratio_median": 0.9630283713340759,
  "face_width_height_ratio_max": 1.1368376016616821,
  "eye_spacing_ratio_mean": 0.625754177570343,
  "eye_spacing_ratio_std": 0.04138755425810814,
  "eye_spacing_ratio_median": 0.6438480019569397,
  "eye_spacing_ratio_max": 0.6820988655090332,
  "jaw_ratio_mean": 0.7939517498016357,
  "jaw_ratio_std": 0.027997734025120735,
  "jaw_ratio_median": 0.7925617098808289,
  "jaw_ratio_max": 0.8626270890235901,
  "smile_intensity_mean": 0.10941264033317566,
  "smile_intensity_std": 0.16169236600399017,
  "smile_intensity_median": 0.04977935552597046,
  "smile_intensity_max": 0.8814254999160767,
  "eye_contact_mean": 0.9679051637649536,
  "eye_contact_std": 0.018343597650527954,
  "eye_contact_median": 0.972842276096344,
  "eye_contact_max": 0.9993255138397217,
  "eye_openness_mean": 0.47594302892684937,
  "eye_openness_std": 0.13904936611652374,
  "eye_openness_median": 0.5080546736717224,
  "eye_openness_max": 0.70028156042099,
  "gaze_stability_mean": 0.9906845092773438,
  "gaze_stability_std": 0.008646232075989246,
  "gaze_stability_median": 0.993910551071167,
  "gaze_stability_max": 1.0,
  "head_tilt_mean": 0.11374305933713913,
  "head_tilt_std": 0.06609974801540375,
  "head_tilt_median": 0.08431106805801392,
  "head_tilt_max": 0.23059159517288208,
  "expression_speed_mean": 0.11875349283218384,
  "expression_speed_std": 0.14947247505187988,
  "expression_speed_median": 0.06357317417860031,
  "expression_speed_max": 0.785310685634613,
  "happy_mean": 0.15915608406066895,
  "happy_std": 0.3268131613731384,
  "happy_median": 0.0005419047083705664,
  "happy_max": 0.9999908208847046,
  "neutral_mean": 0.11039447784423828,
  "neutral_std": 0.2752072811126709,
  "neutral_median": 0.0005488702445290983,
  "neutral_max": 0.9894283413887024,
  "surprise_mean": 0.14043113589286804,
  "surprise_std": 0.31281140446662903,
  "surprise_median": 3.277291762060486e-05,
  "surprise_max": 0.9996843934059143,
  "processed_frames": 79.0,
  "video_name": "1 (2).mp4"
}