{
  "facial_symmetry_mean": 0.8497301936149597,
  "facial_symmetry_std": 0.04305844381451607,
  "facial_symmetry_median": 0.8461759090423584,
  "facial_symmetry_max": 0.9986175894737244,
  "face_width_height_ratio_mean": 1.3648391962051392,
  "face_width_height_ratio_std": 0.13990402221679688,
  "face_width_height_ratio_median": 1.4096081256866455,
  "face_width_height_ratio_max": 1.5474592447280884,
  "eye_spacing_ratio_mean": 0.6367224454879761,
  "eye_spacing_ratio_std": 0.04276198521256447,
  "eye_spacing_ratio_median": 0.65064936876297,
  "eye_spacing_ratio_max": 0.6908125877380371,
  "jaw_ratio_mean": 0.79533851146698,
  "jaw_ratio_std": 0.0162675641477108,
  "jaw_ratio_median": 0.7958003878593445,
  "jaw_ratio_max": 0.8374086618423462,
  "smile_intensity_mean": 0.0714147686958313,
  "smile_intensity_std": 0.09014662355184555,
  "smile_intensity_median": 0.01449462492018938,
  "smile_intensity_max": 0.3760337829589844,
  "eye_contact_mean": 0.9574550986289978,
  "eye_contact_std": 0.03268260136246681,
  "eye_contact_median": 0.9668992757797241,
  "eye_contact_max": 0.9990431666374207,
  "eye_openness_mean": 0.3893386721611023,
  "eye_openness_std": 0.15253765881061554,
  "eye_openness_median": 0.41081780195236206,
  "eye_openness_max": 0.6944974064826965,
  "gaze_stability_mean": 0.9870635271072388,
  "gaze_stability_std": 0.01743246801197529,
  "gaze_stability_median": 0.9936254024505615,
  "gaze_stability_max": 1.0,
  "head_tilt_mean": 0.037615902721881866,
  "head_tilt_std": 0.030534960329532623,
  "head_tilt_median": 0.03257095813751221,
  "head_tilt_max": 0.13094261288642883,
  "expression_speed_mean": 0.10171255469322205,
  "expression_speed_std": 0.0931452214717865,
  "expression_speed_median": 0.06694050878286362,
  "expression_speed_max": 0.4573097825050354,
  "happy_mean": 0.037857893854379654,
  "happy_std": 0.12103316187858582,
  "happy_median": 0.00017493909399490803,
  "happy_max": 0.8649747371673584,
  "neutral_mean": 0.5112478733062744,
  "neutral_std": 0.3927527666091919,
  "neutral_median": 0.5887326002120972,
  "neutral_max": 0.9988766312599182,
  "surprise_mean": 0.007727405056357384,
  "surprise_std": 0.06665398925542831,
  "surprise_median": 1.7632895833230577e-05,
  "surprise_max": 0.826421320438385,
  "processed_frames": 199.0,
  "video_name": "1 (4).mp4"
}