{
  "facial_symmetry_mean": 0.8769014477729797,
  "facial_symmetry_std": 0.11593257635831833,
  "facial_symmetry_median": 0.9426394104957581,
  "facial_symmetry_max": 0.9976624250411987,
  "face_width_height_ratio_mean": 1.4804885387420654,
  "face_width_height_ratio_std": 0.16883991658687592,
  "face_width_height_ratio_median": 1.5226850509643555,
  "face_width_height_ratio_max": 1.81039297580719,
  "eye_spacing_ratio_mean": 0.6598787307739258,
  "eye_spacing_ratio_std": 0.02208705060184002,
  "eye_spacing_ratio_median": 0.6594239473342896,
  "eye_spacing_ratio_max": 0.7365675568580627,
  "jaw_ratio_mean": 0.7837792634963989,
  "jaw_ratio_std": 0.015044011175632477,
  "jaw_ratio_median": 0.7823771238327026,
  "jaw_ratio_max": 0.8239529728889465,
  "smile_intensity_mean": 0.10482911020517349,
  "smile_intensity_std": 0.14648838341236115,
  "smile_intensity_median": 0.04711171239614487,
  "smile_intensity_max": 0.579666793346405,
  "eye_contact_mean": 0.9469544291496277,
  "eye_contact_std": 0.04235892742872238,
  "eye_contact_median": 0.9450346231460571,
  "eye_contact_max": 0.9938904643058777,
  "eye_openness_mean": 0.7061715126037598,
  "eye_openness_std": 0.30095595121383667,
  "eye_openness_median": 0.7846501469612122,
  "eye_openness_max": 1.0,
  "gaze_stability_mean": 0.9866591691970825,
  "gaze_stability_std": 0.023656271398067474,
  "gaze_stability_median": 0.994109570980072,
  "gaze_stability_max": 1.0,
  "head_tilt_mean": 0.036920931190252304,
  "head_tilt_std": 0.037027254700660706,
  "head_tilt_median": 0.020269453525543213,
  "head_tilt_max": 0.1958771049976349,
  "expression_speed_mean": 0.10316726565361023,
  "expression_speed_std": 0.12555429339408875,
  "expression_speed_median": 0.05278664827346802,
  "expression_speed_max": 0.47347569465637207,
  "happy_mean": 0.0754736065864563,
  "happy_std": 0.2239641696214676,
  "happy_median": 0.0013730624923482537,
  "happy_max": 0.9998725652694702,
  "neutral_mean": 0.4638557434082031,
  "neutral_std": 0.419360488653183,
  "neutral_median": 0.39025261998176575,
  "neutral_max": 0.9997956156730652,
  "surprise_mean": 0.0032492682803422213,
  "surprise_std": 0.011119442991912365,
  "surprise_median": 7.481240572815295e-06,
  "surprise_max": 0.0732441172003746,
  "processed_frames": 66.0,
  "video_name": "1 (5).mp4"
}