{
  "facial_symmetry_mean": 0.896695077419281,
  "facial_symmetry_std": 0.06811776012182236,
  "facial_symmetry_median": 0.9245669841766357,
  "facial_symmetry_max": 0.999832272529602,
  "face_width_height_ratio_mean": 1.0785166025161743,
  "face_width_height_ratio_std": 0.07777304202318192,
  "face_width_height_ratio_median": 1.0923417806625366,
  "face_width_height_ratio_max": 1.256507396697998,
  "eye_spacing_ratio_mean": 0.6680938005447388,
  "eye_spacing_ratio_std": 0.03207555040717125,
  "eye_spacing_ratio_median": 0.6634786128997803,
  "eye_spacing_ratio_max": 0.7441571354866028,
  "jaw_ratio_mean": 0.7815163731575012,
  "jaw_ratio_std": 0.02529335767030716,
  "jaw_ratio_median": 0.7746899127960205,
  "jaw_ratio_max": 0.8461412191390991,
  "smile_intensity_mean": 0.1935102343559265,
  "smile_intensity_std": 0.24995927512645721,
  "smile_intensity_median": 0.03420643508434296,
  "smile_intensity_max": 0.9343666434288025,
  "eye_contact_mean": 0.962184488773346,
  "eye_contact_std": 0.03780602291226387,
  "eye_contact_median": 0.9680140018463135,
  "eye_contact_max": 0.9999894499778748,
  "eye_openness_mean": 0.7677431106567383,
  "eye_openness_std": 0.27934709191322327,
  "eye_openness_median": 0.9238178730010986,
  "eye_openness_max": 1.0,
  "gaze_stability_mean": 0.987897515296936,
  "gaze_stability_std": 0.014501708559691906,
  "gaze_stability_median": 0.9920507669448853,
  "gaze_stability_max": 1.0,
  "head_tilt_mean": 0.096138134598732,
  "head_tilt_std": 0.1088191419839859,
  "head_tilt_median": 0.05627863109111786,
  "head_tilt_max": 0.40520504117012024,
  "expression_speed_mean": 0.1907205730676651,
  "expression_speed_std": 0.24113479256629944,
  "expression_speed_median": 0.060298413038253784,
  "expression_speed_max": 1.0,
  "happy_mean": 0.09427772462368011,
  "happy_std": 0.21858000755310059,
  "happy_median": 0.0007743054302409291,
  "happy_max": 0.9734991788864136,
  "neutral_mean": 0.19725467264652252,
  "neutral_std": 0.3027181327342987,
  "neutral_median": 0.01381337083876133,
  "neutral_max": 0.984498918056488,
  "surprise_mean": 0.020189272239804268,
  "surprise_std": 0.08797863870859146,
  "surprise_median": 6.124146239017136e-06,
  "surprise_max": 0.6233449578285217,
  "processed_frames": 94.0,
  "video_name": "1 (6).mp4"
}