{
  "facial_symmetry_mean": 0.900057852268219,
  "facial_symmetry_std": 0.047139972448349,
  "facial_symmetry_median": 0.8879073858261108,
  "facial_symmetry_max": 0.9997853636741638,
  "face_width_height_ratio_mean": 0.5371977686882019,
  "face_width_height_ratio_std": 0.05319591611623764,
  "face_width_height_ratio_median": 0.5494765043258667,
  "face_width_height_ratio_max": 0.7734946608543396,
  "eye_spacing_ratio_mean": 0.6374707818031311,
  "eye_spacing_ratio_std": 0.029896710067987442,
  "eye_spacing_ratio_median": 0.6433324813842773,
  "eye_spacing_ratio_max": 0.7159070372581482,
  "jaw_ratio_mean": 0.7850187420845032,
  "jaw_ratio_std": 0.02389044314622879,
  "jaw_ratio_median": 0.782715916633606,
  "jaw_ratio_max": 0.8604849576950073,
  "smile_intensity_mean": 0.7094898819923401,
  "smile_intensity_std": 0.3562586009502411,
  "smile_intensity_median": 0.8922361135482788,
  "smile_intensity_max": 1.0,
  "eye_contact_mean": 0.9695042371749878,
  "eye_contact_std": 0.018416911363601685,
  "eye_contact_median": 0.9693366289138794,
  "eye_contact_max": 0.9996950626373291,
  "eye_openness_mean": 0.8829447627067566,
  "eye_openness_std": 0.17641477286815643,
  "eye_openness_median": 0.9717204570770264,
  "eye_openness_max": 1.0,
  "gaze_stability_mean": 0.9895086884498596,
  "gaze_stability_std": 0.01254353579133749,
  "gaze_stability_median": 0.9937597513198853,
  "gaze_stability_max": 1.0,
  "head_tilt_mean": 0.11354482918977737,
  "head_tilt_std": 0.08194704353809357,
  "head_tilt_median": 0.10852441191673279,
  "head_tilt_max": 0.33467501401901245,
  "expression_speed_mean": 0.2995281517505646,
  "expression_speed_std": 0.2978311777114868,
  "expression_speed_median": 0.17910709977149963,
  "expression_speed_max": 1.0,
  "happy_mean": 0.21647603809833527,
  "happy_std": 0.37440401315689087,
  "happy_median": 7.936897418403532e-06,
  "happy_max": 0.9999994039535522,
  "neutral_mean": 0.18384702503681183,
  "neutral_std": 0.3299965262413025,
  "neutral_median": 0.003905699821189046,
  "neutral_max": 0.9999921321868896,
  "surprise_mean": 0.04374605417251587,
  "surprise_std": 0.18278327584266663,
  "surprise_median": 5.871615371688677e-07,
  "surprise_max": 0.9999980926513672,
  "processed_frames": 168.0,
  "video_name": "1 (8).mp4"
}