{
  "facial_symmetry_mean": 0.9180853366851807,
  "facial_symmetry_std": 0.06416817754507065,
  "facial_symmetry_median": 0.9296393990516663,
  "facial_symmetry_max": 0.999866247177124,
  "face_width_height_ratio_mean": 0.6092954277992249,
  "face_width_height_ratio_std": 0.055556438863277435,
  "face_width_height_ratio_median": 0.6095626354217529,
  "face_width_height_ratio_max": 0.8002837300300598,
  "eye_spacing_ratio_mean": 0.6399752497673035,
  "eye_spacing_ratio_std": 0.024506833404302597,
  "eye_spacing_ratio_median": 0.6381182670593262,
  "eye_spacing_ratio_max": 0.7315012812614441,
  "jaw_ratio_mean": 0.8059162497520447,
  "jaw_ratio_std": 0.02135268971323967,
  "jaw_ratio_median": 0.8041172623634338,
  "jaw_ratio_max": 0.8909407258033752,
  "smile_intensity_mean": 0.5168154835700989,
  "smile_intensity_std": 0.3582760691642761,
  "smile_intensity_median": 0.6122280955314636,
  "smile_intensity_max": 1.0,
  "eye_contact_mean": 0.9711742997169495,
  "eye_contact_std": 0.026979131624102592,
  "eye_contact_median": 0.9780021905899048,
  "eye_contact_max": 0.9999948143959045,
  "eye_openness_mean": 0.8156147599220276,
  "eye_openness_std": 0.21405652165412903,
  "eye_openness_median": 0.9288618564605713,
  "eye_openness_max": 1.0,
  "gaze_stability_mean": 0.9879535436630249,
  "gaze_stability_std": 0.016470056027173996,
  "gaze_stability_median": 0.9934865236282349,
  "gaze_stability_max": 1.0,
  "head_tilt_mean": 0.11588732153177261,
  "head_tilt_std": 0.13616281747817993,
  "head_tilt_median": 0.06359897553920746,
  "head_tilt_max": 0.7505418062210083,
  "expression_speed_mean": 0.25919482111930847,
  "expression_speed_std": 0.2589665353298187,
  "expression_speed_median": 0.16193023324012756,
  "expression_speed_max": 1.0,
  "happy_mean": 0.37125781178474426,
  "happy_std": 0.4357602298259735,
  "happy_median": 0.053184717893600464,
  "happy_max": 0.9999338984489441,
  "neutral_mean": 0.2701258361339569,
  "neutral_std": 0.37219923734664917,
  "neutral_median": 0.028101108968257904,
  "neutral_max": 0.9999859929084778,
  "surprise_mean": 0.0383140966296196,
  "surprise_std": 0.13731840252876282,
  "surprise_median": 0.00013426761142909527,
  "surprise_max": 0.9877777099609375,
  "processed_frames": 216.0,
  "video_name": "1 (3).mp4"
}