{
  "facial_symmetry_mean": 0.8935736417770386,
  "facial_symmetry_std": 0.043629445135593414,
  "facial_symmetry_median": 0.8885553479194641,
  "facial_symmetry_max": 0.9952664971351624,
  "face_width_height_ratio_mean": 0.5735621452331543,
  "face_width_height_ratio_std": 0.04541930928826332,
  "face_width_height_ratio_median": 0.5811194777488708,
  "face_width_height_ratio_max": 0.6613844037055969,
  "eye_spacing_ratio_mean": 0.6426255702972412,
  "eye_spacing_ratio_std": 0.026373866945505142,
  "eye_spacing_ratio_median": 0.6463743448257446,
  "eye_spacing_ratio_max": 0.6953818202018738,
  "jaw_ratio_mean": 0.7948215007781982,
  "jaw_ratio_std": 0.015181027352809906,
  "jaw_ratio_median": 0.7931805849075317,
  "jaw_ratio_max": 0.8488300442695618,
  "smile_intensity_mean": 0.6388673186302185,
  "smile_intensity_std": 0.28513360023498535,
  "smile_intensity_median": 0.6438044309616089,
  "smile_intensity_max": 1.0,
  "eye_contact_mean": 0.9533585906028748,
  "eye_contact_std": 0.03101571649312973,
  "eye_contact_median": 0.9462873339653015,
  "eye_contact_max": 0.9992507696151733,
  "eye_openness_mean": 0.8874958753585815,
  "eye_openness_std": 0.2304389625787735,
  "eye_openness_median": 1.0,
  "eye_openness_max": 1.0,
  "gaze_stability_mean": 0.9889545440673828,
  "gaze_stability_std": 0.014549540355801582,
  "gaze_stability_median": 0.9940659999847412,
  "gaze_stability_max": 1.0,
  "head_tilt_mean": 0.07702352851629257,
  "head_tilt_std": 0.048631701618433,
  "head_tilt_median": 0.06671570241451263,
  "head_tilt_max": 0.24291634559631348,
  "expression_speed_mean": 0.18015798926353455,
  "expression_speed_std": 0.20807743072509766,
  "expression_speed_median": 0.10393113642930984,
  "expression_speed_max": 1.0,
  "happy_mean": 0.24488620460033417,
  "happy_std": 0.39389458298683167,
  "happy_median": 0.001240184181369841,
  "happy_max": 0.9999998807907104,
  "neutral_mean": 0.39396214485168457,
  "neutral_std": 0.4244425892829895,
  "neutral_median": 0.11010026931762695,
  "neutral_max": 0.9972121119499207,
  "surprise_mean": 0.0073112561367452145,
  "surprise_std": 0.05459262803196907,
  "surprise_median": 9.328805390396155e-06,
  "surprise_max": 0.5895412564277649,
  "processed_frames": 117.0,
  "video_name": "1 (4).mp4"
}