{
  "facial_symmetry_mean": 0.903348445892334,
  "facial_symmetry_std": 0.07958553731441498,
  "facial_symmetry_median": 0.9258629679679871,
  "facial_symmetry_max": 0.9973273873329163,
  "face_width_height_ratio_mean": 0.615463376045227,
  "face_width_height_ratio_std": 0.04708052799105644,
  "face_width_height_ratio_median": 0.6140134334564209,
  "face_width_height_ratio_max": 0.7981709241867065,
  "eye_spacing_ratio_mean": 0.6399536728858948,
  "eye_spacing_ratio_std": 0.015609469264745712,
  "eye_spacing_ratio_median": 0.6382359266281128,
  "eye_spacing_ratio_max": 0.6945316791534424,
  "jaw_ratio_mean": 0.7941839694976807,
  "jaw_ratio_std": 0.018238477408885956,
  "jaw_ratio_median": 0.7969918847084045,
  "jaw_ratio_max": 0.839962899684906,
  "smile_intensity_mean": 0.44951143860816956,
  "smile_intensity_std": 0.3734743893146515,
  "smile_intensity_median": 0.49421048164367676,
  "smile_intensity_max": 1.0,
  "eye_contact_mean": 0.9563353657722473,
  "eye_contact_std": 0.027670420706272125,
  "eye_contact_median": 0.9609905481338501,
  "eye_contact_max": 0.9989995360374451,
  "eye_openness_mean": 0.9771082401275635,
  "eye_openness_std": 0.059578582644462585,
  "eye_openness_median": 1.0,
  "eye_openness_max": 1.0,
  "gaze_stability_mean": 0.990142822265625,
  "gaze_stability_std": 0.012490451335906982,
  "gaze_stability_median": 0.9952417612075806,
  "gaze_stability_max": 1.0,
  "head_tilt_mean": 0.14285968244075775,
  "head_tilt_std": 0.1247192844748497,
  "head_tilt_median": 0.12327171862125397,
  "head_tilt_max": 0.4340963065624237,
  "expression_speed_mean": 0.12419654428958893,
  "expression_speed_std": 0.2060246467590332,
  "expression_speed_median": 0.04165748506784439,
  "expression_speed_max": 1.0,
  "happy_mean": 0.2625627815723419,
  "happy_std": 0.38957902789115906,
  "happy_median": 0.024712752550840378,
  "happy_max": 0.9999428391456604,
  "neutral_mean": 0.26045137643814087,
  "neutral_std": 0.33995360136032104,
  "neutral_median": 0.012507868930697441,
  "neutral_max": 0.9697492718696594,
  "surprise_mean": 0.07558657974004745,
  "surprise_std": 0.16787375509738922,
  "surprise_median": 0.00042175650014542043,
  "surprise_max": 0.8077283501625061,
  "processed_frames": 70.0,
  "video_name": "1 (5).mp4"
}