{
  "facial_symmetry_mean": 0.8706315755844116,
  "facial_symmetry_std": 0.073746457695961,
  "facial_symmetry_median": 0.870227575302124,
  "facial_symmetry_max": 0.9918926358222961,
  "face_width_height_ratio_mean": 0.6075231432914734,
  "face_width_height_ratio_std": 0.04083177074790001,
  "face_width_height_ratio_median": 0.6031763553619385,
  "face_width_height_ratio_max": 0.7595058679580688,
  "eye_spacing_ratio_mean": 0.6451279520988464,
  "eye_spacing_ratio_std": 0.018923627212643623,
  "eye_spacing_ratio_median": 0.6452697515487671,
  "eye_spacing_ratio_max": 0.7371070981025696,
  "jaw_ratio_mean": 0.7836025357246399,
  "jaw_ratio_std": 0.02339537814259529,
  "jaw_ratio_median": 0.7797695994377136,
  "jaw_ratio_max": 0.8398840427398682,
  "smile_intensity_mean": 0.33409202098846436,
  "smile_intensity_std": 0.29595401883125305,
  "smile_intensity_median": 0.3104606568813324,
  "smile_intensity_max": 1.0,
  "eye_contact_mean": 0.9700278639793396,
  "eye_contact_std": 0.023379407823085785,
  "eye_contact_median": 0.9770376682281494,
  "eye_contact_max": 0.9999307990074158,
  "eye_openness_mean": 0.957550585269928,
  "eye_openness_std": 0.1448742300271988,
  "eye_openness_median": 1.0,
  "eye_openness_max": 1.0,
  "gaze_stability_mean": 0.9903699159622192,
  "gaze_stability_std": 0.016057925298810005,
  "gaze_stability_median": 0.9956487417221069,
  "gaze_stability_max": 1.0,
  "head_tilt_mean": 0.1199970543384552,
  "head_tilt_std": 0.161360502243042,
  "head_tilt_median": 0.08264698088169098,
  "head_tilt_max": 0.7832285761833191,
  "expression_speed_mean": 0.12384586036205292,
  "expression_speed_std": 0.18910305202007294,
  "expression_speed_median": 0.052613820880651474,
  "expression_speed_max": 1.0,
  "happy_mean": 0.31254464387893677,
  "happy_std": 0.4356273114681244,
  "happy_median": 0.002907303860411048,
  "happy_max": 0.9999996423721313,
  "neutral_mean": 0.4126528799533844,
  "neutral_std": 0.4162386357784271,
  "neutral_median": 0.2656536102294922,
  "neutral_max": 0.9999892115592957,
  "surprise_mean": 0.00840529054403305,
  "surprise_std": 0.0566539540886879,
  "surprise_median": 2.899638730013976e-06,
  "surprise_max": 0.6154730916023254,
  "processed_frames": 138.0,
  "video_name": "1 (6).mp4"
}