{
  "facial_symmetry_mean": 0.8952031135559082,
  "facial_symmetry_std": 0.0918375700712204,
  "facial_symmetry_median": 0.9264281392097473,
  "facial_symmetry_max": 0.9999449253082275,
  "face_width_height_ratio_mean": 1.4330111742019653,
  "face_width_height_ratio_std": 0.17674945294857025,
  "face_width_height_ratio_median": 1.4820364713668823,
  "face_width_height_ratio_max": 1.8861294984817505,
  "eye_spacing_ratio_mean": 0.6263972520828247,
  "eye_spacing_ratio_std": 0.03403991088271141,
  "eye_spacing_ratio_median": 0.6253968477249146,
  "eye_spacing_ratio_max": 0.7858254909515381,
  "jaw_ratio_mean": 0.7846449017524719,
  "jaw_ratio_std": 0.024079320952296257,
  "jaw_ratio_median": 0.7797538638114929,
  "jaw_ratio_max": 0.8916469216346741,
  "smile_intensity_mean": 0.23586909472942352,
  "smile_intensity_std": 0.17935410141944885,
  "smile_intensity_median": 0.25963929295539856,
  "smile_intensity_max": 1.0,
  "eye_contact_mean": 0.9683417081832886,
  "eye_contact_std": 0.034980159252882004,
  "eye_contact_median": 0.9855482578277588,
  "eye_contact_max": 0.999967634677887,
  "eye_openness_mean": 0.4186181128025055,
  "eye_openness_std": 0.13844498991966248,
  "eye_openness_median": 0.40715840458869934,
  "eye_openness_max": 0.8136469721794128,
  "gaze_stability_mean": 0.9888007044792175,
  "gaze_stability_std": 0.019182994961738586,
  "gaze_stability_median": 0.9950246214866638,
  "gaze_stability_max": 1.0,
  "head_tilt_mean": 0.05566232651472092,
  "head_tilt_std": 0.06039353832602501,
  "head_tilt_median": 0.04087716341018677,
  "head_tilt_max": 0.2888438105583191,
  "expression_speed_mean": 0.11318191140890121,
  "expression_speed_std": 0.12746815383434296,
  "expression_speed_median": 0.06026873365044594,
  "expression_speed_max": 0.8042016625404358,
  "happy_mean": 0.4041675329208374,
  "happy_std": 0.4505687952041626,
  "happy_median": 0.06321994215250015,
  "happy_max": 0.9999997615814209,
  "neutral_mean": 0.18335938453674316,
  "neutral_std": 0.3154110610485077,
  "neutral_median": 0.0035928403958678246,
  "neutral_max": 0.9999791383743286,
  "surprise_mean": 0.01275624893605709,
  "surprise_std": 0.08287162333726883,
  "surprise_median": 1.0134859849131317e-06,
  "surprise_max": 0.9821494221687317,
  "processed_frames": 241.0,
  "video_name": "1 (7).mp4"
}