{
  "expression_speed_max": 0.9480730380330767,
  "expression_speed_mean": 0.1623101287654468,
  "expression_speed_median": 0.08223563752004079,
  "expression_speed_std": 0.2006047091313771,
  "eye_contact_max": 0.9997102277619498,
  "eye_contact_mean": 0.9659421954836164,
  "eye_contact_median": 0.9706727181162152,
  "eye_contact_std": 0.026580920975123132,
  "eye_openness_max": 0.9733781388827732,
  "eye_openness_mean": 0.8468474873474666,
  "eye_openness_median": 0.9051457515784672,
  "eye_openness_std": 0.15856395555394037,
  "eye_spacing_ratio_max": 0.7386690293039594,
  "eye_spacing_ratio_mean": 0.6416258471352714,
  "eye_spacing_ratio_median": 0.6411191650799343,
  "eye_spacing_ratio_std": 0.024271020931856974,
  "face_width_height_ratio_max": 0.9589506047112601,
  "face_width_height_ratio_mean": 0.7283596822193691,
  "face_width_height_ratio_median": 0.731503461088453,
  "face_width_height_ratio_std": 0.07285697226013456,
  "facial_symmetry_max": 0.997704701764243,
  "facial_symmetry_mean": 0.8988507815769741,
  "facial_symmetry_median": 0.9123465929712568,
  "facial_symmetry_std": 0.07048494634883744,
  "gaze_stability_max": 1.0,
  "gaze_stability_mean": 0.9897302559443882,
  "gaze_stability_median": 0.9948678697858538,
  "gaze_stability_std": 0.014487432848129953,
  "happy_max": 0.9980177112988063,
  "happy_mean": 0.29678261280059814,
  "happy_median": 0.021316111852814044,
  "happy_std": 0.4077746740409306,
  "head_tilt_max": 0.6098602967602866,
  "head_tilt_mean": 0.12229794370276588,
  "head_tilt_median": 0.07361183209078652,
  "head_tilt_std": 0.14477647308792388,
  "jaw_ratio_max": 0.8594514386994498,
  "jaw_ratio_mean": 0.7902330074991498,
  "jaw_ratio_median": 0.7880949122565133,
  "jaw_ratio_std": 0.02027888037264347,
  "neutral_max": 0.9943782005991254,
  "neutral_mean": 0.3052244037389755,
  "neutral_median": 0.11511079341705356,
  "neutral_std": 0.36527114255087717,
  "processed_frames": 147.14285714285714,
  "smile_intensity_max": 0.9763304591178894,
  "smile_intensity_mean": 0.4219653925725392,
  "smile_intensity_median": 0.4523066920893533,
  "smile_intensity_std": 0.2917873369795935,
  "surprise_max": 0.7581331176417214,
  "surprise_mean": 0.030856418755969832,
  "surprise_median": 9.400816142195774e-05,
  "surprise_std": 0.10641647077032498,
  "video_count": 7.0,
  "valid_video_count": 7.0,
  "valid_video_ratio": 1.0,
  "total_processed_frames": 1030.0,
  "avg_processed_frames": 147.14285714285714,
  "quality_score": 0.9923809523809524,
  "person_name": "Nagasawa Masami"
}