{
  "facial_symmetry_mean": 0.8157959580421448,
  "facial_symmetry_std": 0.08593223243951797,
  "facial_symmetry_median": 0.8254205584526062,
  "facial_symmetry_max": 0.9773387908935547,
  "face_width_height_ratio_mean": 0.8087027072906494,
  "face_width_height_ratio_std": 0.05564645677804947,
  "face_width_height_ratio_median": 0.8085863590240479,
  "face_width_height_ratio_max": 1.0179073810577393,
  "eye_spacing_ratio_mean": 0.6593924164772034,
  "eye_spacing_ratio_std": 0.02073679119348526,
  "eye_spacing_ratio_median": 0.6556365489959717,
  "eye_spacing_ratio_max": 0.7278586030006409,
  "jaw_ratio_mean": 0.7967886328697205,
  "jaw_ratio_std": 0.020424028858542442,
  "jaw_ratio_median": 0.7972139120101929,
  "jaw_ratio_max": 0.8367332816123962,
  "smile_intensity_mean": 0.3248947858810425,
  "smile_intensity_std": 0.3012548089027405,
  "smile_intensity_median": 0.2787710428237915,
  "smile_intensity_max": 1.0,
  "eye_contact_mean": 0.9409098625183105,
  "eye_contact_std": 0.04820478335022926,
  "eye_contact_median": 0.9599901437759399,
  "eye_contact_max": 0.9952172636985779,
  "eye_openness_mean": 0.9255063533782959,
  "eye_openness_std": 0.12349121272563934,
  "eye_openness_median": 1.0,
  "eye_openness_max": 1.0,
  "gaze_stability_mean": 0.98722904920578,
  "gaze_stability_std": 0.019817674532532692,
  "gaze_stability_median": 0.9932087659835815,
  "gaze_stability_max": 1.0,
  "head_tilt_mean": 0.12969225645065308,
  "head_tilt_std": 0.1483795940876007,
  "head_tilt_median": 0.07429026067256927,
  "head_tilt_max": 0.6158286333084106,
  "expression_speed_mean": 0.22964179515838623,
  "expression_speed_std": 0.2433873564004898,
  "expression_speed_median": 0.13217461109161377,
  "expression_speed_max": 0.9040161967277527,
  "happy_mean": 0.20183759927749634,
  "happy_std": 0.3659249544143677,
  "happy_median": 0.002789074555039406,
  "happy_max": 0.999995231628418,
  "neutral_mean": 0.2569100260734558,
  "neutral_std": 0.3201083838939667,
  "neutral_median": 0.12298164516687393,
  "neutral_max": 0.9883151054382324,
  "surprise_mean": 0.008164366707205772,
  "surprise_std": 0.027643557637929916,
  "surprise_median": 3.7552163121290505e-05,
  "surprise_max": 0.17429353296756744,
  "processed_frames": 68.0,
  "video_name": "1 (2).mp4"
}