{
  "facial_symmetry_mean": 0.8800814747810364,
  "facial_symmetry_std": 0.0770958811044693,
  "facial_symmetry_median": 0.8740285634994507,
  "facial_symmetry_max": 0.9973969459533691,
  "face_width_height_ratio_mean": 0.8009222149848938,
  "face_width_height_ratio_std": 0.08346068859100342,
  "face_width_height_ratio_median": 0.8149111866950989,
  "face_width_height_ratio_max": 1.0369685888290405,
  "eye_spacing_ratio_mean": 0.6541504859924316,
  "eye_spacing_ratio_std": 0.024090072140097618,
  "eye_spacing_ratio_median": 0.6595678925514221,
  "eye_spacing_ratio_max": 0.720268964767456,
  "jaw_ratio_mean": 0.820818305015564,
  "jaw_ratio_std": 0.03089454583823681,
  "jaw_ratio_median": 0.8264379501342773,
  "jaw_ratio_max": 0.8988690972328186,
  "smile_intensity_mean": 0.3449660837650299,
  "smile_intensity_std": 0.31338340044021606,
  "smile_intensity_median": 0.41187626123428345,
  "smile_intensity_max": 1.0,
  "eye_contact_mean": 0.9378781318664551,
  "eye_contact_std": 0.03608331084251404,
  "eye_contact_median": 0.9258331656455994,
  "eye_contact_max": 0.9989784359931946,
  "eye_openness_mean": 0.862611711025238,
  "eye_openness_std": 0.21255795657634735,
  "eye_openness_median": 1.0,
  "eye_openness_max": 1.0,
  "gaze_stability_mean": 0.9865275621414185,
  "gaze_stability_std": 0.01969609409570694,
  "gaze_stability_median": 0.9937329292297363,
  "gaze_stability_max": 1.0,
  "head_tilt_mean": 0.20805624127388,
  "head_tilt_std": 0.15193577110767365,
  "head_tilt_median": 0.2012971043586731,
  "head_tilt_max": 0.5319154262542725,
  "expression_speed_mean": 0.15302973985671997,
  "expression_speed_std": 0.18536286056041718,
  "expression_speed_median": 0.062080733478069305,
  "expression_speed_max": 0.6749836206436157,
  "happy_mean": 0.5957357287406921,
  "happy_std": 0.4312661290168762,
  "happy_median": 0.8015751838684082,
  "happy_max": 0.9999762773513794,
  "neutral_mean": 0.13427157700061798,
  "neutral_std": 0.29906243085861206,
  "neutral_median": 0.001959444023668766,
  "neutral_max": 0.9970003962516785,
  "surprise_mean": 0.04090207442641258,
  "surprise_std": 0.1162683516740799,
  "surprise_median": 2.9994316719239578e-05,
  "surprise_max": 0.6910959482192993,
  "processed_frames": 98.0,
  "video_name": "1 (3).mp4"
}