{
  "facial_symmetry_mean": 0.8560116291046143,
  "facial_symmetry_std": 0.06180597469210625,
  "facial_symmetry_median": 0.8737585544586182,
  "facial_symmetry_max": 0.9989782571792603,
  "face_width_height_ratio_mean": 0.6250023245811462,
  "face_width_height_ratio_std": 0.043297674506902695,
  "face_width_height_ratio_median": 0.6076961159706116,
  "face_width_height_ratio_max": 0.805783748626709,
  "eye_spacing_ratio_mean": 0.6709984540939331,
  "eye_spacing_ratio_std": 0.03391024097800255,
  "eye_spacing_ratio_median": 0.6669660210609436,
  "eye_spacing_ratio_max": 0.7514013051986694,
  "jaw_ratio_mean": 0.7930326461791992,
  "jaw_ratio_std": 0.028372107073664665,
  "jaw_ratio_median": 0.7999345660209656,
  "jaw_ratio_max": 0.8499928116798401,
  "smile_intensity_mean": 0.39390653371810913,
  "smile_intensity_std": 0.2675887644290924,
  "smile_intensity_median": 0.4342537820339203,
  "smile_intensity_max": 0.8422515392303467,
  "eye_contact_mean": 0.9528664350509644,
  "eye_contact_std": 0.03185564652085304,
  "eye_contact_median": 0.9563195109367371,
  "eye_contact_max": 0.9972974061965942,
  "eye_openness_mean": 0.7918970584869385,
  "eye_openness_std": 0.2582293152809143,
  "eye_openness_median": 1.0,
  "eye_openness_max": 1.0,
  "gaze_stability_mean": 0.9876601099967957,
  "gaze_stability_std": 0.012913324870169163,
  "gaze_stability_median": 0.9915585517883301,
  "gaze_stability_max": 1.0,
  "head_tilt_mean": 0.18175381422042847,
  "head_tilt_std": 0.1489514708518982,
  "head_tilt_median": 0.1300528645515442,
  "head_tilt_max": 0.5879570245742798,
  "expression_speed_mean": 0.18819233775138855,
  "expression_speed_std": 0.20877821743488312,
  "expression_speed_median": 0.09611805528402328,
  "expression_speed_max": 0.7988967299461365,
  "happy_mean": 0.2612307369709015,
  "happy_std": 0.3926556706428528,
  "happy_median": 0.00024069494975265115,
  "happy_max": 0.9995419979095459,
  "neutral_mean": 0.17495277523994446,
  "neutral_std": 0.2797833979129791,
  "neutral_median": 0.015745840966701508,
  "neutral_max": 0.9925447702407837,
  "surprise_mean": 0.00010583475523162633,
  "surprise_std": 0.00034230915480293334,
  "surprise_median": 6.663370299975213e-07,
  "surprise_max": 0.0022020491305738688,
  "processed_frames": 75.0,
  "video_name": "1 (4).mp4"
}