{
  "facial_symmetry_mean": 0.9004896283149719,
  "facial_symmetry_std": 0.04803574085235596,
  "facial_symmetry_median": 0.9201467037200928,
  "facial_symmetry_max": 0.9965299963951111,
  "face_width_height_ratio_mean": 0.8410050272941589,
  "face_width_height_ratio_std": 0.06011711061000824,
  "face_width_height_ratio_median": 0.8469594717025757,
  "face_width_height_ratio_max": 1.1095160245895386,
  "eye_spacing_ratio_mean": 0.6545888781547546,
  "eye_spacing_ratio_std": 0.020543629303574562,
  "eye_spacing_ratio_median": 0.6594444513320923,
  "eye_spacing_ratio_max": 0.7095252871513367,
  "jaw_ratio_mean": 0.7840383052825928,
  "jaw_ratio_std": 0.02470121718943119,
  "jaw_ratio_median": 0.7888346910476685,
  "jaw_ratio_max": 0.8287792801856995,
  "smile_intensity_mean": 0.12192120403051376,
  "smile_intensity_std": 0.19181929528713226,
  "smile_intensity_median": 0.009843304753303528,
  "smile_intensity_max": 0.699418306350708,
  "eye_contact_mean": 0.957344114780426,
  "eye_contact_std": 0.025278987362980843,
  "eye_contact_median": 0.9574631452560425,
  "eye_contact_max": 0.998943567276001,
  "eye_openness_mean": 0.8660514950752258,
  "eye_openness_std": 0.18195219337940216,
  "eye_openness_median": 1.0,
  "eye_openness_max": 1.0,
  "gaze_stability_mean": 0.9948356747627258,
  "gaze_stability_std": 0.010023355484008789,
  "gaze_stability_median": 0.9976527094841003,
  "gaze_stability_max": 1.0,
  "head_tilt_mean": 0.19838376343250275,
  "head_tilt_std": 0.16435639560222626,
  "head_tilt_median": 0.193583145737648,
  "head_tilt_max": 0.49290522933006287,
  "expression_speed_mean": 0.05629056692123413,
  "expression_speed_std": 0.12697488069534302,
  "expression_speed_median": 0.012119182385504246,
  "expression_speed_max": 0.8173753023147583,
  "happy_mean": 0.2627868056297302,
  "happy_std": 0.3935162425041199,
  "happy_median": 0.0060613383539021015,
  "happy_max": 0.9999117851257324,
  "neutral_mean": 0.47647422552108765,
  "neutral_std": 0.39828816056251526,
  "neutral_median": 0.4371456503868103,
  "neutral_max": 0.9999921321868896,
  "surprise_mean": 0.009282393380999565,
  "surprise_std": 0.034269943833351135,
  "surprise_median": 3.6327332963992376e-06,
  "surprise_max": 0.3153681755065918,
  "processed_frames": 294.0,
  "video_name": "1 (6).mp4"
}