{
  "facial_symmetry_mean": 0.8529637455940247,
  "facial_symmetry_std": 0.09646286070346832,
  "facial_symmetry_median": 0.8917036056518555,
  "facial_symmetry_max": 0.9868986010551453,
  "face_width_height_ratio_mean": 0.9995658993721008,
  "face_width_height_ratio_std": 0.08031581342220306,
  "face_width_height_ratio_median": 0.9891554117202759,
  "face_width_height_ratio_max": 1.3124388456344604,
  "eye_spacing_ratio_mean": 0.6762874722480774,
  "eye_spacing_ratio_std": 0.027036236599087715,
  "eye_spacing_ratio_median": 0.6740068197250366,
  "eye_spacing_ratio_max": 0.7647097110748291,
  "jaw_ratio_mean": 0.7996246814727783,
  "jaw_ratio_std": 0.028585851192474365,
  "jaw_ratio_median": 0.8111667037010193,
  "jaw_ratio_max": 0.8448741436004639,
  "smile_intensity_mean": 0.17633529007434845,
  "smile_intensity_std": 0.17695097625255585,
  "smile_intensity_median": 0.09708097577095032,
  "smile_intensity_max": 0.6781690120697021,
  "eye_contact_mean": 0.9331833720207214,
  "eye_contact_std": 0.04510784521698952,
  "eye_contact_median": 0.9273275136947632,
  "eye_contact_max": 0.9980822205543518,
  "eye_openness_mean": 0.9418107271194458,
  "eye_openness_std": 0.1722109168767929,
  "eye_openness_median": 1.0,
  "eye_openness_max": 1.0,
  "gaze_stability_mean": 0.9779872298240662,
  "gaze_stability_std": 0.03241897374391556,
  "gaze_stability_median": 0.9899808764457703,
  "gaze_stability_max": 1.0,
  "head_tilt_mean": 0.24732540547847748,
  "head_tilt_std": 0.17365024983882904,
  "head_tilt_median": 0.21417081356048584,
  "head_tilt_max": 0.6198561191558838,
  "expression_speed_mean": 0.10163538157939911,
  "expression_speed_std": 0.14856193959712982,
  "expression_speed_median": 0.033543504774570465,
  "expression_speed_max": 0.7249687314033508,
  "happy_mean": 0.2816007435321808,
  "happy_std": 0.4131505489349365,
  "happy_median": 0.018889663740992546,
  "happy_max": 0.9997022747993469,
  "neutral_mean": 0.41986286640167236,
  "neutral_std": 0.4159148633480072,
  "neutral_median": 0.22064487636089325,
  "neutral_max": 0.9981564879417419,
  "surprise_mean": 0.026155663654208183,
  "surprise_std": 0.11850474774837494,
  "surprise_median": 3.6981200537411496e-05,
  "surprise_max": 0.7075297236442566,
  "processed_frames": 77.0,
  "video_name": "1.mp4"
}