{
  "facial_symmetry_mean": 0.8201271295547485,
  "facial_symmetry_std": 0.12068255990743637,
  "facial_symmetry_median": 0.8343830108642578,
  "facial_symmetry_max": 0.9961358904838562,
  "face_width_height_ratio_mean": 1.0153764486312866,
  "face_width_height_ratio_std": 0.11965660005807877,
  "face_width_height_ratio_median": 1.0036303997039795,
  "face_width_height_ratio_max": 1.3165066242218018,
  "eye_spacing_ratio_mean": 0.6455472707748413,
  "eye_spacing_ratio_std": 0.027655456215143204,
  "eye_spacing_ratio_median": 0.6508797407150269,
  "eye_spacing_ratio_max": 0.6954606175422668,
  "jaw_ratio_mean": 0.7632218599319458,
  "jaw_ratio_std": 0.02371812053024769,
  "jaw_ratio_median": 0.763746976852417,
  "jaw_ratio_max": 0.8442205190658569,
  "smile_intensity_mean": 0.28290075063705444,
  "smile_intensity_std": 0.23806998133659363,
  "smile_intensity_median": 0.31982237100601196,
  "smile_intensity_max": 1.0,
  "eye_contact_mean": 0.9398220777511597,
  "eye_contact_std": 0.04797889664769173,
  "eye_contact_median": 0.9512834548950195,
  "eye_contact_max": 0.9964514970779419,
  "eye_openness_mean": 0.8829017877578735,
  "eye_openness_std": 0.20206402242183685,
  "eye_openness_median": 1.0,
  "eye_openness_max": 1.0,
  "gaze_stability_mean": 0.9728686809539795,
  "gaze_stability_std": 0.034649044275283813,
  "gaze_stability_median": 0.983859658241272,
  "gaze_stability_max": 1.0,
  "head_tilt_mean": 0.2281571328639984,
  "head_tilt_std": 0.1625424027442932,
  "head_tilt_median": 0.2003583312034607,
  "head_tilt_max": 0.6360036134719849,
  "expression_speed_mean": 0.2576291263103485,
  "expression_speed_std": 0.25433117151260376,
  "expression_speed_median": 0.13941913843154907,
  "expression_speed_max": 1.0,
  "happy_mean": 0.22071672976016998,
  "happy_std": 0.3638705909252167,
  "happy_median": 0.002170247957110405,
  "happy_max": 0.9992814660072327,
  "neutral_mean": 0.14727899432182312,
  "neutral_std": 0.23925650119781494,
  "neutral_median": 0.01350417546927929,
  "neutral_max": 0.9826043248176575,
  "surprise_mean": 0.03640403226017952,
  "surprise_std": 0.13901881873607635,
  "surprise_median": 0.0003928524674847722,
  "surprise_max": 0.8719092607498169,
  "processed_frames": 42.0,
  "video_name": "1 (2).mp4"
}