{
  "facial_symmetry_mean": 0.9372745156288147,
  "facial_symmetry_std": 0.04694175347685814,
  "facial_symmetry_median": 0.9447744488716125,
  "facial_symmetry_max": 0.9994977116584778,
  "face_width_height_ratio_mean": 1.4247187376022339,
  "face_width_height_ratio_std": 0.17106518149375916,
  "face_width_height_ratio_median": 1.4362739324569702,
  "face_width_height_ratio_max": 1.7498480081558228,
  "eye_spacing_ratio_mean": 0.6619012951850891,
  "eye_spacing_ratio_std": 0.017356863245368004,
  "eye_spacing_ratio_median": 0.6639061570167542,
  "eye_spacing_ratio_max": 0.7276280522346497,
  "jaw_ratio_mean": 0.7431761026382446,
  "jaw_ratio_std": 0.018741944804787636,
  "jaw_ratio_median": 0.7390088438987732,
  "jaw_ratio_max": 0.7933056354522705,
  "smile_intensity_mean": 0.11359613388776779,
  "smile_intensity_std": 0.14728571474552155,
  "smile_intensity_median": 0.022721072658896446,
  "smile_intensity_max": 0.48475947976112366,
  "eye_contact_mean": 0.9738776683807373,
  "eye_contact_std": 0.015942655503749847,
  "eye_contact_median": 0.976371169090271,
  "eye_contact_max": 0.9991772770881653,
  "eye_openness_mean": 0.5216749310493469,
  "eye_openness_std": 0.12490126490592957,
  "eye_openness_median": 0.5041393637657166,
  "eye_openness_max": 0.7504284381866455,
  "gaze_stability_mean": 0.9928320646286011,
  "gaze_stability_std": 0.008509564213454723,
  "gaze_stability_median": 0.9952595233917236,
  "gaze_stability_max": 1.0,
  "head_tilt_mean": 0.0945434421300888,
  "head_tilt_std": 0.07681020349264145,
  "head_tilt_median": 0.07836401462554932,
  "head_tilt_max": 0.24367541074752808,
  "expression_speed_mean": 0.1498352736234665,
  "expression_speed_std": 0.1554068624973297,
  "expression_speed_median": 0.06969670206308365,
  "expression_speed_max": 0.5755882263183594,
  "happy_mean": 0.17416054010391235,
  "happy_std": 0.2886064350605011,
  "happy_median": 0.007357113994657993,
  "happy_max": 1.0,
  "neutral_mean": 0.37478989362716675,
  "neutral_std": 0.3539510667324066,
  "neutral_median": 0.302945077419281,
  "neutral_max": 0.9998903274536133,
  "surprise_mean": 0.021925063803792,
  "surprise_std": 0.07906245440244675,
  "surprise_median": 1.1007557077391539e-05,
  "surprise_max": 0.4495816230773926,
  "processed_frames": 63.0,
  "video_name": "1 (3).mp4"
}