{
  "facial_symmetry_mean": 0.8777190446853638,
  "facial_symmetry_std": 0.06768053025007248,
  "facial_symmetry_median": 0.8682450652122498,
  "facial_symmetry_max": 0.9953210353851318,
  "face_width_height_ratio_mean": 0.6213118433952332,
  "face_width_height_ratio_std": 0.10731256008148193,
  "face_width_height_ratio_median": 0.6261186599731445,
  "face_width_height_ratio_max": 1.1490952968597412,
  "eye_spacing_ratio_mean": 0.6431877613067627,
  "eye_spacing_ratio_std": 0.05326738581061363,
  "eye_spacing_ratio_median": 0.6534978151321411,
  "eye_spacing_ratio_max": 0.6967491507530212,
  "jaw_ratio_mean": 0.7562153339385986,
  "jaw_ratio_std": 0.024833528324961662,
  "jaw_ratio_median": 0.749376654624939,
  "jaw_ratio_max": 0.8440585732460022,
  "smile_intensity_mean": 0.42329174280166626,
  "smile_intensity_std": 0.25030073523521423,
  "smile_intensity_median": 0.4141252636909485,
  "smile_intensity_max": 1.0,
  "eye_contact_mean": 0.9599835276603699,
  "eye_contact_std": 0.0392359159886837,
  "eye_contact_median": 0.9723891019821167,
  "eye_contact_max": 0.9989074468612671,
  "eye_openness_mean": 0.9638800024986267,
  "eye_openness_std": 0.11776016652584076,
  "eye_openness_median": 1.0,
  "eye_openness_max": 1.0,
  "gaze_stability_mean": 0.9814354777336121,
  "gaze_stability_std": 0.02952435426414013,
  "gaze_stability_median": 0.9926934242248535,
  "gaze_stability_max": 1.0,
  "head_tilt_mean": 0.15922775864601135,
  "head_tilt_std": 0.1952202320098877,
  "head_tilt_median": 0.10815925896167755,
  "head_tilt_max": 0.7690041065216064,
  "expression_speed_mean": 0.204816073179245,
  "expression_speed_std": 0.22267469763755798,
  "expression_speed_median": 0.07721275836229324,
  "expression_speed_max": 0.7497569918632507,
  "happy_mean": 0.2878369390964508,
  "happy_std": 0.3722928464412689,
  "happy_median": 0.0822579488158226,
  "happy_max": 0.9844722747802734,
  "neutral_mean": 0.3195347487926483,
  "neutral_std": 0.298056036233902,
  "neutral_median": 0.27348801493644714,
  "neutral_max": 0.9880144000053406,
  "surprise_mean": 0.01660117693245411,
  "surprise_std": 0.051430437713861465,
  "surprise_median": 1.7673837646725588e-05,
  "surprise_max": 0.2957281470298767,
  "processed_frames": 52.0,
  "video_name": "1 (4).mp4"
}