{
  "facial_symmetry_mean": 0.8402377367019653,
  "facial_symmetry_std": 0.09821119159460068,
  "facial_symmetry_median": 0.7853966951370239,
  "facial_symmetry_max": 0.9984725713729858,
  "face_width_height_ratio_mean": 1.015586256980896,
  "face_width_height_ratio_std": 0.1469317525625229,
  "face_width_height_ratio_median": 1.0479000806808472,
  "face_width_height_ratio_max": 1.1596863269805908,
  "eye_spacing_ratio_mean": 0.6357375979423523,
  "eye_spacing_ratio_std": 0.03754310682415962,
  "eye_spacing_ratio_median": 0.6466231346130371,
  "eye_spacing_ratio_max": 0.6960363984107971,
  "jaw_ratio_mean": 0.749068558216095,
  "jaw_ratio_std": 0.02013302966952324,
  "jaw_ratio_median": 0.7433309555053711,
  "jaw_ratio_max": 0.8035041689872742,
  "smile_intensity_mean": 0.03239813446998596,
  "smile_intensity_std": 0.03930487483739853,
  "smile_intensity_median": 0.014011109247803688,
  "smile_intensity_max": 0.2015651911497116,
  "eye_contact_mean": 0.937580943107605,
  "eye_contact_std": 0.04741813614964485,
  "eye_contact_median": 0.9403760433197021,
  "eye_contact_max": 0.9974106550216675,
  "eye_openness_mean": 0.8723419308662415,
  "eye_openness_std": 0.14963394403457642,
  "eye_openness_median": 0.9510331153869629,
  "eye_openness_max": 1.0,
  "gaze_stability_mean": 0.9829652905464172,
  "gaze_stability_std": 0.022485965862870216,
  "gaze_stability_median": 0.9923210144042969,
  "gaze_stability_max": 1.0,
  "head_tilt_mean": 0.03678661212325096,
  "head_tilt_std": 0.0343032069504261,
  "head_tilt_median": 0.02677425742149353,
  "head_tilt_max": 0.14018476009368896,
  "expression_speed_mean": 0.09722395241260529,
  "expression_speed_std": 0.12327134609222412,
  "expression_speed_median": 0.048401445150375366,
  "expression_speed_max": 0.5918362140655518,
  "happy_mean": 0.005619377829134464,
  "happy_std": 0.02039085328578949,
  "happy_median": 0.0006188591942191124,
  "happy_max": 0.15917204320430756,
  "neutral_mean": 0.23175185918807983,
  "neutral_std": 0.29868456721305847,
  "neutral_median": 0.10389495640993118,
  "neutral_max": 0.9886394739151001,
  "surprise_mean": 0.02000983990728855,
  "surprise_std": 0.06401816010475159,
  "surprise_median": 0.00011372588051017374,
  "surprise_max": 0.3398175835609436,
  "processed_frames": 62.0,
  "video_name": "1 (6).mp4"
}