{
  "facial_symmetry_mean": 0.876683235168457,
  "facial_symmetry_std": 0.0663556382060051,
  "facial_symmetry_median": 0.8678584098815918,
  "facial_symmetry_max": 0.997094452381134,
  "face_width_height_ratio_mean": 0.815635085105896,
  "face_width_height_ratio_std": 0.062173083424568176,
  "face_width_height_ratio_median": 0.8391073942184448,
  "face_width_height_ratio_max": 1.067824363708496,
  "eye_spacing_ratio_mean": 0.6427673101425171,
  "eye_spacing_ratio_std": 0.033872365951538086,
  "eye_spacing_ratio_median": 0.6467767357826233,
  "eye_spacing_ratio_max": 0.7170231938362122,
  "jaw_ratio_mean": 0.7567523121833801,
  "jaw_ratio_std": 0.012756871990859509,
  "jaw_ratio_median": 0.7541239857673645,
  "jaw_ratio_max": 0.8110540509223938,
  "smile_intensity_mean": 0.11729904264211655,
  "smile_intensity_std": 0.11691373586654663,
  "smile_intensity_median": 0.07569002360105515,
  "smile_intensity_max": 0.46190908551216125,
  "eye_contact_mean": 0.9680910706520081,
  "eye_contact_std": 0.04084714129567146,
  "eye_contact_median": 0.9853180646896362,
  "eye_contact_max": 0.9998778700828552,
  "eye_openness_mean": 0.9992731213569641,
  "eye_openness_std": 0.005251424387097359,
  "eye_openness_median": 1.0,
  "eye_openness_max": 1.0,
  "gaze_stability_mean": 0.9910150766372681,
  "gaze_stability_std": 0.022402504459023476,
  "gaze_stability_median": 0.9961532354354858,
  "gaze_stability_max": 1.0,
  "head_tilt_mean": 0.11303872615098953,
  "head_tilt_std": 0.0981755182147026,
  "head_tilt_median": 0.07285386323928833,
  "head_tilt_max": 0.36308789253234863,
  "expression_speed_mean": 0.04576816037297249,
  "expression_speed_std": 0.06444146484136581,
  "expression_speed_median": 0.0201102402061224,
  "expression_speed_max": 0.3483649492263794,
  "happy_mean": 0.12182546406984329,
  "happy_std": 0.24936366081237793,
  "happy_median": 0.006657249294221401,
  "happy_max": 0.9931719303131104,
  "neutral_mean": 0.47494077682495117,
  "neutral_std": 0.38720884919166565,
  "neutral_median": 0.4685842990875244,
  "neutral_max": 0.9736672639846802,
  "surprise_mean": 0.003996953368186951,
  "surprise_std": 0.033270616084337234,
  "surprise_median": 0.000152416032506153,
  "surprise_max": 0.3871331512928009,
  "processed_frames": 135.0,
  "video_name": "1.mp4"
}