{
  "facial_symmetry_mean": 0.9300269484519958,
  "facial_symmetry_std": 0.055582690984010696,
  "facial_symmetry_median": 0.9459394216537476,
  "facial_symmetry_max": 0.9977837204933167,
  "face_width_height_ratio_mean": 0.6351814270019531,
  "face_width_height_ratio_std": 0.039137791842222214,
  "face_width_height_ratio_median": 0.6351121664047241,
  "face_width_height_ratio_max": 0.7697980999946594,
  "eye_spacing_ratio_mean": 0.6517078280448914,
  "eye_spacing_ratio_std": 0.02489275485277176,
  "eye_spacing_ratio_median": 0.6477054357528687,
  "eye_spacing_ratio_max": 0.762048602104187,
  "jaw_ratio_mean": 0.7985966801643372,
  "jaw_ratio_std": 0.020654326304793358,
  "jaw_ratio_median": 0.7978062033653259,
  "jaw_ratio_max": 0.8600962162017822,
  "smile_intensity_mean": 0.32279491424560547,
  "smile_intensity_std": 0.2970353662967682,
  "smile_intensity_median": 0.24243813753128052,
  "smile_intensity_max": 1.0,
  "eye_contact_mean": 0.9755305051803589,
  "eye_contact_std": 0.01685762219130993,
  "eye_contact_median": 0.980380654335022,
  "eye_contact_max": 0.9997619390487671,
  "eye_openness_mean": 0.8709263205528259,
  "eye_openness_std": 0.20178861916065216,
  "eye_openness_median": 1.0,
  "eye_openness_max": 1.0,
  "gaze_stability_mean": 0.9893355369567871,
  "gaze_stability_std": 0.011903089471161366,
  "gaze_stability_median": 0.9936400055885315,
  "gaze_stability_max": 1.0,
  "head_tilt_mean": 0.059875085949897766,
  "head_tilt_std": 0.04810803756117821,
  "head_tilt_median": 0.04479400813579559,
  "head_tilt_max": 0.21165430545806885,
  "expression_speed_mean": 0.1551399827003479,
  "expression_speed_std": 0.17125478386878967,
  "expression_speed_median": 0.08040152490139008,
  "expression_speed_max": 0.7124786972999573,
  "happy_mean": 0.2701219618320465,
  "happy_std": 0.38348060846328735,
  "happy_median": 0.009008247405290604,
  "happy_max": 0.9999958872795105,
  "neutral_mean": 0.21360453963279724,
  "neutral_std": 0.3183650076389313,
  "neutral_median": 0.023810647428035736,
  "neutral_max": 0.999393880367279,
  "surprise_mean": 0.07803350687026978,
  "surprise_std": 0.21442918479442596,
  "surprise_median": 0.00010593126353342086,
  "surprise_max": 0.9465901255607605,
  "processed_frames": 90.0,
  "video_name": "1.mp4"
}