{
  "facial_symmetry_mean": 0.8209213614463806,
  "facial_symmetry_std": 0.14949393272399902,
  "facial_symmetry_median": 0.8461568355560303,
  "facial_symmetry_max": 0.9962055087089539,
  "face_width_height_ratio_mean": 1.3026154041290283,
  "face_width_height_ratio_std": 0.25550577044487,
  "face_width_height_ratio_median": 1.3633756637573242,
  "face_width_height_ratio_max": 1.6230499744415283,
  "eye_spacing_ratio_mean": 0.6422314047813416,
  "eye_spacing_ratio_std": 0.036424148827791214,
  "eye_spacing_ratio_median": 0.6498429775238037,
  "eye_spacing_ratio_max": 0.7300017476081848,
  "jaw_ratio_mean": 0.7937232851982117,
  "jaw_ratio_std": 0.02753097005188465,
  "jaw_ratio_median": 0.7917163372039795,
  "jaw_ratio_max": 0.8556233644485474,
  "smile_intensity_mean": 0.29156365990638733,
  "smile_intensity_std": 0.27137166261672974,
  "smile_intensity_median": 0.25867730379104614,
  "smile_intensity_max": 0.9238919019699097,
  "eye_contact_mean": 0.9230344295501709,
  "eye_contact_std": 0.09572598338127136,
  "eye_contact_median": 0.9773873090744019,
  "eye_contact_max": 0.9998782277107239,
  "eye_openness_mean": 0.5462422966957092,
  "eye_openness_std": 0.28345680236816406,
  "eye_openness_median": 0.49556076526641846,
  "eye_openness_max": 1.0,
  "gaze_stability_mean": 0.9563986659049988,
  "gaze_stability_std": 0.06789767742156982,
  "gaze_stability_median": 0.9859433174133301,
  "gaze_stability_max": 1.0,
  "head_tilt_mean": 0.05897705256938934,
  "head_tilt_std": 0.05026305094361305,
  "head_tilt_median": 0.034539997577667236,
  "head_tilt_max": 0.16868382692337036,
  "expression_speed_mean": 0.2992570400238037,
  "expression_speed_std": 0.24461905658245087,
  "expression_speed_median": 0.20510807633399963,
  "expression_speed_max": 0.8811179995536804,
  "happy_mean": 0.08953223377466202,
  "happy_std": 0.2613934874534607,
  "happy_median": 0.00033228364191018045,
  "happy_max": 0.999876856803894,
  "neutral_mean": 0.14115111529827118,
  "neutral_std": 0.27905017137527466,
  "neutral_median": 0.012242846190929413,
  "neutral_max": 0.999928891658783,
  "surprise_mean": 0.22078172862529755,
  "surprise_std": 0.3733566999435425,
  "surprise_median": 0.0005327304825186729,
  "surprise_max": 0.9988740086555481,
  "processed_frames": 54.0,
  "video_name": "2.mp4"
}