{
  "facial_symmetry_mean": 0.8328917622566223,
  "facial_symmetry_std": 0.06821054220199585,
  "facial_symmetry_median": 0.825008749961853,
  "facial_symmetry_max": 0.9880146384239197,
  "face_width_height_ratio_mean": 0.7530708312988281,
  "face_width_height_ratio_std": 0.10160192102193832,
  "face_width_height_ratio_median": 0.788076639175415,
  "face_width_height_ratio_max": 0.8963283896446228,
  "eye_spacing_ratio_mean": 0.6424837112426758,
  "eye_spacing_ratio_std": 0.04513665288686752,
  "eye_spacing_ratio_median": 0.6563849449157715,
  "eye_spacing_ratio_max": 0.7029650211334229,
  "jaw_ratio_mean": 0.7929272055625916,
  "jaw_ratio_std": 0.024670686572790146,
  "jaw_ratio_median": 0.7921875715255737,
  "jaw_ratio_max": 0.8695232272148132,
  "smile_intensity_mean": 0.323707640171051,
  "smile_intensity_std": 0.2953396439552307,
  "smile_intensity_median": 0.3167416751384735,
  "smile_intensity_max": 1.0,
  "eye_contact_mean": 0.931800901889801,
  "eye_contact_std": 0.05655719339847565,
  "eye_contact_median": 0.9559900760650635,
  "eye_contact_max": 0.9986701607704163,
  "eye_openness_mean": 0.934569776058197,
  "eye_openness_std": 0.12845757603645325,
  "eye_openness_median": 1.0,
  "eye_openness_max": 1.0,
  "gaze_stability_mean": 0.9725231528282166,
  "gaze_stability_std": 0.03863617032766342,
  "gaze_stability_median": 0.991171658039093,
  "gaze_stability_max": 1.0,
  "head_tilt_mean": 0.11413305997848511,
  "head_tilt_std": 0.15604805946350098,
  "head_tilt_median": 0.061569660902023315,
  "head_tilt_max": 0.8334534168243408,
  "expression_speed_mean": 0.15879923105239868,
  "expression_speed_std": 0.22616004943847656,
  "expression_speed_median": 0.055000513792037964,
  "expression_speed_max": 1.0,
  "happy_mean": 0.3345533013343811,
  "happy_std": 0.4479552209377289,
  "happy_median": 0.000386115163564682,
  "happy_max": 1.0,
  "neutral_mean": 0.1161966323852539,
  "neutral_std": 0.2653961479663849,
  "neutral_median": 0.006330394186079502,
  "neutral_max": 0.995621919631958,
  "surprise_mean": 0.0014968831092119217,
  "surprise_std": 0.005994648206979036,
  "surprise_median": 6.999422375031372e-09,
  "surprise_max": 0.029315665364265442,
  "processed_frames": 86.0,
  "video_name": "4.mp4"
}