{
  "facial_symmetry_mean": 0.8864672780036926,
  "facial_symmetry_std": 0.05687142536044121,
  "facial_symmetry_median": 0.8969022035598755,
  "facial_symmetry_max": 0.9843251705169678,
  "face_width_height_ratio_mean": 0.8950912952423096,
  "face_width_height_ratio_std": 0.09383327513933182,
  "face_width_height_ratio_median": 0.9015400409698486,
  "face_width_height_ratio_max": 1.2541502714157104,
  "eye_spacing_ratio_mean": 0.649547278881073,
  "eye_spacing_ratio_std": 0.04024538770318031,
  "eye_spacing_ratio_median": 0.6551231145858765,
  "eye_spacing_ratio_max": 0.7237628102302551,
  "jaw_ratio_mean": 0.787315845489502,
  "jaw_ratio_std": 0.021131444722414017,
  "jaw_ratio_median": 0.7919423580169678,
  "jaw_ratio_max": 0.8197335600852966,
  "smile_intensity_mean": 0.11799941956996918,
  "smile_intensity_std": 0.17300181090831757,
  "smile_intensity_median": 0.017652273178100586,
  "smile_intensity_max": 0.8576860427856445,
  "eye_contact_mean": 0.961594820022583,
  "eye_contact_std": 0.03303541615605354,
  "eye_contact_median": 0.9731714725494385,
  "eye_contact_max": 0.9987574219703674,
  "eye_openness_mean": 0.8239427208900452,
  "eye_openness_std": 0.22694693505764008,
  "eye_openness_median": 0.930813729763031,
  "eye_openness_max": 1.0,
  "gaze_stability_mean": 0.9835712909698486,
  "gaze_stability_std": 0.020722856745123863,
  "gaze_stability_median": 0.9922088384628296,
  "gaze_stability_max": 1.0,
  "head_tilt_mean": 0.05118256434798241,
  "head_tilt_std": 0.04699362814426422,
  "head_tilt_median": 0.03945052623748779,
  "head_tilt_max": 0.24983301758766174,
  "expression_speed_mean": 0.18448618054389954,
  "expression_speed_std": 0.19562220573425293,
  "expression_speed_median": 0.10400031507015228,
  "expression_speed_max": 0.8950358033180237,
  "happy_mean": 0.056198686361312866,
  "happy_std": 0.17401355504989624,
  "happy_median": 0.0002620424493215978,
  "happy_max": 0.9349169731140137,
  "neutral_mean": 0.5888188481330872,
  "neutral_std": 0.3652093708515167,
  "neutral_median": 0.6918623447418213,
  "neutral_max": 0.9978741407394409,
  "surprise_mean": 0.003120667766779661,
  "surprise_std": 0.01731841452419758,
  "surprise_median": 7.900937634985894e-05,
  "surprise_max": 0.15743841230869293,
  "processed_frames": 84.0,
  "video_name": "5.mp4"
}