{
  "expression_speed_max": 0.7922652959823608,
  "expression_speed_mean": 0.18091478198766708,
  "expression_speed_median": 0.09922853708267212,
  "expression_speed_std": 0.193007493019104,
  "eye_contact_max": 0.999341344833374,
  "eye_contact_mean": 0.9510943055152893,
  "eye_contact_median": 0.971177625656128,
  "eye_contact_std": 0.047280367091298105,
  "eye_openness_max": 1.0,
  "eye_openness_mean": 0.8301533102989197,
  "eye_openness_median": 0.8852748990058898,
  "eye_openness_std": 0.17942167073488235,
  "eye_spacing_ratio_max": 0.7261946439743042,
  "eye_spacing_ratio_mean": 0.6487395524978637,
  "eye_spacing_ratio_median": 0.6560507416725159,
  "eye_spacing_ratio_std": 0.03679446503520012,
  "face_width_height_ratio_max": 1.1180074214935303,
  "face_width_height_ratio_mean": 0.8781363844871521,
  "face_width_height_ratio_median": 0.8970981955528259,
  "face_width_height_ratio_std": 0.11760124340653419,
  "facial_symmetry_max": 0.9879710674285889,
  "facial_symmetry_mean": 0.8632814884185791,
  "facial_symmetry_median": 0.871962058544159,
  "facial_symmetry_std": 0.08370634615421295,
  "gaze_stability_max": 1.0,
  "gaze_stability_mean": 0.9779923915863037,
  "gaze_stability_median": 0.9914011597633362,
  "gaze_stability_std": 0.030571293272078037,
  "happy_max": 0.9869579315185547,
  "happy_mean": 0.2543334200978279,
  "happy_median": 0.13716807827004232,
  "happy_std": 0.34143800139427183,
  "head_tilt_max": 0.46626500487327577,
  "head_tilt_mean": 0.09067587181925774,
  "head_tilt_median": 0.06164659559726715,
  "head_tilt_std": 0.09468869268894195,
  "jaw_ratio_max": 0.846299695968628,
  "jaw_ratio_mean": 0.7918986678123474,
  "jaw_ratio_median": 0.7930445551872254,
  "jaw_ratio_std": 0.023554854840040208,
  "neutral_max": 0.991499924659729,
  "neutral_mean": 0.24982934296131135,
  "neutral_median": 0.15436159539967775,
  "neutral_std": 0.30758068561553953,
  "processed_frames": 75.6,
  "smile_intensity_max": 0.8786245584487915,
  "smile_intensity_mean": 0.2609007924795151,
  "smile_intensity_median": 0.20140037536621094,
  "smile_intensity_std": 0.25073395669460297,
  "surprise_max": 0.6016202747821808,
  "surprise_mean": 0.06916086850687861,
  "surprise_median": 0.00014429789897736357,
  "surprise_std": 0.15143967317417265,
  "video_count": 5.0,
  "valid_video_count": 5.0,
  "valid_video_ratio": 1.0,
  "total_processed_frames": 378.0,
  "avg_processed_frames": 75.6,
  "quality_score": 0.8016,
  "person_name": "Hirose Suzu"
}