{
  "facial_symmetry_mean": 0.7585300803184509,
  "facial_symmetry_std": 0.10455948114395142,
  "facial_symmetry_median": 0.7253841161727905,
  "facial_symmetry_max": 0.9827637076377869,
  "face_width_height_ratio_mean": 1.4119770526885986,
  "face_width_height_ratio_std": 0.17197909951210022,
  "face_width_height_ratio_median": 1.4046118259429932,
  "face_width_height_ratio_max": 1.8636362552642822,
  "eye_spacing_ratio_mean": 0.6479204297065735,
  "eye_spacing_ratio_std": 0.02549956925213337,
  "eye_spacing_ratio_median": 0.6410232782363892,
  "eye_spacing_ratio_max": 0.7111304402351379,
  "jaw_ratio_mean": 0.7606671452522278,
  "jaw_ratio_std": 0.023010598495602608,
  "jaw_ratio_median": 0.7574620246887207,
  "jaw_ratio_max": 0.8445394039154053,
  "smile_intensity_mean": 0.08761781454086304,
  "smile_intensity_std": 0.1540985107421875,
  "smile_intensity_median": 0.026306673884391785,
  "smile_intensity_max": 0.6808335781097412,
  "eye_contact_mean": 0.9355452656745911,
  "eye_contact_std": 0.04720481112599373,
  "eye_contact_median": 0.9462651610374451,
  "eye_contact_max": 0.9984866976737976,
  "eye_openness_mean": 0.8818918466567993,
  "eye_openness_std": 0.17641261219978333,
  "eye_openness_median": 1.0,
  "eye_openness_max": 1.0,
  "gaze_stability_mean": 0.9768193364143372,
  "gaze_stability_std": 0.034141864627599716,
  "gaze_stability_median": 0.9888411164283752,
  "gaze_stability_max": 1.0,
  "head_tilt_mean": 0.10410215705633163,
  "head_tilt_std": 0.1188221275806427,
  "head_tilt_median": 0.04152566194534302,
  "head_tilt_max": 0.34011125564575195,
  "expression_speed_mean": 0.13588064908981323,
  "expression_speed_std": 0.18212054669857025,
  "expression_speed_median": 0.0511668436229229,
  "expression_speed_max": 0.742427408695221,
  "happy_mean": 0.03544064983725548,
  "happy_std": 0.08396141976118088,
  "happy_median": 0.0008080958505161107,
  "happy_max": 0.470174103975296,
  "neutral_mean": 0.4158950746059418,
  "neutral_std": 0.3961377441883087,
  "neutral_median": 0.32482635974884033,
  "neutral_max": 0.9965900182723999,
  "surprise_mean": 0.07165717333555222,
  "surprise_std": 0.21532481908798218,
  "surprise_median": 0.00028473258134908974,
  "surprise_max": 0.9992113709449768,
  "processed_frames": 55.0,
  "video_name": "1 (3).mp4"
}