{
  "facial_symmetry_mean": 0.9436309337615967,
  "facial_symmetry_std": 0.049612756818532944,
  "facial_symmetry_median": 0.9567536115646362,
  "facial_symmetry_max": 0.9986864924430847,
  "face_width_height_ratio_mean": 0.7436735033988953,
  "face_width_height_ratio_std": 0.04993106797337532,
  "face_width_height_ratio_median": 0.7397271394729614,
  "face_width_height_ratio_max": 0.9714311957359314,
  "eye_spacing_ratio_mean": 0.6464996337890625,
  "eye_spacing_ratio_std": 0.015154446475207806,
  "eye_spacing_ratio_median": 0.6457536220550537,
  "eye_spacing_ratio_max": 0.7114633917808533,
  "jaw_ratio_mean": 0.7579643130302429,
  "jaw_ratio_std": 0.01355153787881136,
  "jaw_ratio_median": 0.7574667930603027,
  "jaw_ratio_max": 0.820244550704956,
  "smile_intensity_mean": 0.24557271599769592,
  "smile_intensity_std": 0.26906466484069824,
  "smile_intensity_median": 0.04777051880955696,
  "smile_intensity_max": 1.0,
  "eye_contact_mean": 0.975460946559906,
  "eye_contact_std": 0.01787404902279377,
  "eye_contact_median": 0.9796415567398071,
  "eye_contact_max": 0.9995732307434082,
  "eye_openness_mean": 0.9563280940055847,
  "eye_openness_std": 0.1459132879972458,
  "eye_openness_median": 1.0,
  "eye_openness_max": 1.0,
  "gaze_stability_mean": 0.9899479150772095,
  "gaze_stability_std": 0.01435426902025938,
  "gaze_stability_median": 0.994175910949707,
  "gaze_stability_max": 1.0,
  "head_tilt_mean": 0.10541845113039017,
  "head_tilt_std": 0.08516436070203781,
  "head_tilt_median": 0.07337011396884918,
  "head_tilt_max": 0.3508731722831726,
  "expression_speed_mean": 0.13786150515079498,
  "expression_speed_std": 0.21281445026397705,
  "expression_speed_median": 0.0432061031460762,
  "expression_speed_max": 1.0,
  "happy_mean": 0.33562642335891724,
  "happy_std": 0.4417014718055725,
  "happy_median": 0.010287489742040634,
  "happy_max": 1.0,
  "neutral_mean": 0.17789702117443085,
  "neutral_std": 0.332861065864563,
  "neutral_median": 0.0067641036584973335,
  "neutral_max": 0.9992377161979675,
  "surprise_mean": 0.0833711326122284,
  "surprise_std": 0.22439436614513397,
  "surprise_median": 0.00012342257832642645,
  "surprise_max": 0.9937439560890198,
  "processed_frames": 114.0,
  "video_name": "1 (4).mp4"
}