{
  "facial_symmetry_mean": 0.9476548433303833,
  "facial_symmetry_std": 0.04044728726148605,
  "facial_symmetry_median": 0.9620376825332642,
  "facial_symmetry_max": 0.9995150566101074,
  "face_width_height_ratio_mean": 0.4676758646965027,
  "face_width_height_ratio_std": 0.039972931146621704,
  "face_width_height_ratio_median": 0.46785885095596313,
  "face_width_height_ratio_max": 0.6282418966293335,
  "eye_spacing_ratio_mean": 0.6484478712081909,
  "eye_spacing_ratio_std": 0.024135971441864967,
  "eye_spacing_ratio_median": 0.6455066800117493,
  "eye_spacing_ratio_max": 0.7821090221405029,
  "jaw_ratio_mean": 0.7646698951721191,
  "jaw_ratio_std": 0.02265147492289543,
  "jaw_ratio_median": 0.7628770470619202,
  "jaw_ratio_max": 0.8705198168754578,
  "smile_intensity_mean": 0.4308694005012512,
  "smile_intensity_std": 0.42708995938301086,
  "smile_intensity_median": 0.23684453964233398,
  "smile_intensity_max": 1.0,
  "eye_contact_mean": 0.9780002236366272,
  "eye_contact_std": 0.014838033355772495,
  "eye_contact_median": 0.9822613000869751,
  "eye_contact_max": 0.9984419941902161,
  "eye_openness_mean": 0.8710992336273193,
  "eye_openness_std": 0.2633935809135437,
  "eye_openness_median": 1.0,
  "eye_openness_max": 1.0,
  "gaze_stability_mean": 0.9917675852775574,
  "gaze_stability_std": 0.011665558442473412,
  "gaze_stability_median": 0.9956121444702148,
  "gaze_stability_max": 1.0,
  "head_tilt_mean": 0.10425198078155518,
  "head_tilt_std": 0.09040537476539612,
  "head_tilt_median": 0.08070886135101318,
  "head_tilt_max": 0.4461134970188141,
  "expression_speed_mean": 0.22661533951759338,
  "expression_speed_std": 0.30413636565208435,
  "expression_speed_median": 0.06620611995458603,
  "expression_speed_max": 1.0,
  "happy_mean": 0.13486512005329132,
  "happy_std": 0.29449063539505005,
  "happy_median": 0.0010671410709619522,
  "happy_max": 1.0,
  "neutral_mean": 0.24514761567115784,
  "neutral_std": 0.3570922911167145,
  "neutral_median": 0.024407394230365753,
  "neutral_max": 0.9992464184761047,
  "surprise_mean": 0.1931443065404892,
  "surprise_std": 0.34851059317588806,
  "surprise_median": 0.0019229219760745764,
  "surprise_max": 0.9999324083328247,
  "processed_frames": 162.0,
  "video_name": "1 (5).mp4"
}