{
  "expression_speed_max": 0.9036808609962463,
  "expression_speed_mean": 0.1507653072476387,
  "expression_speed_median": 0.05692830756306648,
  "expression_speed_std": 0.20262909233570098,
  "eye_contact_max": 0.9980629444122314,
  "eye_contact_mean": 0.9646366000175476,
  "eye_contact_median": 0.9696951746940613,
  "eye_contact_std": 0.023856678791344166,
  "eye_openness_max": 0.9962262272834778,
  "eye_openness_mean": 0.8047041773796082,
  "eye_openness_median": 0.8702221274375915,
  "eye_openness_std": 0.18507387936115266,
  "eye_spacing_ratio_max": 0.741240131855011,
  "eye_spacing_ratio_mean": 0.647339940071106,
  "eye_spacing_ratio_median": 0.6441707849502564,
  "eye_spacing_ratio_std": 0.02084864303469658,
  "face_width_height_ratio_max": 1.3659941792488097,
  "face_width_height_ratio_mean": 1.0977828979492188,
  "face_width_height_ratio_median": 1.0917203783988954,
  "face_width_height_ratio_std": 0.08666784539818764,
  "facial_symmetry_max": 0.9944727778434753,
  "facial_symmetry_mean": 0.8973723530769349,
  "facial_symmetry_median": 0.8968448519706727,
  "facial_symmetry_std": 0.05850203335285187,
  "gaze_stability_max": 1.0,
  "gaze_stability_mean": 0.987718665599823,
  "gaze_stability_median": 0.9934271454811097,
  "gaze_stability_std": 0.017020486667752265,
  "happy_max": 0.8939490377902984,
  "happy_mean": 0.16116081401705742,
  "happy_median": 0.003019028517883271,
  "happy_std": 0.2943245992064476,
  "head_tilt_max": 0.28625044226646423,
  "head_tilt_mean": 0.07954871989786624,
  "head_tilt_median": 0.05155588686466217,
  "head_tilt_std": 0.0725670401006937,
  "jaw_ratio_max": 0.8447650671005249,
  "jaw_ratio_mean": 0.7614553928375244,
  "jaw_ratio_median": 0.7594151496887207,
  "jaw_ratio_std": 0.019457256980240346,
  "neutral_max": 0.9983707666397095,
  "neutral_mean": 0.27660727202892305,
  "neutral_median": 0.09194054249674082,
  "neutral_std": 0.35995479822158816,
  "processed_frames": 117.8,
  "smile_intensity_max": 0.8727709650993347,
  "smile_intensity_mean": 0.21670119166374208,
  "smile_intensity_median": 0.09230895563960076,
  "smile_intensity_std": 0.24030272662639618,
  "surprise_max": 0.9971200823783875,
  "surprise_mean": 0.12158233821392059,
  "surprise_median": 0.0006160988035844639,
  "surprise_std": 0.27355057299137114,
  "video_count": 5.0,
  "valid_video_count": 5.0,
  "valid_video_ratio": 1.0,
  "total_processed_frames": 589.0,
  "avg_processed_frames": 117.8,
  "quality_score": 0.9141333333333334,
  "person_name": "Đỗ Băng Nhạn"
}