{
  "facial_symmetry_mean": 0.8858125805854797,
  "facial_symmetry_std": 0.09300625324249268,
  "facial_symmetry_median": 0.8984890580177307,
  "facial_symmetry_max": 0.998938798904419,
  "face_width_height_ratio_mean": 1.416418433189392,
  "face_width_height_ratio_std": 0.1671975702047348,
  "face_width_height_ratio_median": 1.444005012512207,
  "face_width_height_ratio_max": 1.939954400062561,
  "eye_spacing_ratio_mean": 0.6496630907058716,
  "eye_spacing_ratio_std": 0.03579654544591904,
  "eye_spacing_ratio_median": 0.6502705216407776,
  "eye_spacing_ratio_max": 0.822851836681366,
  "jaw_ratio_mean": 0.7786235809326172,
  "jaw_ratio_std": 0.026998544111847878,
  "jaw_ratio_median": 0.7742481231689453,
  "jaw_ratio_max": 0.8692115545272827,
  "smile_intensity_mean": 0.0873415544629097,
  "smile_intensity_std": 0.1279224008321762,
  "smile_intensity_median": 0.02375255897641182,
  "smile_intensity_max": 0.5227420926094055,
  "eye_contact_mean": 0.9579403400421143,
  "eye_contact_std": 0.03700389713048935,
  "eye_contact_median": 0.9660157561302185,
  "eye_contact_max": 0.999999463558197,
  "eye_openness_mean": 0.6217477917671204,
  "eye_openness_std": 0.18524421751499176,
  "eye_openness_median": 0.6442147493362427,
  "eye_openness_max": 1.0,
  "gaze_stability_mean": 0.9812313914299011,
  "gaze_stability_std": 0.019822655245661736,
  "gaze_stability_median": 0.9897359609603882,
  "gaze_stability_max": 1.0,
  "head_tilt_mean": 0.06317262351512909,
  "head_tilt_std": 0.057099636644124985,
  "head_tilt_median": 0.04358150064945221,
  "head_tilt_max": 0.2511662244796753,
  "expression_speed_mean": 0.16132676601409912,
  "expression_speed_std": 0.1632067859172821,
  "expression_speed_median": 0.10043981671333313,
  "expression_speed_max": 0.6568870544433594,
  "happy_mean": 0.1275210976600647,
  "happy_std": 0.282200425863266,
  "happy_median": 0.0010887469397857785,
  "happy_max": 0.9999939203262329,
  "neutral_mean": 0.4663361608982086,
  "neutral_std": 0.4160093665122986,
  "neutral_median": 0.37076041102409363,
  "neutral_max": 0.9996350407600403,
  "surprise_mean": 0.03669438883662224,
  "surprise_std": 0.14586515724658966,
  "surprise_median": 8.300191257148981e-05,
  "surprise_max": 0.9346363544464111,
  "processed_frames": 100.0,
  "video_name": "1 (2).mp4"
}