{
  "facial_symmetry_mean": 0.624201774597168,
  "facial_symmetry_std": 0.19901008903980255,
  "facial_symmetry_median": 0.6171674728393555,
  "facial_symmetry_max": 0.9950117468833923,
  "face_width_height_ratio_mean": 0.9309856295585632,
  "face_width_height_ratio_std": 0.1380963772535324,
  "face_width_height_ratio_median": 0.9248510003089905,
  "face_width_height_ratio_max": 1.3310015201568604,
  "eye_spacing_ratio_mean": 0.6304357647895813,
  "eye_spacing_ratio_std": 0.04315029829740524,
  "eye_spacing_ratio_median": 0.6355950832366943,
  "eye_spacing_ratio_max": 0.7567631006240845,
  "jaw_ratio_mean": 0.7925297617912292,
  "jaw_ratio_std": 0.02506881393492222,
  "jaw_ratio_median": 0.7999436855316162,
  "jaw_ratio_max": 0.8547846078872681,
  "smile_intensity_mean": 0.18296658992767334,
  "smile_intensity_std": 0.16744297742843628,
  "smile_intensity_median": 0.10907919704914093,
  "smile_intensity_max": 0.6295630931854248,
  "eye_contact_mean": 0.9097874164581299,
  "eye_contact_std": 0.0702643096446991,
  "eye_contact_median": 0.9415987133979797,
  "eye_contact_max": 0.9993221163749695,
  "eye_openness_mean": 0.9644045829772949,
  "eye_openness_std": 0.10175382345914841,
  "eye_openness_median": 1.0,
  "eye_openness_max": 1.0,
  "gaze_stability_mean": 0.9682714939117432,
  "gaze_stability_std": 0.051679059863090515,
  "gaze_stability_median": 0.9882592558860779,
  "gaze_stability_max": 1.0,
  "head_tilt_mean": 0.32074758410453796,
  "head_tilt_std": 0.20411020517349243,
  "head_tilt_median": 0.2613210678100586,
  "head_tilt_max": 1.0,
  "expression_speed_mean": 0.09750936925411224,
  "expression_speed_std": 0.13004909455776215,
  "expression_speed_median": 0.04142800346016884,
  "expression_speed_max": 0.7346686124801636,
  "happy_mean": 0.5640811920166016,
  "happy_std": 0.4464273750782013,
  "happy_median": 0.794879674911499,
  "happy_max": 0.9999998807907104,
  "neutral_mean": 0.11299766600131989,
  "neutral_std": 0.2534223198890686,
  "neutral_median": 0.0010172793408855796,
  "neutral_max": 0.9961969256401062,
  "surprise_mean": 0.023925308138132095,
  "surprise_std": 0.12302165478467941,
  "surprise_median": 2.0437879300061468e-07,
  "surprise_max": 0.9357941746711731,
  "processed_frames": 147.0,
  "video_name": "1 (4).mp4"
}