{
  "facial_symmetry_mean": 0.7069441676139832,
  "facial_symmetry_std": 0.18102367222309113,
  "facial_symmetry_median": 0.6959795951843262,
  "facial_symmetry_max": 0.9969395399093628,
  "face_width_height_ratio_mean": 0.9765031933784485,
  "face_width_height_ratio_std": 0.10793308913707733,
  "face_width_height_ratio_median": 0.9903565645217896,
  "face_width_height_ratio_max": 1.1356679201126099,
  "eye_spacing_ratio_mean": 0.6363527774810791,
  "eye_spacing_ratio_std": 0.041700441390275955,
  "eye_spacing_ratio_median": 0.6446816325187683,
  "eye_spacing_ratio_max": 0.7739885449409485,
  "jaw_ratio_mean": 0.7812259793281555,
  "jaw_ratio_std": 0.018012037500739098,
  "jaw_ratio_median": 0.7783313393592834,
  "jaw_ratio_max": 0.8288847804069519,
  "smile_intensity_mean": 0.16161257028579712,
  "smile_intensity_std": 0.16321176290512085,
  "smile_intensity_median": 0.08854617923498154,
  "smile_intensity_max": 0.5818307399749756,
  "eye_contact_mean": 0.9151057600975037,
  "eye_contact_std": 0.06441216170787811,
  "eye_contact_median": 0.9190192222595215,
  "eye_contact_max": 0.9999406337738037,
  "eye_openness_mean": 0.8406773209571838,
  "eye_openness_std": 0.25534307956695557,
  "eye_openness_median": 1.0,
  "eye_openness_max": 1.0,
  "gaze_stability_mean": 0.9778673648834229,
  "gaze_stability_std": 0.029342515394091606,
  "gaze_stability_median": 0.987246036529541,
  "gaze_stability_max": 1.0,
  "head_tilt_mean": 0.17571192979812622,
  "head_tilt_std": 0.15632575750350952,
  "head_tilt_median": 0.11790245771408081,
  "head_tilt_max": 0.5005741119384766,
  "expression_speed_mean": 0.11441109329462051,
  "expression_speed_std": 0.14833959937095642,
  "expression_speed_median": 0.06500515341758728,
  "expression_speed_max": 0.8715202212333679,
  "happy_mean": 0.06774721294641495,
  "happy_std": 0.17381945252418518,
  "happy_median": 0.0021618271712213755,
  "happy_max": 0.9979524612426758,
  "neutral_mean": 0.29289713501930237,
  "neutral_std": 0.3763476312160492,
  "neutral_median": 0.03753557801246643,
  "neutral_max": 0.9984536170959473,
  "surprise_mean": 0.024342499673366547,
  "surprise_std": 0.11342781782150269,
  "surprise_median": 0.00014291907427832484,
  "surprise_max": 0.9099826812744141,
  "processed_frames": 119.0,
  "video_name": "1 (5).mp4"
}