{
  "facial_symmetry_mean": 0.90372234582901,
  "facial_symmetry_std": 0.08643141388893127,
  "facial_symmetry_median": 0.9362916350364685,
  "facial_symmetry_max": 0.9987916350364685,
  "face_width_height_ratio_mean": 1.0974308252334595,
  "face_width_height_ratio_std": 0.07080119103193283,
  "face_width_height_ratio_median": 1.100211262702942,
  "face_width_height_ratio_max": 1.4183462858200073,
  "eye_spacing_ratio_mean": 0.6479435563087463,
  "eye_spacing_ratio_std": 0.022846678271889687,
  "eye_spacing_ratio_median": 0.6491175293922424,
  "eye_spacing_ratio_max": 0.7144637107849121,
  "jaw_ratio_mean": 0.7859188318252563,
  "jaw_ratio_std": 0.01852167211472988,
  "jaw_ratio_median": 0.7863619923591614,
  "jaw_ratio_max": 0.8642280697822571,
  "smile_intensity_mean": 0.210603728890419,
  "smile_intensity_std": 0.15728060901165009,
  "smile_intensity_median": 0.2624446451663971,
  "smile_intensity_max": 0.6707895398139954,
  "eye_contact_mean": 0.9669354557991028,
  "eye_contact_std": 0.02628844603896141,
  "eye_contact_median": 0.969986081123352,
  "eye_contact_max": 0.9998924732208252,
  "eye_openness_mean": 0.7889952063560486,
  "eye_openness_std": 0.2697763442993164,
  "eye_openness_median": 0.9634100198745728,
  "eye_openness_max": 1.0,
  "gaze_stability_mean": 0.9822118282318115,
  "gaze_stability_std": 0.024358561262488365,
  "gaze_stability_median": 0.9909301996231079,
  "gaze_stability_max": 1.0,
  "head_tilt_mean": 0.07324060052633286,
  "head_tilt_std": 0.04951533302664757,
  "head_tilt_median": 0.056620389223098755,
  "head_tilt_max": 0.2531087398529053,
  "expression_speed_mean": 0.18208418786525726,
  "expression_speed_std": 0.20062310993671417,
  "expression_speed_median": 0.09360925108194351,
  "expression_speed_max": 0.9425866603851318,
  "happy_mean": 0.1548929363489151,
  "happy_std": 0.3103402853012085,
  "happy_median": 0.0014282895717769861,
  "happy_max": 0.9998100996017456,
  "neutral_mean": 0.4973171651363373,
  "neutral_std": 0.40707963705062866,
  "neutral_median": 0.5234094262123108,
  "neutral_max": 0.9997215867042542,
  "surprise_mean": 0.019014714285731316,
  "surprise_std": 0.09223216027021408,
  "surprise_median": 2.3357249574473826e-06,
  "surprise_max": 0.6649988293647766,
  "processed_frames": 115.0,
  "video_name": "1 (6).mp4"
}