{
  "facial_symmetry_mean": 0.8615618944168091,
  "facial_symmetry_std": 0.09906826913356781,
  "facial_symmetry_median": 0.8955036401748657,
  "facial_symmetry_max": 0.9999578595161438,
  "face_width_height_ratio_mean": 0.7982416152954102,
  "face_width_height_ratio_std": 0.04186128452420235,
  "face_width_height_ratio_median": 0.8039109706878662,
  "face_width_height_ratio_max": 1.0004336833953857,
  "eye_spacing_ratio_mean": 0.6482328176498413,
  "eye_spacing_ratio_std": 0.018999008461833,
  "eye_spacing_ratio_median": 0.6526079177856445,
  "eye_spacing_ratio_max": 0.692992627620697,
  "jaw_ratio_mean": 0.7684482336044312,
  "jaw_ratio_std": 0.01588151603937149,
  "jaw_ratio_median": 0.7663620710372925,
  "jaw_ratio_max": 0.8058677315711975,
  "smile_intensity_mean": 0.2383345663547516,
  "smile_intensity_std": 0.2297547459602356,
  "smile_intensity_median": 0.19962729513645172,
  "smile_intensity_max": 0.8749779462814331,
  "eye_contact_mean": 0.9550524353981018,
  "eye_contact_std": 0.0249384343624115,
  "eye_contact_median": 0.95817631483078,
  "eye_contact_max": 0.9975243210792542,
  "eye_openness_mean": 0.9552320241928101,
  "eye_openness_std": 0.1539885252714157,
  "eye_openness_median": 1.0,
  "eye_openness_max": 1.0,
  "gaze_stability_mean": 0.9894434809684753,
  "gaze_stability_std": 0.015140651725232601,
  "gaze_stability_median": 0.9944499135017395,
  "gaze_stability_max": 1.0,
  "head_tilt_mean": 0.09587766975164413,
  "head_tilt_std": 0.07388997077941895,
  "head_tilt_median": 0.09444653987884521,
  "head_tilt_max": 0.2679556608200073,
  "expression_speed_mean": 0.1396113485097885,
  "expression_speed_std": 0.1813458800315857,
  "expression_speed_median": 0.0560036264359951,
  "expression_speed_max": 0.8321355581283569,
  "happy_mean": 0.106247179210186,
  "happy_std": 0.25562551617622375,
  "happy_median": 0.005863814149051905,
  "happy_max": 0.9999424815177917,
  "neutral_mean": 0.26441454887390137,
  "neutral_std": 0.30227717757225037,
  "neutral_median": 0.10193187743425369,
  "neutral_max": 0.995019793510437,
  "surprise_mean": 0.048745933920145035,
  "surprise_std": 0.1651284098625183,
  "surprise_median": 0.0013805808266624808,
  "surprise_max": 0.9958218932151794,
  "processed_frames": 165.0,
  "video_name": "1 (7).mp4"
}