{
  "facial_symmetry_mean": 0.8960897922515869,
  "facial_symmetry_std": 0.08416025340557098,
  "facial_symmetry_median": 0.9280266761779785,
  "facial_symmetry_max": 0.9957950115203857,
  "face_width_height_ratio_mean": 1.0582263469696045,
  "face_width_height_ratio_std": 0.10318594425916672,
  "face_width_height_ratio_median": 1.0884714126586914,
  "face_width_height_ratio_max": 1.2045509815216064,
  "eye_spacing_ratio_mean": 0.6457691788673401,
  "eye_spacing_ratio_std": 0.029885144904255867,
  "eye_spacing_ratio_median": 0.6540836095809937,
  "eye_spacing_ratio_max": 0.7066355347633362,
  "jaw_ratio_mean": 0.7767204642295837,
  "jaw_ratio_std": 0.01827223040163517,
  "jaw_ratio_median": 0.7753831744194031,
  "jaw_ratio_max": 0.8192495703697205,
  "smile_intensity_mean": 0.02914292924106121,
  "smile_intensity_std": 0.04938555508852005,
  "smile_intensity_median": 0.013280021958053112,
  "smile_intensity_max": 0.24888217449188232,
  "eye_contact_mean": 0.9598181247711182,
  "eye_contact_std": 0.03569184988737106,
  "eye_contact_median": 0.9629170894622803,
  "eye_contact_max": 0.999725878238678,
  "eye_openness_mean": 0.8814120292663574,
  "eye_openness_std": 0.16315247118473053,
  "eye_openness_median": 0.9808533787727356,
  "eye_openness_max": 1.0,
  "gaze_stability_mean": 0.9866132736206055,
  "gaze_stability_std": 0.01879766769707203,
  "gaze_stability_median": 0.9942129850387573,
  "gaze_stability_max": 1.0,
  "head_tilt_mean": 0.11251235753297806,
  "head_tilt_std": 0.09099512547254562,
  "head_tilt_median": 0.0961390882730484,
  "head_tilt_max": 0.3432902693748474,
  "expression_speed_mean": 0.09342487156391144,
  "expression_speed_std": 0.14191971719264984,
  "expression_speed_median": 0.03446860983967781,
  "expression_speed_max": 0.5749267339706421,
  "happy_mean": 0.20021766424179077,
  "happy_std": 0.34459570050239563,
  "happy_median": 0.003092257771641016,
  "happy_max": 0.9999957084655762,
  "neutral_mean": 0.43327823281288147,
  "neutral_std": 0.40558671951293945,
  "neutral_median": 0.45026421546936035,
  "neutral_max": 0.9999232888221741,
  "surprise_mean": 0.006982653401792049,
  "surprise_std": 0.023854725062847137,
  "surprise_median": 4.802158218808472e-05,
  "surprise_max": 0.1437840759754181,
  "processed_frames": 82.0,
  "video_name": "1 (8).mp4"
}