{
  "facial_symmetry_mean": 0.8970097899436951,
  "facial_symmetry_std": 0.05709649622440338,
  "facial_symmetry_median": 0.9076691269874573,
  "facial_symmetry_max": 0.9875072240829468,
  "face_width_height_ratio_mean": 0.8560433387756348,
  "face_width_height_ratio_std": 0.05010753497481346,
  "face_width_height_ratio_median": 0.8598634004592896,
  "face_width_height_ratio_max": 0.9930691719055176,
  "eye_spacing_ratio_mean": 0.6477261781692505,
  "eye_spacing_ratio_std": 0.04339425265789032,
  "eye_spacing_ratio_median": 0.6541929244995117,
  "eye_spacing_ratio_max": 0.754352331161499,
  "jaw_ratio_mean": 0.7767956852912903,
  "jaw_ratio_std": 0.030595993623137474,
  "jaw_ratio_median": 0.7697674036026001,
  "jaw_ratio_max": 0.8562338352203369,
  "smile_intensity_mean": 0.34528401494026184,
  "smile_intensity_std": 0.28530651330947876,
  "smile_intensity_median": 0.33656707406044006,
  "smile_intensity_max": 0.9572886228561401,
  "eye_contact_mean": 0.9726791977882385,
  "eye_contact_std": 0.01557845901697874,
  "eye_contact_median": 0.9754470586776733,
  "eye_contact_max": 0.9948409795761108,
  "eye_openness_mean": 0.8365739583969116,
  "eye_openness_std": 0.21230557560920715,
  "eye_openness_median": 1.0,
  "eye_openness_max": 1.0,
  "gaze_stability_mean": 0.990459144115448,
  "gaze_stability_std": 0.00895826704800129,
  "gaze_stability_median": 0.9939572215080261,
  "gaze_stability_max": 1.0,
  "head_tilt_mean": 0.09135013073682785,
  "head_tilt_std": 0.05662872642278671,
  "head_tilt_median": 0.07327303290367126,
  "head_tilt_max": 0.29642820358276367,
  "expression_speed_mean": 0.156851127743721,
  "expression_speed_std": 0.1920236200094223,
  "expression_speed_median": 0.08749428391456604,
  "expression_speed_max": 0.799536943435669,
  "happy_mean": 0.09911885857582092,
  "happy_std": 0.2537485957145691,
  "happy_median": 0.00010293219384038821,
  "happy_max": 0.9967281222343445,
  "neutral_mean": 0.37139809131622314,
  "neutral_std": 0.4235634505748749,
  "neutral_median": 0.13755948841571808,
  "neutral_max": 0.9999338984489441,
  "surprise_mean": 0.11603298038244247,
  "surprise_std": 0.27749741077423096,
  "surprise_median": 3.007213308592327e-06,
  "surprise_max": 0.9927231669425964,
  "processed_frames": 59.0,
  "video_name": "1.mp4"
}