{
  "expression_speed_max": 0.7590126171708107,
  "expression_speed_mean": 0.13920250069350004,
  "expression_speed_median": 0.07582533126696944,
  "expression_speed_std": 0.16171767190098763,
  "eye_contact_max": 0.9988115653395653,
  "eye_contact_mean": 0.9464289993047714,
  "eye_contact_median": 0.9553109332919121,
  "eye_contact_std": 0.04102502518799156,
  "eye_openness_max": 1.0,
  "eye_openness_mean": 0.8184996917843819,
  "eye_openness_median": 0.9079188033938408,
  "eye_openness_std": 0.18980303313583136,
  "eye_spacing_ratio_max": 0.7461652159690857,
  "eye_spacing_ratio_mean": 0.6435578763484955,
  "eye_spacing_ratio_median": 0.6480099707841873,
  "eye_spacing_ratio_std": 0.033781173871830106,
  "face_width_height_ratio_max": 1.3443174362182617,
  "face_width_height_ratio_mean": 1.0626871436834335,
  "face_width_height_ratio_median": 1.0723264142870903,
  "face_width_height_ratio_std": 0.09888313803821802,
  "facial_symmetry_max": 0.9963800832629204,
  "facial_symmetry_mean": 0.8279949203133583,
  "facial_symmetry_median": 0.8401124030351639,
  "facial_symmetry_std": 0.11267914902418852,
  "gaze_stability_max": 1.0,
  "gaze_stability_mean": 0.9812486693263054,
  "gaze_stability_median": 0.9906156957149506,
  "gaze_stability_std": 0.02483093284536153,
  "happy_max": 0.9993028342723846,
  "happy_mean": 0.20619691722095013,
  "happy_median": 0.10245531904820382,
  "happy_std": 0.3118402808904648,
  "head_tilt_max": 0.38735848665237427,
  "head_tilt_mean": 0.1242047818377614,
  "head_tilt_median": 0.09951172396540642,
  "head_tilt_std": 0.09163245419040322,
  "jaw_ratio_max": 0.844216912984848,
  "jaw_ratio_mean": 0.77996826171875,
  "jaw_ratio_median": 0.7785851284861565,
  "jaw_ratio_std": 0.021810284117236733,
  "neutral_max": 0.9986027404665947,
  "neutral_mean": 0.32804497331380844,
  "neutral_median": 0.2046004530711798,
  "neutral_std": 0.361980352550745,
  "processed_frames": 124.0,
  "smile_intensity_max": 0.6438489407300949,
  "smile_intensity_mean": 0.18399692396633327,
  "smile_intensity_median": 0.1589917967794463,
  "smile_intensity_std": 0.1628675227984786,
  "surprise_max": 0.8205096162855625,
  "surprise_mean": 0.03871768631506711,
  "surprise_median": 0.00020824705207012073,
  "surprise_std": 0.13516681361943483,
  "video_count": 8.0,
  "valid_video_count": 8.0,
  "valid_video_ratio": 1.0,
  "total_processed_frames": 992.0,
  "avg_processed_frames": 124.0,
  "quality_score": 0.9306666666666666,
  "person_name": "Kim Ji Won"
}