{
  "facial_symmetry_mean": 0.9339609742164612,
  "facial_symmetry_std": 0.055340152233839035,
  "facial_symmetry_median": 0.9462334513664246,
  "facial_symmetry_max": 0.999935507774353,
  "face_width_height_ratio_mean": 0.6371992230415344,
  "face_width_height_ratio_std": 0.047956932336091995,
  "face_width_height_ratio_median": 0.6336219906806946,
  "face_width_height_ratio_max": 0.7809205055236816,
  "eye_spacing_ratio_mean": 0.6595414280891418,
  "eye_spacing_ratio_std": 0.032084111124277115,
  "eye_spacing_ratio_median": 0.6592521071434021,
  "eye_spacing_ratio_max": 0.8038367033004761,
  "jaw_ratio_mean": 0.7602819800376892,
  "jaw_ratio_std": 0.022287433966994286,
  "jaw_ratio_median": 0.7570149302482605,
  "jaw_ratio_max": 0.8222503662109375,
  "smile_intensity_mean": 0.4824730157852173,
  "smile_intensity_std": 0.2869621515274048,
  "smile_intensity_median": 0.5046271085739136,
  "smile_intensity_max": 1.0,
  "eye_contact_mean": 0.975906252861023,
  "eye_contact_std": 0.022626999765634537,
  "eye_contact_median": 0.9852986335754395,
  "eye_contact_max": 0.9997841119766235,
  "eye_openness_mean": 0.8404657244682312,
  "eye_openness_std": 0.24893613159656525,
  "eye_openness_median": 1.0,
  "eye_openness_max": 1.0,
  "gaze_stability_mean": 0.9893390536308289,
  "gaze_stability_std": 0.01711767539381981,
  "gaze_stability_median": 0.9957586526870728,
  "gaze_stability_max": 1.0,
  "head_tilt_mean": 0.08385498076677322,
  "head_tilt_std": 0.060701850801706314,
  "head_tilt_median": 0.06756484508514404,
  "head_tilt_max": 0.2856433391571045,
  "expression_speed_mean": 0.21014942228794098,
  "expression_speed_std": 0.22663456201553345,
  "expression_speed_median": 0.09670495986938477,
  "expression_speed_max": 1.0,
  "happy_mean": 0.2356407791376114,
  "happy_std": 0.39119136333465576,
  "happy_median": 0.0003544533101376146,
  "happy_max": 0.9999869465827942,
  "neutral_mean": 0.29410868883132935,
  "neutral_std": 0.38092637062072754,
  "neutral_median": 0.04496367648243904,
  "neutral_max": 0.9990395307540894,
  "surprise_mean": 0.003903134260326624,
  "surprise_std": 0.026061737909913063,
  "surprise_median": 6.065631623641821e-07,
  "surprise_max": 0.29947367310523987,
  "processed_frames": 151.0,
  "video_name": "1.mp4"
}