{
  "facial_symmetry_mean": 0.9267848134040833,
  "facial_symmetry_std": 0.04345555230975151,
  "facial_symmetry_median": 0.9151022434234619,
  "facial_symmetry_max": 0.9968757033348083,
  "face_width_height_ratio_mean": 0.6115546822547913,
  "face_width_height_ratio_std": 0.054369017481803894,
  "face_width_height_ratio_median": 0.6101482510566711,
  "face_width_height_ratio_max": 0.8466827273368835,
  "eye_spacing_ratio_mean": 0.6627135872840881,
  "eye_spacing_ratio_std": 0.031683165580034256,
  "eye_spacing_ratio_median": 0.6620423197746277,
  "eye_spacing_ratio_max": 0.746158242225647,
  "jaw_ratio_mean": 0.805138111114502,
  "jaw_ratio_std": 0.027470853179693222,
  "jaw_ratio_median": 0.8002222776412964,
  "jaw_ratio_max": 0.8657141923904419,
  "smile_intensity_mean": 0.5755645036697388,
  "smile_intensity_std": 0.3341606855392456,
  "smile_intensity_median": 0.6788447499275208,
  "smile_intensity_max": 1.0,
  "eye_contact_mean": 0.9720973968505859,
  "eye_contact_std": 0.021890275180339813,
  "eye_contact_median": 0.975932240486145,
  "eye_contact_max": 0.9999512434005737,
  "eye_openness_mean": 0.5779275894165039,
  "eye_openness_std": 0.297695517539978,
  "eye_openness_median": 0.6278445720672607,
  "eye_openness_max": 1.0,
  "gaze_stability_mean": 0.9875848293304443,
  "gaze_stability_std": 0.015336197800934315,
  "gaze_stability_median": 0.9921811819076538,
  "gaze_stability_max": 1.0,
  "head_tilt_mean": 0.1592777669429779,
  "head_tilt_std": 0.11025800555944443,
  "head_tilt_median": 0.13430282473564148,
  "head_tilt_max": 0.38037434220314026,
  "expression_speed_mean": 0.242477685213089,
  "expression_speed_std": 0.2585698962211609,
  "expression_speed_median": 0.133890300989151,
  "expression_speed_max": 1.0,
  "happy_mean": 0.22440321743488312,
  "happy_std": 0.3812446892261505,
  "happy_median": 0.0006211663130670786,
  "happy_max": 0.9999983906745911,
  "neutral_mean": 0.23136436939239502,
  "neutral_std": 0.3655000925064087,
  "neutral_median": 0.0040698726661503315,
  "neutral_max": 0.9990948438644409,
  "surprise_mean": 0.00024033535737544298,
  "surprise_std": 0.001296169706620276,
  "surprise_median": 1.0234935388098165e-07,
  "surprise_max": 0.010828951373696327,
  "processed_frames": 93.0,
  "video_name": "2.mp4"
}