{
  "facial_symmetry_mean": 0.774948000907898,
  "facial_symmetry_std": 0.1757088303565979,
  "facial_symmetry_median": 0.7794357538223267,
  "facial_symmetry_max": 0.9992427229881287,
  "face_width_height_ratio_mean": 1.3640027046203613,
  "face_width_height_ratio_std": 0.17922206223011017,
  "face_width_height_ratio_median": 1.3710925579071045,
  "face_width_height_ratio_max": 1.756456732749939,
  "eye_spacing_ratio_mean": 0.6670111417770386,
  "eye_spacing_ratio_std": 0.03078542649745941,
  "eye_spacing_ratio_median": 0.672378659248352,
  "eye_spacing_ratio_max": 0.7686164379119873,
  "jaw_ratio_mean": 0.7593338489532471,
  "jaw_ratio_std": 0.02101297304034233,
  "jaw_ratio_median": 0.7566957473754883,
  "jaw_ratio_max": 0.8297935128211975,
  "smile_intensity_mean": 0.18813170492649078,
  "smile_intensity_std": 0.11229775846004486,
  "smile_intensity_median": 0.2040494680404663,
  "smile_intensity_max": 0.46621590852737427,
  "eye_contact_mean": 0.919329822063446,
  "eye_contact_std": 0.04689151793718338,
  "eye_contact_median": 0.9228654503822327,
  "eye_contact_max": 0.9994598031044006,
  "eye_openness_mean": 0.9308493137359619,
  "eye_openness_std": 0.16017404198646545,
  "eye_openness_median": 1.0,
  "eye_openness_max": 1.0,
  "gaze_stability_mean": 0.9805918335914612,
  "gaze_stability_std": 0.029424207285046577,
  "gaze_stability_median": 0.9890777468681335,
  "gaze_stability_max": 1.0,
  "head_tilt_mean": 0.20092163980007172,
  "head_tilt_std": 0.12684395909309387,
  "head_tilt_median": 0.19605028629302979,
  "head_tilt_max": 0.5087587237358093,
  "expression_speed_mean": 0.0986904725432396,
  "expression_speed_std": 0.11704833805561066,
  "expression_speed_median": 0.05542819947004318,
  "expression_speed_max": 0.6435891389846802,
  "happy_mean": 0.07928524911403656,
  "happy_std": 0.20733045041561127,
  "happy_median": 0.00025754800299182534,
  "happy_max": 0.9996437430381775,
  "neutral_mean": 0.30683332681655884,
  "neutral_std": 0.3792603313922882,
  "neutral_median": 0.06021948158740997,
  "neutral_max": 0.9999935626983643,
  "surprise_mean": 0.010252471081912518,
  "surprise_std": 0.052098389714956284,
  "surprise_median": 2.098812501571956e-06,
  "surprise_max": 0.49215298891067505,
  "processed_frames": 216.0,
  "video_name": "3.mp4"
}