{
  "facial_symmetry_mean": 0.8874384760856628,
  "facial_symmetry_std": 0.07593530416488647,
  "facial_symmetry_median": 0.9079468250274658,
  "facial_symmetry_max": 0.9989001154899597,
  "face_width_height_ratio_mean": 1.4324456453323364,
  "face_width_height_ratio_std": 0.1405017226934433,
  "face_width_height_ratio_median": 1.4889544248580933,
  "face_width_height_ratio_max": 1.7563287019729614,
  "eye_spacing_ratio_mean": 0.6773914098739624,
  "eye_spacing_ratio_std": 0.014456638135015965,
  "eye_spacing_ratio_median": 0.6782492399215698,
  "eye_spacing_ratio_max": 0.7517296075820923,
  "jaw_ratio_mean": 0.7366892099380493,
  "jaw_ratio_std": 0.02177637442946434,
  "jaw_ratio_median": 0.7308072447776794,
  "jaw_ratio_max": 0.8102810978889465,
  "smile_intensity_mean": 0.13916747272014618,
  "smile_intensity_std": 0.08907218277454376,
  "smile_intensity_median": 0.12915833294391632,
  "smile_intensity_max": 0.3216521441936493,
  "eye_contact_mean": 0.973770797252655,
  "eye_contact_std": 0.018179407343268394,
  "eye_contact_median": 0.974536120891571,
  "eye_contact_max": 0.9998868107795715,
  "eye_openness_mean": 0.8417595028877258,
  "eye_openness_std": 0.1558903306722641,
  "eye_openness_median": 0.8768573999404907,
  "eye_openness_max": 1.0,
  "gaze_stability_mean": 0.9936443567276001,
  "gaze_stability_std": 0.008164643310010433,
  "gaze_stability_median": 0.9966259002685547,
  "gaze_stability_max": 1.0,
  "head_tilt_mean": 0.08627402782440186,
  "head_tilt_std": 0.10104823857545853,
  "head_tilt_median": 0.04397362470626831,
  "head_tilt_max": 0.4009854793548584,
  "expression_speed_mean": 0.06212387606501579,
  "expression_speed_std": 0.06781448423862457,
  "expression_speed_median": 0.039830196648836136,
  "expression_speed_max": 0.4059493839740753,
  "happy_mean": 0.04790518805384636,
  "happy_std": 0.19517116248607635,
  "happy_median": 5.4652227845508605e-06,
  "happy_max": 0.9999846816062927,
  "neutral_mean": 0.44353094696998596,
  "neutral_std": 0.3793536126613617,
  "neutral_median": 0.350303053855896,
  "neutral_max": 0.9999729990959167,
  "surprise_mean": 0.009569291025400162,
  "surprise_std": 0.08813902735710144,
  "surprise_median": 1.269175072593498e-06,
  "surprise_max": 0.9906243681907654,
  "processed_frames": 134.0,
  "video_name": "4.mp4"
}