{
  "facial_symmetry_mean": 0.8962108492851257,
  "facial_symmetry_std": 0.05824427679181099,
  "facial_symmetry_median": 0.8965946435928345,
  "facial_symmetry_max": 0.999337375164032,
  "face_width_height_ratio_mean": 1.3165911436080933,
  "face_width_height_ratio_std": 0.14961180090904236,
  "face_width_height_ratio_median": 1.3481318950653076,
  "face_width_height_ratio_max": 1.6682323217391968,
  "eye_spacing_ratio_mean": 0.6574230194091797,
  "eye_spacing_ratio_std": 0.03860902413725853,
  "eye_spacing_ratio_median": 0.6682863831520081,
  "eye_spacing_ratio_max": 0.7505906820297241,
  "jaw_ratio_mean": 0.7798835635185242,
  "jaw_ratio_std": 0.028581717982888222,
  "jaw_ratio_median": 0.7805590629577637,
  "jaw_ratio_max": 0.8591247200965881,
  "smile_intensity_mean": 0.18802350759506226,
  "smile_intensity_std": 0.19189301133155823,
  "smile_intensity_median": 0.0985192134976387,
  "smile_intensity_max": 0.6404738426208496,
  "eye_contact_mean": 0.9706788659095764,
  "eye_contact_std": 0.02526329830288887,
  "eye_contact_median": 0.977940559387207,
  "eye_contact_max": 0.9997067451477051,
  "eye_openness_mean": 0.4244197607040405,
  "eye_openness_std": 0.14604391157627106,
  "eye_openness_median": 0.4213156998157501,
  "eye_openness_max": 0.7898052334785461,
  "gaze_stability_mean": 0.9851069450378418,
  "gaze_stability_std": 0.015477178618311882,
  "gaze_stability_median": 0.9914408922195435,
  "gaze_stability_max": 1.0,
  "head_tilt_mean": 0.06207449361681938,
  "head_tilt_std": 0.05918142944574356,
  "head_tilt_median": 0.04119180142879486,
  "head_tilt_max": 0.319990873336792,
  "expression_speed_mean": 0.17116479575634003,
  "expression_speed_std": 0.13504698872566223,
  "expression_speed_median": 0.13954447209835052,
  "expression_speed_max": 0.5907350778579712,
  "happy_mean": 0.36621105670928955,
  "happy_std": 0.4018825888633728,
  "happy_median": 0.12248333543539047,
  "happy_max": 0.9999936819076538,
  "neutral_mean": 0.252111554145813,
  "neutral_std": 0.3029135763645172,
  "neutral_median": 0.09544342756271362,
  "neutral_max": 0.9998101592063904,
  "surprise_mean": 0.010302630253136158,
  "surprise_std": 0.038672830909490585,
  "surprise_median": 0.00016336143016815186,
  "surprise_max": 0.282410204410553,
  "processed_frames": 124.0,
  "video_name": "5.mp4"
}