{
  "facial_symmetry_mean": 0.8379723429679871,
  "facial_symmetry_std": 0.12057965993881226,
  "facial_symmetry_median": 0.8631367087364197,
  "facial_symmetry_max": 0.9999302625656128,
  "face_width_height_ratio_mean": 1.406020164489746,
  "face_width_height_ratio_std": 0.09970510005950928,
  "face_width_height_ratio_median": 1.4131660461425781,
  "face_width_height_ratio_max": 1.5706861019134521,
  "eye_spacing_ratio_mean": 0.6550265550613403,
  "eye_spacing_ratio_std": 0.021150793880224228,
  "eye_spacing_ratio_median": 0.6559717059135437,
  "eye_spacing_ratio_max": 0.7356449365615845,
  "jaw_ratio_mean": 0.758819043636322,
  "jaw_ratio_std": 0.026384083554148674,
  "jaw_ratio_median": 0.76209956407547,
  "jaw_ratio_max": 0.8389273285865784,
  "smile_intensity_mean": 0.24611055850982666,
  "smile_intensity_std": 0.2652801275253296,
  "smile_intensity_median": 0.2107783555984497,
  "smile_intensity_max": 0.9537695050239563,
  "eye_contact_mean": 0.9571011066436768,
  "eye_contact_std": 0.03173418343067169,
  "eye_contact_median": 0.9625699520111084,
  "eye_contact_max": 0.9985635280609131,
  "eye_openness_mean": 0.7140297293663025,
  "eye_openness_std": 0.30543091893196106,
  "eye_openness_median": 0.8963044881820679,
  "eye_openness_max": 1.0,
  "gaze_stability_mean": 0.9793890714645386,
  "gaze_stability_std": 0.020302481949329376,
  "gaze_stability_median": 0.9857234954833984,
  "gaze_stability_max": 1.0,
  "head_tilt_mean": 0.06872598826885223,
  "head_tilt_std": 0.06964314728975296,
  "head_tilt_median": 0.05521118640899658,
  "head_tilt_max": 0.23040354251861572,
  "expression_speed_mean": 0.2758329510688782,
  "expression_speed_std": 0.30236485600471497,
  "expression_speed_median": 0.1624864637851715,
  "expression_speed_max": 1.0,
  "happy_mean": 0.27588728070259094,
  "happy_std": 0.3981722593307495,
  "happy_median": 0.018675673753023148,
  "happy_max": 0.9995498657226562,
  "neutral_mean": 0.32630905508995056,
  "neutral_std": 0.4062100350856781,
  "neutral_median": 0.0685608983039856,
  "neutral_max": 0.9999819993972778,
  "surprise_mean": 0.06559063494205475,
  "surprise_std": 0.1970173567533493,
  "surprise_median": 0.00012914955732412636,
  "surprise_max": 0.9968991875648499,
  "processed_frames": 35.0,
  "video_name": "7.mp4"
}