{
  "facial_symmetry_mean": 0.8961542844772339,
  "facial_symmetry_std": 0.06287096440792084,
  "facial_symmetry_median": 0.9195918440818787,
  "facial_symmetry_max": 0.9924842715263367,
  "face_width_height_ratio_mean": 0.7800258994102478,
  "face_width_height_ratio_std": 0.10031282901763916,
  "face_width_height_ratio_median": 0.8118380904197693,
  "face_width_height_ratio_max": 1.001577615737915,
  "eye_spacing_ratio_mean": 0.643650233745575,
  "eye_spacing_ratio_std": 0.03566596284508705,
  "eye_spacing_ratio_median": 0.6413195729255676,
  "eye_spacing_ratio_max": 0.7132466435432434,
  "jaw_ratio_mean": 0.7892924547195435,
  "jaw_ratio_std": 0.019977977499365807,
  "jaw_ratio_median": 0.7887642979621887,
  "jaw_ratio_max": 0.8782066702842712,
  "smile_intensity_mean": 0.19015102088451385,
  "smile_intensity_std": 0.2811245024204254,
  "smile_intensity_median": 0.02810998074710369,
  "smile_intensity_max": 1.0,
  "eye_contact_mean": 0.9758920073509216,
  "eye_contact_std": 0.02635226771235466,
  "eye_contact_median": 0.9876900911331177,
  "eye_contact_max": 0.9994791746139526,
  "eye_openness_mean": 0.771889328956604,
  "eye_openness_std": 0.2891272008419037,
  "eye_openness_median": 0.9900093078613281,
  "eye_openness_max": 1.0,
  "gaze_stability_mean": 0.9901410937309265,
  "gaze_stability_std": 0.015507232397794724,
  "gaze_stability_median": 0.9953402280807495,
  "gaze_stability_max": 1.0,
  "head_tilt_mean": 0.09678144007921219,
  "head_tilt_std": 0.07466480880975723,
  "head_tilt_median": 0.08025467395782471,
  "head_tilt_max": 0.28799548745155334,
  "expression_speed_mean": 0.17740321159362793,
  "expression_speed_std": 0.2372870147228241,
  "expression_speed_median": 0.04513311758637428,
  "expression_speed_max": 1.0,
  "happy_mean": 0.12917165458202362,
  "happy_std": 0.22697685658931732,
  "happy_median": 0.014585873112082481,
  "happy_max": 0.9715858101844788,
  "neutral_mean": 0.4859108328819275,
  "neutral_std": 0.34104135632514954,
  "neutral_median": 0.47468021512031555,
  "neutral_max": 0.9777920842170715,
  "surprise_mean": 0.0119456322863698,
  "surprise_std": 0.049801602959632874,
  "surprise_median": 0.0002588368661236018,
  "surprise_max": 0.3768908679485321,
  "processed_frames": 67.0,
  "video_name": "1 (4).mp4"
}