{
  "facial_symmetry_mean": 0.9493952989578247,
  "facial_symmetry_std": 0.05051668733358383,
  "facial_symmetry_median": 0.9861372113227844,
  "facial_symmetry_max": 0.999774694442749,
  "face_width_height_ratio_mean": 1.3465124368667603,
  "face_width_height_ratio_std": 0.11165066063404083,
  "face_width_height_ratio_median": 1.3826947212219238,
  "face_width_height_ratio_max": 1.5338727235794067,
  "eye_spacing_ratio_mean": 0.6353774666786194,
  "eye_spacing_ratio_std": 0.011529527604579926,
  "eye_spacing_ratio_median": 0.6364507675170898,
  "eye_spacing_ratio_max": 0.6673154234886169,
  "jaw_ratio_mean": 0.7996384501457214,
  "jaw_ratio_std": 0.021365128457546234,
  "jaw_ratio_median": 0.7970833778381348,
  "jaw_ratio_max": 0.8828672170639038,
  "smile_intensity_mean": 0.12189697474241257,
  "smile_intensity_std": 0.14118094742298126,
  "smile_intensity_median": 0.02229178324341774,
  "smile_intensity_max": 0.7357137799263,
  "eye_contact_mean": 0.9842340350151062,
  "eye_contact_std": 0.010726338252425194,
  "eye_contact_median": 0.9849701523780823,
  "eye_contact_max": 0.9997684955596924,
  "eye_openness_mean": 0.386305034160614,
  "eye_openness_std": 0.16648104786872864,
  "eye_openness_median": 0.3638682961463928,
  "eye_openness_max": 0.9111659526824951,
  "gaze_stability_mean": 0.9946361184120178,
  "gaze_stability_std": 0.0061681694351136684,
  "gaze_stability_median": 0.9973431825637817,
  "gaze_stability_max": 1.0,
  "head_tilt_mean": 0.06763575226068497,
  "head_tilt_std": 0.03821740299463272,
  "head_tilt_median": 0.07388308644294739,
  "head_tilt_max": 0.11618256568908691,
  "expression_speed_mean": 0.09575590491294861,
  "expression_speed_std": 0.12185630947351456,
  "expression_speed_median": 0.036941222846508026,
  "expression_speed_max": 0.5248168706893921,
  "happy_mean": 0.28502312302589417,
  "happy_std": 0.4040311276912689,
  "happy_median": 0.024320293217897415,
  "happy_max": 0.9999009370803833,
  "neutral_mean": 0.13925743103027344,
  "neutral_std": 0.2162342220544815,
  "neutral_median": 0.013173268176615238,
  "neutral_max": 0.9304035305976868,
  "surprise_mean": 0.0026767905801534653,
  "surprise_std": 0.012984426692128181,
  "surprise_median": 3.250984718761174e-06,
  "surprise_max": 0.08252326399087906,
  "processed_frames": 71.0,
  "video_name": "1.mp4"
}