{
  "facial_symmetry_mean": 0.9367057085037231,
  "facial_symmetry_std": 0.03090781159698963,
  "facial_symmetry_median": 0.9294856786727905,
  "facial_symmetry_max": 0.9945934414863586,
  "face_width_height_ratio_mean": 1.339151382446289,
  "face_width_height_ratio_std": 0.14052443206310272,
  "face_width_height_ratio_median": 1.3552119731903076,
  "face_width_height_ratio_max": 1.563550353050232,
  "eye_spacing_ratio_mean": 0.6626812815666199,
  "eye_spacing_ratio_std": 0.03285020589828491,
  "eye_spacing_ratio_median": 0.6549584269523621,
  "eye_spacing_ratio_max": 0.7855523228645325,
  "jaw_ratio_mean": 0.7735117673873901,
  "jaw_ratio_std": 0.025821110233664513,
  "jaw_ratio_median": 0.7692155838012695,
  "jaw_ratio_max": 0.8553856015205383,
  "smile_intensity_mean": 0.22314012050628662,
  "smile_intensity_std": 0.21924784779548645,
  "smile_intensity_median": 0.16152620315551758,
  "smile_intensity_max": 0.7065610885620117,
  "eye_contact_mean": 0.9698439240455627,
  "eye_contact_std": 0.017482588067650795,
  "eye_contact_median": 0.9704560041427612,
  "eye_contact_max": 0.9981977343559265,
  "eye_openness_mean": 0.2703664004802704,
  "eye_openness_std": 0.07428867369890213,
  "eye_openness_median": 0.28412869572639465,
  "eye_openness_max": 0.36165910959243774,
  "gaze_stability_mean": 0.9887365698814392,
  "gaze_stability_std": 0.011613636277616024,
  "gaze_stability_median": 0.9937151670455933,
  "gaze_stability_max": 1.0,
  "head_tilt_mean": 0.05150751397013664,
  "head_tilt_std": 0.048195041716098785,
  "head_tilt_median": 0.030991584062576294,
  "head_tilt_max": 0.17071187496185303,
  "expression_speed_mean": 0.13241490721702576,
  "expression_speed_std": 0.1524585485458374,
  "expression_speed_median": 0.08702970296144485,
  "expression_speed_max": 0.6947247385978699,
  "happy_mean": 0.2825241684913635,
  "happy_std": 0.3974917232990265,
  "happy_median": 0.040495794266462326,
  "happy_max": 1.0,
  "neutral_mean": 0.3366210460662842,
  "neutral_std": 0.38644537329673767,
  "neutral_median": 0.10067810118198395,
  "neutral_max": 0.9787970781326294,
  "surprise_mean": 0.060131341218948364,
  "surprise_std": 0.17878708243370056,
  "surprise_median": 0.00010725706670200452,
  "surprise_max": 0.9090494513511658,
  "processed_frames": 42.0,
  "video_name": "1.mp4"
}