{
  "facial_symmetry_mean": 0.9337863922119141,
  "facial_symmetry_std": 0.03598039597272873,
  "facial_symmetry_median": 0.9336252212524414,
  "facial_symmetry_max": 0.9994981288909912,
  "face_width_height_ratio_mean": 1.3359332084655762,
  "face_width_height_ratio_std": 0.11878335475921631,
  "face_width_height_ratio_median": 1.3389252424240112,
  "face_width_height_ratio_max": 1.5544897317886353,
  "eye_spacing_ratio_mean": 0.6622719764709473,
  "eye_spacing_ratio_std": 0.021643301472067833,
  "eye_spacing_ratio_median": 0.6602620482444763,
  "eye_spacing_ratio_max": 0.7169027924537659,
  "jaw_ratio_mean": 0.7962278723716736,
  "jaw_ratio_std": 0.021702269092202187,
  "jaw_ratio_median": 0.7981128692626953,
  "jaw_ratio_max": 0.8346784114837646,
  "smile_intensity_mean": 0.08674636483192444,
  "smile_intensity_std": 0.1300380378961563,
  "smile_intensity_median": 0.035739313811063766,
  "smile_intensity_max": 0.5629929304122925,
  "eye_contact_mean": 0.9682446718215942,
  "eye_contact_std": 0.013959484174847603,
  "eye_contact_median": 0.9672958254814148,
  "eye_contact_max": 0.9986023902893066,
  "eye_openness_mean": 0.36135441064834595,
  "eye_openness_std": 0.09912784397602081,
  "eye_openness_median": 0.3769459128379822,
  "eye_openness_max": 0.5035963654518127,
  "gaze_stability_mean": 0.9869459271430969,
  "gaze_stability_std": 0.010224160738289356,
  "gaze_stability_median": 0.9904570579528809,
  "gaze_stability_max": 1.0,
  "head_tilt_mean": 0.06254296004772186,
  "head_tilt_std": 0.03032822348177433,
  "head_tilt_median": 0.0651906430721283,
  "head_tilt_max": 0.11039003729820251,
  "expression_speed_mean": 0.11571219563484192,
  "expression_speed_std": 0.1120249480009079,
  "expression_speed_median": 0.09272674471139908,
  "expression_speed_max": 0.5625804662704468,
  "happy_mean": 0.1268545389175415,
  "happy_std": 0.29490289092063904,
  "happy_median": 0.0005595972179435194,
  "happy_max": 0.9998475909233093,
  "neutral_mean": 0.4310455620288849,
  "neutral_std": 0.4318763017654419,
  "neutral_median": 0.2406958043575287,
  "neutral_max": 0.9990491271018982,
  "surprise_mean": 0.04728057608008385,
  "surprise_std": 0.153883159160614,
  "surprise_median": 3.092598126386292e-05,
  "surprise_max": 0.6778634190559387,
  "processed_frames": 29.0,
  "video_name": "2.mp4"
}