{
  "facial_symmetry_mean": 0.9122207760810852,
  "facial_symmetry_std": 0.0256037600338459,
  "facial_symmetry_median": 0.9136061668395996,
  "facial_symmetry_max": 0.9606177806854248,
  "face_width_height_ratio_mean": 1.3347638845443726,
  "face_width_height_ratio_std": 0.19519111514091492,
  "face_width_height_ratio_median": 1.4154579639434814,
  "face_width_height_ratio_max": 1.6418277025222778,
  "eye_spacing_ratio_mean": 0.6340706944465637,
  "eye_spacing_ratio_std": 0.02536262385547161,
  "eye_spacing_ratio_median": 0.6341603398323059,
  "eye_spacing_ratio_max": 0.6920698881149292,
  "jaw_ratio_mean": 0.7927868366241455,
  "jaw_ratio_std": 0.01786787062883377,
  "jaw_ratio_median": 0.7929246425628662,
  "jaw_ratio_max": 0.8337246775627136,
  "smile_intensity_mean": 0.019244203343987465,
  "smile_intensity_std": 0.028772693127393723,
  "smile_intensity_median": 0.008832397870719433,
  "smile_intensity_max": 0.19160595536231995,
  "eye_contact_mean": 0.9861820936203003,
  "eye_contact_std": 0.01845674030482769,
  "eye_contact_median": 0.9912710189819336,
  "eye_contact_max": 0.9995977878570557,
  "eye_openness_mean": 0.3195188343524933,
  "eye_openness_std": 0.06614525616168976,
  "eye_openness_median": 0.34714043140411377,
  "eye_openness_max": 0.3927488327026367,
  "gaze_stability_mean": 0.9884218573570251,
  "gaze_stability_std": 0.017920995131134987,
  "gaze_stability_median": 0.9935786128044128,
  "gaze_stability_max": 1.0,
  "head_tilt_mean": 0.061667270958423615,
  "head_tilt_std": 0.04946539178490639,
  "head_tilt_median": 0.04650339484214783,
  "head_tilt_max": 0.17358340322971344,
  "expression_speed_mean": 0.07698535919189453,
  "expression_speed_std": 0.06648779660463333,
  "expression_speed_median": 0.05270380526781082,
  "expression_speed_max": 0.2424698770046234,
  "happy_mean": 0.18094074726104736,
  "happy_std": 0.30298706889152527,
  "happy_median": 0.011250235140323639,
  "happy_max": 1.0,
  "neutral_mean": 0.4235694408416748,
  "neutral_std": 0.37599948048591614,
  "neutral_median": 0.36674270033836365,
  "neutral_max": 0.9956003427505493,
  "surprise_mean": 0.0030152881518006325,
  "surprise_std": 0.016234584152698517,
  "surprise_median": 5.5247081036213785e-05,
  "surprise_max": 0.12508836388587952,
  "processed_frames": 59.0,
  "video_name": "3.mp4"
}