{
  "facial_symmetry_mean": 0.8981478810310364,
  "facial_symmetry_std": 0.033776115626096725,
  "facial_symmetry_median": 0.8884897828102112,
  "facial_symmetry_max": 0.9980674982070923,
  "face_width_height_ratio_mean": 1.4443334341049194,
  "face_width_height_ratio_std": 0.10472149401903152,
  "face_width_height_ratio_median": 1.4497030973434448,
  "face_width_height_ratio_max": 1.6954622268676758,
  "eye_spacing_ratio_mean": 0.6249951720237732,
  "eye_spacing_ratio_std": 0.03646001219749451,
  "eye_spacing_ratio_median": 0.6265445351600647,
  "eye_spacing_ratio_max": 0.7111472487449646,
  "jaw_ratio_mean": 0.7920903563499451,
  "jaw_ratio_std": 0.01978965848684311,
  "jaw_ratio_median": 0.7928436994552612,
  "jaw_ratio_max": 0.8493561744689941,
  "smile_intensity_mean": 0.05435020849108696,
  "smile_intensity_std": 0.09836927801370621,
  "smile_intensity_median": 0.01450873352587223,
  "smile_intensity_max": 0.5614253282546997,
  "eye_contact_mean": 0.9721366763114929,
  "eye_contact_std": 0.011303921230137348,
  "eye_contact_median": 0.9743479490280151,
  "eye_contact_max": 0.9969580173492432,
  "eye_openness_mean": 0.21464776992797852,
  "eye_openness_std": 0.040293119847774506,
  "eye_openness_median": 0.20732544362545013,
  "eye_openness_max": 0.35679545998573303,
  "gaze_stability_mean": 0.9900531768798828,
  "gaze_stability_std": 0.009301587007939816,
  "gaze_stability_median": 0.9920077323913574,
  "gaze_stability_max": 1.0,
  "head_tilt_mean": 0.01544103492051363,
  "head_tilt_std": 0.017134439200162888,
  "head_tilt_median": 0.011898577213287354,
  "head_tilt_max": 0.10162428021430969,
  "expression_speed_mean": 0.06671108305454254,
  "expression_speed_std": 0.0653243437409401,
  "expression_speed_median": 0.04285254701972008,
  "expression_speed_max": 0.30179184675216675,
  "happy_mean": 0.4586640000343323,
  "happy_std": 0.421217679977417,
  "happy_median": 0.38276851177215576,
  "happy_max": 0.9997547268867493,
  "neutral_mean": 0.22236943244934082,
  "neutral_std": 0.29916974902153015,
  "neutral_median": 0.03235423564910889,
  "neutral_max": 0.9900637269020081,
  "surprise_mean": 0.010907160118222237,
  "surprise_std": 0.08966623246669769,
  "surprise_median": 8.923498739932256e-07,
  "surprise_max": 0.7923203706741333,
  "processed_frames": 77.0,
  "video_name": "4.mp4"
}