{
  "facial_symmetry_mean": 0.908413290977478,
  "facial_symmetry_std": 0.04790385067462921,
  "facial_symmetry_median": 0.9109058380126953,
  "facial_symmetry_max": 0.9923193454742432,
  "face_width_height_ratio_mean": 1.1892508268356323,
  "face_width_height_ratio_std": 0.14671264588832855,
  "face_width_height_ratio_median": 1.1584692001342773,
  "face_width_height_ratio_max": 1.5294569730758667,
  "eye_spacing_ratio_mean": 0.6113893389701843,
  "eye_spacing_ratio_std": 0.03488224744796753,
  "eye_spacing_ratio_median": 0.6135572791099548,
  "eye_spacing_ratio_max": 0.6963703632354736,
  "jaw_ratio_mean": 0.8042969703674316,
  "jaw_ratio_std": 0.01992414891719818,
  "jaw_ratio_median": 0.8058727979660034,
  "jaw_ratio_max": 0.8457890748977661,
  "smile_intensity_mean": 0.3584597110748291,
  "smile_intensity_std": 0.18471388518810272,
  "smile_intensity_median": 0.4137064814567566,
  "smile_intensity_max": 0.6896886229515076,
  "eye_contact_mean": 0.960360586643219,
  "eye_contact_std": 0.025377826765179634,
  "eye_contact_median": 0.9645144939422607,
  "eye_contact_max": 0.9910659790039062,
  "eye_openness_mean": 0.29203662276268005,
  "eye_openness_std": 0.09345255047082901,
  "eye_openness_median": 0.28638529777526855,
  "eye_openness_max": 0.4978407621383667,
  "gaze_stability_mean": 0.9804723858833313,
  "gaze_stability_std": 0.021354706957936287,
  "gaze_stability_median": 0.9864503741264343,
  "gaze_stability_max": 1.0,
  "head_tilt_mean": 0.0721585601568222,
  "head_tilt_std": 0.04905577376484871,
  "head_tilt_median": 0.08575171232223511,
  "head_tilt_max": 0.1849069446325302,
  "expression_speed_mean": 0.19818942248821259,
  "expression_speed_std": 0.17184573411941528,
  "expression_speed_median": 0.11583073437213898,
  "expression_speed_max": 0.6370354294776917,
  "happy_mean": 0.43637657165527344,
  "happy_std": 0.45424389839172363,
  "happy_median": 0.1385226845741272,
  "happy_max": 1.0,
  "neutral_mean": 0.05766472592949867,
  "neutral_std": 0.193337544798851,
  "neutral_median": 0.0005231734830886126,
  "neutral_max": 0.992784857749939,
  "surprise_mean": 0.0175347737967968,
  "surprise_std": 0.1078658401966095,
  "surprise_median": 5.454201073007425e-07,
  "surprise_max": 0.716119110584259,
  "processed_frames": 43.0,
  "video_name": "5.mp4"
}