{
  "expression_speed_max": 0.5407715886831284,
  "expression_speed_mean": 0.1296159029006958,
  "expression_speed_median": 0.08823965551952521,
  "expression_speed_std": 0.12343298892180125,
  "eye_contact_max": 0.9970294237136841,
  "eye_contact_mean": 0.9697057406107584,
  "eye_contact_median": 0.9718315303325653,
  "eye_contact_std": 0.019042270723730326,
  "eye_openness_max": 0.4673527429501216,
  "eye_openness_mean": 0.30890125532944995,
  "eye_openness_median": 0.3155376836657524,
  "eye_openness_std": 0.08091779549916585,
  "eye_spacing_ratio_max": 0.7221541702747345,
  "eye_spacing_ratio_mean": 0.6390155553817749,
  "eye_spacing_ratio_median": 0.6372968852519989,
  "eye_spacing_ratio_std": 0.029760949934522312,
  "face_width_height_ratio_max": 1.6019387046496074,
  "face_width_height_ratio_mean": 1.328865607579549,
  "face_width_height_ratio_median": 1.3484280705451965,
  "face_width_height_ratio_std": 0.1425963950653871,
  "facial_symmetry_max": 0.9906771779060364,
  "facial_symmetry_mean": 0.9107161859671274,
  "facial_symmetry_median": 0.9068616529305776,
  "facial_symmetry_std": 0.039962267192701496,
  "gaze_stability_max": 1.0,
  "gaze_stability_mean": 0.9855839510758718,
  "gaze_stability_median": 0.9900560975074768,
  "gaze_stability_std": 0.015332033392041922,
  "happy_max": 0.9999337196350098,
  "happy_mean": 0.28099123388528824,
  "happy_median": 0.09613514403463341,
  "happy_std": 0.3723669896523158,
  "head_tilt_max": 0.16386580963929495,
  "head_tilt_mean": 0.05282888701185584,
  "head_tilt_median": 0.04586207369963328,
  "head_tilt_std": 0.041994537226855755,
  "jaw_ratio_max": 0.8461832106113434,
  "jaw_ratio_mean": 0.7934315403302511,
  "jaw_ratio_median": 0.7936230301856995,
  "jaw_ratio_std": 0.02150999413182338,
  "neutral_max": 0.992696205774943,
  "neutral_mean": 0.2810496495415767,
  "neutral_median": 0.1318785717788463,
  "neutral_std": 0.3330031509200732,
  "processed_frames": 53.5,
  "smile_intensity_max": 0.5998867998520533,
  "smile_intensity_mean": 0.14568899665027857,
  "smile_intensity_median": 0.12014613564436634,
  "smile_intensity_std": 0.13652686588466167,
  "surprise_max": 0.6735774228970209,
  "surprise_mean": 0.028923598273346823,
  "surprise_median": 4.306286318940996e-05,
  "surprise_std": 0.1138005865116914,
  "video_count": 6.0,
  "valid_video_count": 6.0,
  "valid_video_ratio": 1.0,
  "total_processed_frames": 321.0,
  "avg_processed_frames": 53.5,
  "quality_score": 0.7426666666666667,
  "person_name": "Kim Hae Ri"
}