{
  "facial_symmetry_mean": 0.8818079829216003,
  "facial_symmetry_std": 0.06361378729343414,
  "facial_symmetry_median": 0.8881971836090088,
  "facial_symmetry_max": 0.9916712641716003,
  "face_width_height_ratio_mean": 1.6536411046981812,
  "face_width_height_ratio_std": 0.2540127635002136,
  "face_width_height_ratio_median": 1.7244749069213867,
  "face_width_height_ratio_max": 2.166773557662964,
  "eye_spacing_ratio_mean": 0.6540191173553467,
  "eye_spacing_ratio_std": 0.02714519016444683,
  "eye_spacing_ratio_median": 0.6535998582839966,
  "eye_spacing_ratio_max": 0.7290359139442444,
  "jaw_ratio_mean": 0.8031742572784424,
  "jaw_ratio_std": 0.022944506257772446,
  "jaw_ratio_median": 0.8054442405700684,
  "jaw_ratio_max": 0.847206711769104,
  "smile_intensity_mean": 0.1958409994840622,
  "smile_intensity_std": 0.15162108838558197,
  "smile_intensity_median": 0.2209467738866806,
  "smile_intensity_max": 0.5518167614936829,
  "eye_contact_mean": 0.9572242498397827,
  "eye_contact_std": 0.03043805994093418,
  "eye_contact_median": 0.9682153463363647,
  "eye_contact_max": 0.9957554936408997,
  "eye_openness_mean": 0.4901811480522156,
  "eye_openness_std": 0.18011930584907532,
  "eye_openness_median": 0.4641169309616089,
  "eye_openness_max": 0.9765937924385071,
  "gaze_stability_mean": 0.9800636768341064,
  "gaze_stability_std": 0.0256142970174551,
  "gaze_stability_median": 0.9911841154098511,
  "gaze_stability_max": 1.0,
  "head_tilt_mean": 0.07906178385019302,
  "head_tilt_std": 0.12123037874698639,
  "head_tilt_median": 0.028174445033073425,
  "head_tilt_max": 0.415736585855484,
  "expression_speed_mean": 0.16058672964572906,
  "expression_speed_std": 0.1419241726398468,
  "expression_speed_median": 0.12845368683338165,
  "expression_speed_max": 0.6274170279502869,
  "happy_mean": 0.23615798354148865,
  "happy_std": 0.38417381048202515,
  "happy_median": 0.000416646886151284,
  "happy_max": 0.9999991059303284,
  "neutral_mean": 0.19159701466560364,
  "neutral_std": 0.29317477345466614,
  "neutral_median": 0.01873898133635521,
  "neutral_max": 0.9965116381645203,
  "surprise_mean": 0.025893842801451683,
  "surprise_std": 0.11807281523942947,
  "surprise_median": 7.020631187515392e-07,
  "surprise_max": 0.8094815611839294,
  "processed_frames": 66.0,
  "video_name": "1 (3).mp4"
}