{
  "facial_symmetry_mean": 0.9108312129974365,
  "facial_symmetry_std": 0.07898925244808197,
  "facial_symmetry_median": 0.9410121440887451,
  "facial_symmetry_max": 0.9995381832122803,
  "face_width_height_ratio_mean": 0.9053840041160583,
  "face_width_height_ratio_std": 0.038373060524463654,
  "face_width_height_ratio_median": 0.918596625328064,
  "face_width_height_ratio_max": 0.970533549785614,
  "eye_spacing_ratio_mean": 0.6399308443069458,
  "eye_spacing_ratio_std": 0.015764011070132256,
  "eye_spacing_ratio_median": 0.6423829793930054,
  "eye_spacing_ratio_max": 0.6620250344276428,
  "jaw_ratio_mean": 0.7974843978881836,
  "jaw_ratio_std": 0.025572804734110832,
  "jaw_ratio_median": 0.7963351011276245,
  "jaw_ratio_max": 0.85236656665802,
  "smile_intensity_mean": 0.3485286831855774,
  "smile_intensity_std": 0.1946876347064972,
  "smile_intensity_median": 0.41146180033683777,
  "smile_intensity_max": 0.7302995324134827,
  "eye_contact_mean": 0.9512055516242981,
  "eye_contact_std": 0.034067124128341675,
  "eye_contact_median": 0.9532248973846436,
  "eye_contact_max": 0.9998873472213745,
  "eye_openness_mean": 0.9572371244430542,
  "eye_openness_std": 0.11491389572620392,
  "eye_openness_median": 1.0,
  "eye_openness_max": 1.0,
  "gaze_stability_mean": 0.9788491725921631,
  "gaze_stability_std": 0.027947604656219482,
  "gaze_stability_median": 0.9880964756011963,
  "gaze_stability_max": 1.0,
  "head_tilt_mean": 0.05886037275195122,
  "head_tilt_std": 0.05688866227865219,
  "head_tilt_median": 0.04022270441055298,
  "head_tilt_max": 0.3611907362937927,
  "expression_speed_mean": 0.1049942672252655,
  "expression_speed_std": 0.13063953816890717,
  "expression_speed_median": 0.04695545881986618,
  "expression_speed_max": 0.5769945383071899,
  "happy_mean": 0.35503247380256653,
  "happy_std": 0.46092912554740906,
  "happy_median": 0.01686788722872734,
  "happy_max": 0.9999999403953552,
  "neutral_mean": 0.24881355464458466,
  "neutral_std": 0.40637168288230896,
  "neutral_median": 0.0010367288487032056,
  "neutral_max": 0.9999987483024597,
  "surprise_mean": 0.057755522429943085,
  "surprise_std": 0.21589742600917816,
  "surprise_median": 3.239255192966084e-07,
  "surprise_max": 0.9817866086959839,
  "processed_frames": 75.0,
  "video_name": "1 (4).mp4"
}