{
  "facial_symmetry_mean": 0.9058117866516113,
  "facial_symmetry_std": 0.059676941484212875,
  "facial_symmetry_median": 0.9069805145263672,
  "facial_symmetry_max": 0.9921664595603943,
  "face_width_height_ratio_mean": 0.6134933233261108,
  "face_width_height_ratio_std": 0.06196070834994316,
  "face_width_height_ratio_median": 0.613649845123291,
  "face_width_height_ratio_max": 0.7926808595657349,
  "eye_spacing_ratio_mean": 0.6500980854034424,
  "eye_spacing_ratio_std": 0.026155056431889534,
  "eye_spacing_ratio_median": 0.6530301570892334,
  "eye_spacing_ratio_max": 0.7645395398139954,
  "jaw_ratio_mean": 0.79706209897995,
  "jaw_ratio_std": 0.02665901370346546,
  "jaw_ratio_median": 0.801170289516449,
  "jaw_ratio_max": 0.8456929922103882,
  "smile_intensity_mean": 0.49858641624450684,
  "smile_intensity_std": 0.35567495226860046,
  "smile_intensity_median": 0.5966748595237732,
  "smile_intensity_max": 1.0,
  "eye_contact_mean": 0.9700189232826233,
  "eye_contact_std": 0.03746793791651726,
  "eye_contact_median": 0.9814255237579346,
  "eye_contact_max": 0.9999821186065674,
  "eye_openness_mean": 0.9104405045509338,
  "eye_openness_std": 0.166641965508461,
  "eye_openness_median": 1.0,
  "eye_openness_max": 1.0,
  "gaze_stability_mean": 0.9878774285316467,
  "gaze_stability_std": 0.02229207567870617,
  "gaze_stability_median": 0.9956528544425964,
  "gaze_stability_max": 1.0,
  "head_tilt_mean": 0.12225346267223358,
  "head_tilt_std": 0.12441924214363098,
  "head_tilt_median": 0.07679365575313568,
  "head_tilt_max": 0.42121440172195435,
  "expression_speed_mean": 0.14936469495296478,
  "expression_speed_std": 0.19850020110607147,
  "expression_speed_median": 0.07888268679380417,
  "expression_speed_max": 0.9967448115348816,
  "happy_mean": 0.24926020205020905,
  "happy_std": 0.386613667011261,
  "happy_median": 0.0010886575328186154,
  "happy_max": 0.9999993443489075,
  "neutral_mean": 0.2260717749595642,
  "neutral_std": 0.3091997504234314,
  "neutral_median": 0.01650608889758587,
  "neutral_max": 0.9907253980636597,
  "surprise_mean": 0.02525261417031288,
  "surprise_std": 0.077200748026371,
  "surprise_median": 2.9184704544604756e-05,
  "surprise_max": 0.4525090754032135,
  "processed_frames": 100.0,
  "video_name": "1 (5).mp4"
}