{
  "facial_symmetry_mean": 0.9197598099708557,
  "facial_symmetry_std": 0.06732447445392609,
  "facial_symmetry_median": 0.942345142364502,
  "facial_symmetry_max": 0.9981077313423157,
  "face_width_height_ratio_mean": 0.581737756729126,
  "face_width_height_ratio_std": 0.07803463935852051,
  "face_width_height_ratio_median": 0.6097449660301208,
  "face_width_height_ratio_max": 0.6762782335281372,
  "eye_spacing_ratio_mean": 0.6514298319816589,
  "eye_spacing_ratio_std": 0.04113049805164337,
  "eye_spacing_ratio_median": 0.6633906960487366,
  "eye_spacing_ratio_max": 0.7016226649284363,
  "jaw_ratio_mean": 0.797256350517273,
  "jaw_ratio_std": 0.03151005879044533,
  "jaw_ratio_median": 0.7950854301452637,
  "jaw_ratio_max": 0.8758764863014221,
  "smile_intensity_mean": 0.34818944334983826,
  "smile_intensity_std": 0.27965500950813293,
  "smile_intensity_median": 0.3759629726409912,
  "smile_intensity_max": 1.0,
  "eye_contact_mean": 0.9594282507896423,
  "eye_contact_std": 0.0405387319624424,
  "eye_contact_median": 0.9768573641777039,
  "eye_contact_max": 0.9984769821166992,
  "eye_openness_mean": 0.9670436382293701,
  "eye_openness_std": 0.13514482975006104,
  "eye_openness_median": 1.0,
  "eye_openness_max": 1.0,
  "gaze_stability_mean": 0.990604817867279,
  "gaze_stability_std": 0.01308116689324379,
  "gaze_stability_median": 0.9943369626998901,
  "gaze_stability_max": 1.0,
  "head_tilt_mean": 0.12518636882305145,
  "head_tilt_std": 0.08100363612174988,
  "head_tilt_median": 0.10978326201438904,
  "head_tilt_max": 0.3581571578979492,
  "expression_speed_mean": 0.13763412833213806,
  "expression_speed_std": 0.1984100639820099,
  "expression_speed_median": 0.058815762400627136,
  "expression_speed_max": 0.9027130603790283,
  "happy_mean": 0.21232981979846954,
  "happy_std": 0.3878287971019745,
  "happy_median": 0.004229084588587284,
  "happy_max": 1.0,
  "neutral_mean": 0.4420303702354431,
  "neutral_std": 0.41991767287254333,
  "neutral_median": 0.354413777589798,
  "neutral_max": 0.9999805092811584,
  "surprise_mean": 0.0154587272554636,
  "surprise_std": 0.059520114213228226,
  "surprise_median": 0.0006321822293102741,
  "surprise_max": 0.4987350106239319,
  "processed_frames": 133.0,
  "video_name": "1 (6).mp4"
}