{
  "facial_symmetry_mean": 0.8600152134895325,
  "facial_symmetry_std": 0.0645936131477356,
  "facial_symmetry_median": 0.8595126867294312,
  "facial_symmetry_max": 0.9934245944023132,
  "face_width_height_ratio_mean": 0.602563202381134,
  "face_width_height_ratio_std": 0.06848054379224777,
  "face_width_height_ratio_median": 0.6166490912437439,
  "face_width_height_ratio_max": 0.6980072259902954,
  "eye_spacing_ratio_mean": 0.6442113518714905,
  "eye_spacing_ratio_std": 0.02274390123784542,
  "eye_spacing_ratio_median": 0.6448303461074829,
  "eye_spacing_ratio_max": 0.6928181648254395,
  "jaw_ratio_mean": 0.8017694354057312,
  "jaw_ratio_std": 0.024716589599847794,
  "jaw_ratio_median": 0.8021616339683533,
  "jaw_ratio_max": 0.8548519611358643,
  "smile_intensity_mean": 0.3657779097557068,
  "smile_intensity_std": 0.3940506875514984,
  "smile_intensity_median": 0.18132047355175018,
  "smile_intensity_max": 1.0,
  "eye_contact_mean": 0.951500415802002,
  "eye_contact_std": 0.03463863953948021,
  "eye_contact_median": 0.9559274911880493,
  "eye_contact_max": 0.9995017051696777,
  "eye_openness_mean": 0.9288991689682007,
  "eye_openness_std": 0.12131328135728836,
  "eye_openness_median": 1.0,
  "eye_openness_max": 1.0,
  "gaze_stability_mean": 0.9852182269096375,
  "gaze_stability_std": 0.013266763649880886,
  "gaze_stability_median": 0.9899609088897705,
  "gaze_stability_max": 1.0,
  "head_tilt_mean": 0.12054764479398727,
  "head_tilt_std": 0.09377594292163849,
  "head_tilt_median": 0.09222559630870819,
  "head_tilt_max": 0.3859966993331909,
  "expression_speed_mean": 0.15548832714557648,
  "expression_speed_std": 0.20572130382061005,
  "expression_speed_median": 0.08406712114810944,
  "expression_speed_max": 1.0,
  "happy_mean": 0.34017735719680786,
  "happy_std": 0.43872684240341187,
  "happy_median": 0.00257222936488688,
  "happy_max": 0.9999982118606567,
  "neutral_mean": 0.27352845668792725,
  "neutral_std": 0.38134580850601196,
  "neutral_median": 0.03781803697347641,
  "neutral_max": 0.9999954104423523,
  "surprise_mean": 0.0009475199622102082,
  "surprise_std": 0.003739521838724613,
  "surprise_median": 3.306668304503546e-06,
  "surprise_max": 0.028034506365656853,
  "processed_frames": 82.0,
  "video_name": "1 (7).mp4"
}