{
  "facial_symmetry_mean": 0.9101979732513428,
  "facial_symmetry_std": 0.08225027471780777,
  "facial_symmetry_median": 0.932125449180603,
  "facial_symmetry_max": 0.9996618628501892,
  "face_width_height_ratio_mean": 0.6272644996643066,
  "face_width_height_ratio_std": 0.05560075119137764,
  "face_width_height_ratio_median": 0.6188240647315979,
  "face_width_height_ratio_max": 0.8298447728157043,
  "eye_spacing_ratio_mean": 0.6561937928199768,
  "eye_spacing_ratio_std": 0.030113281682133675,
  "eye_spacing_ratio_median": 0.6571470499038696,
  "eye_spacing_ratio_max": 0.7527720928192139,
  "jaw_ratio_mean": 0.7955381870269775,
  "jaw_ratio_std": 0.020675089210271835,
  "jaw_ratio_median": 0.7983277440071106,
  "jaw_ratio_max": 0.8522329330444336,
  "smile_intensity_mean": 0.4102447032928467,
  "smile_intensity_std": 0.28779494762420654,
  "smile_intensity_median": 0.44918227195739746,
  "smile_intensity_max": 1.0,
  "eye_contact_mean": 0.958095133304596,
  "eye_contact_std": 0.03151731565594673,
  "eye_contact_median": 0.9632678031921387,
  "eye_contact_max": 0.999879002571106,
  "eye_openness_mean": 0.8719826340675354,
  "eye_openness_std": 0.26475420594215393,
  "eye_openness_median": 1.0,
  "eye_openness_max": 1.0,
  "gaze_stability_mean": 0.9866603016853333,
  "gaze_stability_std": 0.017448969185352325,
  "gaze_stability_median": 0.9918161630630493,
  "gaze_stability_max": 1.0,
  "head_tilt_mean": 0.18845942616462708,
  "head_tilt_std": 0.2510809600353241,
  "head_tilt_median": 0.09911760687828064,
  "head_tilt_max": 1.0,
  "expression_speed_mean": 0.17822600901126862,
  "expression_speed_std": 0.22577248513698578,
  "expression_speed_median": 0.08009098470211029,
  "expression_speed_max": 1.0,
  "happy_mean": 0.2840960919857025,
  "happy_std": 0.4055555760860443,
  "happy_median": 0.016253706067800522,
  "happy_max": 0.9999995231628418,
  "neutral_mean": 0.25432565808296204,
  "neutral_std": 0.3558489680290222,
  "neutral_median": 0.04475308954715729,
  "neutral_max": 0.9999902844429016,
  "surprise_mean": 0.049858998507261276,
  "surprise_std": 0.17765013873577118,
  "surprise_median": 4.5592467358801514e-05,
  "surprise_max": 0.9070565700531006,
  "processed_frames": 130.0,
  "video_name": "1.mp4"
}