{
  "facial_symmetry_mean": 0.953711748123169,
  "facial_symmetry_std": 0.043827418237924576,
  "facial_symmetry_median": 0.9710965752601624,
  "facial_symmetry_max": 0.9970492124557495,
  "face_width_height_ratio_mean": 0.6524847149848938,
  "face_width_height_ratio_std": 0.04188762605190277,
  "face_width_height_ratio_median": 0.6376563310623169,
  "face_width_height_ratio_max": 0.7640610337257385,
  "eye_spacing_ratio_mean": 0.6610234379768372,
  "eye_spacing_ratio_std": 0.02279418706893921,
  "eye_spacing_ratio_median": 0.661262035369873,
  "eye_spacing_ratio_max": 0.7229321599006653,
  "jaw_ratio_mean": 0.7754393219947815,
  "jaw_ratio_std": 0.025075707584619522,
  "jaw_ratio_median": 0.7738926410675049,
  "jaw_ratio_max": 0.8267599940299988,
  "smile_intensity_mean": 0.33416056632995605,
  "smile_intensity_std": 0.30309268832206726,
  "smile_intensity_median": 0.25248047709465027,
  "smile_intensity_max": 1.0,
  "eye_contact_mean": 0.9714970588684082,
  "eye_contact_std": 0.025507474318146706,
  "eye_contact_median": 0.9783288240432739,
  "eye_contact_max": 0.9995461702346802,
  "eye_openness_mean": 0.9563990235328674,
  "eye_openness_std": 0.1472904533147812,
  "eye_openness_median": 1.0,
  "eye_openness_max": 1.0,
  "gaze_stability_mean": 0.9870976805686951,
  "gaze_stability_std": 0.016527526080608368,
  "gaze_stability_median": 0.9949705004692078,
  "gaze_stability_max": 1.0,
  "head_tilt_mean": 0.20822161436080933,
  "head_tilt_std": 0.19892652332782745,
  "head_tilt_median": 0.11397451162338257,
  "head_tilt_max": 0.7121069431304932,
  "expression_speed_mean": 0.25216352939605713,
  "expression_speed_std": 0.2574838697910309,
  "expression_speed_median": 0.16917799413204193,
  "expression_speed_max": 1.0,
  "happy_mean": 0.3283398151397705,
  "happy_std": 0.4352802336215973,
  "happy_median": 0.0007073043379932642,
  "happy_max": 0.9999999403953552,
  "neutral_mean": 0.27274152636528015,
  "neutral_std": 0.32247477769851685,
  "neutral_median": 0.11803615093231201,
  "neutral_max": 0.9807542562484741,
  "surprise_mean": 0.05736681446433067,
  "surprise_std": 0.18199466168880463,
  "surprise_median": 8.499735849909484e-05,
  "surprise_max": 0.8907812237739563,
  "processed_frames": 67.0,
  "video_name": "1.mp4"
}