{
  "facial_symmetry_mean": 0.8543176651000977,
  "facial_symmetry_std": 0.07340801507234573,
  "facial_symmetry_median": 0.8424667119979858,
  "facial_symmetry_max": 0.9982240200042725,
  "face_width_height_ratio_mean": 1.4246211051940918,
  "face_width_height_ratio_std": 0.048693202435970306,
  "face_width_height_ratio_median": 1.435986876487732,
  "face_width_height_ratio_max": 1.499845266342163,
  "eye_spacing_ratio_mean": 0.6426395177841187,
  "eye_spacing_ratio_std": 0.01906854473054409,
  "eye_spacing_ratio_median": 0.6375709176063538,
  "eye_spacing_ratio_max": 0.6867030262947083,
  "jaw_ratio_mean": 0.7892243266105652,
  "jaw_ratio_std": 0.0122902300208807,
  "jaw_ratio_median": 0.787616491317749,
  "jaw_ratio_max": 0.8130813837051392,
  "smile_intensity_mean": 0.01133877132087946,
  "smile_intensity_std": 0.01554386131465435,
  "smile_intensity_median": 0.004359286278486252,
  "smile_intensity_max": 0.06908685714006424,
  "eye_contact_mean": 0.949465811252594,
  "eye_contact_std": 0.046750690788030624,
  "eye_contact_median": 0.9641904830932617,
  "eye_contact_max": 0.9983665347099304,
  "eye_openness_mean": 0.8879024386405945,
  "eye_openness_std": 0.12973015010356903,
  "eye_openness_median": 0.9435177445411682,
  "eye_openness_max": 1.0,
  "gaze_stability_mean": 0.9852598309516907,
  "gaze_stability_std": 0.012340022251009941,
  "gaze_stability_median": 0.9856312274932861,
  "gaze_stability_max": 1.0,
  "head_tilt_mean": 0.10684757679700851,
  "head_tilt_std": 0.05974365025758743,
  "head_tilt_median": 0.11127129197120667,
  "head_tilt_max": 0.23038029670715332,
  "expression_speed_mean": 0.06433890759944916,
  "expression_speed_std": 0.03366274759173393,
  "expression_speed_median": 0.0592154785990715,
  "expression_speed_max": 0.17027713358402252,
  "happy_mean": 0.33102673292160034,
  "happy_std": 0.4008544087409973,
  "happy_median": 0.09135998785495758,
  "happy_max": 0.999457836151123,
  "neutral_mean": 0.5208209156990051,
  "neutral_std": 0.37061792612075806,
  "neutral_median": 0.6387108564376831,
  "neutral_max": 0.9663757681846619,
  "surprise_mean": 0.00010530519648455083,
  "surprise_std": 0.0002547217591200024,
  "surprise_median": 6.805799785070121e-06,
  "surprise_max": 0.001229190151207149,
  "processed_frames": 30.0,
  "video_name": "2.mp4"
}