{
  "facial_symmetry_mean": 0.9087954163551331,
  "facial_symmetry_std": 0.068114273250103,
  "facial_symmetry_median": 0.9469807744026184,
  "facial_symmetry_max": 0.9945500493049622,
  "face_width_height_ratio_mean": 0.6272225975990295,
  "face_width_height_ratio_std": 0.06261635571718216,
  "face_width_height_ratio_median": 0.6386343240737915,
  "face_width_height_ratio_max": 0.8685501217842102,
  "eye_spacing_ratio_mean": 0.6484002470970154,
  "eye_spacing_ratio_std": 0.019917087629437447,
  "eye_spacing_ratio_median": 0.6451857686042786,
  "eye_spacing_ratio_max": 0.7077638506889343,
  "jaw_ratio_mean": 0.79445880651474,
  "jaw_ratio_std": 0.020949920639395714,
  "jaw_ratio_median": 0.7946715354919434,
  "jaw_ratio_max": 0.8620340824127197,
  "smile_intensity_mean": 0.25546199083328247,
  "smile_intensity_std": 0.3139265477657318,
  "smile_intensity_median": 0.05502902716398239,
  "smile_intensity_max": 1.0,
  "eye_contact_mean": 0.964400589466095,
  "eye_contact_std": 0.03694424778223038,
  "eye_contact_median": 0.9815276861190796,
  "eye_contact_max": 0.9994121789932251,
  "eye_openness_mean": 0.8309157490730286,
  "eye_openness_std": 0.2833738923072815,
  "eye_openness_median": 1.0,
  "eye_openness_max": 1.0,
  "gaze_stability_mean": 0.9848105311393738,
  "gaze_stability_std": 0.02140457183122635,
  "gaze_stability_median": 0.9923703670501709,
  "gaze_stability_max": 1.0,
  "head_tilt_mean": 0.18388663232326508,
  "head_tilt_std": 0.1087942123413086,
  "head_tilt_median": 0.1898568868637085,
  "head_tilt_max": 0.5522039532661438,
  "expression_speed_mean": 0.14208175241947174,
  "expression_speed_std": 0.20247380435466766,
  "expression_speed_median": 0.056717026978731155,
  "expression_speed_max": 1.0,
  "happy_mean": 0.2872241139411926,
  "happy_std": 0.3947644829750061,
  "happy_median": 0.01535127591341734,
  "happy_max": 0.9999977946281433,
  "neutral_mean": 0.37644025683403015,
  "neutral_std": 0.3853476941585541,
  "neutral_median": 0.23725183308124542,
  "neutral_max": 0.9999954700469971,
  "surprise_mean": 0.01440795324742794,
  "surprise_std": 0.0877046138048172,
  "surprise_median": 1.2255239198566414e-05,
  "surprise_max": 0.8537427186965942,
  "processed_frames": 103.0,
  "video_name": "5.mp4"
}