{
  "facial_symmetry_mean": 0.9506829380989075,
  "facial_symmetry_std": 0.032648637890815735,
  "facial_symmetry_median": 0.9525074362754822,
  "facial_symmetry_max": 0.9993359446525574,
  "face_width_height_ratio_mean": 1.3458542823791504,
  "face_width_height_ratio_std": 0.051653604954481125,
  "face_width_height_ratio_median": 1.3513827323913574,
  "face_width_height_ratio_max": 1.4509459733963013,
  "eye_spacing_ratio_mean": 0.6650571227073669,
  "eye_spacing_ratio_std": 0.012111864052712917,
  "eye_spacing_ratio_median": 0.6645992398262024,
  "eye_spacing_ratio_max": 0.6929388642311096,
  "jaw_ratio_mean": 0.7725114822387695,
  "jaw_ratio_std": 0.0154690807685256,
  "jaw_ratio_median": 0.7719254493713379,
  "jaw_ratio_max": 0.8135736584663391,
  "smile_intensity_mean": 0.21818968653678894,
  "smile_intensity_std": 0.1253354400396347,
  "smile_intensity_median": 0.2148878127336502,
  "smile_intensity_max": 0.7181369662284851,
  "eye_contact_mean": 0.9872638583183289,
  "eye_contact_std": 0.012716932222247124,
  "eye_contact_median": 0.99160236120224,
  "eye_contact_max": 0.9998810291290283,
  "eye_openness_mean": 0.4310435354709625,
  "eye_openness_std": 0.11798211187124252,
  "eye_openness_median": 0.44117119908332825,
  "eye_openness_max": 0.625149667263031,
  "gaze_stability_mean": 0.9941956996917725,
  "gaze_stability_std": 0.006787922233343124,
  "gaze_stability_median": 0.9968473315238953,
  "gaze_stability_max": 1.0,
  "head_tilt_mean": 0.06435166299343109,
  "head_tilt_std": 0.032776664942502975,
  "head_tilt_median": 0.06353095173835754,
  "head_tilt_max": 0.17716631293296814,
  "expression_speed_mean": 0.1396220624446869,
  "expression_speed_std": 0.1098993644118309,
  "expression_speed_median": 0.10895334184169769,
  "expression_speed_max": 0.5039407014846802,
  "happy_mean": 0.40100449323654175,
  "happy_std": 0.44914475083351135,
  "happy_median": 0.042308270931243896,
  "happy_max": 0.9999962449073792,
  "neutral_mean": 0.12419518083333969,
  "neutral_std": 0.25103721022605896,
  "neutral_median": 0.008475901558995247,
  "neutral_max": 0.9980449676513672,
  "surprise_mean": 0.03567790612578392,
  "surprise_std": 0.14307650923728943,
  "surprise_median": 6.320062675513327e-05,
  "surprise_max": 0.9999998807907104,
  "processed_frames": 127.0,
  "video_name": "6.mp4"
}