{
  "facial_symmetry_mean": 0.9020763039588928,
  "facial_symmetry_std": 0.07021098583936691,
  "facial_symmetry_median": 0.8826424479484558,
  "facial_symmetry_max": 0.9999278783798218,
  "face_width_height_ratio_mean": 1.4893277883529663,
  "face_width_height_ratio_std": 0.12250573933124542,
  "face_width_height_ratio_median": 1.5045228004455566,
  "face_width_height_ratio_max": 1.8096331357955933,
  "eye_spacing_ratio_mean": 0.6735772490501404,
  "eye_spacing_ratio_std": 0.03937125578522682,
  "eye_spacing_ratio_median": 0.6693627834320068,
  "eye_spacing_ratio_max": 0.8009151816368103,
  "jaw_ratio_mean": 0.7837746143341064,
  "jaw_ratio_std": 0.019171616062521935,
  "jaw_ratio_median": 0.780612051486969,
  "jaw_ratio_max": 0.8356398344039917,
  "smile_intensity_mean": 0.19674988090991974,
  "smile_intensity_std": 0.23558388650417328,
  "smile_intensity_median": 0.08317232877016068,
  "smile_intensity_max": 0.9392727613449097,
  "eye_contact_mean": 0.9672080874443054,
  "eye_contact_std": 0.02684573270380497,
  "eye_contact_median": 0.9690302610397339,
  "eye_contact_max": 0.99952232837677,
  "eye_openness_mean": 0.5689537525177002,
  "eye_openness_std": 0.21349437534809113,
  "eye_openness_median": 0.4686722457408905,
  "eye_openness_max": 1.0,
  "gaze_stability_mean": 0.9827821254730225,
  "gaze_stability_std": 0.02511546015739441,
  "gaze_stability_median": 0.9926503300666809,
  "gaze_stability_max": 1.0,
  "head_tilt_mean": 0.04161674901843071,
  "head_tilt_std": 0.043396737426519394,
  "head_tilt_median": 0.02874135971069336,
  "head_tilt_max": 0.22581040859222412,
  "expression_speed_mean": 0.14065758883953094,
  "expression_speed_std": 0.14987409114837646,
  "expression_speed_median": 0.08815477788448334,
  "expression_speed_max": 0.6556115746498108,
  "happy_mean": 0.21830683946609497,
  "happy_std": 0.3683685064315796,
  "happy_median": 0.004231506027281284,
  "happy_max": 1.0,
  "neutral_mean": 0.3066641390323639,
  "neutral_std": 0.3848695456981659,
  "neutral_median": 0.11841397732496262,
  "neutral_max": 0.9999998807907104,
  "surprise_mean": 0.03921499103307724,
  "surprise_std": 0.16687220335006714,
  "surprise_median": 1.3362116533244262e-06,
  "surprise_max": 0.9561920762062073,
  "processed_frames": 87.0,
  "video_name": "1.mp4"
}