{
  "facial_symmetry_mean": 0.9466971755027771,
  "facial_symmetry_std": 0.050007760524749756,
  "facial_symmetry_median": 0.9629504680633545,
  "facial_symmetry_max": 0.9994128346443176,
  "face_width_height_ratio_mean": 0.6314437389373779,
  "face_width_height_ratio_std": 0.05311937630176544,
  "face_width_height_ratio_median": 0.6298441290855408,
  "face_width_height_ratio_max": 0.8406755328178406,
  "eye_spacing_ratio_mean": 0.6634171009063721,
  "eye_spacing_ratio_std": 0.028395021334290504,
  "eye_spacing_ratio_median": 0.665973961353302,
  "eye_spacing_ratio_max": 0.7350422143936157,
  "jaw_ratio_mean": 0.7999727725982666,
  "jaw_ratio_std": 0.02026921883225441,
  "jaw_ratio_median": 0.8021330833435059,
  "jaw_ratio_max": 0.8505343794822693,
  "smile_intensity_mean": 0.4539756774902344,
  "smile_intensity_std": 0.35811713337898254,
  "smile_intensity_median": 0.4563313126564026,
  "smile_intensity_max": 1.0,
  "eye_contact_mean": 0.9835084080696106,
  "eye_contact_std": 0.02369665913283825,
  "eye_contact_median": 0.9903642535209656,
  "eye_contact_max": 0.9999805092811584,
  "eye_openness_mean": 0.7590227723121643,
  "eye_openness_std": 0.26581069827079773,
  "eye_openness_median": 0.8189296722412109,
  "eye_openness_max": 1.0,
  "gaze_stability_mean": 0.990399181842804,
  "gaze_stability_std": 0.018492797389626503,
  "gaze_stability_median": 0.9959276914596558,
  "gaze_stability_max": 1.0,
  "head_tilt_mean": 0.06931079179048538,
  "head_tilt_std": 0.12701041996479034,
  "head_tilt_median": 0.023537278175354004,
  "head_tilt_max": 0.6564491987228394,
  "expression_speed_mean": 0.2827894687652588,
  "expression_speed_std": 0.26483896374702454,
  "expression_speed_median": 0.2237635850906372,
  "expression_speed_max": 1.0,
  "happy_mean": 0.3720003366470337,
  "happy_std": 0.41402021050453186,
  "happy_median": 0.10973972082138062,
  "happy_max": 0.9999998807907104,
  "neutral_mean": 0.2588048577308655,
  "neutral_std": 0.3594106435775757,
  "neutral_median": 0.023000629618763924,
  "neutral_max": 0.9961410760879517,
  "surprise_mean": 0.04922061413526535,
  "surprise_std": 0.15778014063835144,
  "surprise_median": 0.0005431943573057652,
  "surprise_max": 0.9259350299835205,
  "processed_frames": 101.0,
  "video_name": "2.mp4"
}