{
  "facial_symmetry_mean": 0.9025025367736816,
  "facial_symmetry_std": 0.06806431710720062,
  "facial_symmetry_median": 0.8837747573852539,
  "facial_symmetry_max": 0.9988991022109985,
  "face_width_height_ratio_mean": 1.483189582824707,
  "face_width_height_ratio_std": 0.1241888776421547,
  "face_width_height_ratio_median": 1.489614725112915,
  "face_width_height_ratio_max": 1.867134928703308,
  "eye_spacing_ratio_mean": 0.6742954850196838,
  "eye_spacing_ratio_std": 0.04087529703974724,
  "eye_spacing_ratio_median": 0.6669528484344482,
  "eye_spacing_ratio_max": 0.7876894474029541,
  "jaw_ratio_mean": 0.7839754819869995,
  "jaw_ratio_std": 0.02150283381342888,
  "jaw_ratio_median": 0.7803775072097778,
  "jaw_ratio_max": 0.8598718643188477,
  "smile_intensity_mean": 0.1940225213766098,
  "smile_intensity_std": 0.23619970679283142,
  "smile_intensity_median": 0.08433941006660461,
  "smile_intensity_max": 0.8765072226524353,
  "eye_contact_mean": 0.9650838971138,
  "eye_contact_std": 0.029263369739055634,
  "eye_contact_median": 0.9684553146362305,
  "eye_contact_max": 0.9989863634109497,
  "eye_openness_mean": 0.5659907460212708,
  "eye_openness_std": 0.2152034342288971,
  "eye_openness_median": 0.45856714248657227,
  "eye_openness_max": 1.0,
  "gaze_stability_mean": 0.9832030534744263,
  "gaze_stability_std": 0.026432665064930916,
  "gaze_stability_median": 0.9920388460159302,
  "gaze_stability_max": 1.0,
  "head_tilt_mean": 0.042204346507787704,
  "head_tilt_std": 0.04466560482978821,
  "head_tilt_median": 0.02857886254787445,
  "head_tilt_max": 0.2440086007118225,
  "expression_speed_mean": 0.14670348167419434,
  "expression_speed_std": 0.17132969200611115,
  "expression_speed_median": 0.08930539339780807,
  "expression_speed_max": 0.8229835033416748,
  "happy_mean": 0.26228970289230347,
  "happy_std": 0.4009994864463806,
  "happy_median": 0.00909453071653843,
  "happy_max": 0.9999997615814209,
  "neutral_mean": 0.3160948157310486,
  "neutral_std": 0.3963422179222107,
  "neutral_median": 0.05949446186423302,
  "neutral_max": 0.9999996423721313,
  "surprise_mean": 0.031393084675073624,
  "surprise_std": 0.1398233026266098,
  "surprise_median": 8.20849095362064e-07,
  "surprise_max": 0.9076622724533081,
  "processed_frames": 90.0,
  "video_name": "3.mp4"
}