{
  "facial_symmetry_mean": 0.9294202923774719,
  "facial_symmetry_std": 0.05250087380409241,
  "facial_symmetry_median": 0.938985288143158,
  "facial_symmetry_max": 0.999090313911438,
  "face_width_height_ratio_mean": 0.6544342637062073,
  "face_width_height_ratio_std": 0.052578769624233246,
  "face_width_height_ratio_median": 0.6561886668205261,
  "face_width_height_ratio_max": 0.7749531269073486,
  "eye_spacing_ratio_mean": 0.6608022451400757,
  "eye_spacing_ratio_std": 0.03132070600986481,
  "eye_spacing_ratio_median": 0.6623721718788147,
  "eye_spacing_ratio_max": 0.7828353643417358,
  "jaw_ratio_mean": 0.7875104546546936,
  "jaw_ratio_std": 0.02484351582825184,
  "jaw_ratio_median": 0.7854814529418945,
  "jaw_ratio_max": 0.8519352674484253,
  "smile_intensity_mean": 0.21092499792575836,
  "smile_intensity_std": 0.26047924160957336,
  "smile_intensity_median": 0.050326671451330185,
  "smile_intensity_max": 1.0,
  "eye_contact_mean": 0.9770102500915527,
  "eye_contact_std": 0.017407257109880447,
  "eye_contact_median": 0.9826902747154236,
  "eye_contact_max": 0.999480128288269,
  "eye_openness_mean": 0.8840581774711609,
  "eye_openness_std": 0.19167421758174896,
  "eye_openness_median": 1.0,
  "eye_openness_max": 1.0,
  "gaze_stability_mean": 0.9888632297515869,
  "gaze_stability_std": 0.012361492030322552,
  "gaze_stability_median": 0.9953206181526184,
  "gaze_stability_max": 1.0,
  "head_tilt_mean": 0.05433150753378868,
  "head_tilt_std": 0.04600590094923973,
  "head_tilt_median": 0.0475175678730011,
  "head_tilt_max": 0.24969995021820068,
  "expression_speed_mean": 0.1856406033039093,
  "expression_speed_std": 0.22979913651943207,
  "expression_speed_median": 0.09405028074979782,
  "expression_speed_max": 0.9972463846206665,
  "happy_mean": 0.05112685635685921,
  "happy_std": 0.19397054612636566,
  "happy_median": 9.273709292756394e-05,
  "happy_max": 0.9995484352111816,
  "neutral_mean": 0.16933022439479828,
  "neutral_std": 0.2749744951725006,
  "neutral_median": 0.0045844074338674545,
  "neutral_max": 0.9828616976737976,
  "surprise_mean": 0.0031968955881893635,
  "surprise_std": 0.015327107161283493,
  "surprise_median": 2.12501774399243e-07,
  "surprise_max": 0.12839050590991974,
  "processed_frames": 81.0,
  "video_name": "4.mp4"
}