{
  "facial_symmetry_mean": 0.9268117547035217,
  "facial_symmetry_std": 0.05307536572217941,
  "facial_symmetry_median": 0.9224429130554199,
  "facial_symmetry_max": 0.9989150762557983,
  "face_width_height_ratio_mean": 0.6318287253379822,
  "face_width_height_ratio_std": 0.031740620732307434,
  "face_width_height_ratio_median": 0.632577657699585,
  "face_width_height_ratio_max": 0.7304715514183044,
  "eye_spacing_ratio_mean": 0.6649082899093628,
  "eye_spacing_ratio_std": 0.03933488950133324,
  "eye_spacing_ratio_median": 0.6704626083374023,
  "eye_spacing_ratio_max": 0.7542892098426819,
  "jaw_ratio_mean": 0.798841118812561,
  "jaw_ratio_std": 0.026332126930356026,
  "jaw_ratio_median": 0.7984157204627991,
  "jaw_ratio_max": 0.8679043054580688,
  "smile_intensity_mean": 0.5225141048431396,
  "smile_intensity_std": 0.3961285948753357,
  "smile_intensity_median": 0.6402485370635986,
  "smile_intensity_max": 1.0,
  "eye_contact_mean": 0.9674260020256042,
  "eye_contact_std": 0.03595061972737312,
  "eye_contact_median": 0.9829611778259277,
  "eye_contact_max": 0.9998314380645752,
  "eye_openness_mean": 0.8117398619651794,
  "eye_openness_std": 0.22886773943901062,
  "eye_openness_median": 0.9413280487060547,
  "eye_openness_max": 1.0,
  "gaze_stability_mean": 0.985768735408783,
  "gaze_stability_std": 0.027367765083909035,
  "gaze_stability_median": 0.9961881041526794,
  "gaze_stability_max": 1.0,
  "head_tilt_mean": 0.0923801064491272,
  "head_tilt_std": 0.09415103495121002,
  "head_tilt_median": 0.061052292585372925,
  "head_tilt_max": 0.3576909005641937,
  "expression_speed_mean": 0.17847776412963867,
  "expression_speed_std": 0.25780823826789856,
  "expression_speed_median": 0.059163160622119904,
  "expression_speed_max": 0.9826891422271729,
  "happy_mean": 0.2666141986846924,
  "happy_std": 0.42811787128448486,
  "happy_median": 3.1277304515242577e-06,
  "happy_max": 0.9999931454658508,
  "neutral_mean": 0.18356205523014069,
  "neutral_std": 0.3341064453125,
  "neutral_median": 0.00041875889291986823,
  "neutral_max": 0.999999463558197,
  "surprise_mean": 0.012760406360030174,
  "surprise_std": 0.10552656650543213,
  "surprise_median": 4.9294510695574445e-09,
  "surprise_max": 0.9896449446678162,
  "processed_frames": 87.0,
  "video_name": "5.mp4"
}