{
  "facial_symmetry_mean": 0.9840368032455444,
  "facial_symmetry_std": 0.013271629810333252,
  "facial_symmetry_median": 0.9865343570709229,
  "facial_symmetry_max": 0.9969385862350464,
  "face_width_height_ratio_mean": 1.283289909362793,
  "face_width_height_ratio_std": 0.1175445094704628,
  "face_width_height_ratio_median": 1.288831353187561,
  "face_width_height_ratio_max": 1.5990010499954224,
  "eye_spacing_ratio_mean": 0.6606191396713257,
  "eye_spacing_ratio_std": 0.026172373443841934,
  "eye_spacing_ratio_median": 0.6531804800033569,
  "eye_spacing_ratio_max": 0.7394877672195435,
  "jaw_ratio_mean": 0.7824024558067322,
  "jaw_ratio_std": 0.020427163690328598,
  "jaw_ratio_median": 0.7845864295959473,
  "jaw_ratio_max": 0.8242238759994507,
  "smile_intensity_mean": 0.26679903268814087,
  "smile_intensity_std": 0.18276673555374146,
  "smile_intensity_median": 0.34550583362579346,
  "smile_intensity_max": 0.4952217638492584,
  "eye_contact_mean": 0.9892933964729309,
  "eye_contact_std": 0.013840197585523129,
  "eye_contact_median": 0.9944970607757568,
  "eye_contact_max": 0.9999240636825562,
  "eye_openness_mean": 0.3828525245189667,
  "eye_openness_std": 0.10479193925857544,
  "eye_openness_median": 0.3967198133468628,
  "eye_openness_max": 0.5091021060943604,
  "gaze_stability_mean": 0.9894075393676758,
  "gaze_stability_std": 0.013136055320501328,
  "gaze_stability_median": 0.9939439296722412,
  "gaze_stability_max": 1.0,
  "head_tilt_mean": 0.10976117104291916,
  "head_tilt_std": 0.035488422960042953,
  "head_tilt_median": 0.11365298181772232,
  "head_tilt_max": 0.1592879742383957,
  "expression_speed_mean": 0.1593232899904251,
  "expression_speed_std": 0.15401296317577362,
  "expression_speed_median": 0.0614718422293663,
  "expression_speed_max": 0.44454866647720337,
  "happy_mean": 0.08777865022420883,
  "happy_std": 0.24724051356315613,
  "happy_median": 0.0003304221900179982,
  "happy_max": 0.9667171835899353,
  "neutral_mean": 0.3750401437282562,
  "neutral_std": 0.4338293671607971,
  "neutral_median": 0.042711831629276276,
  "neutral_max": 0.9995577335357666,
  "surprise_mean": 0.0002162065648008138,
  "surprise_std": 0.0006728447042405605,
  "surprise_median": 5.612795348497457e-07,
  "surprise_max": 0.002765935380011797,
  "processed_frames": 16.0,
  "video_name": "1 (2).mp4"
}