{
  "facial_symmetry_mean": 0.9308589100837708,
  "facial_symmetry_std": 0.04907263442873955,
  "facial_symmetry_median": 0.9428871870040894,
  "facial_symmetry_max": 0.9982152581214905,
  "face_width_height_ratio_mean": 1.3067408800125122,
  "face_width_height_ratio_std": 0.16155335307121277,
  "face_width_height_ratio_median": 1.3480134010314941,
  "face_width_height_ratio_max": 1.5947747230529785,
  "eye_spacing_ratio_mean": 0.6616098880767822,
  "eye_spacing_ratio_std": 0.023953145369887352,
  "eye_spacing_ratio_median": 0.6655381321907043,
  "eye_spacing_ratio_max": 0.7354633808135986,
  "jaw_ratio_mean": 0.7750439643859863,
  "jaw_ratio_std": 0.017737658694386482,
  "jaw_ratio_median": 0.7737292051315308,
  "jaw_ratio_max": 0.813148558139801,
  "smile_intensity_mean": 0.1577683687210083,
  "smile_intensity_std": 0.22282131016254425,
  "smile_intensity_median": 0.015767570585012436,
  "smile_intensity_max": 0.7052795886993408,
  "eye_contact_mean": 0.9721981883049011,
  "eye_contact_std": 0.015431244857609272,
  "eye_contact_median": 0.9742268323898315,
  "eye_contact_max": 0.9964625239372253,
  "eye_openness_mean": 0.4718509316444397,
  "eye_openness_std": 0.18898893892765045,
  "eye_openness_median": 0.5018634796142578,
  "eye_openness_max": 0.7861859202384949,
  "gaze_stability_mean": 0.9870359301567078,
  "gaze_stability_std": 0.013627754524350166,
  "gaze_stability_median": 0.9894851446151733,
  "gaze_stability_max": 1.0,
  "head_tilt_mean": 0.1313576102256775,
  "head_tilt_std": 0.08582547307014465,
  "head_tilt_median": 0.1309472620487213,
  "head_tilt_max": 0.30028268694877625,
  "expression_speed_mean": 0.22027133405208588,
  "expression_speed_std": 0.1799875944852829,
  "expression_speed_median": 0.18297947943210602,
  "expression_speed_max": 0.720924437046051,
  "happy_mean": 0.056207772344350815,
  "happy_std": 0.1474125236272812,
  "happy_median": 0.0010486424434930086,
  "happy_max": 0.6626051664352417,
  "neutral_mean": 0.31646668910980225,
  "neutral_std": 0.3908833861351013,
  "neutral_median": 0.015793442726135254,
  "neutral_max": 0.999992311000824,
  "surprise_mean": 0.021705957129597664,
  "surprise_std": 0.13912826776504517,
  "surprise_median": 3.71412570530083e-05,
  "surprise_max": 0.9950710535049438,
  "processed_frames": 50.0,
  "video_name": "1 (3).mp4"
}