{
  "facial_symmetry_mean": 0.9142041206359863,
  "facial_symmetry_std": 0.04740073159337044,
  "facial_symmetry_median": 0.8937983512878418,
  "facial_symmetry_max": 0.9995492696762085,
  "face_width_height_ratio_mean": 1.2633249759674072,
  "face_width_height_ratio_std": 0.2023540735244751,
  "face_width_height_ratio_median": 1.259109616279602,
  "face_width_height_ratio_max": 1.6388828754425049,
  "eye_spacing_ratio_mean": 0.6220263838768005,
  "eye_spacing_ratio_std": 0.03065422922372818,
  "eye_spacing_ratio_median": 0.6268559694290161,
  "eye_spacing_ratio_max": 0.6764259338378906,
  "jaw_ratio_mean": 0.7913240790367126,
  "jaw_ratio_std": 0.03185688704252243,
  "jaw_ratio_median": 0.7946345210075378,
  "jaw_ratio_max": 0.8736242055892944,
  "smile_intensity_mean": 0.06313786655664444,
  "smile_intensity_std": 0.0836586207151413,
  "smile_intensity_median": 0.01903001219034195,
  "smile_intensity_max": 0.2781165838241577,
  "eye_contact_mean": 0.9644615054130554,
  "eye_contact_std": 0.02398308552801609,
  "eye_contact_median": 0.9655151963233948,
  "eye_contact_max": 0.9992198348045349,
  "eye_openness_mean": 0.3334006071090698,
  "eye_openness_std": 0.09471967071294785,
  "eye_openness_median": 0.34749314188957214,
  "eye_openness_max": 0.5919278264045715,
  "gaze_stability_mean": 0.9854312539100647,
  "gaze_stability_std": 0.013067375868558884,
  "gaze_stability_median": 0.9891604781150818,
  "gaze_stability_max": 1.0,
  "head_tilt_mean": 0.05083039402961731,
  "head_tilt_std": 0.03594544157385826,
  "head_tilt_median": 0.04040226340293884,
  "head_tilt_max": 0.1352350413799286,
  "expression_speed_mean": 0.13035088777542114,
  "expression_speed_std": 0.10618945956230164,
  "expression_speed_median": 0.08689816296100616,
  "expression_speed_max": 0.4317472577095032,
  "happy_mean": 0.27487918734550476,
  "happy_std": 0.41839298605918884,
  "happy_median": 0.001826289459131658,
  "happy_max": 0.9989813566207886,
  "neutral_mean": 0.21106679737567902,
  "neutral_std": 0.35478001832962036,
  "neutral_median": 0.013846496120095253,
  "neutral_max": 0.9999866485595703,
  "surprise_mean": 0.010072539560496807,
  "surprise_std": 0.04473969712853432,
  "surprise_median": 3.1634046990802744e-06,
  "surprise_max": 0.30024126172065735,
  "processed_frames": 49.0,
  "video_name": "1 (4).mp4"
}