{
  "facial_symmetry_mean": 0.8912962079048157,
  "facial_symmetry_std": 0.07121971249580383,
  "facial_symmetry_median": 0.9266225099563599,
  "facial_symmetry_max": 0.9689998626708984,
  "face_width_height_ratio_mean": 1.4037330150604248,
  "face_width_height_ratio_std": 0.2044783979654312,
  "face_width_height_ratio_median": 1.5163824558258057,
  "face_width_height_ratio_max": 1.5739116668701172,
  "eye_spacing_ratio_mean": 0.6425332427024841,
  "eye_spacing_ratio_std": 0.01817721128463745,
  "eye_spacing_ratio_median": 0.6394449472427368,
  "eye_spacing_ratio_max": 0.6850785613059998,
  "jaw_ratio_mean": 0.787135660648346,
  "jaw_ratio_std": 0.018309855833649635,
  "jaw_ratio_median": 0.7911101579666138,
  "jaw_ratio_max": 0.8212239146232605,
  "smile_intensity_mean": 0.06438124924898148,
  "smile_intensity_std": 0.1246076375246048,
  "smile_intensity_median": 0.009632780216634274,
  "smile_intensity_max": 0.4575707018375397,
  "eye_contact_mean": 0.97376549243927,
  "eye_contact_std": 0.035064391791820526,
  "eye_contact_median": 0.9869370460510254,
  "eye_contact_max": 0.9989539384841919,
  "eye_openness_mean": 0.5736368894577026,
  "eye_openness_std": 0.192921981215477,
  "eye_openness_median": 0.5495408773422241,
  "eye_openness_max": 1.0,
  "gaze_stability_mean": 0.9931544065475464,
  "gaze_stability_std": 0.014158186502754688,
  "gaze_stability_median": 0.9970986843109131,
  "gaze_stability_max": 1.0,
  "head_tilt_mean": 0.06993208080530167,
  "head_tilt_std": 0.10007304698228836,
  "head_tilt_median": 0.03510482609272003,
  "head_tilt_max": 0.35810649394989014,
  "expression_speed_mean": 0.05752968415617943,
  "expression_speed_std": 0.10384828597307205,
  "expression_speed_median": 0.01907232403755188,
  "expression_speed_max": 0.7001393437385559,
  "happy_mean": 0.1418258547782898,
  "happy_std": 0.28817203640937805,
  "happy_median": 5.235106073087081e-05,
  "happy_max": 0.9852270483970642,
  "neutral_mean": 0.3018161356449127,
  "neutral_std": 0.3389378488063812,
  "neutral_median": 0.17193850874900818,
  "neutral_max": 0.9940245151519775,
  "surprise_mean": 0.00686271209269762,
  "surprise_std": 0.046978238970041275,
  "surprise_median": 4.346484274719842e-06,
  "surprise_max": 0.5813637375831604,
  "processed_frames": 158.0,
  "video_name": "1 (5).mp4"
}