{
  "facial_symmetry_mean": 0.7463590502738953,
  "facial_symmetry_std": 0.07180816680192947,
  "facial_symmetry_median": 0.7253752946853638,
  "facial_symmetry_max": 0.9973061084747314,
  "face_width_height_ratio_mean": 1.2259725332260132,
  "face_width_height_ratio_std": 0.18445022404193878,
  "face_width_height_ratio_median": 1.2693917751312256,
  "face_width_height_ratio_max": 1.6370559930801392,
  "eye_spacing_ratio_mean": 0.6203179955482483,
  "eye_spacing_ratio_std": 0.044134508818387985,
  "eye_spacing_ratio_median": 0.633904218673706,
  "eye_spacing_ratio_max": 0.7082671523094177,
  "jaw_ratio_mean": 0.7768973112106323,
  "jaw_ratio_std": 0.0368102602660656,
  "jaw_ratio_median": 0.7757165431976318,
  "jaw_ratio_max": 0.8813348412513733,
  "smile_intensity_mean": 0.13393881916999817,
  "smile_intensity_std": 0.18123950064182281,
  "smile_intensity_median": 0.056744709610939026,
  "smile_intensity_max": 1.0,
  "eye_contact_mean": 0.922291100025177,
  "eye_contact_std": 0.051509734243154526,
  "eye_contact_median": 0.9285842180252075,
  "eye_contact_max": 0.9999611973762512,
  "eye_openness_mean": 0.7783771753311157,
  "eye_openness_std": 0.12705273926258087,
  "eye_openness_median": 0.7914718389511108,
  "eye_openness_max": 1.0,
  "gaze_stability_mean": 0.9715492725372314,
  "gaze_stability_std": 0.029536155983805656,
  "gaze_stability_median": 0.982513427734375,
  "gaze_stability_max": 1.0,
  "head_tilt_mean": 0.14178484678268433,
  "head_tilt_std": 0.1413348764181137,
  "head_tilt_median": 0.10689646005630493,
  "head_tilt_max": 0.7154833078384399,
  "expression_speed_mean": 0.13947516679763794,
  "expression_speed_std": 0.12888698279857635,
  "expression_speed_median": 0.09759927541017532,
  "expression_speed_max": 0.9356933832168579,
  "happy_mean": 0.09394583106040955,
  "happy_std": 0.2492600679397583,
  "happy_median": 8.776049071457237e-05,
  "happy_max": 0.999530553817749,
  "neutral_mean": 0.2906188368797302,
  "neutral_std": 0.3904775083065033,
  "neutral_median": 0.023750007152557373,
  "neutral_max": 0.9999032616615295,
  "surprise_mean": 0.10612805932760239,
  "surprise_std": 0.28064510226249695,
  "surprise_median": 4.816578439204022e-06,
  "surprise_max": 0.9999926090240479,
  "processed_frames": 168.0,
  "video_name": "1 (6).mp4"
}