{
  "facial_symmetry_mean": 0.8373438715934753,
  "facial_symmetry_std": 0.10328718274831772,
  "facial_symmetry_median": 0.8270649313926697,
  "facial_symmetry_max": 0.9995919466018677,
  "face_width_height_ratio_mean": 1.341846227645874,
  "face_width_height_ratio_std": 0.09370402246713638,
  "face_width_height_ratio_median": 1.329270362854004,
  "face_width_height_ratio_max": 1.5632240772247314,
  "eye_spacing_ratio_mean": 0.6513915061950684,
  "eye_spacing_ratio_std": 0.015992218628525734,
  "eye_spacing_ratio_median": 0.6563189029693604,
  "eye_spacing_ratio_max": 0.7011831998825073,
  "jaw_ratio_mean": 0.78375643491745,
  "jaw_ratio_std": 0.019275372847914696,
  "jaw_ratio_median": 0.7744883298873901,
  "jaw_ratio_max": 0.8714178800582886,
  "smile_intensity_mean": 0.21138399839401245,
  "smile_intensity_std": 0.18961511552333832,
  "smile_intensity_median": 0.1165715754032135,
  "smile_intensity_max": 0.7852885723114014,
  "eye_contact_mean": 0.9765778183937073,
  "eye_contact_std": 0.022724075242877007,
  "eye_contact_median": 0.9853109121322632,
  "eye_contact_max": 0.9999216794967651,
  "eye_openness_mean": 0.7008811235427856,
  "eye_openness_std": 0.301583856344223,
  "eye_openness_median": 0.72800612449646,
  "eye_openness_max": 1.0,
  "gaze_stability_mean": 0.9883524179458618,
  "gaze_stability_std": 0.01531985867768526,
  "gaze_stability_median": 0.9939325451850891,
  "gaze_stability_max": 1.0,
  "head_tilt_mean": 0.09223397821187973,
  "head_tilt_std": 0.07850325107574463,
  "head_tilt_median": 0.06900530308485031,
  "head_tilt_max": 0.21144598722457886,
  "expression_speed_mean": 0.09060480445623398,
  "expression_speed_std": 0.13341277837753296,
  "expression_speed_median": 0.037471286952495575,
  "expression_speed_max": 0.9553406238555908,
  "happy_mean": 0.1325351893901825,
  "happy_std": 0.293334424495697,
  "happy_median": 0.011438758112490177,
  "happy_max": 0.999253511428833,
  "neutral_mean": 0.22349700331687927,
  "neutral_std": 0.33883655071258545,
  "neutral_median": 0.03714623674750328,
  "neutral_max": 0.9717745780944824,
  "surprise_mean": 0.0823192372918129,
  "surprise_std": 0.21897928416728973,
  "surprise_median": 2.5829052674453123e-07,
  "surprise_max": 0.6786696314811707,
  "processed_frames": 118.0,
  "video_name": "1 (8).mp4"
}