{
  "expression_speed_max": 0.7105327770113945,
  "expression_speed_mean": 0.12491094833239913,
  "expression_speed_median": 0.07204395299777389,
  "expression_speed_std": 0.13278093468397856,
  "eye_contact_max": 0.9988228753209114,
  "eye_contact_mean": 0.9618508145213127,
  "eye_contact_median": 0.965288020670414,
  "eye_contact_std": 0.027269410202279687,
  "eye_openness_max": 0.816786140203476,
  "eye_openness_mean": 0.5425174534320831,
  "eye_openness_median": 0.5480275265872478,
  "eye_openness_std": 0.16756784450262785,
  "eye_spacing_ratio_max": 0.7073693349957466,
  "eye_spacing_ratio_mean": 0.6448602825403214,
  "eye_spacing_ratio_median": 0.6480287835001945,
  "eye_spacing_ratio_std": 0.025841355323791504,
  "face_width_height_ratio_max": 1.6195134222507477,
  "face_width_height_ratio_mean": 1.3290260583162308,
  "face_width_height_ratio_median": 1.356867328286171,
  "face_width_height_ratio_std": 0.1497998023405671,
  "facial_symmetry_max": 0.9935917928814888,
  "facial_symmetry_mean": 0.8825733661651611,
  "facial_symmetry_median": 0.8817776739597321,
  "facial_symmetry_std": 0.05986629566177726,
  "gaze_stability_max": 1.0,
  "gaze_stability_mean": 0.985597513616085,
  "gaze_stability_median": 0.9915467202663422,
  "gaze_stability_std": 0.01787294610403478,
  "happy_max": 0.951537474989891,
  "happy_mean": 0.14838439272716641,
  "happy_median": 0.003399584370527009,
  "happy_std": 0.29326279647648335,
  "head_tilt_max": 0.2832830548286438,
  "head_tilt_mean": 0.09198046009987593,
  "head_tilt_median": 0.07755508087575436,
  "head_tilt_std": 0.07279684813693166,
  "jaw_ratio_max": 0.8504257798194885,
  "jaw_ratio_mean": 0.7777731344103813,
  "jaw_ratio_median": 0.7777429670095444,
  "jaw_ratio_std": 0.023875223472714424,
  "neutral_max": 0.9942413717508316,
  "neutral_mean": 0.3219453301280737,
  "neutral_median": 0.10094220354221761,
  "neutral_std": 0.3816555552184582,
  "processed_frames": 104.25,
  "smile_intensity_max": 0.6917149797081947,
  "smile_intensity_mean": 0.14127793349325657,
  "smile_intensity_median": 0.08603875956032425,
  "smile_intensity_std": 0.15960552915930748,
  "surprise_max": 0.6862592562683858,
  "surprise_mean": 0.04135341220899136,
  "surprise_median": 1.7952226819772932e-05,
  "surprise_std": 0.1334076725761406,
  "video_count": 8.0,
  "valid_video_count": 8.0,
  "valid_video_ratio": 1.0,
  "total_processed_frames": 834.0,
  "avg_processed_frames": 104.25,
  "quality_score": 0.8779999999999999,
  "person_name": "Lee Ye bin"
}