{
  "facial_symmetry_mean": 0.8979792594909668,
  "facial_symmetry_std": 0.07807868719100952,
  "facial_symmetry_median": 0.9168946743011475,
  "facial_symmetry_max": 0.9999048709869385,
  "face_width_height_ratio_mean": 0.7838568687438965,
  "face_width_height_ratio_std": 0.09116271138191223,
  "face_width_height_ratio_median": 0.8063864707946777,
  "face_width_height_ratio_max": 1.1107814311981201,
  "eye_spacing_ratio_mean": 0.6449880003929138,
  "eye_spacing_ratio_std": 0.03677888587117195,
  "eye_spacing_ratio_median": 0.648768424987793,
  "eye_spacing_ratio_max": 0.8013610243797302,
  "jaw_ratio_mean": 0.7663158178329468,
  "jaw_ratio_std": 0.026600820943713188,
  "jaw_ratio_median": 0.7620532512664795,
  "jaw_ratio_max": 0.9066516757011414,
  "smile_intensity_mean": 0.16259638965129852,
  "smile_intensity_std": 0.1864967793226242,
  "smile_intensity_median": 0.0951632559299469,
  "smile_intensity_max": 1.0,
  "eye_contact_mean": 0.9595679640769958,
  "eye_contact_std": 0.03653354197740555,
  "eye_contact_median": 0.9703122973442078,
  "eye_contact_max": 0.9994593858718872,
  "eye_openness_mean": 0.8943629860877991,
  "eye_openness_std": 0.214481383562088,
  "eye_openness_median": 1.0,
  "eye_openness_max": 1.0,
  "gaze_stability_mean": 0.9875615835189819,
  "gaze_stability_std": 0.017741890624165535,
  "gaze_stability_median": 0.994922399520874,
  "gaze_stability_max": 1.0,
  "head_tilt_mean": 0.12047047168016434,
  "head_tilt_std": 0.11846297979354858,
  "head_tilt_median": 0.09126365184783936,
  "head_tilt_max": 0.6401172280311584,
  "expression_speed_mean": 0.1557297259569168,
  "expression_speed_std": 0.19786790013313293,
  "expression_speed_median": 0.06678546965122223,
  "expression_speed_max": 0.951354444026947,
  "happy_mean": 0.11486924439668655,
  "happy_std": 0.25728049874305725,
  "happy_median": 0.0024886783212423325,
  "happy_max": 0.9991614818572998,
  "neutral_mean": 0.30747783184051514,
  "neutral_std": 0.34811896085739136,
  "neutral_median": 0.14946085214614868,
  "neutral_max": 0.9986816048622131,
  "surprise_mean": 0.04439392685890198,
  "surprise_std": 0.15603362023830414,
  "surprise_median": 0.00010069075506180525,
  "surprise_max": 0.9997071623802185,
  "processed_frames": 242.0,
  "video_name": "1.mp4"
}