{
  "facial_symmetry_mean": 0.9101216197013855,
  "facial_symmetry_std": 0.07139664143323898,
  "facial_symmetry_median": 0.9289965629577637,
  "facial_symmetry_max": 0.9996911883354187,
  "face_width_height_ratio_mean": 0.7154613733291626,
  "face_width_height_ratio_std": 0.040813297033309937,
  "face_width_height_ratio_median": 0.7147513628005981,
  "face_width_height_ratio_max": 0.8698177933692932,
  "eye_spacing_ratio_mean": 0.6479406356811523,
  "eye_spacing_ratio_std": 0.0162972304970026,
  "eye_spacing_ratio_median": 0.6453558802604675,
  "eye_spacing_ratio_max": 0.7040736079216003,
  "jaw_ratio_mean": 0.7648703455924988,
  "jaw_ratio_std": 0.018560627475380898,
  "jaw_ratio_median": 0.75956130027771,
  "jaw_ratio_max": 0.8225481510162354,
  "smile_intensity_mean": 0.21490050852298737,
  "smile_intensity_std": 0.2323407083749771,
  "smile_intensity_median": 0.15080110728740692,
  "smile_intensity_max": 0.9245645999908447,
  "eye_contact_mean": 0.9719396233558655,
  "eye_contact_std": 0.025518979877233505,
  "eye_contact_median": 0.9787658452987671,
  "eye_contact_max": 0.9997426867485046,
  "eye_openness_mean": 0.9591913819313049,
  "eye_openness_std": 0.1566510796546936,
  "eye_openness_median": 1.0,
  "eye_openness_max": 1.0,
  "gaze_stability_mean": 0.9873162508010864,
  "gaze_stability_std": 0.022203907370567322,
  "gaze_stability_median": 0.9948183298110962,
  "gaze_stability_max": 1.0,
  "head_tilt_mean": 0.12105295807123184,
  "head_tilt_std": 0.13113301992416382,
  "head_tilt_median": 0.06805181503295898,
  "head_tilt_max": 0.5739675760269165,
  "expression_speed_mean": 0.14806656539440155,
  "expression_speed_std": 0.19425685703754425,
  "expression_speed_median": 0.05422935262322426,
  "expression_speed_max": 0.7749705910682678,
  "happy_mean": 0.10921232402324677,
  "happy_std": 0.27110835909843445,
  "happy_median": 0.002635872457176447,
  "happy_max": 0.9998059272766113,
  "neutral_mean": 0.3133664131164551,
  "neutral_std": 0.3483337163925171,
  "neutral_median": 0.1376996487379074,
  "neutral_max": 0.9824997782707214,
  "surprise_mean": 0.08824554085731506,
  "surprise_std": 0.21777622401714325,
  "surprise_median": 0.0011971723288297653,
  "surprise_max": 0.9888090491294861,
  "processed_frames": 74.0,
  "video_name": "2.mp4"
}