{
  "facial_symmetry_mean": 0.8883403539657593,
  "facial_symmetry_std": 0.04978412389755249,
  "facial_symmetry_median": 0.8792157769203186,
  "facial_symmetry_max": 0.9695072174072266,
  "face_width_height_ratio_mean": 0.6010838150978088,
  "face_width_height_ratio_std": 0.032702233642339706,
  "face_width_height_ratio_median": 0.601310670375824,
  "face_width_height_ratio_max": 0.6598777174949646,
  "eye_spacing_ratio_mean": 0.659716010093689,
  "eye_spacing_ratio_std": 0.03226274996995926,
  "eye_spacing_ratio_median": 0.6529014110565186,
  "eye_spacing_ratio_max": 0.7525871396064758,
  "jaw_ratio_mean": 0.7659258842468262,
  "jaw_ratio_std": 0.015816353261470795,
  "jaw_ratio_median": 0.7628371715545654,
  "jaw_ratio_max": 0.8107180595397949,
  "smile_intensity_mean": 0.20005179941654205,
  "smile_intensity_std": 0.23250538110733032,
  "smile_intensity_median": 0.10473546385765076,
  "smile_intensity_max": 1.0,
  "eye_contact_mean": 0.9652057886123657,
  "eye_contact_std": 0.024136872962117195,
  "eye_contact_median": 0.9647171497344971,
  "eye_contact_max": 0.9998138546943665,
  "eye_openness_mean": 0.8242374658584595,
  "eye_openness_std": 0.30489665269851685,
  "eye_openness_median": 1.0,
  "eye_openness_max": 1.0,
  "gaze_stability_mean": 0.9896295070648193,
  "gaze_stability_std": 0.015211191959679127,
  "gaze_stability_median": 0.9955445528030396,
  "gaze_stability_max": 1.0,
  "head_tilt_mean": 0.12180688232183456,
  "head_tilt_std": 0.06250643730163574,
  "head_tilt_median": 0.1213497668504715,
  "head_tilt_max": 0.2871312201023102,
  "expression_speed_mean": 0.1144101694226265,
  "expression_speed_std": 0.18476751446723938,
  "expression_speed_median": 0.039453744888305664,
  "expression_speed_max": 1.0,
  "happy_mean": 0.019102226942777634,
  "happy_std": 0.10165295749902725,
  "happy_median": 0.000852541415952146,
  "happy_max": 0.8749685883522034,
  "neutral_mean": 0.28883081674575806,
  "neutral_std": 0.346699595451355,
  "neutral_median": 0.08322405070066452,
  "neutral_max": 0.9959273934364319,
  "surprise_mean": 0.0007937453337945044,
  "surprise_std": 0.002093744231387973,
  "surprise_median": 2.489680628059432e-05,
  "surprise_max": 0.012059119530022144,
  "processed_frames": 92.0,
  "video_name": "3.mp4"
}