{
  "facial_symmetry_mean": 0.9180744886398315,
  "facial_symmetry_std": 0.05801660194993019,
  "facial_symmetry_median": 0.9414407014846802,
  "facial_symmetry_max": 0.9994166493415833,
  "face_width_height_ratio_mean": 0.6357437372207642,
  "face_width_height_ratio_std": 0.06202509626746178,
  "face_width_height_ratio_median": 0.624682605266571,
  "face_width_height_ratio_max": 0.750159740447998,
  "eye_spacing_ratio_mean": 0.6577842831611633,
  "eye_spacing_ratio_std": 0.0353698804974556,
  "eye_spacing_ratio_median": 0.6468209028244019,
  "eye_spacing_ratio_max": 0.738481879234314,
  "jaw_ratio_mean": 0.7673470973968506,
  "jaw_ratio_std": 0.020302942022681236,
  "jaw_ratio_median": 0.7653598189353943,
  "jaw_ratio_max": 0.8302340507507324,
  "smile_intensity_mean": 0.2774818241596222,
  "smile_intensity_std": 0.3226611614227295,
  "smile_intensity_median": 0.048611629754304886,
  "smile_intensity_max": 1.0,
  "eye_contact_mean": 0.9743266701698303,
  "eye_contact_std": 0.021836701780557632,
  "eye_contact_median": 0.9823948740959167,
  "eye_contact_max": 0.999863862991333,
  "eye_openness_mean": 0.6915330290794373,
  "eye_openness_std": 0.25713783502578735,
  "eye_openness_median": 0.707413375377655,
  "eye_openness_max": 1.0,
  "gaze_stability_mean": 0.99150151014328,
  "gaze_stability_std": 0.010693917982280254,
  "gaze_stability_median": 0.9957688450813293,
  "gaze_stability_max": 1.0,
  "head_tilt_mean": 0.0909307673573494,
  "head_tilt_std": 0.06762249022722244,
  "head_tilt_median": 0.07088720798492432,
  "head_tilt_max": 0.2528877556324005,
  "expression_speed_mean": 0.18429577350616455,
  "expression_speed_std": 0.22886872291564941,
  "expression_speed_median": 0.0856659859418869,
  "expression_speed_max": 0.9394787549972534,
  "happy_mean": 0.2692633867263794,
  "happy_std": 0.40158507227897644,
  "happy_median": 0.002864683046936989,
  "happy_max": 0.9999998807907104,
  "neutral_mean": 0.18527474999427795,
  "neutral_std": 0.2978534996509552,
  "neutral_median": 0.00930133555084467,
  "neutral_max": 0.9962399005889893,
  "surprise_mean": 0.07841021567583084,
  "surprise_std": 0.23397588729858398,
  "surprise_median": 0.0001230482739629224,
  "surprise_max": 0.9996738433837891,
  "processed_frames": 109.0,
  "video_name": "4.mp4"
}