{
  "facial_symmetry_mean": 0.9194467067718506,
  "facial_symmetry_std": 0.04833913967013359,
  "facial_symmetry_median": 0.9266985058784485,
  "facial_symmetry_max": 0.994601309299469,
  "face_width_height_ratio_mean": 0.6125966310501099,
  "face_width_height_ratio_std": 0.03813786432147026,
  "face_width_height_ratio_median": 0.615439772605896,
  "face_width_height_ratio_max": 0.8102688193321228,
  "eye_spacing_ratio_mean": 0.6468942165374756,
  "eye_spacing_ratio_std": 0.022149115800857544,
  "eye_spacing_ratio_median": 0.6490484476089478,
  "eye_spacing_ratio_max": 0.7086029648780823,
  "jaw_ratio_mean": 0.755061686038971,
  "jaw_ratio_std": 0.016547301784157753,
  "jaw_ratio_median": 0.7521294355392456,
  "jaw_ratio_max": 0.8074254393577576,
  "smile_intensity_mean": 0.1539689302444458,
  "smile_intensity_std": 0.22079619765281677,
  "smile_intensity_median": 0.05488712713122368,
  "smile_intensity_max": 1.0,
  "eye_contact_mean": 0.9708584547042847,
  "eye_contact_std": 0.02468825690448284,
  "eye_contact_median": 0.9780042171478271,
  "eye_contact_max": 0.9993768334388733,
  "eye_openness_mean": 0.8387917280197144,
  "eye_openness_std": 0.24216413497924805,
  "eye_openness_median": 1.0,
  "eye_openness_max": 1.0,
  "gaze_stability_mean": 0.9905132055282593,
  "gaze_stability_std": 0.013865029439330101,
  "gaze_stability_median": 0.9958321452140808,
  "gaze_stability_max": 1.0,
  "head_tilt_mean": 0.06722068041563034,
  "head_tilt_std": 0.04887467622756958,
  "head_tilt_median": 0.06536349654197693,
  "head_tilt_max": 0.2476690709590912,
  "expression_speed_mean": 0.14896781742572784,
  "expression_speed_std": 0.20353169739246368,
  "expression_speed_median": 0.062103547155857086,
  "expression_speed_max": 0.7927284240722656,
  "happy_mean": 0.07369354367256165,
  "happy_std": 0.22635337710380554,
  "happy_median": 0.0006455487455241382,
  "happy_max": 0.992297351360321,
  "neutral_mean": 0.30866262316703796,
  "neutral_std": 0.28598466515541077,
  "neutral_median": 0.2182573527097702,
  "neutral_max": 0.9799437522888184,
  "surprise_mean": 0.0015909791691228747,
  "surprise_std": 0.00885010790079832,
  "surprise_median": 0.00010679275874281302,
  "surprise_max": 0.0893634483218193,
  "processed_frames": 103.0,
  "video_name": "5.mp4"
}