{
  "facial_symmetry_mean": 0.9157715439796448,
  "facial_symmetry_std": 0.06651318818330765,
  "facial_symmetry_median": 0.9312782287597656,
  "facial_symmetry_max": 0.997941792011261,
  "face_width_height_ratio_mean": 1.4208147525787354,
  "face_width_height_ratio_std": 0.15641148388385773,
  "face_width_height_ratio_median": 1.4570590257644653,
  "face_width_height_ratio_max": 1.87241530418396,
  "eye_spacing_ratio_mean": 0.6507177948951721,
  "eye_spacing_ratio_std": 0.026383813470602036,
  "eye_spacing_ratio_median": 0.6560404896736145,
  "eye_spacing_ratio_max": 0.7072814106941223,
  "jaw_ratio_mean": 0.7798147201538086,
  "jaw_ratio_std": 0.02253762073814869,
  "jaw_ratio_median": 0.7729307413101196,
  "jaw_ratio_max": 0.8391203880310059,
  "smile_intensity_mean": 0.1488485038280487,
  "smile_intensity_std": 0.13921062648296356,
  "smile_intensity_median": 0.14221449196338654,
  "smile_intensity_max": 0.6201686859130859,
  "eye_contact_mean": 0.9814119935035706,
  "eye_contact_std": 0.01829143427312374,
  "eye_contact_median": 0.987558126449585,
  "eye_contact_max": 0.9997826814651489,
  "eye_openness_mean": 0.4022013247013092,
  "eye_openness_std": 0.17376631498336792,
  "eye_openness_median": 0.34275147318840027,
  "eye_openness_max": 0.787598192691803,
  "gaze_stability_mean": 0.9934045076370239,
  "gaze_stability_std": 0.008697131648659706,
  "gaze_stability_median": 0.9965406656265259,
  "gaze_stability_max": 1.0,
  "head_tilt_mean": 0.0191644337028265,
  "head_tilt_std": 0.016680307686328888,
  "head_tilt_median": 0.01546218991279602,
  "head_tilt_max": 0.07154300808906555,
  "expression_speed_mean": 0.09795105457305908,
  "expression_speed_std": 0.1212899386882782,
  "expression_speed_median": 0.04651368036866188,
  "expression_speed_max": 0.6143687963485718,
  "happy_mean": 0.1621829718351364,
  "happy_std": 0.34772300720214844,
  "happy_median": 0.00033295710454694927,
  "happy_max": 0.999995231628418,
  "neutral_mean": 0.36492985486984253,
  "neutral_std": 0.3825705945491791,
  "neutral_median": 0.17032313346862793,
  "neutral_max": 0.9998109340667725,
  "surprise_mean": 0.0007771077798679471,
  "surprise_std": 0.004334025084972382,
  "surprise_median": 6.06432331551332e-06,
  "surprise_max": 0.04079344868659973,
  "processed_frames": 95.0,
  "video_name": "6.mp4"
}