{
  "facial_symmetry_mean": 0.8728058934211731,
  "facial_symmetry_std": 0.0795094221830368,
  "facial_symmetry_median": 0.883195698261261,
  "facial_symmetry_max": 0.9972736835479736,
  "face_width_height_ratio_mean": 1.3914904594421387,
  "face_width_height_ratio_std": 0.13713964819908142,
  "face_width_height_ratio_median": 1.4051676988601685,
  "face_width_height_ratio_max": 1.803766131401062,
  "eye_spacing_ratio_mean": 0.646331250667572,
  "eye_spacing_ratio_std": 0.030205238610506058,
  "eye_spacing_ratio_median": 0.6481257081031799,
  "eye_spacing_ratio_max": 0.8382051587104797,
  "jaw_ratio_mean": 0.7763394117355347,
  "jaw_ratio_std": 0.02324746362864971,
  "jaw_ratio_median": 0.776321291923523,
  "jaw_ratio_max": 0.8459134697914124,
  "smile_intensity_mean": 0.1539885401725769,
  "smile_intensity_std": 0.1427871435880661,
  "smile_intensity_median": 0.12673905491828918,
  "smile_intensity_max": 0.821826159954071,
  "eye_contact_mean": 0.962860643863678,
  "eye_contact_std": 0.028810568153858185,
  "eye_contact_median": 0.9685754179954529,
  "eye_contact_max": 0.999962329864502,
  "eye_openness_mean": 0.5743154287338257,
  "eye_openness_std": 0.2305910438299179,
  "eye_openness_median": 0.5634675025939941,
  "eye_openness_max": 1.0,
  "gaze_stability_mean": 0.9857032299041748,
  "gaze_stability_std": 0.019725587218999863,
  "gaze_stability_median": 0.9924089908599854,
  "gaze_stability_max": 1.0,
  "head_tilt_mean": 0.06518270075321198,
  "head_tilt_std": 0.06388336420059204,
  "head_tilt_median": 0.04317581653594971,
  "head_tilt_max": 0.2570323646068573,
  "expression_speed_mean": 0.13202060759067535,
  "expression_speed_std": 0.15961851179599762,
  "expression_speed_median": 0.06794112920761108,
  "expression_speed_max": 0.8951523303985596,
  "happy_mean": 0.3276088833808899,
  "happy_std": 0.4335738718509674,
  "happy_median": 0.006170095410197973,
  "happy_max": 0.9999915957450867,
  "neutral_mean": 0.26423564553260803,
  "neutral_std": 0.34685802459716797,
  "neutral_median": 0.04266193509101868,
  "neutral_max": 0.9987102746963501,
  "surprise_mean": 0.025155723094940186,
  "surprise_std": 0.12521801888942719,
  "surprise_median": 1.610920298844576e-05,
  "surprise_max": 0.8574129939079285,
  "processed_frames": 193.0,
  "video_name": "7.mp4"
}