{
  "expression_speed_max": 0.8710066676139832,
  "expression_speed_mean": 0.1444517495110631,
  "expression_speed_median": 0.06317797675728798,
  "expression_speed_std": 0.18781414441764355,
  "eye_contact_max": 0.9996565505862236,
  "eye_contact_mean": 0.9680251851677895,
  "eye_contact_median": 0.9736942052841187,
  "eye_contact_std": 0.025958839803934097,
  "eye_openness_max": 0.9734497740864754,
  "eye_openness_mean": 0.7621000669896603,
  "eye_openness_median": 0.8267040438950062,
  "eye_openness_std": 0.2224501520395279,
  "eye_spacing_ratio_max": 0.7604729011654854,
  "eye_spacing_ratio_mean": 0.6503507941961288,
  "eye_spacing_ratio_median": 0.6486056223511696,
  "eye_spacing_ratio_std": 0.029213633155450225,
  "face_width_height_ratio_max": 1.1130924597382545,
  "face_width_height_ratio_mean": 0.8720992207527161,
  "face_width_height_ratio_median": 0.8796661347150803,
  "face_width_height_ratio_std": 0.0760656176134944,
  "facial_symmetry_max": 0.994711622595787,
  "facial_symmetry_mean": 0.8970977142453194,
  "facial_symmetry_median": 0.9059727266430855,
  "facial_symmetry_std": 0.06798700988292694,
  "gaze_stability_max": 1.0,
  "gaze_stability_mean": 0.988998293876648,
  "gaze_stability_median": 0.9947657138109207,
  "gaze_stability_std": 0.015627304557710886,
  "happy_max": 0.9832762032747269,
  "happy_mean": 0.1839045607484877,
  "happy_median": 0.00632631592816324,
  "happy_std": 0.31026694644242525,
  "head_tilt_max": 0.3550293706357479,
  "head_tilt_mean": 0.09007152705453336,
  "head_tilt_median": 0.06864768452942371,
  "head_tilt_std": 0.07549386564642191,
  "jaw_ratio_max": 0.834873653948307,
  "jaw_ratio_mean": 0.7681252211332321,
  "jaw_ratio_median": 0.7652289047837257,
  "jaw_ratio_std": 0.020500033861026168,
  "neutral_max": 0.9877209588885307,
  "neutral_mean": 0.26828204095363617,
  "neutral_median": 0.10220600618049502,
  "neutral_std": 0.32172512635588646,
  "processed_frames": 127.25,
  "smile_intensity_max": 0.9208199307322502,
  "smile_intensity_mean": 0.20020626671612263,
  "smile_intensity_median": 0.11860114894807339,
  "smile_intensity_std": 0.21657560393214226,
  "surprise_max": 0.6184965359279886,
  "surprise_mean": 0.03968093539151596,
  "surprise_median": 0.0002100086915106658,
  "surprise_std": 0.12074982371996157,
  "video_count": 8.0,
  "valid_video_count": 8.0,
  "valid_video_ratio": 1.0,
  "total_processed_frames": 1018.0,
  "avg_processed_frames": 127.25,
  "quality_score": 0.9393333333333334,
  "person_name": "Aoi Yu"
}