{
  "facial_symmetry_mean": 0.6730639934539795,
  "facial_symmetry_std": 0.14746980369091034,
  "facial_symmetry_median": 0.5937492251396179,
  "facial_symmetry_max": 0.9192261695861816,
  "face_width_height_ratio_mean": 1.2663804292678833,
  "face_width_height_ratio_std": 0.1861211359500885,
  "face_width_height_ratio_median": 1.2291674613952637,
  "face_width_height_ratio_max": 1.7937520742416382,
  "eye_spacing_ratio_mean": 0.6322886347770691,
  "eye_spacing_ratio_std": 0.06643921136856079,
  "eye_spacing_ratio_median": 0.6233521103858948,
  "eye_spacing_ratio_max": 0.8459241986274719,
  "jaw_ratio_mean": 0.7733065485954285,
  "jaw_ratio_std": 0.008425041101872921,
  "jaw_ratio_median": 0.7719482183456421,
  "jaw_ratio_max": 0.8131481409072876,
  "smile_intensity_mean": 0.11259815096855164,
  "smile_intensity_std": 0.1120029166340828,
  "smile_intensity_median": 0.028356460854411125,
  "smile_intensity_max": 0.3214499056339264,
  "eye_contact_mean": 0.94330894947052,
  "eye_contact_std": 0.09072893112897873,
  "eye_contact_median": 0.9808411598205566,
  "eye_contact_max": 0.9993188381195068,
  "eye_openness_mean": 0.9910663962364197,
  "eye_openness_std": 0.02560928836464882,
  "eye_openness_median": 1.0,
  "eye_openness_max": 1.0,
  "gaze_stability_mean": 0.9888205528259277,
  "gaze_stability_std": 0.03231336548924446,
  "gaze_stability_median": 0.9964848756790161,
  "gaze_stability_max": 1.0,
  "head_tilt_mean": 0.1723652333021164,
  "head_tilt_std": 0.10088538378477097,
  "head_tilt_median": 0.1861526072025299,
  "head_tilt_max": 0.34415602684020996,
  "expression_speed_mean": 0.04190899431705475,
  "expression_speed_std": 0.08192535489797592,
  "expression_speed_median": 0.009220344014465809,
  "expression_speed_max": 0.35283857583999634,
  "happy_mean": 0.1679612249135971,
  "happy_std": 0.29498904943466187,
  "happy_median": 0.002187006641179323,
  "happy_max": 0.8613804578781128,
  "neutral_mean": 0.23560725152492523,
  "neutral_std": 0.3034341037273407,
  "neutral_median": 0.053159549832344055,
  "neutral_max": 0.7971509099006653,
  "surprise_mean": 0.0019393654074519873,
  "surprise_std": 0.004249948542565107,
  "surprise_median": 4.513509338721633e-05,
  "surprise_max": 0.014295519329607487,
  "processed_frames": 74.0,
  "video_name": "1.mp4"
}