{
  "facial_symmetry_mean": 0.8447818756103516,
  "facial_symmetry_std": 0.0957309752702713,
  "facial_symmetry_median": 0.8530405759811401,
  "facial_symmetry_max": 0.9949519038200378,
  "face_width_height_ratio_mean": 0.8082626461982727,
  "face_width_height_ratio_std": 0.04610015079379082,
  "face_width_height_ratio_median": 0.8155133724212646,
  "face_width_height_ratio_max": 0.9467071294784546,
  "eye_spacing_ratio_mean": 0.6682625412940979,
  "eye_spacing_ratio_std": 0.03237825632095337,
  "eye_spacing_ratio_median": 0.6672955751419067,
  "eye_spacing_ratio_max": 0.7675039172172546,
  "jaw_ratio_mean": 0.7699387073516846,
  "jaw_ratio_std": 0.023851770907640457,
  "jaw_ratio_median": 0.7705108523368835,
  "jaw_ratio_max": 0.8316574096679688,
  "smile_intensity_mean": 0.21614032983779907,
  "smile_intensity_std": 0.22685538232326508,
  "smile_intensity_median": 0.1736501008272171,
  "smile_intensity_max": 1.0,
  "eye_contact_mean": 0.9465616345405579,
  "eye_contact_std": 0.05570302531123161,
  "eye_contact_median": 0.9713843464851379,
  "eye_contact_max": 0.999361515045166,
  "eye_openness_mean": 0.9611250758171082,
  "eye_openness_std": 0.1295609474182129,
  "eye_openness_median": 1.0,
  "eye_openness_max": 1.0,
  "gaze_stability_mean": 0.9828847050666809,
  "gaze_stability_std": 0.027957536280155182,
  "gaze_stability_median": 0.9938467741012573,
  "gaze_stability_max": 1.0,
  "head_tilt_mean": 0.13735553622245789,
  "head_tilt_std": 0.09955405443906784,
  "head_tilt_median": 0.11327013373374939,
  "head_tilt_max": 0.3612813353538513,
  "expression_speed_mean": 0.16021423041820526,
  "expression_speed_std": 0.18616251647472382,
  "expression_speed_median": 0.08646105229854584,
  "expression_speed_max": 0.7769875526428223,
  "happy_mean": 0.1719963103532791,
  "happy_std": 0.3219195306301117,
  "happy_median": 0.0020770630799233913,
  "happy_max": 0.9996525049209595,
  "neutral_mean": 0.502857506275177,
  "neutral_std": 0.3918854892253876,
  "neutral_median": 0.5273077487945557,
  "neutral_max": 0.999997079372406,
  "surprise_mean": 0.029198357835412025,
  "surprise_std": 0.1253950595855713,
  "surprise_median": 2.3953096388140693e-05,
  "surprise_max": 0.998690128326416,
  "processed_frames": 96.0,
  "video_name": "2.mp4"
}