{
  "facial_symmetry_mean": 0.9300205111503601,
  "facial_symmetry_std": 0.0558261014521122,
  "facial_symmetry_median": 0.9389344453811646,
  "facial_symmetry_max": 0.9998767971992493,
  "face_width_height_ratio_mean": 1.3807545900344849,
  "face_width_height_ratio_std": 0.06409375369548798,
  "face_width_height_ratio_median": 1.3938920497894287,
  "face_width_height_ratio_max": 1.457671046257019,
  "eye_spacing_ratio_mean": 0.65631103515625,
  "eye_spacing_ratio_std": 0.018888065591454506,
  "eye_spacing_ratio_median": 0.6622581481933594,
  "eye_spacing_ratio_max": 0.6812193393707275,
  "jaw_ratio_mean": 0.7864619493484497,
  "jaw_ratio_std": 0.015537161380052567,
  "jaw_ratio_median": 0.7854760885238647,
  "jaw_ratio_max": 0.815804660320282,
  "smile_intensity_mean": 0.13454917073249817,
  "smile_intensity_std": 0.09681417047977448,
  "smile_intensity_median": 0.1464851200580597,
  "smile_intensity_max": 0.25971052050590515,
  "eye_contact_mean": 0.9760454893112183,
  "eye_contact_std": 0.019818173721432686,
  "eye_contact_median": 0.9817095994949341,
  "eye_contact_max": 0.9969207048416138,
  "eye_openness_mean": 0.3699730634689331,
  "eye_openness_std": 0.1202346682548523,
  "eye_openness_median": 0.35321521759033203,
  "eye_openness_max": 0.6618117690086365,
  "gaze_stability_mean": 0.990553617477417,
  "gaze_stability_std": 0.012593110091984272,
  "gaze_stability_median": 0.9955344200134277,
  "gaze_stability_max": 1.0,
  "head_tilt_mean": 0.03115822561085224,
  "head_tilt_std": 0.02154609188437462,
  "head_tilt_median": 0.025500953197479248,
  "head_tilt_max": 0.08606016635894775,
  "expression_speed_mean": 0.09942254424095154,
  "expression_speed_std": 0.1233798936009407,
  "expression_speed_median": 0.05701043829321861,
  "expression_speed_max": 0.5012785792350769,
  "happy_mean": 0.24476243555545807,
  "happy_std": 0.34487247467041016,
  "happy_median": 0.07336586713790894,
  "happy_max": 0.9987248778343201,
  "neutral_mean": 0.3635767698287964,
  "neutral_std": 0.35249564051628113,
  "neutral_median": 0.3816438913345337,
  "neutral_max": 0.9947196245193481,
  "surprise_mean": 0.027122370898723602,
  "surprise_std": 0.13733142614364624,
  "surprise_median": 0.0006232942687347531,
  "surprise_max": 0.7913717031478882,
  "processed_frames": 32.0,
  "video_name": "3.mp4"
}