{
  "facial_symmetry_mean": 0.6449974179267883,
  "facial_symmetry_std": 0.19843469560146332,
  "facial_symmetry_median": 0.6552532911300659,
  "facial_symmetry_max": 0.9961296319961548,
  "face_width_height_ratio_mean": 1.362091064453125,
  "face_width_height_ratio_std": 0.09973323345184326,
  "face_width_height_ratio_median": 1.3781206607818604,
  "face_width_height_ratio_max": 1.5997192859649658,
  "eye_spacing_ratio_mean": 0.6440801024436951,
  "eye_spacing_ratio_std": 0.025953756645321846,
  "eye_spacing_ratio_median": 0.6455745100975037,
  "eye_spacing_ratio_max": 0.7090996503829956,
  "jaw_ratio_mean": 0.8000249862670898,
  "jaw_ratio_std": 0.018547162413597107,
  "jaw_ratio_median": 0.797063410282135,
  "jaw_ratio_max": 0.8699103593826294,
  "smile_intensity_mean": 0.08339279145002365,
  "smile_intensity_std": 0.09672030806541443,
  "smile_intensity_median": 0.024439748376607895,
  "smile_intensity_max": 0.3042091131210327,
  "eye_contact_mean": 0.9470175504684448,
  "eye_contact_std": 0.039329446852207184,
  "eye_contact_median": 0.9598332047462463,
  "eye_contact_max": 0.9981133341789246,
  "eye_openness_mean": 0.8899402022361755,
  "eye_openness_std": 0.1594940721988678,
  "eye_openness_median": 1.0,
  "eye_openness_max": 1.0,
  "gaze_stability_mean": 0.9709526896476746,
  "gaze_stability_std": 0.03242677077651024,
  "gaze_stability_median": 0.9823866486549377,
  "gaze_stability_max": 1.0,
  "head_tilt_mean": 0.09787682443857193,
  "head_tilt_std": 0.058460984379053116,
  "head_tilt_median": 0.10432913899421692,
  "head_tilt_max": 0.2799420952796936,
  "expression_speed_mean": 0.11975300312042236,
  "expression_speed_std": 0.13859085738658905,
  "expression_speed_median": 0.08136087656021118,
  "expression_speed_max": 0.7396423816680908,
  "happy_mean": 0.43084242939949036,
  "happy_std": 0.4601481556892395,
  "happy_median": 0.18997378647327423,
  "happy_max": 0.9999994039535522,
  "neutral_mean": 0.40085941553115845,
  "neutral_std": 0.4411078095436096,
  "neutral_median": 0.057275064289569855,
  "neutral_max": 0.999948263168335,
  "surprise_mean": 2.8482490961323492e-05,
  "surprise_std": 8.921907283365726e-05,
  "surprise_median": 1.1778677588836217e-08,
  "surprise_max": 0.0005332716391421854,
  "processed_frames": 79.0,
  "video_name": "8.mp4"
}