{
  "expression_speed_max": 0.712198793888092,
  "expression_speed_mean": 0.13543654512614012,
  "expression_speed_median": 0.07603305683005601,
  "expression_speed_std": 0.15823877789080143,
  "eye_contact_max": 0.9989020749926567,
  "eye_contact_mean": 0.9589694365859032,
  "eye_contact_median": 0.9745812341570854,
  "eye_contact_std": 0.04390180227346718,
  "eye_openness_max": 0.9577264711260796,
  "eye_openness_mean": 0.8411725014448166,
  "eye_openness_median": 0.9062939286231995,
  "eye_openness_std": 0.14661388797685504,
  "eye_spacing_ratio_max": 0.7337363064289093,
  "eye_spacing_ratio_mean": 0.6547473296523094,
  "eye_spacing_ratio_median": 0.6566021516919136,
  "eye_spacing_ratio_std": 0.03309165802784264,
  "face_width_height_ratio_max": 1.2807969525456429,
  "face_width_height_ratio_mean": 1.1006329283118248,
  "face_width_height_ratio_median": 1.1097626760601997,
  "face_width_height_ratio_std": 0.08379126153886318,
  "facial_symmetry_max": 0.9873410984873772,
  "facial_symmetry_mean": 0.8223503232002258,
  "facial_symmetry_median": 0.828412614762783,
  "facial_symmetry_std": 0.10743831470608711,
  "gaze_stability_max": 1.0,
  "gaze_stability_mean": 0.9834953248500824,
  "gaze_stability_median": 0.9918146431446075,
  "gaze_stability_std": 0.025151722133159637,
  "happy_max": 0.9823629409074783,
  "happy_mean": 0.3096364503726363,
  "happy_median": 0.19577611208660528,
  "happy_std": 0.3606596514582634,
  "head_tilt_max": 0.3709055371582508,
  "head_tilt_mean": 0.11878072912804782,
  "head_tilt_median": 0.10179370641708374,
  "head_tilt_std": 0.09064307017251849,
  "jaw_ratio_max": 0.8279644027352333,
  "jaw_ratio_mean": 0.7780424803495407,
  "jaw_ratio_median": 0.7762641757726669,
  "jaw_ratio_std": 0.01741892099380493,
  "neutral_max": 0.9614913761615753,
  "neutral_mean": 0.3597287982702255,
  "neutral_median": 0.2411305563437054,
  "neutral_std": 0.36054106801748276,
  "processed_frames": 76.75,
  "smile_intensity_max": 0.6288260854780674,
  "smile_intensity_mean": 0.18294341210275888,
  "smile_intensity_median": 0.14141759695485234,
  "smile_intensity_std": 0.15589902643114328,
  "surprise_max": 0.5153658146809903,
  "surprise_mean": 0.021620915518496986,
  "surprise_median": 9.586203529599047e-05,
  "surprise_std": 0.0843055198492948,
  "video_count": 8.0,
  "valid_video_count": 8.0,
  "valid_video_ratio": 1.0,
  "total_processed_frames": 614.0,
  "avg_processed_frames": 76.75,
  "quality_score": 0.8046666666666666,
  "person_name": "Daran Tasha"
}