{
  "facial_symmetry_mean": 0.9309691190719604,
  "facial_symmetry_std": 0.06078113242983818,
  "facial_symmetry_median": 0.9522647857666016,
  "facial_symmetry_max": 0.9981310367584229,
  "face_width_height_ratio_mean": 1.31781005859375,
  "face_width_height_ratio_std": 0.19814664125442505,
  "face_width_height_ratio_median": 1.3925408124923706,
  "face_width_height_ratio_max": 1.5871620178222656,
  "eye_spacing_ratio_mean": 0.6385356187820435,
  "eye_spacing_ratio_std": 0.03335331007838249,
  "eye_spacing_ratio_median": 0.6442990303039551,
  "eye_spacing_ratio_max": 0.6969370245933533,
  "jaw_ratio_mean": 0.7880685329437256,
  "jaw_ratio_std": 0.02707609161734581,
  "jaw_ratio_median": 0.7863020896911621,
  "jaw_ratio_max": 0.8399115800857544,
  "smile_intensity_mean": 0.2275487780570984,
  "smile_intensity_std": 0.17776963114738464,
  "smile_intensity_median": 0.21563377976417542,
  "smile_intensity_max": 0.6788237690925598,
  "eye_contact_mean": 0.979637086391449,
  "eye_contact_std": 0.020953239873051643,
  "eye_contact_median": 0.9868888258934021,
  "eye_contact_max": 0.9998689293861389,
  "eye_openness_mean": 0.3073018193244934,
  "eye_openness_std": 0.09863787144422531,
  "eye_openness_median": 0.30096185207366943,
  "eye_openness_max": 0.5598973631858826,
  "gaze_stability_mean": 0.9883341789245605,
  "gaze_stability_std": 0.014999107457697392,
  "gaze_stability_median": 0.9949150085449219,
  "gaze_stability_max": 1.0,
  "head_tilt_mean": 0.10477554798126221,
  "head_tilt_std": 0.1032721996307373,
  "head_tilt_median": 0.05729645490646362,
  "head_tilt_max": 0.38505345582962036,
  "expression_speed_mean": 0.12919268012046814,
  "expression_speed_std": 0.102716363966465,
  "expression_speed_median": 0.10436682403087616,
  "expression_speed_max": 0.5451074242591858,
  "happy_mean": 0.22438056766986847,
  "happy_std": 0.36157235503196716,
  "happy_median": 0.002147396095097065,
  "happy_max": 0.9999983310699463,
  "neutral_mean": 0.3557645082473755,
  "neutral_std": 0.4047932028770447,
  "neutral_median": 0.08549071848392487,
  "neutral_max": 0.999990701675415,
  "surprise_mean": 0.011510537937283516,
  "surprise_std": 0.05882550776004791,
  "surprise_median": 2.4397900233452674e-06,
  "surprise_max": 0.4026951789855957,
  "processed_frames": 106.0,
  "video_name": "1 (2).mp4"
}