{
  "facial_symmetry_mean": 0.842762291431427,
  "facial_symmetry_std": 0.0678827241063118,
  "facial_symmetry_median": 0.8246087431907654,
  "facial_symmetry_max": 0.9984798431396484,
  "face_width_height_ratio_mean": 0.8248277306556702,
  "face_width_height_ratio_std": 0.04958166927099228,
  "face_width_height_ratio_median": 0.8366434574127197,
  "face_width_height_ratio_max": 0.9215314388275146,
  "eye_spacing_ratio_mean": 0.6324697732925415,
  "eye_spacing_ratio_std": 0.010647163726389408,
  "eye_spacing_ratio_median": 0.6337142586708069,
  "eye_spacing_ratio_max": 0.6538946628570557,
  "jaw_ratio_mean": 0.7819663882255554,
  "jaw_ratio_std": 0.02055579423904419,
  "jaw_ratio_median": 0.7735297083854675,
  "jaw_ratio_max": 0.8118866086006165,
  "smile_intensity_mean": 0.21872074902057648,
  "smile_intensity_std": 0.2928292751312256,
  "smile_intensity_median": 0.020540814846754074,
  "smile_intensity_max": 1.0,
  "eye_contact_mean": 0.9261747598648071,
  "eye_contact_std": 0.037856992334127426,
  "eye_contact_median": 0.9400495886802673,
  "eye_contact_max": 0.9780058860778809,
  "eye_openness_mean": 0.8290855288505554,
  "eye_openness_std": 0.2382805496454239,
  "eye_openness_median": 1.0,
  "eye_openness_max": 1.0,
  "gaze_stability_mean": 0.9880108833312988,
  "gaze_stability_std": 0.02086186408996582,
  "gaze_stability_median": 0.9956701397895813,
  "gaze_stability_max": 1.0,
  "head_tilt_mean": 0.13626760244369507,
  "head_tilt_std": 0.10983466356992722,
  "head_tilt_median": 0.1280452311038971,
  "head_tilt_max": 0.303245484828949,
  "expression_speed_mean": 0.1573171317577362,
  "expression_speed_std": 0.22123965620994568,
  "expression_speed_median": 0.04287179559469223,
  "expression_speed_max": 0.9196956157684326,
  "happy_mean": 0.23716558516025543,
  "happy_std": 0.3844892680644989,
  "happy_median": 0.002989182248711586,
  "happy_max": 0.9999929070472717,
  "neutral_mean": 0.12415197491645813,
  "neutral_std": 0.2160847932100296,
  "neutral_median": 0.005559595767408609,
  "neutral_max": 0.7842081785202026,
  "surprise_mean": 0.04450511187314987,
  "surprise_std": 0.17765311896800995,
  "surprise_median": 0.00015679190983064473,
  "surprise_max": 0.9220209121704102,
  "processed_frames": 55.0,
  "video_name": "1 (3).mp4"
}