{
  "facial_symmetry_mean": 0.9028416872024536,
  "facial_symmetry_std": 0.061804112046957016,
  "facial_symmetry_median": 0.9089677333831787,
  "facial_symmetry_max": 0.9984843134880066,
  "face_width_height_ratio_mean": 0.6337668299674988,
  "face_width_height_ratio_std": 0.0425451435148716,
  "face_width_height_ratio_median": 0.6336981654167175,
  "face_width_height_ratio_max": 0.7526835799217224,
  "eye_spacing_ratio_mean": 0.6433121562004089,
  "eye_spacing_ratio_std": 0.03500765934586525,
  "eye_spacing_ratio_median": 0.6392432451248169,
  "eye_spacing_ratio_max": 0.7338868379592896,
  "jaw_ratio_mean": 0.7794764041900635,
  "jaw_ratio_std": 0.0217544324696064,
  "jaw_ratio_median": 0.7841070294380188,
  "jaw_ratio_max": 0.8322994709014893,
  "smile_intensity_mean": 0.566133975982666,
  "smile_intensity_std": 0.38884732127189636,
  "smile_intensity_median": 0.7363448739051819,
  "smile_intensity_max": 1.0,
  "eye_contact_mean": 0.959782063961029,
  "eye_contact_std": 0.030944382771849632,
  "eye_contact_median": 0.963726282119751,
  "eye_contact_max": 0.998476505279541,
  "eye_openness_mean": 0.7316181659698486,
  "eye_openness_std": 0.2592625021934509,
  "eye_openness_median": 0.756950855255127,
  "eye_openness_max": 1.0,
  "gaze_stability_mean": 0.9819414019584656,
  "gaze_stability_std": 0.01980092190206051,
  "gaze_stability_median": 0.9861680865287781,
  "gaze_stability_max": 1.0,
  "head_tilt_mean": 0.15128280222415924,
  "head_tilt_std": 0.1416759490966797,
  "head_tilt_median": 0.11147603392601013,
  "head_tilt_max": 0.4560944437980652,
  "expression_speed_mean": 0.330051451921463,
  "expression_speed_std": 0.3003661334514618,
  "expression_speed_median": 0.22905506193637848,
  "expression_speed_max": 0.9865249395370483,
  "happy_mean": 0.2828053832054138,
  "happy_std": 0.42770275473594666,
  "happy_median": 0.0019959930796176195,
  "happy_max": 0.9999976754188538,
  "neutral_mean": 0.3588068187236786,
  "neutral_std": 0.4210912883281708,
  "neutral_median": 0.10236111283302307,
  "neutral_max": 0.9997944235801697,
  "surprise_mean": 0.0005738996551372111,
  "surprise_std": 0.0028022807091474533,
  "surprise_median": 3.528095646743168e-07,
  "surprise_max": 0.017951425164937973,
  "processed_frames": 65.0,
  "video_name": "1 (5).mp4"
}