{
  "facial_symmetry_mean": 0.9239314198493958,
  "facial_symmetry_std": 0.05460146442055702,
  "facial_symmetry_median": 0.9128102660179138,
  "facial_symmetry_max": 0.9999492764472961,
  "face_width_height_ratio_mean": 0.6653797626495361,
  "face_width_height_ratio_std": 0.07037998735904694,
  "face_width_height_ratio_median": 0.6525377035140991,
  "face_width_height_ratio_max": 0.8278483748435974,
  "eye_spacing_ratio_mean": 0.6373584270477295,
  "eye_spacing_ratio_std": 0.019670313224196434,
  "eye_spacing_ratio_median": 0.6351250410079956,
  "eye_spacing_ratio_max": 0.6942034959793091,
  "jaw_ratio_mean": 0.8003098368644714,
  "jaw_ratio_std": 0.024308443069458008,
  "jaw_ratio_median": 0.8012440800666809,
  "jaw_ratio_max": 0.8417026400566101,
  "smile_intensity_mean": 0.5442202091217041,
  "smile_intensity_std": 0.4028121531009674,
  "smile_intensity_median": 0.5755314230918884,
  "smile_intensity_max": 1.0,
  "eye_contact_mean": 0.9746524095535278,
  "eye_contact_std": 0.017987752333283424,
  "eye_contact_median": 0.9742305874824524,
  "eye_contact_max": 0.9999027252197266,
  "eye_openness_mean": 0.7864819169044495,
  "eye_openness_std": 0.20979872345924377,
  "eye_openness_median": 0.8478084802627563,
  "eye_openness_max": 1.0,
  "gaze_stability_mean": 0.9859157204627991,
  "gaze_stability_std": 0.01775657758116722,
  "gaze_stability_median": 0.9927195906639099,
  "gaze_stability_max": 1.0,
  "head_tilt_mean": 0.2397661805152893,
  "head_tilt_std": 0.1799238920211792,
  "head_tilt_median": 0.19161231815814972,
  "head_tilt_max": 0.5686691403388977,
  "expression_speed_mean": 0.2861938774585724,
  "expression_speed_std": 0.28702735900878906,
  "expression_speed_median": 0.13952836394309998,
  "expression_speed_max": 0.9541464447975159,
  "happy_mean": 0.2742816209793091,
  "happy_std": 0.38624492287635803,
  "happy_median": 0.056624457240104675,
  "happy_max": 1.0,
  "neutral_mean": 0.255534291267395,
  "neutral_std": 0.36483192443847656,
  "neutral_median": 0.002556237857788801,
  "neutral_max": 0.9999294281005859,
  "surprise_mean": 0.0021013664081692696,
  "surprise_std": 0.011471301317214966,
  "surprise_median": 2.6265138330927584e-07,
  "surprise_max": 0.06993374228477478,
  "processed_frames": 36.0,
  "video_name": "1 (7).mp4"
}