{
  "expression_speed_max": 0.8384755790233612,
  "expression_speed_mean": 0.1927606850862503,
  "expression_speed_median": 0.10987229067832231,
  "expression_speed_std": 0.2062111482024193,
  "eye_contact_max": 0.9972964346408844,
  "eye_contact_mean": 0.962239670753479,
  "eye_contact_median": 0.967827832698822,
  "eye_contact_std": 0.026973472721874715,
  "eye_openness_max": 0.9304906785488128,
  "eye_openness_mean": 0.7053283810615539,
  "eye_openness_median": 0.7818701714277267,
  "eye_openness_std": 0.22738636657595634,
  "eye_spacing_ratio_max": 0.7097469568252563,
  "eye_spacing_ratio_mean": 0.6408911645412445,
  "eye_spacing_ratio_median": 0.6403947949409485,
  "eye_spacing_ratio_std": 0.02437668787315488,
  "face_width_height_ratio_max": 1.0348068058490754,
  "face_width_height_ratio_mean": 0.8478947341442108,
  "face_width_height_ratio_median": 0.8566244572401047,
  "face_width_height_ratio_std": 0.09009054340422154,
  "facial_symmetry_max": 0.9981109023094177,
  "facial_symmetry_mean": 0.9043750584125518,
  "facial_symmetry_median": 0.9109329223632813,
  "facial_symmetry_std": 0.05854203999042511,
  "gaze_stability_max": 1.0,
  "gaze_stability_mean": 0.9863575637340546,
  "gaze_stability_median": 0.992121410369873,
  "gaze_stability_std": 0.018319968413561583,
  "happy_max": 0.9984522581100463,
  "happy_mean": 0.27721225209534167,
  "happy_median": 0.10202421100548235,
  "happy_std": 0.38027505576610565,
  "head_tilt_max": 0.5720280289649964,
  "head_tilt_mean": 0.19242340996861457,
  "head_tilt_median": 0.1572866290807724,
  "head_tilt_std": 0.1508110672235489,
  "jaw_ratio_max": 0.833674281835556,
  "jaw_ratio_mean": 0.7820382356643677,
  "jaw_ratio_median": 0.7824675798416137,
  "jaw_ratio_std": 0.021417323034256697,
  "neutral_max": 0.9782831549644471,
  "neutral_mean": 0.2898481160402298,
  "neutral_median": 0.05803019974846393,
  "neutral_std": 0.376317135989666,
  "processed_frames": 75.1,
  "smile_intensity_max": 0.8685765385627746,
  "smile_intensity_mean": 0.38649745732545854,
  "smile_intensity_median": 0.37720289658755063,
  "smile_intensity_std": 0.26979660540819167,
  "surprise_max": 0.3946703314781189,
  "surprise_mean": 0.020221607823623346,
  "surprise_median": 2.3595893114247702e-05,
  "surprise_std": 0.07537871240638197,
  "video_count": 10.0,
  "valid_video_count": 10.0,
  "valid_video_ratio": 1.0,
  "total_processed_frames": 751.0,
  "avg_processed_frames": 75.1,
  "quality_score": 0.8002666666666667,
  "person_name": "Nakamori Akina"
}