{
  "facial_symmetry_mean": 0.7576401233673096,
  "facial_symmetry_std": 0.17476826906204224,
  "facial_symmetry_median": 0.7856257557868958,
  "facial_symmetry_max": 0.9983168244361877,
  "face_width_height_ratio_mean": 1.3391245603561401,
  "face_width_height_ratio_std": 0.14111478626728058,
  "face_width_height_ratio_median": 1.391556739807129,
  "face_width_height_ratio_max": 1.624635100364685,
  "eye_spacing_ratio_mean": 0.6524860858917236,
  "eye_spacing_ratio_std": 0.03332776203751564,
  "eye_spacing_ratio_median": 0.6600861549377441,
  "eye_spacing_ratio_max": 0.7632958889007568,
  "jaw_ratio_mean": 0.7748184204101562,
  "jaw_ratio_std": 0.021838374435901642,
  "jaw_ratio_median": 0.7711141705513,
  "jaw_ratio_max": 0.8520740866661072,
  "smile_intensity_mean": 0.08404558897018433,
  "smile_intensity_std": 0.12080250680446625,
  "smile_intensity_median": 0.024125386029481888,
  "smile_intensity_max": 0.6737024188041687,
  "eye_contact_mean": 0.9044550061225891,
  "eye_contact_std": 0.0701495110988617,
  "eye_contact_median": 0.9134946465492249,
  "eye_contact_max": 0.9967484474182129,
  "eye_openness_mean": 0.9102221727371216,
  "eye_openness_std": 0.18613873422145844,
  "eye_openness_median": 1.0,
  "eye_openness_max": 1.0,
  "gaze_stability_mean": 0.9678630232810974,
  "gaze_stability_std": 0.045838307589292526,
  "gaze_stability_median": 0.9834716320037842,
  "gaze_stability_max": 1.0,
  "head_tilt_mean": 0.15996985137462616,
  "head_tilt_std": 0.11065385490655899,
  "head_tilt_median": 0.15535429120063782,
  "head_tilt_max": 0.4576587677001953,
  "expression_speed_mean": 0.1803164929151535,
  "expression_speed_std": 0.20485170185565948,
  "expression_speed_median": 0.09010889381170273,
  "expression_speed_max": 0.9536207318305969,
  "happy_mean": 0.0685427263379097,
  "happy_std": 0.22396321594715118,
  "happy_median": 9.640671487431973e-05,
  "happy_max": 0.9999998807907104,
  "neutral_mean": 0.4191785454750061,
  "neutral_std": 0.4051154851913452,
  "neutral_median": 0.28311729431152344,
  "neutral_max": 0.9999106526374817,
  "surprise_mean": 0.033493075519800186,
  "surprise_std": 0.14067114889621735,
  "surprise_median": 4.033198365505086e-06,
  "surprise_max": 0.8688800930976868,
  "processed_frames": 165.0,
  "video_name": "1 (3).mp4"
}