{
  "facial_symmetry_mean": 0.8356480002403259,
  "facial_symmetry_std": 0.09311789274215698,
  "facial_symmetry_median": 0.8668648600578308,
  "facial_symmetry_max": 0.9820433855056763,
  "face_width_height_ratio_mean": 0.6449538469314575,
  "face_width_height_ratio_std": 0.07394477725028992,
  "face_width_height_ratio_median": 0.6438732147216797,
  "face_width_height_ratio_max": 0.7986363768577576,
  "eye_spacing_ratio_mean": 0.6489225029945374,
  "eye_spacing_ratio_std": 0.03273283690214157,
  "eye_spacing_ratio_median": 0.6570020914077759,
  "eye_spacing_ratio_max": 0.6916876435279846,
  "jaw_ratio_mean": 0.7695235013961792,
  "jaw_ratio_std": 0.02033521607518196,
  "jaw_ratio_median": 0.764356791973114,
  "jaw_ratio_max": 0.8240934014320374,
  "smile_intensity_mean": 0.12903426587581635,
  "smile_intensity_std": 0.19655847549438477,
  "smile_intensity_median": 0.0359976664185524,
  "smile_intensity_max": 0.7745912671089172,
  "eye_contact_mean": 0.9336090087890625,
  "eye_contact_std": 0.027833841741085052,
  "eye_contact_median": 0.9277862310409546,
  "eye_contact_max": 0.9988927841186523,
  "eye_openness_mean": 0.9024535417556763,
  "eye_openness_std": 0.2169901728630066,
  "eye_openness_median": 1.0,
  "eye_openness_max": 1.0,
  "gaze_stability_mean": 0.9865773320198059,
  "gaze_stability_std": 0.016207292675971985,
  "gaze_stability_median": 0.9924779534339905,
  "gaze_stability_max": 1.0,
  "head_tilt_mean": 0.21596938371658325,
  "head_tilt_std": 0.12958136200904846,
  "head_tilt_median": 0.2209436148405075,
  "head_tilt_max": 0.42662695050239563,
  "expression_speed_mean": 0.123524509370327,
  "expression_speed_std": 0.1934458464384079,
  "expression_speed_median": 0.04274304211139679,
  "expression_speed_max": 0.8657316565513611,
  "happy_mean": 0.02219453640282154,
  "happy_std": 0.10815918445587158,
  "happy_median": 5.2268942454247735e-06,
  "happy_max": 0.8461834192276001,
  "neutral_mean": 0.17439177632331848,
  "neutral_std": 0.252750962972641,
  "neutral_median": 0.021661611273884773,
  "neutral_max": 0.9943931698799133,
  "surprise_mean": 0.00032035092590376735,
  "surprise_std": 0.0017621093429625034,
  "surprise_median": 3.2131939775581486e-08,
  "surprise_max": 0.016030848026275635,
  "processed_frames": 132.0,
  "video_name": "1 (5).mp4"
}