{
  "facial_symmetry_mean": 0.7614299058914185,
  "facial_symmetry_std": 0.17829643189907074,
  "facial_symmetry_median": 0.7989770174026489,
  "facial_symmetry_max": 0.9965215921401978,
  "face_width_height_ratio_mean": 1.3525539636611938,
  "face_width_height_ratio_std": 0.14546704292297363,
  "face_width_height_ratio_median": 1.3552652597427368,
  "face_width_height_ratio_max": 1.856380581855774,
  "eye_spacing_ratio_mean": 0.6557503938674927,
  "eye_spacing_ratio_std": 0.035232171416282654,
  "eye_spacing_ratio_median": 0.6580710411071777,
  "eye_spacing_ratio_max": 0.7866459488868713,
  "jaw_ratio_mean": 0.7773793339729309,
  "jaw_ratio_std": 0.019679537042975426,
  "jaw_ratio_median": 0.7773393392562866,
  "jaw_ratio_max": 0.8245726227760315,
  "smile_intensity_mean": 0.11196057498455048,
  "smile_intensity_std": 0.129851296544075,
  "smile_intensity_median": 0.041044704616069794,
  "smile_intensity_max": 0.690606951713562,
  "eye_contact_mean": 0.9252948760986328,
  "eye_contact_std": 0.06795745342969894,
  "eye_contact_median": 0.9477959871292114,
  "eye_contact_max": 0.9997889995574951,
  "eye_openness_mean": 0.9547571539878845,
  "eye_openness_std": 0.13152217864990234,
  "eye_openness_median": 1.0,
  "eye_openness_max": 1.0,
  "gaze_stability_mean": 0.9745274782180786,
  "gaze_stability_std": 0.035881537944078445,
  "gaze_stability_median": 0.9871352910995483,
  "gaze_stability_max": 1.0,
  "head_tilt_mean": 0.16959960758686066,
  "head_tilt_std": 0.11497485637664795,
  "head_tilt_median": 0.1568012684583664,
  "head_tilt_max": 0.4314921796321869,
  "expression_speed_mean": 0.14845283329486847,
  "expression_speed_std": 0.17152850329875946,
  "expression_speed_median": 0.08095551282167435,
  "expression_speed_max": 0.8071953654289246,
  "happy_mean": 0.08071180433034897,
  "happy_std": 0.22149541974067688,
  "happy_median": 0.0005478484090417624,
  "happy_max": 0.9999945759773254,
  "neutral_mean": 0.2837463319301605,
  "neutral_std": 0.35206228494644165,
  "neutral_median": 0.10086901485919952,
  "neutral_max": 0.9999999403953552,
  "surprise_mean": 0.03919512778520584,
  "surprise_std": 0.1552341878414154,
  "surprise_median": 2.9926627576060127e-06,
  "surprise_max": 0.9968478679656982,
  "processed_frames": 174.0,
  "video_name": "1 (7).mp4"
}