{
  "facial_symmetry_mean": 0.8448874354362488,
  "facial_symmetry_std": 0.08310466259717941,
  "facial_symmetry_median": 0.8212998509407043,
  "facial_symmetry_max": 0.9973092079162598,
  "face_width_height_ratio_mean": 0.745145320892334,
  "face_width_height_ratio_std": 0.09609585255384445,
  "face_width_height_ratio_median": 0.7510391473770142,
  "face_width_height_ratio_max": 0.96488356590271,
  "eye_spacing_ratio_mean": 0.6364129781723022,
  "eye_spacing_ratio_std": 0.03615900129079819,
  "eye_spacing_ratio_median": 0.6401578187942505,
  "eye_spacing_ratio_max": 0.7834503054618835,
  "jaw_ratio_mean": 0.8011537194252014,
  "jaw_ratio_std": 0.0253550186753273,
  "jaw_ratio_median": 0.8038042187690735,
  "jaw_ratio_max": 0.8596876859664917,
  "smile_intensity_mean": 0.44701793789863586,
  "smile_intensity_std": 0.2967265546321869,
  "smile_intensity_median": 0.49675101041793823,
  "smile_intensity_max": 1.0,
  "eye_contact_mean": 0.945583164691925,
  "eye_contact_std": 0.04251668229699135,
  "eye_contact_median": 0.9565371870994568,
  "eye_contact_max": 0.9994546175003052,
  "eye_openness_mean": 0.7513878345489502,
  "eye_openness_std": 0.2829146981239319,
  "eye_openness_median": 0.8287928104400635,
  "eye_openness_max": 1.0,
  "gaze_stability_mean": 0.9794089794158936,
  "gaze_stability_std": 0.024054856970906258,
  "gaze_stability_median": 0.9881010055541992,
  "gaze_stability_max": 1.0,
  "head_tilt_mean": 0.11375544220209122,
  "head_tilt_std": 0.0812566727399826,
  "head_tilt_median": 0.0906006246805191,
  "head_tilt_max": 0.28644829988479614,
  "expression_speed_mean": 0.31237712502479553,
  "expression_speed_std": 0.25969642400741577,
  "expression_speed_median": 0.1959342360496521,
  "expression_speed_max": 0.9775498509407043,
  "happy_mean": 0.0526931956410408,
  "happy_std": 0.19249680638313293,
  "happy_median": 0.00039167405338957906,
  "happy_max": 0.9999109506607056,
  "neutral_mean": 0.276465505361557,
  "neutral_std": 0.381375253200531,
  "neutral_median": 0.032580308616161346,
  "neutral_max": 0.9943122863769531,
  "surprise_mean": 0.028383053839206696,
  "surprise_std": 0.14222288131713867,
  "surprise_median": 9.396850146003999e-06,
  "surprise_max": 0.9400109648704529,
  "processed_frames": 84.0,
  "video_name": "1.mp4"
}