{
  "expression_speed_max": 0.8709314912557602,
  "expression_speed_mean": 0.17133470065891743,
  "expression_speed_median": 0.08059781161136925,
  "expression_speed_std": 0.20770879462361336,
  "eye_contact_max": 0.9990907460451126,
  "eye_contact_mean": 0.9378766641020775,
  "eye_contact_median": 0.9518788307905197,
  "eye_contact_std": 0.05207907943986356,
  "eye_openness_max": 1.0,
  "eye_openness_mean": 0.8991824761033058,
  "eye_openness_median": 0.9785991013050079,
  "eye_openness_std": 0.18643937818706036,
  "eye_spacing_ratio_max": 0.7543222606182098,
  "eye_spacing_ratio_mean": 0.6479642242193222,
  "eye_spacing_ratio_median": 0.6532313078641891,
  "eye_spacing_ratio_std": 0.03306456981226802,
  "face_width_height_ratio_max": 1.2441654801368713,
  "face_width_height_ratio_mean": 0.9790366664528847,
  "face_width_height_ratio_median": 0.994046688079834,
  "face_width_height_ratio_std": 0.10140147292986512,
  "facial_symmetry_max": 0.9930880889296532,
  "facial_symmetry_mean": 0.8127674013376236,
  "facial_symmetry_median": 0.8287012279033661,
  "facial_symmetry_std": 0.1270100250840187,
  "gaze_stability_max": 1.0,
  "gaze_stability_mean": 0.9807433411478996,
  "gaze_stability_median": 0.990330308675766,
  "gaze_stability_std": 0.02774162031710148,
  "happy_max": 0.9783524200320244,
  "happy_mean": 0.0724867598619312,
  "happy_median": 0.0010564359552063252,
  "happy_std": 0.2137535810470581,
  "head_tilt_max": 0.5019545368850231,
  "head_tilt_mean": 0.16941170673817396,
  "head_tilt_median": 0.139383003115654,
  "head_tilt_std": 0.12756780441850424,
  "jaw_ratio_max": 0.8453390672802925,
  "jaw_ratio_mean": 0.7803807780146599,
  "jaw_ratio_median": 0.778026781976223,
  "jaw_ratio_std": 0.0215971942525357,
  "neutral_max": 0.9974222481250763,
  "neutral_mean": 0.28703094832599163,
  "neutral_median": 0.11734360328409821,
  "neutral_std": 0.3472839184105396,
  "processed_frames": 122.75,
  "smile_intensity_max": 0.8108783662319183,
  "smile_intensity_mean": 0.17981089558452368,
  "smile_intensity_median": 0.1063795619411394,
  "smile_intensity_std": 0.2017547395080328,
  "surprise_max": 0.7152520194649696,
  "surprise_mean": 0.029560559858509805,
  "surprise_median": 2.862157749961014e-05,
  "surprise_std": 0.11483542836504057,
  "video_count": 8.0,
  "valid_video_count": 8.0,
  "valid_video_ratio": 1.0,
  "total_processed_frames": 982.0,
  "avg_processed_frames": 122.75,
  "quality_score": 0.9273333333333333,
  "person_name": "Lý Gia Hân"
}