{
  "facial_symmetry_mean": 0.7786511182785034,
  "facial_symmetry_std": 0.05325927212834358,
  "facial_symmetry_median": 0.7697474956512451,
  "facial_symmetry_max": 0.9022462964057922,
  "face_width_height_ratio_mean": 1.0766125917434692,
  "face_width_height_ratio_std": 0.10835873335599899,
  "face_width_height_ratio_median": 1.0840210914611816,
  "face_width_height_ratio_max": 1.3538827896118164,
  "eye_spacing_ratio_mean": 0.6454402804374695,
  "eye_spacing_ratio_std": 0.04587492346763611,
  "eye_spacing_ratio_median": 0.6442665457725525,
  "eye_spacing_ratio_max": 0.7253730297088623,
  "jaw_ratio_mean": 0.7789290547370911,
  "jaw_ratio_std": 0.025691114366054535,
  "jaw_ratio_median": 0.7799646258354187,
  "jaw_ratio_max": 0.8565778136253357,
  "smile_intensity_mean": 0.19798806309700012,
  "smile_intensity_std": 0.11976971477270126,
  "smile_intensity_median": 0.22361841797828674,
  "smile_intensity_max": 0.4764519929885864,
  "eye_contact_mean": 0.9161373376846313,
  "eye_contact_std": 0.02718566171824932,
  "eye_contact_median": 0.9105825424194336,
  "eye_contact_max": 0.9938289523124695,
  "eye_openness_mean": 0.5077584981918335,
  "eye_openness_std": 0.21592994034290314,
  "eye_openness_median": 0.4806901812553406,
  "eye_openness_max": 0.8804479241371155,
  "gaze_stability_mean": 0.980032742023468,
  "gaze_stability_std": 0.024346834048628807,
  "gaze_stability_median": 0.9892337322235107,
  "gaze_stability_max": 1.0,
  "head_tilt_mean": 0.07595790922641754,
  "head_tilt_std": 0.03204202651977539,
  "head_tilt_median": 0.07983595132827759,
  "head_tilt_max": 0.15080362558364868,
  "expression_speed_mean": 0.1460639387369156,
  "expression_speed_std": 0.11064957827329636,
  "expression_speed_median": 0.11374922841787338,
  "expression_speed_max": 0.5636042952537537,
  "happy_mean": 0.16169767081737518,
  "happy_std": 0.33431318402290344,
  "happy_median": 0.00020842418598476797,
  "happy_max": 0.9976624846458435,
  "neutral_mean": 0.17287924885749817,
  "neutral_std": 0.270362913608551,
  "neutral_median": 0.012858031317591667,
  "neutral_max": 0.9853994250297546,
  "surprise_mean": 0.017187166959047318,
  "surprise_std": 0.07487314939498901,
  "surprise_median": 5.422744493444043e-07,
  "surprise_max": 0.4526734948158264,
  "processed_frames": 40.0,
  "video_name": "1 (1).mp4"
}