{
  "facial_symmetry_mean": 0.9270466566085815,
  "facial_symmetry_std": 0.05330110713839531,
  "facial_symmetry_median": 0.9431683421134949,
  "facial_symmetry_max": 0.9992654323577881,
  "face_width_height_ratio_mean": 1.4645222425460815,
  "face_width_height_ratio_std": 0.07035859674215317,
  "face_width_height_ratio_median": 1.4575053453445435,
  "face_width_height_ratio_max": 1.7923060655593872,
  "eye_spacing_ratio_mean": 0.6712033748626709,
  "eye_spacing_ratio_std": 0.01969367451965809,
  "eye_spacing_ratio_median": 0.669598400592804,
  "eye_spacing_ratio_max": 0.7248452305793762,
  "jaw_ratio_mean": 0.7697728872299194,
  "jaw_ratio_std": 0.015472403727471828,
  "jaw_ratio_median": 0.7669792175292969,
  "jaw_ratio_max": 0.8256908059120178,
  "smile_intensity_mean": 0.10487785190343857,
  "smile_intensity_std": 0.11549854278564453,
  "smile_intensity_median": 0.016988469287753105,
  "smile_intensity_max": 0.41799435019493103,
  "eye_contact_mean": 0.9502277374267578,
  "eye_contact_std": 0.02079916186630726,
  "eye_contact_median": 0.9509044885635376,
  "eye_contact_max": 0.990777850151062,
  "eye_openness_mean": 0.8318322896957397,
  "eye_openness_std": 0.18231599032878876,
  "eye_openness_median": 0.8785382509231567,
  "eye_openness_max": 1.0,
  "gaze_stability_mean": 0.9845142960548401,
  "gaze_stability_std": 0.013324574567377567,
  "gaze_stability_median": 0.9884594082832336,
  "gaze_stability_max": 1.0,
  "head_tilt_mean": 0.14050325751304626,
  "head_tilt_std": 0.030415324494242668,
  "head_tilt_median": 0.14656126499176025,
  "head_tilt_max": 0.1820509135723114,
  "expression_speed_mean": 0.20483580231666565,
  "expression_speed_std": 0.19632717967033386,
  "expression_speed_median": 0.11081550270318985,
  "expression_speed_max": 0.7968984246253967,
  "happy_mean": 0.08970846235752106,
  "happy_std": 0.1430516391992569,
  "happy_median": 0.036297041922807693,
  "happy_max": 0.7202607989311218,
  "neutral_mean": 0.7876150012016296,
  "neutral_std": 0.2591230571269989,
  "neutral_median": 0.8875951766967773,
  "neutral_max": 0.9998437762260437,
  "surprise_mean": 0.004151732660830021,
  "surprise_std": 0.02079995907843113,
  "surprise_median": 0.0003444447065703571,
  "surprise_max": 0.18276017904281616,
  "processed_frames": 101.0,
  "video_name": "1 (3).mp4"
}