{
  "facial_symmetry_mean": 0.8932223916053772,
  "facial_symmetry_std": 0.0771702378988266,
  "facial_symmetry_median": 0.9070136547088623,
  "facial_symmetry_max": 0.9938175082206726,
  "face_width_height_ratio_mean": 0.5978933572769165,
  "face_width_height_ratio_std": 0.05467899516224861,
  "face_width_height_ratio_median": 0.5862383246421814,
  "face_width_height_ratio_max": 0.7891988158226013,
  "eye_spacing_ratio_mean": 0.6812638640403748,
  "eye_spacing_ratio_std": 0.014876251108944416,
  "eye_spacing_ratio_median": 0.6841964721679688,
  "eye_spacing_ratio_max": 0.7112170457839966,
  "jaw_ratio_mean": 0.7840593457221985,
  "jaw_ratio_std": 0.022140828892588615,
  "jaw_ratio_median": 0.7883954048156738,
  "jaw_ratio_max": 0.8167199492454529,
  "smile_intensity_mean": 0.3851974904537201,
  "smile_intensity_std": 0.36342766880989075,
  "smile_intensity_median": 0.5962720513343811,
  "smile_intensity_max": 0.9907387495040894,
  "eye_contact_mean": 0.9843167662620544,
  "eye_contact_std": 0.010416928678750992,
  "eye_contact_median": 0.98527991771698,
  "eye_contact_max": 0.9993717670440674,
  "eye_openness_mean": 0.9817558526992798,
  "eye_openness_std": 0.11242499947547913,
  "eye_openness_median": 1.0,
  "eye_openness_max": 1.0,
  "gaze_stability_mean": 0.9932843446731567,
  "gaze_stability_std": 0.007951795123517513,
  "gaze_stability_median": 0.9962782859802246,
  "gaze_stability_max": 1.0,
  "head_tilt_mean": 0.41318175196647644,
  "head_tilt_std": 0.3022738993167877,
  "head_tilt_median": 0.4111051559448242,
  "head_tilt_max": 1.0,
  "expression_speed_mean": 0.1563851535320282,
  "expression_speed_std": 0.22514700889587402,
  "expression_speed_median": 0.05743282660841942,
  "expression_speed_max": 0.8148460388183594,
  "happy_mean": 0.2579376995563507,
  "happy_std": 0.3830467462539673,
  "happy_median": 0.03354202210903168,
  "happy_max": 0.9999998807907104,
  "neutral_mean": 0.2716592848300934,
  "neutral_std": 0.37981051206588745,
  "neutral_median": 0.012659803964197636,
  "neutral_max": 0.999058723449707,
  "surprise_mean": 0.06323792040348053,
  "surprise_std": 0.20825156569480896,
  "surprise_median": 0.00031774918898008764,
  "surprise_max": 0.9834136962890625,
  "processed_frames": 85.0,
  "video_name": "1 (5).mp4"
}