{
  "facial_symmetry_mean": 0.8825703263282776,
  "facial_symmetry_std": 0.1222853884100914,
  "facial_symmetry_median": 0.916272759437561,
  "facial_symmetry_max": 0.9964354038238525,
  "face_width_height_ratio_mean": 1.4351258277893066,
  "face_width_height_ratio_std": 0.06795358657836914,
  "face_width_height_ratio_median": 1.4474501609802246,
  "face_width_height_ratio_max": 1.634501576423645,
  "eye_spacing_ratio_mean": 0.6558731198310852,
  "eye_spacing_ratio_std": 0.01977849379181862,
  "eye_spacing_ratio_median": 0.6492754220962524,
  "eye_spacing_ratio_max": 0.7199636697769165,
  "jaw_ratio_mean": 0.768133819103241,
  "jaw_ratio_std": 0.01931711658835411,
  "jaw_ratio_median": 0.7682313323020935,
  "jaw_ratio_max": 0.8449954986572266,
  "smile_intensity_mean": 0.2222144454717636,
  "smile_intensity_std": 0.13725803792476654,
  "smile_intensity_median": 0.25455695390701294,
  "smile_intensity_max": 0.5539756417274475,
  "eye_contact_mean": 0.9643084406852722,
  "eye_contact_std": 0.03588176518678665,
  "eye_contact_median": 0.9745907187461853,
  "eye_contact_max": 0.9999141693115234,
  "eye_openness_mean": 0.5198906660079956,
  "eye_openness_std": 0.2132517248392105,
  "eye_openness_median": 0.46779826283454895,
  "eye_openness_max": 1.0,
  "gaze_stability_mean": 0.9881823658943176,
  "gaze_stability_std": 0.022650914266705513,
  "gaze_stability_median": 0.9951927661895752,
  "gaze_stability_max": 1.0,
  "head_tilt_mean": 0.04568302258849144,
  "head_tilt_std": 0.06004945933818817,
  "head_tilt_median": 0.025787800550460815,
  "head_tilt_max": 0.362013578414917,
  "expression_speed_mean": 0.14047493040561676,
  "expression_speed_std": 0.14998728036880493,
  "expression_speed_median": 0.07072947919368744,
  "expression_speed_max": 0.7744681239128113,
  "happy_mean": 0.38669848442077637,
  "happy_std": 0.4517029821872711,
  "happy_median": 0.03863878548145294,
  "happy_max": 1.0,
  "neutral_mean": 0.28468331694602966,
  "neutral_std": 0.3876330256462097,
  "neutral_median": 0.01513312105089426,
  "neutral_max": 0.9992090463638306,
  "surprise_mean": 0.0401485450565815,
  "surprise_std": 0.14562729001045227,
  "surprise_median": 1.1860561244247947e-05,
  "surprise_max": 0.8758606314659119,
  "processed_frames": 220.0,
  "video_name": "1 (6).mp4"
}