{
  "expression_speed_max": 0.7511723467281887,
  "expression_speed_mean": 0.14698499866894313,
  "expression_speed_median": 0.0733130443841219,
  "expression_speed_std": 0.17168457699673517,
  "eye_contact_max": 0.997472746031625,
  "eye_contact_mean": 0.9518597296306065,
  "eye_contact_median": 0.9569092392921448,
  "eye_contact_std": 0.033297600490706306,
  "eye_openness_max": 0.982921132019588,
  "eye_openness_mean": 0.7234183379581997,
  "eye_openness_median": 0.725312739610672,
  "eye_openness_std": 0.18434075159685953,
  "eye_spacing_ratio_max": 0.7257805892399379,
  "eye_spacing_ratio_mean": 0.6629104358809335,
  "eye_spacing_ratio_median": 0.6645539828709194,
  "eye_spacing_ratio_std": 0.028168683206396445,
  "face_width_height_ratio_max": 1.4325472712516785,
  "face_width_height_ratio_mean": 1.1274131536483765,
  "face_width_height_ratio_median": 1.1439571125166756,
  "face_width_height_ratio_std": 0.10773802495428494,
  "facial_symmetry_max": 0.9838003941944667,
  "facial_symmetry_mean": 0.8710324168205261,
  "facial_symmetry_median": 0.892201440674918,
  "facial_symmetry_std": 0.08367133832403592,
  "gaze_stability_max": 1.0,
  "gaze_stability_mean": 0.9863141434533256,
  "gaze_stability_median": 0.992860632283347,
  "gaze_stability_std": 0.019332637744290487,
  "happy_max": 0.9487581934247699,
  "happy_mean": 0.16573666674750193,
  "happy_median": 0.0158401436960308,
  "happy_std": 0.2876717043774469,
  "head_tilt_max": 0.47441257749285015,
  "head_tilt_mean": 0.14116098784974643,
  "head_tilt_median": 0.11770151555538177,
  "head_tilt_std": 0.11787890084087849,
  "jaw_ratio_max": 0.8553347757884434,
  "jaw_ratio_mean": 0.7802738887923104,
  "jaw_ratio_median": 0.7794564110892159,
  "jaw_ratio_std": 0.022426318510302475,
  "neutral_max": 0.9964048181261335,
  "neutral_mean": 0.304970526269504,
  "neutral_median": 0.15425987608198607,
  "neutral_std": 0.31758838466235567,
  "processed_frames": 124.42857142857143,
  "smile_intensity_max": 0.6981312675135476,
  "smile_intensity_mean": 0.21080585356269563,
  "smile_intensity_median": 0.1960109884717635,
  "smile_intensity_std": 0.2008278231535639,
  "surprise_max": 0.7080822714737484,
  "surprise_mean": 0.04242066074428814,
  "surprise_median": 0.00012264289737069184,
  "surprise_std": 0.13249363617173263,
  "video_count": 7.0,
  "valid_video_count": 7.0,
  "valid_video_ratio": 1.0,
  "total_processed_frames": 871.0,
  "avg_processed_frames": 124.42857142857143,
  "quality_score": 0.9318095238095239,
  "person_name": "Triệu Kim Mạch"
}