{
  "facial_symmetry_mean": 0.9071435928344727,
  "facial_symmetry_std": 0.07282483577728271,
  "facial_symmetry_median": 0.9438583850860596,
  "facial_symmetry_max": 0.9938398599624634,
  "face_width_height_ratio_mean": 1.4485057592391968,
  "face_width_height_ratio_std": 0.09946725517511368,
  "face_width_height_ratio_median": 1.4478962421417236,
  "face_width_height_ratio_max": 1.7470839023590088,
  "eye_spacing_ratio_mean": 0.64606112241745,
  "eye_spacing_ratio_std": 0.01385097112506628,
  "eye_spacing_ratio_median": 0.6467867493629456,
  "eye_spacing_ratio_max": 0.6883862018585205,
  "jaw_ratio_mean": 0.7815793752670288,
  "jaw_ratio_std": 0.015642406418919563,
  "jaw_ratio_median": 0.7795654535293579,
  "jaw_ratio_max": 0.8249432444572449,
  "smile_intensity_mean": 0.19965285062789917,
  "smile_intensity_std": 0.2133679836988449,
  "smile_intensity_median": 0.10114021599292755,
  "smile_intensity_max": 0.6778626441955566,
  "eye_contact_mean": 0.9702485799789429,
  "eye_contact_std": 0.02412029355764389,
  "eye_contact_median": 0.9800851345062256,
  "eye_contact_max": 0.9988106489181519,
  "eye_openness_mean": 0.807598352432251,
  "eye_openness_std": 0.2515438199043274,
  "eye_openness_median": 0.9550502300262451,
  "eye_openness_max": 1.0,
  "gaze_stability_mean": 0.9878224730491638,
  "gaze_stability_std": 0.013427798636257648,
  "gaze_stability_median": 0.9933872818946838,
  "gaze_stability_max": 1.0,
  "head_tilt_mean": 0.13857804238796234,
  "head_tilt_std": 0.05399855971336365,
  "head_tilt_median": 0.13171471655368805,
  "head_tilt_max": 0.2572759985923767,
  "expression_speed_mean": 0.14034606516361237,
  "expression_speed_std": 0.17924624681472778,
  "expression_speed_median": 0.0651809573173523,
  "expression_speed_max": 0.698683500289917,
  "happy_mean": 0.15450257062911987,
  "happy_std": 0.3157126307487488,
  "happy_median": 3.172557262587361e-05,
  "happy_max": 0.9958425760269165,
  "neutral_mean": 0.2791706323623657,
  "neutral_std": 0.37309780716896057,
  "neutral_median": 0.026470061391592026,
  "neutral_max": 0.9989505410194397,
  "surprise_mean": 0.0006392565555870533,
  "surprise_std": 0.002603319939225912,
  "surprise_median": 1.6486376352986554e-07,
  "surprise_max": 0.016846727579832077,
  "processed_frames": 44.0,
  "video_name": "1 (4).mp4"
}