{
  "facial_symmetry_mean": 0.8681527376174927,
  "facial_symmetry_std": 0.11335913836956024,
  "facial_symmetry_median": 0.9016103744506836,
  "facial_symmetry_max": 0.9998427629470825,
  "face_width_height_ratio_mean": 0.8491122126579285,
  "face_width_height_ratio_std": 0.054354287683963776,
  "face_width_height_ratio_median": 0.847999632358551,
  "face_width_height_ratio_max": 1.0738061666488647,
  "eye_spacing_ratio_mean": 0.6515285968780518,
  "eye_spacing_ratio_std": 0.019460981711745262,
  "eye_spacing_ratio_median": 0.6501445770263672,
  "eye_spacing_ratio_max": 0.7661622166633606,
  "jaw_ratio_mean": 0.7880012392997742,
  "jaw_ratio_std": 0.021530374884605408,
  "jaw_ratio_median": 0.788989782333374,
  "jaw_ratio_max": 0.8492451310157776,
  "smile_intensity_mean": 0.1915222406387329,
  "smile_intensity_std": 0.23449929058551788,
  "smile_intensity_median": 0.03253614902496338,
  "smile_intensity_max": 0.9199603796005249,
  "eye_contact_mean": 0.9734451174736023,
  "eye_contact_std": 0.02596019208431244,
  "eye_contact_median": 0.9813603758811951,
  "eye_contact_max": 0.999936580657959,
  "eye_openness_mean": 0.9539486169815063,
  "eye_openness_std": 0.14004302024841309,
  "eye_openness_median": 1.0,
  "eye_openness_max": 1.0,
  "gaze_stability_mean": 0.9876393675804138,
  "gaze_stability_std": 0.018973449245095253,
  "gaze_stability_median": 0.9932981729507446,
  "gaze_stability_max": 1.0,
  "head_tilt_mean": 0.2371327131986618,
  "head_tilt_std": 0.20617465674877167,
  "head_tilt_median": 0.1886419951915741,
  "head_tilt_max": 0.8718469738960266,
  "expression_speed_mean": 0.13348540663719177,
  "expression_speed_std": 0.1817227005958557,
  "expression_speed_median": 0.04631447046995163,
  "expression_speed_max": 0.8358298540115356,
  "happy_mean": 0.1887449324131012,
  "happy_std": 0.34864091873168945,
  "happy_median": 0.0023146746680140495,
  "happy_max": 1.0,
  "neutral_mean": 0.35813477635383606,
  "neutral_std": 0.4022514224052429,
  "neutral_median": 0.14149853587150574,
  "neutral_max": 0.9999972581863403,
  "surprise_mean": 0.03104892186820507,
  "surprise_std": 0.14740721881389618,
  "surprise_median": 1.2618711480172351e-05,
  "surprise_max": 0.9622409343719482,
  "processed_frames": 364.0,
  "video_name": "1 (5).mp4"
}