{
  "facial_symmetry_mean": 0.9131326079368591,
  "facial_symmetry_std": 0.07022515684366226,
  "facial_symmetry_median": 0.93423992395401,
  "facial_symmetry_max": 0.9999293684959412,
  "face_width_height_ratio_mean": 0.7712334990501404,
  "face_width_height_ratio_std": 0.047341473400592804,
  "face_width_height_ratio_median": 0.7730732560157776,
  "face_width_height_ratio_max": 0.9308087229728699,
  "eye_spacing_ratio_mean": 0.6579573154449463,
  "eye_spacing_ratio_std": 0.021096820011734962,
  "eye_spacing_ratio_median": 0.6512352228164673,
  "eye_spacing_ratio_max": 0.7010343074798584,
  "jaw_ratio_mean": 0.7789048552513123,
  "jaw_ratio_std": 0.017471378669142723,
  "jaw_ratio_median": 0.7773355841636658,
  "jaw_ratio_max": 0.8346479535102844,
  "smile_intensity_mean": 0.15603505074977875,
  "smile_intensity_std": 0.22371457517147064,
  "smile_intensity_median": 0.022541478276252747,
  "smile_intensity_max": 0.7736444473266602,
  "eye_contact_mean": 0.9787588119506836,
  "eye_contact_std": 0.023233115673065186,
  "eye_contact_median": 0.9885996580123901,
  "eye_contact_max": 0.9994393587112427,
  "eye_openness_mean": 0.9128814935684204,
  "eye_openness_std": 0.2059991955757141,
  "eye_openness_median": 1.0,
  "eye_openness_max": 1.0,
  "gaze_stability_mean": 0.9876553416252136,
  "gaze_stability_std": 0.020367683842778206,
  "gaze_stability_median": 0.9950128793716431,
  "gaze_stability_max": 1.0,
  "head_tilt_mean": 0.2762099802494049,
  "head_tilt_std": 0.20339030027389526,
  "head_tilt_median": 0.21720975637435913,
  "head_tilt_max": 1.0,
  "expression_speed_mean": 0.18699246644973755,
  "expression_speed_std": 0.2190215289592743,
  "expression_speed_median": 0.10002665221691132,
  "expression_speed_max": 0.9229280948638916,
  "happy_mean": 0.11303582042455673,
  "happy_std": 0.2782268226146698,
  "happy_median": 0.0021323133260011673,
  "happy_max": 0.9998139142990112,
  "neutral_mean": 0.3894073963165283,
  "neutral_std": 0.33384039998054504,
  "neutral_median": 0.3343084156513214,
  "neutral_max": 0.9867417812347412,
  "surprise_mean": 0.0010751842055469751,
  "surprise_std": 0.005613282788544893,
  "surprise_median": 6.935986220923951e-06,
  "surprise_max": 0.049088165163993835,
  "processed_frames": 79.0,
  "video_name": "1 (7).mp4"
}