{
  "facial_symmetry_mean": 0.9221959114074707,
  "facial_symmetry_std": 0.049446042627096176,
  "facial_symmetry_median": 0.92377108335495,
  "facial_symmetry_max": 0.9996042251586914,
  "face_width_height_ratio_mean": 0.6208438873291016,
  "face_width_height_ratio_std": 0.06823891401290894,
  "face_width_height_ratio_median": 0.6215248703956604,
  "face_width_height_ratio_max": 0.8946417570114136,
  "eye_spacing_ratio_mean": 0.6330756545066833,
  "eye_spacing_ratio_std": 0.024249136447906494,
  "eye_spacing_ratio_median": 0.6378385424613953,
  "eye_spacing_ratio_max": 0.6851593852043152,
  "jaw_ratio_mean": 0.7809410691261292,
  "jaw_ratio_std": 0.021159090101718903,
  "jaw_ratio_median": 0.7817733287811279,
  "jaw_ratio_max": 0.836348295211792,
  "smile_intensity_mean": 0.6703670024871826,
  "smile_intensity_std": 0.3163670003414154,
  "smile_intensity_median": 0.7627968788146973,
  "smile_intensity_max": 1.0,
  "eye_contact_mean": 0.972416341304779,
  "eye_contact_std": 0.022432705387473106,
  "eye_contact_median": 0.9754021167755127,
  "eye_contact_max": 0.9999722838401794,
  "eye_openness_mean": 0.7226874232292175,
  "eye_openness_std": 0.22265218198299408,
  "eye_openness_median": 0.6682983040809631,
  "eye_openness_max": 1.0,
  "gaze_stability_mean": 0.9922139644622803,
  "gaze_stability_std": 0.01062054093927145,
  "gaze_stability_median": 0.99578857421875,
  "gaze_stability_max": 1.0,
  "head_tilt_mean": 0.15873286128044128,
  "head_tilt_std": 0.12500794231891632,
  "head_tilt_median": 0.13641156256198883,
  "head_tilt_max": 0.6114864349365234,
  "expression_speed_mean": 0.21163055300712585,
  "expression_speed_std": 0.2312701940536499,
  "expression_speed_median": 0.1265801042318344,
  "expression_speed_max": 0.9943757653236389,
  "happy_mean": 0.31076470017433167,
  "happy_std": 0.4345639944076538,
  "happy_median": 0.006662524305284023,
  "happy_max": 1.0,
  "neutral_mean": 0.31263044476509094,
  "neutral_std": 0.40734797716140747,
  "neutral_median": 0.01586608961224556,
  "neutral_max": 0.9983108639717102,
  "surprise_mean": 0.06954263895750046,
  "surprise_std": 0.21899114549160004,
  "surprise_median": 6.7565256358648185e-06,
  "surprise_max": 0.9857335090637207,
  "processed_frames": 83.0,
  "video_name": "1 (8).mp4"
}