{
  "expression_speed_max": 0.8931231871247292,
  "expression_speed_mean": 0.17247059755027294,
  "expression_speed_median": 0.07921058079227805,
  "expression_speed_std": 0.2114137951284647,
  "eye_contact_max": 0.9994962215423584,
  "eye_contact_mean": 0.9660475328564644,
  "eye_contact_median": 0.9744382947683334,
  "eye_contact_std": 0.02908033551648259,
  "eye_openness_max": 1.0,
  "eye_openness_mean": 0.8641538470983505,
  "eye_openness_median": 0.952918566763401,
  "eye_openness_std": 0.20896132104098797,
  "eye_spacing_ratio_max": 0.7162002101540565,
  "eye_spacing_ratio_mean": 0.6464983075857162,
  "eye_spacing_ratio_median": 0.6458903178572655,
  "eye_spacing_ratio_std": 0.022883093333803117,
  "face_width_height_ratio_max": 1.0625660866498947,
  "face_width_height_ratio_mean": 0.868681512773037,
  "face_width_height_ratio_median": 0.8744414523243904,
  "face_width_height_ratio_std": 0.06798801897093654,
  "facial_symmetry_max": 0.9984132051467896,
  "facial_symmetry_mean": 0.8857554942369461,
  "facial_symmetry_median": 0.8971731960773468,
  "facial_symmetry_std": 0.08203461323864758,
  "gaze_stability_max": 1.0,
  "gaze_stability_mean": 0.9855854213237762,
  "gaze_stability_median": 0.9923976361751556,
  "gaze_stability_std": 0.020126350922510028,
  "happy_max": 0.9915542900562286,
  "happy_mean": 0.16316133458167315,
  "happy_median": 0.002073350064620172,
  "happy_std": 0.3108358755707741,
  "head_tilt_max": 0.6882254630327225,
  "head_tilt_mean": 0.20015829242765903,
  "head_tilt_median": 0.16872292011976242,
  "head_tilt_std": 0.14930563978850842,
  "jaw_ratio_max": 0.838235929608345,
  "jaw_ratio_mean": 0.7820465266704559,
  "jaw_ratio_median": 0.7818204462528229,
  "jaw_ratio_std": 0.01974542671814561,
  "neutral_max": 0.9954134672880173,
  "neutral_mean": 0.32139981910586357,
  "neutral_median": 0.1330219442024827,
  "neutral_std": 0.36960358917713165,
  "processed_frames": 130.375,
  "smile_intensity_max": 0.9024058356881142,
  "smile_intensity_mean": 0.2952263541519642,
  "smile_intensity_median": 0.2193541555898264,
  "smile_intensity_std": 0.26287560537457466,
  "surprise_max": 0.5178526933304965,
  "surprise_mean": 0.01947176395333372,
  "surprise_median": 7.849655923264365e-06,
  "surprise_std": 0.08022283925674856,
  "video_count": 8.0,
  "valid_video_count": 8.0,
  "valid_video_ratio": 1.0,
  "total_processed_frames": 1043.0,
  "avg_processed_frames": 130.375,
  "quality_score": 0.9476666666666667,
  "person_name": "Fukada Kyoko"
}