{
  "facial_symmetry_mean": 0.8557724952697754,
  "facial_symmetry_std": 0.08395595848560333,
  "facial_symmetry_median": 0.8951398134231567,
  "facial_symmetry_max": 0.9794734716415405,
  "face_width_height_ratio_mean": 1.366493582725525,
  "face_width_height_ratio_std": 0.09913188964128494,
  "face_width_height_ratio_median": 1.3872315883636475,
  "face_width_height_ratio_max": 1.5015348196029663,
  "eye_spacing_ratio_mean": 0.6677460670471191,
  "eye_spacing_ratio_std": 0.031307775527238846,
  "eye_spacing_ratio_median": 0.654790997505188,
  "eye_spacing_ratio_max": 0.7364856004714966,
  "jaw_ratio_mean": 0.7769078016281128,
  "jaw_ratio_std": 0.01349673792719841,
  "jaw_ratio_median": 0.7737877368927002,
  "jaw_ratio_max": 0.8036240339279175,
  "smile_intensity_mean": 0.11192870885133743,
  "smile_intensity_std": 0.14559558033943176,
  "smile_intensity_median": 0.016855750232934952,
  "smile_intensity_max": 0.4908076226711273,
  "eye_contact_mean": 0.9661281108856201,
  "eye_contact_std": 0.028553390875458717,
  "eye_contact_median": 0.9761432409286499,
  "eye_contact_max": 0.9998567700386047,
  "eye_openness_mean": 0.8511748909950256,
  "eye_openness_std": 0.14745193719863892,
  "eye_openness_median": 0.8554866313934326,
  "eye_openness_max": 1.0,
  "gaze_stability_mean": 0.9907797574996948,
  "gaze_stability_std": 0.01521553285419941,
  "gaze_stability_median": 0.9957206845283508,
  "gaze_stability_max": 1.0,
  "head_tilt_mean": 0.17253151535987854,
  "head_tilt_std": 0.08537744730710983,
  "head_tilt_median": 0.17495155334472656,
  "head_tilt_max": 0.3034155070781708,
  "expression_speed_mean": 0.06877763569355011,
  "expression_speed_std": 0.08541211485862732,
  "expression_speed_median": 0.032922036945819855,
  "expression_speed_max": 0.43843841552734375,
  "happy_mean": 0.12539342045783997,
  "happy_std": 0.2765819728374481,
  "happy_median": 3.141756678815e-05,
  "happy_max": 0.9999989867210388,
  "neutral_mean": 0.2467973679304123,
  "neutral_std": 0.32581692934036255,
  "neutral_median": 0.07614654302597046,
  "neutral_max": 0.9992014765739441,
  "surprise_mean": 0.010439291596412659,
  "surprise_std": 0.08269092440605164,
  "surprise_median": 2.4998330445669126e-06,
  "surprise_max": 0.9638484716415405,
  "processed_frames": 140.0,
  "video_name": "1.mp4"
}