{
  "facial_symmetry_mean": 0.9093844890594482,
  "facial_symmetry_std": 0.07210338860750198,
  "facial_symmetry_median": 0.9250814914703369,
  "facial_symmetry_max": 0.9993303418159485,
  "face_width_height_ratio_mean": 0.5628076791763306,
  "face_width_height_ratio_std": 0.043371908366680145,
  "face_width_height_ratio_median": 0.561353862285614,
  "face_width_height_ratio_max": 0.723580002784729,
  "eye_spacing_ratio_mean": 0.666566789150238,
  "eye_spacing_ratio_std": 0.03922834247350693,
  "eye_spacing_ratio_median": 0.659525990486145,
  "eye_spacing_ratio_max": 0.7677865028381348,
  "jaw_ratio_mean": 0.7764395475387573,
  "jaw_ratio_std": 0.01659983955323696,
  "jaw_ratio_median": 0.77596515417099,
  "jaw_ratio_max": 0.8400542140007019,
  "smile_intensity_mean": 0.2981763482093811,
  "smile_intensity_std": 0.3860889971256256,
  "smile_intensity_median": 0.033086806535720825,
  "smile_intensity_max": 1.0,
  "eye_contact_mean": 0.9783748388290405,
  "eye_contact_std": 0.025444485247135162,
  "eye_contact_median": 0.9894732236862183,
  "eye_contact_max": 0.9999827146530151,
  "eye_openness_mean": 0.9360747337341309,
  "eye_openness_std": 0.15613262355327606,
  "eye_openness_median": 1.0,
  "eye_openness_max": 1.0,
  "gaze_stability_mean": 0.9909887909889221,
  "gaze_stability_std": 0.015299541875720024,
  "gaze_stability_median": 0.9960923194885254,
  "gaze_stability_max": 1.0,
  "head_tilt_mean": 0.20537255704402924,
  "head_tilt_std": 0.26603132486343384,
  "head_tilt_median": 0.08273467421531677,
  "head_tilt_max": 1.0,
  "expression_speed_mean": 0.1551961451768875,
  "expression_speed_std": 0.23117658495903015,
  "expression_speed_median": 0.036112818866968155,
  "expression_speed_max": 1.0,
  "happy_mean": 0.022106831893324852,
  "happy_std": 0.09638826549053192,
  "happy_median": 0.00011742221977328882,
  "happy_max": 0.9193592071533203,
  "neutral_mean": 0.45804646611213684,
  "neutral_std": 0.4309873580932617,
  "neutral_median": 0.2933662533760071,
  "neutral_max": 0.9999998807907104,
  "surprise_mean": 0.007633890490978956,
  "surprise_std": 0.04717763885855675,
  "surprise_median": 7.985868819559983e-07,
  "surprise_max": 0.47005587816238403,
  "processed_frames": 197.0,
  "video_name": "3.mp4"
}