{
  "facial_symmetry_mean": 0.818607747554779,
  "facial_symmetry_std": 0.09454461187124252,
  "facial_symmetry_median": 0.7777283191680908,
  "facial_symmetry_max": 0.9948387145996094,
  "face_width_height_ratio_mean": 1.2457157373428345,
  "face_width_height_ratio_std": 0.2322278767824173,
  "face_width_height_ratio_median": 1.3931692838668823,
  "face_width_height_ratio_max": 1.549795389175415,
  "eye_spacing_ratio_mean": 0.6537659764289856,
  "eye_spacing_ratio_std": 0.040461111813783646,
  "eye_spacing_ratio_median": 0.6619937419891357,
  "eye_spacing_ratio_max": 0.7191707491874695,
  "jaw_ratio_mean": 0.7991401553153992,
  "jaw_ratio_std": 0.019373394548892975,
  "jaw_ratio_median": 0.7982401251792908,
  "jaw_ratio_max": 0.8302419185638428,
  "smile_intensity_mean": 0.09856405854225159,
  "smile_intensity_std": 0.12102315574884415,
  "smile_intensity_median": 0.030936796218156815,
  "smile_intensity_max": 0.38120943307876587,
  "eye_contact_mean": 0.9439990520477295,
  "eye_contact_std": 0.04336065053939819,
  "eye_contact_median": 0.957573652267456,
  "eye_contact_max": 0.9993727207183838,
  "eye_openness_mean": 0.6879889369010925,
  "eye_openness_std": 0.22148177027702332,
  "eye_openness_median": 0.6599709987640381,
  "eye_openness_max": 1.0,
  "gaze_stability_mean": 0.9871599078178406,
  "gaze_stability_std": 0.018526313826441765,
  "gaze_stability_median": 0.9922539591789246,
  "gaze_stability_max": 1.0,
  "head_tilt_mean": 0.14100274443626404,
  "head_tilt_std": 0.08379557728767395,
  "head_tilt_median": 0.1435387134552002,
  "head_tilt_max": 0.2823077142238617,
  "expression_speed_mean": 0.14572519063949585,
  "expression_speed_std": 0.17545586824417114,
  "expression_speed_median": 0.07158642262220383,
  "expression_speed_max": 0.8681560754776001,
  "happy_mean": 0.05947992578148842,
  "happy_std": 0.1901557892560959,
  "happy_median": 3.367761382833123e-05,
  "happy_max": 0.9854398965835571,
  "neutral_mean": 0.13927225768566132,
  "neutral_std": 0.22764427959918976,
  "neutral_median": 0.012880672700703144,
  "neutral_max": 0.9351280331611633,
  "surprise_mean": 0.0004643221036531031,
  "surprise_std": 0.0016894062282517552,
  "surprise_median": 3.580475720355025e-07,
  "surprise_max": 0.012226521037518978,
  "processed_frames": 63.0,
  "video_name": "4.mp4"
}