{
  "facial_symmetry_mean": 0.807054877281189,
  "facial_symmetry_std": 0.12759895622730255,
  "facial_symmetry_median": 0.799532413482666,
  "facial_symmetry_max": 0.9996376633644104,
  "face_width_height_ratio_mean": 1.3646916151046753,
  "face_width_height_ratio_std": 0.24635154008865356,
  "face_width_height_ratio_median": 1.4336094856262207,
  "face_width_height_ratio_max": 1.9060996770858765,
  "eye_spacing_ratio_mean": 0.6597573757171631,
  "eye_spacing_ratio_std": 0.03188905119895935,
  "eye_spacing_ratio_median": 0.6483523845672607,
  "eye_spacing_ratio_max": 0.7395241856575012,
  "jaw_ratio_mean": 0.7884184122085571,
  "jaw_ratio_std": 0.029698392376303673,
  "jaw_ratio_median": 0.7807431221008301,
  "jaw_ratio_max": 0.9061903953552246,
  "smile_intensity_mean": 0.19367118179798126,
  "smile_intensity_std": 0.2522551715373993,
  "smile_intensity_median": 0.08135883510112762,
  "smile_intensity_max": 1.0,
  "eye_contact_mean": 0.9636077880859375,
  "eye_contact_std": 0.03296765685081482,
  "eye_contact_median": 0.9725980758666992,
  "eye_contact_max": 0.9994347095489502,
  "eye_openness_mean": 0.7913632392883301,
  "eye_openness_std": 0.23547832667827606,
  "eye_openness_median": 0.8990275859832764,
  "eye_openness_max": 1.0,
  "gaze_stability_mean": 0.9828752279281616,
  "gaze_stability_std": 0.022129381075501442,
  "gaze_stability_median": 0.9911849498748779,
  "gaze_stability_max": 1.0,
  "head_tilt_mean": 0.1319618970155716,
  "head_tilt_std": 0.1478259265422821,
  "head_tilt_median": 0.07346674799919128,
  "head_tilt_max": 0.6021714210510254,
  "expression_speed_mean": 0.15529820322990417,
  "expression_speed_std": 0.1974923014640808,
  "expression_speed_median": 0.070151187479496,
  "expression_speed_max": 1.0,
  "happy_mean": 0.06931807845830917,
  "happy_std": 0.21306857466697693,
  "happy_median": 0.00010999834921676666,
  "happy_max": 0.9805643558502197,
  "neutral_mean": 0.37608855962753296,
  "neutral_std": 0.38488298654556274,
  "neutral_median": 0.18475648760795593,
  "neutral_max": 0.9997037649154663,
  "surprise_mean": 0.03957764804363251,
  "surprise_std": 0.14985349774360657,
  "surprise_median": 8.932170203479473e-06,
  "surprise_max": 0.8812627196311951,
  "processed_frames": 102.0,
  "video_name": "5.mp4"
}