{
  "expression_speed_max": 0.7489866852760315,
  "expression_speed_mean": 0.11344305947422981,
  "expression_speed_median": 0.04644614011049271,
  "expression_speed_std": 0.14974104464054108,
  "eye_contact_max": 0.9996871709823608,
  "eye_contact_mean": 0.9608898401260376,
  "eye_contact_median": 0.9688018321990967,
  "eye_contact_std": 0.03046487532556057,
  "eye_openness_max": 1.0,
  "eye_openness_mean": 0.8525133490562439,
  "eye_openness_median": 0.8828970432281494,
  "eye_openness_std": 0.1567562635987997,
  "eye_spacing_ratio_max": 0.7428677916526795,
  "eye_spacing_ratio_mean": 0.658193027973175,
  "eye_spacing_ratio_median": 0.6530737400054931,
  "eye_spacing_ratio_std": 0.03244105689227581,
  "face_width_height_ratio_max": 1.438855028152466,
  "face_width_height_ratio_mean": 1.1873010635375976,
  "face_width_height_ratio_median": 1.2358169198036193,
  "face_width_height_ratio_std": 0.13138528764247895,
  "facial_symmetry_max": 0.9856160521507263,
  "facial_symmetry_mean": 0.7996289372444153,
  "facial_symmetry_median": 0.8018600940704346,
  "facial_symmetry_std": 0.09118902087211608,
  "gaze_stability_max": 1.0,
  "gaze_stability_mean": 0.9887010097503662,
  "gaze_stability_median": 0.993897533416748,
  "gaze_stability_std": 0.017114192806184293,
  "happy_max": 0.8071061164140702,
  "happy_mean": 0.058059163950383665,
  "happy_median": 0.001396605445916066,
  "happy_std": 0.16011176034808158,
  "head_tilt_max": 0.472166907787323,
  "head_tilt_mean": 0.1591589480638504,
  "head_tilt_median": 0.12296216189861298,
  "head_tilt_std": 0.12005322426557541,
  "jaw_ratio_max": 0.8353317260742188,
  "jaw_ratio_mean": 0.7846750259399414,
  "jaw_ratio_median": 0.7822577238082886,
  "jaw_ratio_std": 0.017386731598526238,
  "neutral_max": 0.9868051171302795,
  "neutral_mean": 0.2814449518918991,
  "neutral_median": 0.12225617114454508,
  "neutral_std": 0.3324176996946335,
  "processed_frames": 114.0,
  "smile_intensity_max": 0.6396427810192108,
  "smile_intensity_mean": 0.17046699970960616,
  "smile_intensity_median": 0.06240863353013992,
  "smile_intensity_std": 0.201010362803936,
  "surprise_max": 0.6165057061240077,
  "surprise_mean": 0.06638287856476381,
  "surprise_median": 0.04772985818736401,
  "surprise_std": 0.10966153109911829,
  "video_count": 5.0,
  "valid_video_count": 5.0,
  "valid_video_ratio": 1.0,
  "total_processed_frames": 570.0,
  "avg_processed_frames": 114.0,
  "quality_score": 0.904,
  "person_name": "Diệp Toàn Chân"
}