{
  "facial_symmetry_mean": 0.9344633221626282,
  "facial_symmetry_std": 0.06170706823468208,
  "facial_symmetry_median": 0.9493038058280945,
  "facial_symmetry_max": 0.9998605251312256,
  "face_width_height_ratio_mean": 0.6116934418678284,
  "face_width_height_ratio_std": 0.038408879190683365,
  "face_width_height_ratio_median": 0.6059341430664062,
  "face_width_height_ratio_max": 0.7449706196784973,
  "eye_spacing_ratio_mean": 0.6701049208641052,
  "eye_spacing_ratio_std": 0.03080630488693714,
  "eye_spacing_ratio_median": 0.6708616018295288,
  "eye_spacing_ratio_max": 0.7301278114318848,
  "jaw_ratio_mean": 0.802998423576355,
  "jaw_ratio_std": 0.02236645668745041,
  "jaw_ratio_median": 0.808964729309082,
  "jaw_ratio_max": 0.8345755934715271,
  "smile_intensity_mean": 0.20536667108535767,
  "smile_intensity_std": 0.30061349272727966,
  "smile_intensity_median": 0.022297939285635948,
  "smile_intensity_max": 0.8554514646530151,
  "eye_contact_mean": 0.9703766107559204,
  "eye_contact_std": 0.023114372044801712,
  "eye_contact_median": 0.9707712531089783,
  "eye_contact_max": 0.9985872507095337,
  "eye_openness_mean": 0.8560237884521484,
  "eye_openness_std": 0.3062584102153778,
  "eye_openness_median": 1.0,
  "eye_openness_max": 1.0,
  "gaze_stability_mean": 0.9945407509803772,
  "gaze_stability_std": 0.011449853889644146,
  "gaze_stability_median": 0.9979890584945679,
  "gaze_stability_max": 1.0,
  "head_tilt_mean": 0.11903370171785355,
  "head_tilt_std": 0.07662421464920044,
  "head_tilt_median": 0.09852230548858643,
  "head_tilt_max": 0.2552145719528198,
  "expression_speed_mean": 0.09313224256038666,
  "expression_speed_std": 0.18125304579734802,
  "expression_speed_median": 0.019019313156604767,
  "expression_speed_max": 0.7514857649803162,
  "happy_mean": 0.18292836844921112,
  "happy_std": 0.34834155440330505,
  "happy_median": 0.001090257428586483,
  "happy_max": 0.9986066222190857,
  "neutral_mean": 0.34946128726005554,
  "neutral_std": 0.3774584233760834,
  "neutral_median": 0.16364404559135437,
  "neutral_max": 0.9999967217445374,
  "surprise_mean": 0.045184992253780365,
  "surprise_std": 0.16930533945560455,
  "surprise_median": 8.640825399197638e-06,
  "surprise_max": 0.9827277660369873,
  "processed_frames": 79.0,
  "video_name": "1.mp4"
}