{
  "facial_symmetry_mean": 0.8759386539459229,
  "facial_symmetry_std": 0.10311640799045563,
  "facial_symmetry_median": 0.8854702711105347,
  "facial_symmetry_max": 0.9996846318244934,
  "face_width_height_ratio_mean": 1.0211163759231567,
  "face_width_height_ratio_std": 0.1768023669719696,
  "face_width_height_ratio_median": 1.0989384651184082,
  "face_width_height_ratio_max": 1.2567373514175415,
  "eye_spacing_ratio_mean": 0.6749190092086792,
  "eye_spacing_ratio_std": 0.01895201951265335,
  "eye_spacing_ratio_median": 0.6754364967346191,
  "eye_spacing_ratio_max": 0.734433650970459,
  "jaw_ratio_mean": 0.7499217391014099,
  "jaw_ratio_std": 0.01870468445122242,
  "jaw_ratio_median": 0.7514734864234924,
  "jaw_ratio_max": 0.8115229606628418,
  "smile_intensity_mean": 0.05270852521061897,
  "smile_intensity_std": 0.08505024760961533,
  "smile_intensity_median": 0.02010500244796276,
  "smile_intensity_max": 0.5026713609695435,
  "eye_contact_mean": 0.972801923751831,
  "eye_contact_std": 0.03203269839286804,
  "eye_contact_median": 0.9747165441513062,
  "eye_contact_max": 0.9994261860847473,
  "eye_openness_mean": 0.7562535405158997,
  "eye_openness_std": 0.18061557412147522,
  "eye_openness_median": 0.731235682964325,
  "eye_openness_max": 1.0,
  "gaze_stability_mean": 0.9878267049789429,
  "gaze_stability_std": 0.041081130504608154,
  "gaze_stability_median": 0.9967446327209473,
  "gaze_stability_max": 1.0,
  "head_tilt_mean": 0.30823516845703125,
  "head_tilt_std": 0.39194604754447937,
  "head_tilt_median": 0.11230938136577606,
  "head_tilt_max": 1.0,
  "expression_speed_mean": 0.06755427271127701,
  "expression_speed_std": 0.11325956881046295,
  "expression_speed_median": 0.03064357303082943,
  "expression_speed_max": 0.6394866108894348,
  "happy_mean": 0.09549026936292648,
  "happy_std": 0.2571756839752197,
  "happy_median": 0.0001728611532598734,
  "happy_max": 0.9999781250953674,
  "neutral_mean": 0.33210721611976624,
  "neutral_std": 0.40116000175476074,
  "neutral_median": 0.05543310195207596,
  "neutral_max": 0.9939662218093872,
  "surprise_mean": 0.011216875165700912,
  "surprise_std": 0.07256805151700974,
  "surprise_median": 5.970895290374756e-05,
  "surprise_max": 0.6610649228096008,
  "processed_frames": 126.0,
  "video_name": "4.mp4"
}