{
  "facial_symmetry_mean": 0.7956517934799194,
  "facial_symmetry_std": 0.12140374630689621,
  "facial_symmetry_median": 0.7811108827590942,
  "facial_symmetry_max": 0.9975634813308716,
  "face_width_height_ratio_mean": 0.9498494863510132,
  "face_width_height_ratio_std": 0.21146203577518463,
  "face_width_height_ratio_median": 1.0667808055877686,
  "face_width_height_ratio_max": 1.2422536611557007,
  "eye_spacing_ratio_mean": 0.6631803512573242,
  "eye_spacing_ratio_std": 0.05270291864871979,
  "eye_spacing_ratio_median": 0.6874368190765381,
  "eye_spacing_ratio_max": 0.7427205443382263,
  "jaw_ratio_mean": 0.748449444770813,
  "jaw_ratio_std": 0.02271176502108574,
  "jaw_ratio_median": 0.7496511340141296,
  "jaw_ratio_max": 0.81309574842453,
  "smile_intensity_mean": 0.08707159012556076,
  "smile_intensity_std": 0.1490921676158905,
  "smile_intensity_median": 0.02372800000011921,
  "smile_intensity_max": 0.8662931323051453,
  "eye_contact_mean": 0.9405990242958069,
  "eye_contact_std": 0.05579110234975815,
  "eye_contact_median": 0.9570087790489197,
  "eye_contact_max": 0.9996969103813171,
  "eye_openness_mean": 0.7477796673774719,
  "eye_openness_std": 0.336347758769989,
  "eye_openness_median": 1.0,
  "eye_openness_max": 1.0,
  "gaze_stability_mean": 0.9740050435066223,
  "gaze_stability_std": 0.04920070245862007,
  "gaze_stability_median": 0.9906514286994934,
  "gaze_stability_max": 1.0,
  "head_tilt_mean": 0.18972007930278778,
  "head_tilt_std": 0.13407543301582336,
  "head_tilt_median": 0.15546344220638275,
  "head_tilt_max": 0.4903610944747925,
  "expression_speed_mean": 0.13912399113178253,
  "expression_speed_std": 0.20067186653614044,
  "expression_speed_median": 0.060025349259376526,
  "expression_speed_max": 1.0,
  "happy_mean": 0.36125120520591736,
  "happy_std": 0.38257211446762085,
  "happy_median": 0.20182964205741882,
  "happy_max": 0.9999985098838806,
  "neutral_mean": 0.2423206865787506,
  "neutral_std": 0.3374890387058258,
  "neutral_median": 0.03915823996067047,
  "neutral_max": 0.990430474281311,
  "surprise_mean": 0.07698472589254379,
  "surprise_std": 0.19517695903778076,
  "surprise_median": 0.0009618237381801009,
  "surprise_max": 0.9718948006629944,
  "processed_frames": 82.0,
  "video_name": "5.mp4"
}