{
  "facial_symmetry_mean": 0.9203002452850342,
  "facial_symmetry_std": 0.07262427359819412,
  "facial_symmetry_median": 0.9510130286216736,
  "facial_symmetry_max": 0.9975637793540955,
  "face_width_height_ratio_mean": 0.4749281108379364,
  "face_width_height_ratio_std": 0.06427965313196182,
  "face_width_height_ratio_median": 0.46659886837005615,
  "face_width_height_ratio_max": 1.0063347816467285,
  "eye_spacing_ratio_mean": 0.6708124876022339,
  "eye_spacing_ratio_std": 0.024391407147049904,
  "eye_spacing_ratio_median": 0.6765331029891968,
  "eye_spacing_ratio_max": 0.725656270980835,
  "jaw_ratio_mean": 0.7814868092536926,
  "jaw_ratio_std": 0.02733071893453598,
  "jaw_ratio_median": 0.7844239473342896,
  "jaw_ratio_max": 0.8597908616065979,
  "smile_intensity_mean": 0.4504519999027252,
  "smile_intensity_std": 0.37378421425819397,
  "smile_intensity_median": 0.5330154299736023,
  "smile_intensity_max": 1.0,
  "eye_contact_mean": 0.9688403010368347,
  "eye_contact_std": 0.029918819665908813,
  "eye_contact_median": 0.9782806634902954,
  "eye_contact_max": 0.9992308616638184,
  "eye_openness_mean": 0.9404040575027466,
  "eye_openness_std": 0.1221063956618309,
  "eye_openness_median": 1.0,
  "eye_openness_max": 1.0,
  "gaze_stability_mean": 0.9885361194610596,
  "gaze_stability_std": 0.022168895229697227,
  "gaze_stability_median": 0.9960765838623047,
  "gaze_stability_max": 1.0,
  "head_tilt_mean": 0.200418159365654,
  "head_tilt_std": 0.22820331156253815,
  "head_tilt_median": 0.17206266522407532,
  "head_tilt_max": 1.0,
  "expression_speed_mean": 0.18792091310024261,
  "expression_speed_std": 0.2400389462709427,
  "expression_speed_median": 0.07746157050132751,
  "expression_speed_max": 1.0,
  "happy_mean": 0.315070778131485,
  "happy_std": 0.41410425305366516,
  "happy_median": 0.006925493478775024,
  "happy_max": 0.9999533891677856,
  "neutral_mean": 0.3784298002719879,
  "neutral_std": 0.39694544672966003,
  "neutral_median": 0.17811371386051178,
  "neutral_max": 0.9996888637542725,
  "surprise_mean": 0.012408098205924034,
  "surprise_std": 0.04278888925909996,
  "surprise_median": 0.00011382105003576726,
  "surprise_max": 0.2796837091445923,
  "processed_frames": 118.0,
  "video_name": "7.mp4"
}