{
  "expression_speed_max": 0.7657253555953503,
  "expression_speed_mean": 0.1246107341721654,
  "expression_speed_median": 0.05980083090253174,
  "expression_speed_std": 0.16361405421048403,
  "eye_contact_max": 0.9993927553296089,
  "eye_contact_mean": 0.9611540213227272,
  "eye_contact_median": 0.9733464866876602,
  "eye_contact_std": 0.04072522511705756,
  "eye_openness_max": 0.9979065135121346,
  "eye_openness_mean": 0.8000241219997406,
  "eye_openness_median": 0.8813770189881325,
  "eye_openness_std": 0.18542918004095554,
  "eye_spacing_ratio_max": 0.7355788126587868,
  "eye_spacing_ratio_mean": 0.6696355864405632,
  "eye_spacing_ratio_median": 0.6757746785879135,
  "eye_spacing_ratio_std": 0.03325121873058379,
  "face_width_height_ratio_max": 1.1832360699772835,
  "face_width_height_ratio_mean": 0.9300469048321247,
  "face_width_height_ratio_median": 0.9722356796264648,
  "face_width_height_ratio_std": 0.12919159280136228,
  "facial_symmetry_max": 0.987517848610878,
  "facial_symmetry_mean": 0.8570484593510628,
  "facial_symmetry_median": 0.8647683560848236,
  "facial_symmetry_std": 0.08538143755868077,
  "gaze_stability_max": 1.0,
  "gaze_stability_mean": 0.9848373085260391,
  "gaze_stability_median": 0.9932597503066063,
  "gaze_stability_std": 0.028013481060042977,
  "happy_max": 0.9972121715545654,
  "happy_mean": 0.22575354669243097,
  "happy_median": 0.046752957299759146,
  "happy_std": 0.3309392314404249,
  "head_tilt_max": 0.5548980422317982,
  "head_tilt_mean": 0.17492864280939102,
  "head_tilt_median": 0.12374879792332649,
  "head_tilt_std": 0.16187667194753885,
  "jaw_ratio_max": 0.8363238498568535,
  "jaw_ratio_mean": 0.7743849754333496,
  "jaw_ratio_median": 0.7743846774101257,
  "jaw_ratio_std": 0.02218414982780814,
  "neutral_max": 0.9971200376749039,
  "neutral_mean": 0.3509603701531887,
  "neutral_median": 0.1486555770970881,
  "neutral_std": 0.3872782625257969,
  "processed_frames": 89.25,
  "smile_intensity_max": 0.6659417133778334,
  "smile_intensity_mean": 0.14800633559934795,
  "smile_intensity_median": 0.10582536249421537,
  "smile_intensity_std": 0.17385963373817503,
  "surprise_max": 0.6181031060114037,
  "surprise_mean": 0.03276693653788243,
  "surprise_median": 0.0001631657344098869,
  "surprise_std": 0.10670941149146529,
  "video_count": 8.0,
  "valid_video_count": 8.0,
  "valid_video_ratio": 1.0,
  "total_processed_frames": 714.0,
  "avg_processed_frames": 89.25,
  "quality_score": 0.838,
  "person_name": "Đại Lộ Oa"
}