{
  "facial_symmetry_mean": 0.799335241317749,
  "facial_symmetry_std": 0.09451742470264435,
  "facial_symmetry_median": 0.8664221167564392,
  "facial_symmetry_max": 0.9011421799659729,
  "face_width_height_ratio_mean": 1.2589001655578613,
  "face_width_height_ratio_std": 0.08599735051393509,
  "face_width_height_ratio_median": 1.3034570217132568,
  "face_width_height_ratio_max": 1.3972532749176025,
  "eye_spacing_ratio_mean": 0.6396998167037964,
  "eye_spacing_ratio_std": 0.022093813866376877,
  "eye_spacing_ratio_median": 0.647889256477356,
  "eye_spacing_ratio_max": 0.6760627627372742,
  "jaw_ratio_mean": 0.783158540725708,
  "jaw_ratio_std": 0.010056568309664726,
  "jaw_ratio_median": 0.7839640378952026,
  "jaw_ratio_max": 0.8161217570304871,
  "smile_intensity_mean": 0.05835648253560066,
  "smile_intensity_std": 0.07798485457897186,
  "smile_intensity_median": 0.03908499330282211,
  "smile_intensity_max": 0.7101349830627441,
  "eye_contact_mean": 0.9814530611038208,
  "eye_contact_std": 0.02066265605390072,
  "eye_contact_median": 0.9915364980697632,
  "eye_contact_max": 0.9990903735160828,
  "eye_openness_mean": 0.5956787467002869,
  "eye_openness_std": 0.19939136505126953,
  "eye_openness_median": 0.46872395277023315,
  "eye_openness_max": 1.0,
  "gaze_stability_mean": 0.9917460083961487,
  "gaze_stability_std": 0.01470739021897316,
  "gaze_stability_median": 0.9978396892547607,
  "gaze_stability_max": 1.0,
  "head_tilt_mean": 0.11080091446638107,
  "head_tilt_std": 0.05074188485741615,
  "head_tilt_median": 0.0880059227347374,
  "head_tilt_max": 0.291224867105484,
  "expression_speed_mean": 0.06270686537027359,
  "expression_speed_std": 0.1102033257484436,
  "expression_speed_median": 0.0180770643055439,
  "expression_speed_max": 0.5561902523040771,
  "happy_mean": 0.3659232556819916,
  "happy_std": 0.3842867612838745,
  "happy_median": 0.24835920333862305,
  "happy_max": 0.9961768388748169,
  "neutral_mean": 0.274958074092865,
  "neutral_std": 0.32635506987571716,
  "neutral_median": 0.1278073489665985,
  "neutral_max": 0.996220052242279,
  "surprise_mean": 0.008069914765655994,
  "surprise_std": 0.02608804777264595,
  "surprise_median": 2.32570237130858e-05,
  "surprise_max": 0.1722884327173233,
  "processed_frames": 120.0,
  "video_name": "2.mp4"
}