{
  "facial_symmetry_mean": 0.9042277932167053,
  "facial_symmetry_std": 0.05149723216891289,
  "facial_symmetry_median": 0.9104981422424316,
  "facial_symmetry_max": 0.9986761808395386,
  "face_width_height_ratio_mean": 1.1345007419586182,
  "face_width_height_ratio_std": 0.09025058150291443,
  "face_width_height_ratio_median": 1.1187931299209595,
  "face_width_height_ratio_max": 1.345618486404419,
  "eye_spacing_ratio_mean": 0.7102929353713989,
  "eye_spacing_ratio_std": 0.026798488572239876,
  "eye_spacing_ratio_median": 0.7167612910270691,
  "eye_spacing_ratio_max": 0.7648764848709106,
  "jaw_ratio_mean": 0.7710883021354675,
  "jaw_ratio_std": 0.02864106558263302,
  "jaw_ratio_median": 0.766689121723175,
  "jaw_ratio_max": 0.8659383654594421,
  "smile_intensity_mean": 0.07865477353334427,
  "smile_intensity_std": 0.07988613098859787,
  "smile_intensity_median": 0.04240771755576134,
  "smile_intensity_max": 0.3729584515094757,
  "eye_contact_mean": 0.9617385864257812,
  "eye_contact_std": 0.02520507574081421,
  "eye_contact_median": 0.9689542055130005,
  "eye_contact_max": 0.9936980605125427,
  "eye_openness_mean": 0.6823909878730774,
  "eye_openness_std": 0.2962256073951721,
  "eye_openness_median": 0.8340792059898376,
  "eye_openness_max": 1.0,
  "gaze_stability_mean": 0.9884131550788879,
  "gaze_stability_std": 0.014872812665998936,
  "gaze_stability_median": 0.9939790368080139,
  "gaze_stability_max": 1.0,
  "head_tilt_mean": 0.14233088493347168,
  "head_tilt_std": 0.10530854016542435,
  "head_tilt_median": 0.14635160565376282,
  "head_tilt_max": 0.49507081508636475,
  "expression_speed_mean": 0.130892813205719,
  "expression_speed_std": 0.164629265666008,
  "expression_speed_median": 0.053732190281152725,
  "expression_speed_max": 0.6165980100631714,
  "happy_mean": 0.032886333763599396,
  "happy_std": 0.08396778255701065,
  "happy_median": 2.9969880415592343e-05,
  "happy_max": 0.3971441984176636,
  "neutral_mean": 0.2328697293996811,
  "neutral_std": 0.33497893810272217,
  "neutral_median": 0.005136364605277777,
  "neutral_max": 0.9836438298225403,
  "surprise_mean": 0.05742872878909111,
  "surprise_std": 0.17748701572418213,
  "surprise_median": 3.697245574585395e-06,
  "surprise_max": 0.8879639506340027,
  "processed_frames": 53.0,
  "video_name": "3.mp4"
}