{
  "facial_symmetry_mean": 0.8646301627159119,
  "facial_symmetry_std": 0.06309719383716583,
  "facial_symmetry_median": 0.8494819402694702,
  "facial_symmetry_max": 0.9994540214538574,
  "face_width_height_ratio_mean": 0.8054800629615784,
  "face_width_height_ratio_std": 0.09264013171195984,
  "face_width_height_ratio_median": 0.8213000297546387,
  "face_width_height_ratio_max": 1.0032151937484741,
  "eye_spacing_ratio_mean": 0.6423363089561462,
  "eye_spacing_ratio_std": 0.03271518275141716,
  "eye_spacing_ratio_median": 0.6447751522064209,
  "eye_spacing_ratio_max": 0.7165711522102356,
  "jaw_ratio_mean": 0.7932000160217285,
  "jaw_ratio_std": 0.01986922323703766,
  "jaw_ratio_median": 0.7946624755859375,
  "jaw_ratio_max": 0.8504959344863892,
  "smile_intensity_mean": 0.38631191849708557,
  "smile_intensity_std": 0.30157670378685,
  "smile_intensity_median": 0.4096081256866455,
  "smile_intensity_max": 1.0,
  "eye_contact_mean": 0.9542973041534424,
  "eye_contact_std": 0.03017515502870083,
  "eye_contact_median": 0.9590185880661011,
  "eye_contact_max": 0.9994680285453796,
  "eye_openness_mean": 0.5647047758102417,
  "eye_openness_std": 0.21622838079929352,
  "eye_openness_median": 0.5954726934432983,
  "eye_openness_max": 1.0,
  "gaze_stability_mean": 0.9799337983131409,
  "gaze_stability_std": 0.018326975405216217,
  "gaze_stability_median": 0.9861810207366943,
  "gaze_stability_max": 1.0,
  "head_tilt_mean": 0.08841496706008911,
  "head_tilt_std": 0.07204049080610275,
  "head_tilt_median": 0.0625171884894371,
  "head_tilt_max": 0.2600550055503845,
  "expression_speed_mean": 0.21830593049526215,
  "expression_speed_std": 0.18928052484989166,
  "expression_speed_median": 0.16112354397773743,
  "expression_speed_max": 0.8753507137298584,
  "happy_mean": 0.09850163757801056,
  "happy_std": 0.25317811965942383,
  "happy_median": 0.00013893263530917466,
  "happy_max": 0.9999149441719055,
  "neutral_mean": 0.3830171227455139,
  "neutral_std": 0.42151010036468506,
  "neutral_median": 0.10159409046173096,
  "neutral_max": 0.9999931454658508,
  "surprise_mean": 0.05416082590818405,
  "surprise_std": 0.20254364609718323,
  "surprise_median": 1.0947037480946165e-06,
  "surprise_max": 0.9959180951118469,
  "processed_frames": 126.0,
  "video_name": "1 (3).mp4"
}