{
  "facial_symmetry_mean": 0.9023024439811707,
  "facial_symmetry_std": 0.09193398803472519,
  "facial_symmetry_median": 0.9376521706581116,
  "facial_symmetry_max": 0.9999637603759766,
  "face_width_height_ratio_mean": 1.0758566856384277,
  "face_width_height_ratio_std": 0.07481520622968674,
  "face_width_height_ratio_median": 1.0906448364257812,
  "face_width_height_ratio_max": 1.1848698854446411,
  "eye_spacing_ratio_mean": 0.6714698076248169,
  "eye_spacing_ratio_std": 0.020939920097589493,
  "eye_spacing_ratio_median": 0.6692290306091309,
  "eye_spacing_ratio_max": 0.7245849370956421,
  "jaw_ratio_mean": 0.7810604572296143,
  "jaw_ratio_std": 0.02255259081721306,
  "jaw_ratio_median": 0.7781712412834167,
  "jaw_ratio_max": 0.8703022599220276,
  "smile_intensity_mean": 0.12258496880531311,
  "smile_intensity_std": 0.18849016726016998,
  "smile_intensity_median": 0.043027330189943314,
  "smile_intensity_max": 1.0,
  "eye_contact_mean": 0.9666231870651245,
  "eye_contact_std": 0.028985977172851562,
  "eye_contact_median": 0.9749375581741333,
  "eye_contact_max": 0.9986292123794556,
  "eye_openness_mean": 0.7416442036628723,
  "eye_openness_std": 0.2787657678127289,
  "eye_openness_median": 0.8581646680831909,
  "eye_openness_max": 1.0,
  "gaze_stability_mean": 0.9839723110198975,
  "gaze_stability_std": 0.01890605315566063,
  "gaze_stability_median": 0.992101788520813,
  "gaze_stability_max": 1.0,
  "head_tilt_mean": 0.07702711969614029,
  "head_tilt_std": 0.06748438626527786,
  "head_tilt_median": 0.07499098777770996,
  "head_tilt_max": 0.2495182305574417,
  "expression_speed_mean": 0.17566704750061035,
  "expression_speed_std": 0.2064824253320694,
  "expression_speed_median": 0.09086185693740845,
  "expression_speed_max": 0.9700238108634949,
  "happy_mean": 0.07895667105913162,
  "happy_std": 0.24727962911128998,
  "happy_median": 6.820015187258832e-06,
  "happy_max": 0.9996275305747986,
  "neutral_mean": 0.22426973283290863,
  "neutral_std": 0.33918535709381104,
  "neutral_median": 0.03501439094543457,
  "neutral_max": 0.9999905824661255,
  "surprise_mean": 0.0026248740032315254,
  "surprise_std": 0.011776003986597061,
  "surprise_median": 8.451592314884238e-09,
  "surprise_max": 0.0898057296872139,
  "processed_frames": 95.0,
  "video_name": "1 (4).mp4"
}