{
  "facial_symmetry_mean": 0.9359925985336304,
  "facial_symmetry_std": 0.06063324213027954,
  "facial_symmetry_median": 0.9540728330612183,
  "facial_symmetry_max": 0.998248279094696,
  "face_width_height_ratio_mean": 0.6230435967445374,
  "face_width_height_ratio_std": 0.0587143711745739,
  "face_width_height_ratio_median": 0.6335855722427368,
  "face_width_height_ratio_max": 0.7445183992385864,
  "eye_spacing_ratio_mean": 0.636495053768158,
  "eye_spacing_ratio_std": 0.03333475813269615,
  "eye_spacing_ratio_median": 0.6379051208496094,
  "eye_spacing_ratio_max": 0.7202795743942261,
  "jaw_ratio_mean": 0.7726148962974548,
  "jaw_ratio_std": 0.025093620643019676,
  "jaw_ratio_median": 0.7719014286994934,
  "jaw_ratio_max": 0.845384955406189,
  "smile_intensity_mean": 0.09176561236381531,
  "smile_intensity_std": 0.15210959315299988,
  "smile_intensity_median": 0.03681933879852295,
  "smile_intensity_max": 1.0,
  "eye_contact_mean": 0.9829784631729126,
  "eye_contact_std": 0.017609205096960068,
  "eye_contact_median": 0.9903742671012878,
  "eye_contact_max": 0.999849259853363,
  "eye_openness_mean": 0.7751531004905701,
  "eye_openness_std": 0.2541440725326538,
  "eye_openness_median": 0.9496632814407349,
  "eye_openness_max": 1.0,
  "gaze_stability_mean": 0.9880542159080505,
  "gaze_stability_std": 0.012465372681617737,
  "gaze_stability_median": 0.991425096988678,
  "gaze_stability_max": 1.0,
  "head_tilt_mean": 0.09209457039833069,
  "head_tilt_std": 0.0901264175772667,
  "head_tilt_median": 0.052779167890548706,
  "head_tilt_max": 0.3502701222896576,
  "expression_speed_mean": 0.23244743049144745,
  "expression_speed_std": 0.20069094002246857,
  "expression_speed_median": 0.173171728849411,
  "expression_speed_max": 0.7590447068214417,
  "happy_mean": 0.23489078879356384,
  "happy_std": 0.3776738941669464,
  "happy_median": 0.0030656217131763697,
  "happy_max": 0.9999285936355591,
  "neutral_mean": 0.1726950705051422,
  "neutral_std": 0.3147667646408081,
  "neutral_median": 0.0067345574498176575,
  "neutral_max": 0.9994519948959351,
  "surprise_mean": 0.012312298640608788,
  "surprise_std": 0.06371291726827621,
  "surprise_median": 2.154904308326877e-07,
  "surprise_max": 0.49243590235710144,
  "processed_frames": 88.0,
  "video_name": "1 (5).mp4"
}