{
  "facial_symmetry_mean": 0.8295091390609741,
  "facial_symmetry_std": 0.15421922504901886,
  "facial_symmetry_median": 0.8729643821716309,
  "facial_symmetry_max": 0.9990140795707703,
  "face_width_height_ratio_mean": 1.4176923036575317,
  "face_width_height_ratio_std": 0.15558354556560516,
  "face_width_height_ratio_median": 1.440648078918457,
  "face_width_height_ratio_max": 1.7352970838546753,
  "eye_spacing_ratio_mean": 0.6659939885139465,
  "eye_spacing_ratio_std": 0.04802558943629265,
  "eye_spacing_ratio_median": 0.6743090748786926,
  "eye_spacing_ratio_max": 0.7516099214553833,
  "jaw_ratio_mean": 0.77874356508255,
  "jaw_ratio_std": 0.022601692005991936,
  "jaw_ratio_median": 0.7748808264732361,
  "jaw_ratio_max": 0.837250828742981,
  "smile_intensity_mean": 0.09309962391853333,
  "smile_intensity_std": 0.1305827796459198,
  "smile_intensity_median": 0.040511734783649445,
  "smile_intensity_max": 0.5992637276649475,
  "eye_contact_mean": 0.9234386682510376,
  "eye_contact_std": 0.09351500123739243,
  "eye_contact_median": 0.9639202356338501,
  "eye_contact_max": 0.9999681711196899,
  "eye_openness_mean": 0.6610767841339111,
  "eye_openness_std": 0.25404587388038635,
  "eye_openness_median": 0.5284429788589478,
  "eye_openness_max": 1.0,
  "gaze_stability_mean": 0.9628034234046936,
  "gaze_stability_std": 0.05833740532398224,
  "gaze_stability_median": 0.9857220649719238,
  "gaze_stability_max": 1.0,
  "head_tilt_mean": 0.041301216930150986,
  "head_tilt_std": 0.04353341460227966,
  "head_tilt_median": 0.034128427505493164,
  "head_tilt_max": 0.2047346532344818,
  "expression_speed_mean": 0.21888603270053864,
  "expression_speed_std": 0.19122585654258728,
  "expression_speed_median": 0.18541529774665833,
  "expression_speed_max": 0.816509485244751,
  "happy_mean": 0.10970544070005417,
  "happy_std": 0.2692706882953644,
  "happy_median": 7.793085387675092e-05,
  "happy_max": 0.9993568658828735,
  "neutral_mean": 0.26648369431495667,
  "neutral_std": 0.33468738198280334,
  "neutral_median": 0.04613903909921646,
  "neutral_max": 0.9274442195892334,
  "surprise_mean": 0.029636124148964882,
  "surprise_std": 0.09172762930393219,
  "surprise_median": 4.072040610481054e-06,
  "surprise_max": 0.4413248598575592,
  "processed_frames": 51.0,
  "video_name": "1.mp4"
}