{
  "facial_symmetry_mean": 0.9058177471160889,
  "facial_symmetry_std": 0.06116412207484245,
  "facial_symmetry_median": 0.9157528877258301,
  "facial_symmetry_max": 0.9993902444839478,
  "face_width_height_ratio_mean": 0.6084261536598206,
  "face_width_height_ratio_std": 0.03420866280794144,
  "face_width_height_ratio_median": 0.6145266890525818,
  "face_width_height_ratio_max": 0.6848132610321045,
  "eye_spacing_ratio_mean": 0.6462230682373047,
  "eye_spacing_ratio_std": 0.026699423789978027,
  "eye_spacing_ratio_median": 0.645964503288269,
  "eye_spacing_ratio_max": 0.7281237244606018,
  "jaw_ratio_mean": 0.7890982627868652,
  "jaw_ratio_std": 0.0260199923068285,
  "jaw_ratio_median": 0.7872282862663269,
  "jaw_ratio_max": 0.8400858044624329,
  "smile_intensity_mean": 0.4554997384548187,
  "smile_intensity_std": 0.3667915165424347,
  "smile_intensity_median": 0.577424943447113,
  "smile_intensity_max": 1.0,
  "eye_contact_mean": 0.966789186000824,
  "eye_contact_std": 0.03295981138944626,
  "eye_contact_median": 0.9718836545944214,
  "eye_contact_max": 0.9966487884521484,
  "eye_openness_mean": 0.9116917252540588,
  "eye_openness_std": 0.2112954705953598,
  "eye_openness_median": 1.0,
  "eye_openness_max": 1.0,
  "gaze_stability_mean": 0.9800332188606262,
  "gaze_stability_std": 0.032135140150785446,
  "gaze_stability_median": 0.9929282665252686,
  "gaze_stability_max": 1.0,
  "head_tilt_mean": 0.11647823452949524,
  "head_tilt_std": 0.12598221004009247,
  "head_tilt_median": 0.07598891854286194,
  "head_tilt_max": 0.46684056520462036,
  "expression_speed_mean": 0.23532336950302124,
  "expression_speed_std": 0.28765279054641724,
  "expression_speed_median": 0.10970836132764816,
  "expression_speed_max": 1.0,
  "happy_mean": 0.13913868367671967,
  "happy_std": 0.30336621403694153,
  "happy_median": 0.0010657734237611294,
  "happy_max": 0.9999449849128723,
  "neutral_mean": 0.2641456425189972,
  "neutral_std": 0.36229148507118225,
  "neutral_median": 0.04869307577610016,
  "neutral_max": 0.9999945163726807,
  "surprise_mean": 0.11567129194736481,
  "surprise_std": 0.2661384344100952,
  "surprise_median": 0.0001078851637430489,
  "surprise_max": 0.9994964599609375,
  "processed_frames": 65.0,
  "video_name": "1 (1).mp4"
}