{
  "facial_symmetry_mean": 0.8779582977294922,
  "facial_symmetry_std": 0.08427305519580841,
  "facial_symmetry_median": 0.872963547706604,
  "facial_symmetry_max": 0.9987339973449707,
  "face_width_height_ratio_mean": 0.7847168445587158,
  "face_width_height_ratio_std": 0.06659405678510666,
  "face_width_height_ratio_median": 0.7900934219360352,
  "face_width_height_ratio_max": 0.9957113265991211,
  "eye_spacing_ratio_mean": 0.6399713754653931,
  "eye_spacing_ratio_std": 0.035460468381643295,
  "eye_spacing_ratio_median": 0.6449448466300964,
  "eye_spacing_ratio_max": 0.6973565816879272,
  "jaw_ratio_mean": 0.7817918062210083,
  "jaw_ratio_std": 0.020033083856105804,
  "jaw_ratio_median": 0.7820954918861389,
  "jaw_ratio_max": 0.8604655265808105,
  "smile_intensity_mean": 0.3332436978816986,
  "smile_intensity_std": 0.2714887261390686,
  "smile_intensity_median": 0.36183851957321167,
  "smile_intensity_max": 0.8704204559326172,
  "eye_contact_mean": 0.9610801339149475,
  "eye_contact_std": 0.05065784230828285,
  "eye_contact_median": 0.9800860285758972,
  "eye_contact_max": 0.9996780157089233,
  "eye_openness_mean": 0.9241802096366882,
  "eye_openness_std": 0.14424417912960052,
  "eye_openness_median": 1.0,
  "eye_openness_max": 1.0,
  "gaze_stability_mean": 0.9823600649833679,
  "gaze_stability_std": 0.02941957488656044,
  "gaze_stability_median": 0.9929787516593933,
  "gaze_stability_max": 1.0,
  "head_tilt_mean": 0.08690982311964035,
  "head_tilt_std": 0.06837091594934464,
  "head_tilt_median": 0.07421828806400299,
  "head_tilt_max": 0.2597607672214508,
  "expression_speed_mean": 0.255825400352478,
  "expression_speed_std": 0.20764702558517456,
  "expression_speed_median": 0.196239173412323,
  "expression_speed_max": 0.7239910960197449,
  "happy_mean": 0.12021221965551376,
  "happy_std": 0.2588288187980652,
  "happy_median": 0.0003970419929828495,
  "happy_max": 0.993893563747406,
  "neutral_mean": 0.36963552236557007,
  "neutral_std": 0.3803417682647705,
  "neutral_median": 0.23219014704227448,
  "neutral_max": 0.9996398687362671,
  "surprise_mean": 0.013230458833277225,
  "surprise_std": 0.08318176865577698,
  "surprise_median": 6.072603355278261e-06,
  "surprise_max": 0.6606190204620361,
  "processed_frames": 62.0,
  "video_name": "1 (2).mp4"
}