{
  "facial_symmetry_mean": 0.9093058705329895,
  "facial_symmetry_std": 0.05812433362007141,
  "facial_symmetry_median": 0.9066919684410095,
  "facial_symmetry_max": 0.998756468296051,
  "face_width_height_ratio_mean": 0.4767394959926605,
  "face_width_height_ratio_std": 0.06793569773435593,
  "face_width_height_ratio_median": 0.46392765641212463,
  "face_width_height_ratio_max": 0.6633818745613098,
  "eye_spacing_ratio_mean": 0.6349090337753296,
  "eye_spacing_ratio_std": 0.0310690775513649,
  "eye_spacing_ratio_median": 0.6348264217376709,
  "eye_spacing_ratio_max": 0.7389564514160156,
  "jaw_ratio_mean": 0.7974458336830139,
  "jaw_ratio_std": 0.024619795382022858,
  "jaw_ratio_median": 0.7971192002296448,
  "jaw_ratio_max": 0.8408674001693726,
  "smile_intensity_mean": 0.6594585180282593,
  "smile_intensity_std": 0.39797037839889526,
  "smile_intensity_median": 0.8549063205718994,
  "smile_intensity_max": 1.0,
  "eye_contact_mean": 0.9853010177612305,
  "eye_contact_std": 0.013243399560451508,
  "eye_contact_median": 0.9898667335510254,
  "eye_contact_max": 0.9999527931213379,
  "eye_openness_mean": 0.9874173998832703,
  "eye_openness_std": 0.033562108874320984,
  "eye_openness_median": 1.0,
  "eye_openness_max": 1.0,
  "gaze_stability_mean": 0.994006335735321,
  "gaze_stability_std": 0.009878153912723064,
  "gaze_stability_median": 0.996984601020813,
  "gaze_stability_max": 1.0,
  "head_tilt_mean": 0.18515227735042572,
  "head_tilt_std": 0.20028327405452728,
  "head_tilt_median": 0.08193179965019226,
  "head_tilt_max": 0.7097440958023071,
  "expression_speed_mean": 0.16965973377227783,
  "expression_speed_std": 0.2844075858592987,
  "expression_speed_median": 0.024144141003489494,
  "expression_speed_max": 1.0,
  "happy_mean": 0.14122629165649414,
  "happy_std": 0.2717360556125641,
  "happy_median": 0.003220437793061137,
  "happy_max": 0.9596639275550842,
  "neutral_mean": 0.3285239636898041,
  "neutral_std": 0.32449328899383545,
  "neutral_median": 0.23178374767303467,
  "neutral_max": 0.9980186820030212,
  "surprise_mean": 0.0012783267302438617,
  "surprise_std": 0.0035305903293192387,
  "surprise_median": 1.476685247325804e-05,
  "surprise_max": 0.018776055425405502,
  "processed_frames": 83.0,
  "video_name": "1 (3).mp4"
}