{
  "facial_symmetry_mean": 0.8036268949508667,
  "facial_symmetry_std": 0.10493259131908417,
  "facial_symmetry_median": 0.8221765160560608,
  "facial_symmetry_max": 0.9933778047561646,
  "face_width_height_ratio_mean": 0.8110339045524597,
  "face_width_height_ratio_std": 0.0629221722483635,
  "face_width_height_ratio_median": 0.8188046813011169,
  "face_width_height_ratio_max": 0.9886118173599243,
  "eye_spacing_ratio_mean": 0.6444014310836792,
  "eye_spacing_ratio_std": 0.026372555643320084,
  "eye_spacing_ratio_median": 0.6440548300743103,
  "eye_spacing_ratio_max": 0.7280346155166626,
  "jaw_ratio_mean": 0.7894880771636963,
  "jaw_ratio_std": 0.01578659750521183,
  "jaw_ratio_median": 0.7862245440483093,
  "jaw_ratio_max": 0.8421266078948975,
  "smile_intensity_mean": 0.4306831657886505,
  "smile_intensity_std": 0.3045416474342346,
  "smile_intensity_median": 0.4274047017097473,
  "smile_intensity_max": 1.0,
  "eye_contact_mean": 0.931922197341919,
  "eye_contact_std": 0.04732861742377281,
  "eye_contact_median": 0.9298524856567383,
  "eye_contact_max": 0.9998337030410767,
  "eye_openness_mean": 0.8317180871963501,
  "eye_openness_std": 0.2485535889863968,
  "eye_openness_median": 1.0,
  "eye_openness_max": 1.0,
  "gaze_stability_mean": 0.9735686182975769,
  "gaze_stability_std": 0.02544877491891384,
  "gaze_stability_median": 0.9821770787239075,
  "gaze_stability_max": 1.0,
  "head_tilt_mean": 0.12511968612670898,
  "head_tilt_std": 0.12054163962602615,
  "head_tilt_median": 0.07766664028167725,
  "head_tilt_max": 0.43963417410850525,
  "expression_speed_mean": 0.26688718795776367,
  "expression_speed_std": 0.2773829698562622,
  "expression_speed_median": 0.1448826640844345,
  "expression_speed_max": 1.0,
  "happy_mean": 0.18564307689666748,
  "happy_std": 0.3439902067184448,
  "happy_median": 0.0001837026356952265,
  "happy_max": 0.998559832572937,
  "neutral_mean": 0.3423370122909546,
  "neutral_std": 0.3968624770641327,
  "neutral_median": 0.09921093285083771,
  "neutral_max": 0.9899455308914185,
  "surprise_mean": 0.014407855458557606,
  "surprise_std": 0.08995478600263596,
  "surprise_median": 2.324375236639753e-05,
  "surprise_max": 0.7555155754089355,
  "processed_frames": 73.0,
  "video_name": "1 (4).mp4"
}