{
  "facial_symmetry_mean": 0.9438010454177856,
  "facial_symmetry_std": 0.04771008715033531,
  "facial_symmetry_median": 0.957335352897644,
  "facial_symmetry_max": 0.9996341466903687,
  "face_width_height_ratio_mean": 0.465620756149292,
  "face_width_height_ratio_std": 0.028690781444311142,
  "face_width_height_ratio_median": 0.4627094268798828,
  "face_width_height_ratio_max": 0.5462174415588379,
  "eye_spacing_ratio_mean": 0.6584722995758057,
  "eye_spacing_ratio_std": 0.032267432659864426,
  "eye_spacing_ratio_median": 0.6631280779838562,
  "eye_spacing_ratio_max": 0.7114020586013794,
  "jaw_ratio_mean": 0.7885525226593018,
  "jaw_ratio_std": 0.023982055485248566,
  "jaw_ratio_median": 0.7846351265907288,
  "jaw_ratio_max": 0.8521876335144043,
  "smile_intensity_mean": 0.22531545162200928,
  "smile_intensity_std": 0.36013931035995483,
  "smile_intensity_median": 0.02165166102349758,
  "smile_intensity_max": 1.0,
  "eye_contact_mean": 0.9737725853919983,
  "eye_contact_std": 0.03166026249527931,
  "eye_contact_median": 0.9861264228820801,
  "eye_contact_max": 0.9997144341468811,
  "eye_openness_mean": 0.9920050501823425,
  "eye_openness_std": 0.049393363296985626,
  "eye_openness_median": 1.0,
  "eye_openness_max": 1.0,
  "gaze_stability_mean": 0.989303469657898,
  "gaze_stability_std": 0.022195352241396904,
  "gaze_stability_median": 0.9959281086921692,
  "gaze_stability_max": 1.0,
  "head_tilt_mean": 0.14207904040813446,
  "head_tilt_std": 0.11834138631820679,
  "head_tilt_median": 0.10985344648361206,
  "head_tilt_max": 0.42082369327545166,
  "expression_speed_mean": 0.1507236510515213,
  "expression_speed_std": 0.23547467589378357,
  "expression_speed_median": 0.031848665326833725,
  "expression_speed_max": 1.0,
  "happy_mean": 0.12928853929042816,
  "happy_std": 0.3103073537349701,
  "happy_median": 0.0003454029792919755,
  "happy_max": 0.9999973177909851,
  "neutral_mean": 0.41111642122268677,
  "neutral_std": 0.43581902980804443,
  "neutral_median": 0.21390493214130402,
  "neutral_max": 0.9999775290489197,
  "surprise_mean": 0.006152690388262272,
  "surprise_std": 0.028968770056962967,
  "surprise_median": 1.2387812603265047e-05,
  "surprise_max": 0.2049960047006607,
  "processed_frames": 81.0,
  "video_name": "1 (5).mp4"
}