{
  "facial_symmetry_mean": 0.8253148198127747,
  "facial_symmetry_std": 0.11016426980495453,
  "facial_symmetry_median": 0.8122014999389648,
  "facial_symmetry_max": 0.9995346665382385,
  "face_width_height_ratio_mean": 0.9144532680511475,
  "face_width_height_ratio_std": 0.16601242125034332,
  "face_width_height_ratio_median": 0.9923549890518188,
  "face_width_height_ratio_max": 1.1495949029922485,
  "eye_spacing_ratio_mean": 0.6424347758293152,
  "eye_spacing_ratio_std": 0.035153426229953766,
  "eye_spacing_ratio_median": 0.6465142965316772,
  "eye_spacing_ratio_max": 0.7402185797691345,
  "jaw_ratio_mean": 0.8141475915908813,
  "jaw_ratio_std": 0.02631136029958725,
  "jaw_ratio_median": 0.8056665062904358,
  "jaw_ratio_max": 0.9113718271255493,
  "smile_intensity_mean": 0.4615192115306854,
  "smile_intensity_std": 0.2879384458065033,
  "smile_intensity_median": 0.5130796432495117,
  "smile_intensity_max": 1.0,
  "eye_contact_mean": 0.9396311044692993,
  "eye_contact_std": 0.040736861526966095,
  "eye_contact_median": 0.9552268981933594,
  "eye_contact_max": 0.9926929473876953,
  "eye_openness_mean": 0.667671799659729,
  "eye_openness_std": 0.2950127124786377,
  "eye_openness_median": 0.6485497951507568,
  "eye_openness_max": 1.0,
  "gaze_stability_mean": 0.9829903244972229,
  "gaze_stability_std": 0.01719699054956436,
  "gaze_stability_median": 0.9881411194801331,
  "gaze_stability_max": 1.0,
  "head_tilt_mean": 0.11061456799507141,
  "head_tilt_std": 0.12310852855443954,
  "head_tilt_median": 0.05444079637527466,
  "head_tilt_max": 0.43390437960624695,
  "expression_speed_mean": 0.21303638815879822,
  "expression_speed_std": 0.2218906581401825,
  "expression_speed_median": 0.13048675656318665,
  "expression_speed_max": 0.8360689878463745,
  "happy_mean": 0.24979466199874878,
  "happy_std": 0.41262730956077576,
  "happy_median": 0.0005556242540478706,
  "happy_max": 0.9999997019767761,
  "neutral_mean": 0.2499585747718811,
  "neutral_std": 0.38293173909187317,
  "neutral_median": 0.015842512249946594,
  "neutral_max": 0.9999948740005493,
  "surprise_mean": 0.05333857238292694,
  "surprise_std": 0.17418871819972992,
  "surprise_median": 4.553481630864553e-06,
  "surprise_max": 0.9571019411087036,
  "processed_frames": 104.0,
  "video_name": "1 (6).mp4"
}