{
  "expression_speed_max": 0.9266766806443533,
  "expression_speed_mean": 0.21524262179931006,
  "expression_speed_median": 0.10621829361965258,
  "expression_speed_std": 0.2524092843135198,
  "eye_contact_max": 0.9980867803096771,
  "eye_contact_mean": 0.9597493708133698,
  "eye_contact_median": 0.9688403705755869,
  "eye_contact_std": 0.03609779911736647,
  "eye_openness_max": 1.0,
  "eye_openness_mean": 0.8857807119687399,
  "eye_openness_median": 0.9414249658584595,
  "eye_openness_std": 0.16367690389355025,
  "eye_spacing_ratio_max": 0.7240153352419535,
  "eye_spacing_ratio_mean": 0.6444019973278046,
  "eye_spacing_ratio_median": 0.6465721627076467,
  "eye_spacing_ratio_std": 0.031170397376020748,
  "face_width_height_ratio_max": 0.8380551040172577,
  "face_width_height_ratio_mean": 0.6768317371606827,
  "face_width_height_ratio_median": 0.6904028107722601,
  "face_width_height_ratio_std": 0.07106063204507033,
  "facial_symmetry_max": 0.9982378880182902,
  "facial_symmetry_mean": 0.8776374459266663,
  "facial_symmetry_median": 0.8811869621276855,
  "facial_symmetry_std": 0.07772807652751605,
  "gaze_stability_max": 1.0,
  "gaze_stability_mean": 0.9837103386720022,
  "gaze_stability_median": 0.9915229876836141,
  "gaze_stability_std": 0.022712331109990675,
  "happy_max": 0.9920098880926768,
  "happy_mean": 0.160883912195762,
  "happy_median": 0.0009613305131400315,
  "happy_std": 0.3168093264102936,
  "head_tilt_max": 0.4551179458697637,
  "head_tilt_mean": 0.12772560492157936,
  "head_tilt_median": 0.07901664823293686,
  "head_tilt_std": 0.12610465909043947,
  "jaw_ratio_max": 0.8578507999579111,
  "jaw_ratio_mean": 0.7934206823507944,
  "jaw_ratio_median": 0.7904948592185974,
  "jaw_ratio_std": 0.0227921474725008,
  "neutral_max": 0.9979285001754761,
  "neutral_mean": 0.3276195228099823,
  "neutral_median": 0.14027089128891626,
  "neutral_std": 0.3804566313823064,
  "processed_frames": 78.0,
  "smile_intensity_max": 0.9784034093221029,
  "smile_intensity_mean": 0.42761996388435364,
  "smile_intensity_median": 0.45938429826249677,
  "smile_intensity_std": 0.33147833744684857,
  "surprise_max": 0.5994175095111132,
  "surprise_mean": 0.034013199290105454,
  "surprise_median": 2.815161102868539e-05,
  "surprise_std": 0.10766051127575338,
  "video_count": 6.0,
  "valid_video_count": 6.0,
  "valid_video_ratio": 1.0,
  "total_processed_frames": 468.0,
  "avg_processed_frames": 78.0,
  "quality_score": 0.808,
  "person_name": "Tanakashi Rin"
}