{
  "facial_symmetry_mean": 0.9005425572395325,
  "facial_symmetry_std": 0.05571796000003815,
  "facial_symmetry_median": 0.8869326114654541,
  "facial_symmetry_max": 0.9945907592773438,
  "face_width_height_ratio_mean": 0.602762758731842,
  "face_width_height_ratio_std": 0.05431206896901131,
  "face_width_height_ratio_median": 0.6099835634231567,
  "face_width_height_ratio_max": 0.8387553691864014,
  "eye_spacing_ratio_mean": 0.6388373374938965,
  "eye_spacing_ratio_std": 0.03234650567173958,
  "eye_spacing_ratio_median": 0.641110897064209,
  "eye_spacing_ratio_max": 0.7268865704536438,
  "jaw_ratio_mean": 0.7890382409095764,
  "jaw_ratio_std": 0.025000762194395065,
  "jaw_ratio_median": 0.7883108258247375,
  "jaw_ratio_max": 0.8504076600074768,
  "smile_intensity_mean": 0.3225930631160736,
  "smile_intensity_std": 0.32005074620246887,
  "smile_intensity_median": 0.15796007215976715,
  "smile_intensity_max": 1.0,
  "eye_contact_mean": 0.9656603336334229,
  "eye_contact_std": 0.023174136877059937,
  "eye_contact_median": 0.9673206806182861,
  "eye_contact_max": 0.9996746778488159,
  "eye_openness_mean": 0.7348945736885071,
  "eye_openness_std": 0.2696153223514557,
  "eye_openness_median": 0.808732807636261,
  "eye_openness_max": 1.0,
  "gaze_stability_mean": 0.9883036017417908,
  "gaze_stability_std": 0.015215716324746609,
  "gaze_stability_median": 0.9941690564155579,
  "gaze_stability_max": 1.0,
  "head_tilt_mean": 0.11621503531932831,
  "head_tilt_std": 0.1242370530962944,
  "head_tilt_median": 0.06915226578712463,
  "head_tilt_max": 0.6225860118865967,
  "expression_speed_mean": 0.21679379045963287,
  "expression_speed_std": 0.24338005483150482,
  "expression_speed_median": 0.1164950504899025,
  "expression_speed_max": 1.0,
  "happy_mean": 0.3110654652118683,
  "happy_std": 0.40694063901901245,
  "happy_median": 0.02263054810464382,
  "happy_max": 0.9999991059303284,
  "neutral_mean": 0.20610198378562927,
  "neutral_std": 0.31078702211380005,
  "neutral_median": 0.016938453540205956,
  "neutral_max": 0.9999895095825195,
  "surprise_mean": 0.05865512415766716,
  "surprise_std": 0.20555272698402405,
  "surprise_median": 4.425791121320799e-05,
  "surprise_max": 0.9903440475463867,
  "processed_frames": 161.0,
  "video_name": "1 (2).mp4"
}