{
  "facial_symmetry_mean": 0.855817437171936,
  "facial_symmetry_std": 0.13377845287322998,
  "facial_symmetry_median": 0.8994232416152954,
  "facial_symmetry_max": 0.9941533803939819,
  "face_width_height_ratio_mean": 1.3986380100250244,
  "face_width_height_ratio_std": 0.20102357864379883,
  "face_width_height_ratio_median": 1.4158484935760498,
  "face_width_height_ratio_max": 1.9575724601745605,
  "eye_spacing_ratio_mean": 0.6560243368148804,
  "eye_spacing_ratio_std": 0.023459279909729958,
  "eye_spacing_ratio_median": 0.656998872756958,
  "eye_spacing_ratio_max": 0.7057332992553711,
  "jaw_ratio_mean": 0.7824540138244629,
  "jaw_ratio_std": 0.031209534034132957,
  "jaw_ratio_median": 0.7783234119415283,
  "jaw_ratio_max": 0.8788896203041077,
  "smile_intensity_mean": 0.25633007287979126,
  "smile_intensity_std": 0.25787580013275146,
  "smile_intensity_median": 0.15907543897628784,
  "smile_intensity_max": 0.8968579769134521,
  "eye_contact_mean": 0.9434903264045715,
  "eye_contact_std": 0.04359368607401848,
  "eye_contact_median": 0.9600715637207031,
  "eye_contact_max": 0.9984158277511597,
  "eye_openness_mean": 0.7310832738876343,
  "eye_openness_std": 0.28253012895584106,
  "eye_openness_median": 0.8174155950546265,
  "eye_openness_max": 1.0,
  "gaze_stability_mean": 0.9831816554069519,
  "gaze_stability_std": 0.02203446440398693,
  "gaze_stability_median": 0.9913365244865417,
  "gaze_stability_max": 1.0,
  "head_tilt_mean": 0.1152697280049324,
  "head_tilt_std": 0.10108689963817596,
  "head_tilt_median": 0.07820188999176025,
  "head_tilt_max": 0.3192126750946045,
  "expression_speed_mean": 0.17866690456867218,
  "expression_speed_std": 0.22629882395267487,
  "expression_speed_median": 0.06818912923336029,
  "expression_speed_max": 0.9341598749160767,
  "happy_mean": 0.3326687216758728,
  "happy_std": 0.43121129274368286,
  "happy_median": 0.02215328812599182,
  "happy_max": 0.9999898076057434,
  "neutral_mean": 0.24320846796035767,
  "neutral_std": 0.33257126808166504,
  "neutral_median": 0.03443034738302231,
  "neutral_max": 0.9732754230499268,
  "surprise_mean": 0.08609805256128311,
  "surprise_std": 0.22865229845046997,
  "surprise_median": 0.00012436772522050887,
  "surprise_max": 0.9897193908691406,
  "processed_frames": 102.0,
  "video_name": "1 (3).mp4"
}