{
  "facial_symmetry_mean": 0.8884152173995972,
  "facial_symmetry_std": 0.10248062759637833,
  "facial_symmetry_median": 0.904224693775177,
  "facial_symmetry_max": 0.9999990463256836,
  "face_width_height_ratio_mean": 0.7419686913490295,
  "face_width_height_ratio_std": 0.12186677008867264,
  "face_width_height_ratio_median": 0.7782891988754272,
  "face_width_height_ratio_max": 1.009212613105774,
  "eye_spacing_ratio_mean": 0.6432725787162781,
  "eye_spacing_ratio_std": 0.031171554699540138,
  "eye_spacing_ratio_median": 0.6474725604057312,
  "eye_spacing_ratio_max": 0.7173869013786316,
  "jaw_ratio_mean": 0.7903895974159241,
  "jaw_ratio_std": 0.03156649321317673,
  "jaw_ratio_median": 0.7826725840568542,
  "jaw_ratio_max": 0.9076807498931885,
  "smile_intensity_mean": 0.1535186618566513,
  "smile_intensity_std": 0.188622385263443,
  "smile_intensity_median": 0.07246866822242737,
  "smile_intensity_max": 1.0,
  "eye_contact_mean": 0.9577580690383911,
  "eye_contact_std": 0.041465144604444504,
  "eye_contact_median": 0.9721721410751343,
  "eye_contact_max": 0.9999909400939941,
  "eye_openness_mean": 0.615188479423523,
  "eye_openness_std": 0.2805109918117523,
  "eye_openness_median": 0.5576708316802979,
  "eye_openness_max": 1.0,
  "gaze_stability_mean": 0.9907294511795044,
  "gaze_stability_std": 0.016965359449386597,
  "gaze_stability_median": 0.9965023398399353,
  "gaze_stability_max": 1.0,
  "head_tilt_mean": 0.16155755519866943,
  "head_tilt_std": 0.2351878136396408,
  "head_tilt_median": 0.08143305778503418,
  "head_tilt_max": 1.0,
  "expression_speed_mean": 0.10848070681095123,
  "expression_speed_std": 0.15366576611995697,
  "expression_speed_median": 0.047160569578409195,
  "expression_speed_max": 0.8338139057159424,
  "happy_mean": 0.16055947542190552,
  "happy_std": 0.3299465775489807,
  "happy_median": 0.0010442481143400073,
  "happy_max": 1.0,
  "neutral_mean": 0.3009691834449768,
  "neutral_std": 0.3373037874698639,
  "neutral_median": 0.14636743068695068,
  "neutral_max": 0.9999947547912598,
  "surprise_mean": 0.01809370145201683,
  "surprise_std": 0.09798748791217804,
  "surprise_median": 2.6968644306180067e-05,
  "surprise_max": 0.999867856502533,
  "processed_frames": 349.0,
  "video_name": "1 (6).mp4"
}