{
  "facial_symmetry_mean": 0.8424839377403259,
  "facial_symmetry_std": 0.09101046621799469,
  "facial_symmetry_median": 0.8449991345405579,
  "facial_symmetry_max": 0.9973084330558777,
  "face_width_height_ratio_mean": 0.6051200032234192,
  "face_width_height_ratio_std": 0.09833942353725433,
  "face_width_height_ratio_median": 0.6165132522583008,
  "face_width_height_ratio_max": 0.9719555974006653,
  "eye_spacing_ratio_mean": 0.6644713282585144,
  "eye_spacing_ratio_std": 0.031473733484745026,
  "eye_spacing_ratio_median": 0.6623442769050598,
  "eye_spacing_ratio_max": 0.7670626044273376,
  "jaw_ratio_mean": 0.7665221095085144,
  "jaw_ratio_std": 0.016891097649931908,
  "jaw_ratio_median": 0.7662188410758972,
  "jaw_ratio_max": 0.8173587918281555,
  "smile_intensity_mean": 0.12103614956140518,
  "smile_intensity_std": 0.2473497837781906,
  "smile_intensity_median": 0.021072223782539368,
  "smile_intensity_max": 1.0,
  "eye_contact_mean": 0.9537222385406494,
  "eye_contact_std": 0.023143967613577843,
  "eye_contact_median": 0.961471676826477,
  "eye_contact_max": 0.9933102130889893,
  "eye_openness_mean": 0.74503093957901,
  "eye_openness_std": 0.29492244124412537,
  "eye_openness_median": 0.987257719039917,
  "eye_openness_max": 1.0,
  "gaze_stability_mean": 0.9900832772254944,
  "gaze_stability_std": 0.009916752576828003,
  "gaze_stability_median": 0.9922544360160828,
  "gaze_stability_max": 1.0,
  "head_tilt_mean": 0.2569178342819214,
  "head_tilt_std": 0.3241836428642273,
  "head_tilt_median": 0.0931347906589508,
  "head_tilt_max": 1.0,
  "expression_speed_mean": 0.133672833442688,
  "expression_speed_std": 0.20946399867534637,
  "expression_speed_median": 0.046608634293079376,
  "expression_speed_max": 1.0,
  "happy_mean": 0.1424901783466339,
  "happy_std": 0.3135807514190674,
  "happy_median": 0.00044599128887057304,
  "happy_max": 0.9999996423721313,
  "neutral_mean": 0.30811309814453125,
  "neutral_std": 0.3448106646537781,
  "neutral_median": 0.1714702546596527,
  "neutral_max": 0.9999646544456482,
  "surprise_mean": 0.03845265507698059,
  "surprise_std": 0.1578800529241562,
  "surprise_median": 0.0001210230402648449,
  "surprise_max": 0.9899483323097229,
  "processed_frames": 106.0,
  "video_name": "1 (7).mp4"
}