{
  "facial_symmetry_mean": 0.8608144521713257,
  "facial_symmetry_std": 0.15828000009059906,
  "facial_symmetry_median": 0.9685982465744019,
  "facial_symmetry_max": 0.9994151592254639,
  "face_width_height_ratio_mean": 1.4512850046157837,
  "face_width_height_ratio_std": 0.063396155834198,
  "face_width_height_ratio_median": 1.442772388458252,
  "face_width_height_ratio_max": 1.741710901260376,
  "eye_spacing_ratio_mean": 0.6536654233932495,
  "eye_spacing_ratio_std": 0.028317859396338463,
  "eye_spacing_ratio_median": 0.6432020664215088,
  "eye_spacing_ratio_max": 0.7776017785072327,
  "jaw_ratio_mean": 0.769545316696167,
  "jaw_ratio_std": 0.011755052953958511,
  "jaw_ratio_median": 0.7666760683059692,
  "jaw_ratio_max": 0.8059767484664917,
  "smile_intensity_mean": 0.15906114876270294,
  "smile_intensity_std": 0.10230683535337448,
  "smile_intensity_median": 0.1783093363046646,
  "smile_intensity_max": 0.3190253674983978,
  "eye_contact_mean": 0.962414026260376,
  "eye_contact_std": 0.046660713851451874,
  "eye_contact_median": 0.9929282665252686,
  "eye_contact_max": 0.9998528957366943,
  "eye_openness_mean": 0.8337736129760742,
  "eye_openness_std": 0.19009585678577423,
  "eye_openness_median": 0.8510204553604126,
  "eye_openness_max": 1.0,
  "gaze_stability_mean": 0.9838268160820007,
  "gaze_stability_std": 0.02650064416229725,
  "gaze_stability_median": 0.9961714148521423,
  "gaze_stability_max": 1.0,
  "head_tilt_mean": 0.11839763075113297,
  "head_tilt_std": 0.07342810928821564,
  "head_tilt_median": 0.10104000568389893,
  "head_tilt_max": 0.3539729714393616,
  "expression_speed_mean": 0.1628756821155548,
  "expression_speed_std": 0.16746728122234344,
  "expression_speed_median": 0.10862667113542557,
  "expression_speed_max": 0.7391916513442993,
  "happy_mean": 0.04747167229652405,
  "happy_std": 0.15473589301109314,
  "happy_median": 0.0005778755294159055,
  "happy_max": 0.9704800248146057,
  "neutral_mean": 0.15267693996429443,
  "neutral_std": 0.30430373549461365,
  "neutral_median": 0.0068418486043810844,
  "neutral_max": 0.9832906723022461,
  "surprise_mean": 0.01928776316344738,
  "surprise_std": 0.06550610810518265,
  "surprise_median": 8.04464434622787e-06,
  "surprise_max": 0.43336811661720276,
  "processed_frames": 57.0,
  "video_name": "1 (8).mp4"
}