{
  "expression_speed_max": 0.9263274818658829,
  "expression_speed_mean": 0.17207281477749348,
  "expression_speed_median": 0.08971916418522596,
  "expression_speed_std": 0.20509612187743187,
  "eye_contact_max": 0.9982772096991539,
  "eye_contact_mean": 0.9533369988203049,
  "eye_contact_median": 0.9652213752269745,
  "eye_contact_std": 0.037535602459684014,
  "eye_openness_max": 1.0,
  "eye_openness_mean": 0.7227040976285934,
  "eye_openness_median": 0.7891219742596149,
  "eye_openness_std": 0.26751735620200634,
  "eye_spacing_ratio_max": 0.7349388152360916,
  "eye_spacing_ratio_mean": 0.6491168886423111,
  "eye_spacing_ratio_median": 0.6483730226755142,
  "eye_spacing_ratio_std": 0.03058982384391129,
  "face_width_height_ratio_max": 1.3362000957131386,
  "face_width_height_ratio_mean": 1.0033682733774185,
  "face_width_height_ratio_median": 1.017598569393158,
  "face_width_height_ratio_std": 0.11997447488829494,
  "facial_symmetry_max": 0.9962746948003769,
  "facial_symmetry_mean": 0.8702232986688614,
  "facial_symmetry_median": 0.895441472530365,
  "facial_symmetry_std": 0.1025951486080885,
  "gaze_stability_max": 1.0,
  "gaze_stability_mean": 0.9851095154881477,
  "gaze_stability_median": 0.992833748459816,
  "gaze_stability_std": 0.020836637704633176,
  "happy_max": 0.9962790161371231,
  "happy_mean": 0.2063061986118555,
  "happy_median": 0.00736071566643659,
  "happy_std": 0.33858944848179817,
  "head_tilt_max": 0.5993924140930176,
  "head_tilt_mean": 0.13096210826188326,
  "head_tilt_median": 0.08095530327409506,
  "head_tilt_std": 0.13986319582909346,
  "jaw_ratio_max": 0.8596936166286469,
  "jaw_ratio_mean": 0.7804516479372978,
  "jaw_ratio_median": 0.7777975127100945,
  "jaw_ratio_std": 0.02386033278889954,
  "neutral_max": 0.9919080510735512,
  "neutral_mean": 0.2227392066270113,
  "neutral_median": 0.06001840461976826,
  "neutral_std": 0.3162071630358696,
  "processed_frames": 131.5,
  "smile_intensity_max": 0.8415182791650295,
  "smile_intensity_mean": 0.21180304139852524,
  "smile_intensity_median": 0.14569460321217775,
  "smile_intensity_std": 0.2294112080708146,
  "surprise_max": 0.8444804400205612,
  "surprise_mean": 0.03829716518521309,
  "surprise_median": 8.863643603262972e-05,
  "surprise_std": 0.13751163519918919,
  "video_count": 8.0,
  "valid_video_count": 8.0,
  "valid_video_ratio": 1.0,
  "total_processed_frames": 1052.0,
  "avg_processed_frames": 131.5,
  "quality_score": 0.9506666666666667,
  "person_name": "Goo Yoon Young"
}