{
  "facial_symmetry_mean": 0.6594287157058716,
  "facial_symmetry_std": 0.16496898233890533,
  "facial_symmetry_median": 0.6540619134902954,
  "facial_symmetry_max": 0.9916226863861084,
  "face_width_height_ratio_mean": 1.3950732946395874,
  "face_width_height_ratio_std": 0.1220027357339859,
  "face_width_height_ratio_median": 1.4079842567443848,
  "face_width_height_ratio_max": 1.8469773530960083,
  "eye_spacing_ratio_mean": 0.661810040473938,
  "eye_spacing_ratio_std": 0.03610244020819664,
  "eye_spacing_ratio_median": 0.6630194187164307,
  "eye_spacing_ratio_max": 0.7504281997680664,
  "jaw_ratio_mean": 0.7714676856994629,
  "jaw_ratio_std": 0.019019311293959618,
  "jaw_ratio_median": 0.7692107558250427,
  "jaw_ratio_max": 0.8345469236373901,
  "smile_intensity_mean": 0.1259033977985382,
  "smile_intensity_std": 0.14075881242752075,
  "smile_intensity_median": 0.0194074846804142,
  "smile_intensity_max": 0.4664933383464813,
  "eye_contact_mean": 0.9099621176719666,
  "eye_contact_std": 0.0763482004404068,
  "eye_contact_median": 0.9315687417984009,
  "eye_contact_max": 0.9995357990264893,
  "eye_openness_mean": 0.9487696886062622,
  "eye_openness_std": 0.10888898372650146,
  "eye_openness_median": 1.0,
  "eye_openness_max": 1.0,
  "gaze_stability_mean": 0.9486261606216431,
  "gaze_stability_std": 0.07348018884658813,
  "gaze_stability_median": 0.9786965847015381,
  "gaze_stability_max": 1.0,
  "head_tilt_mean": 0.09075180441141129,
  "head_tilt_std": 0.06993318349123001,
  "head_tilt_median": 0.07965035736560822,
  "head_tilt_max": 0.29195159673690796,
  "expression_speed_mean": 0.147798091173172,
  "expression_speed_std": 0.16420912742614746,
  "expression_speed_median": 0.09603416174650192,
  "expression_speed_max": 0.9526838660240173,
  "happy_mean": 0.20459890365600586,
  "happy_std": 0.3440874218940735,
  "happy_median": 0.0032322201877832413,
  "happy_max": 0.9999999403953552,
  "neutral_mean": 0.4787660241127014,
  "neutral_std": 0.36684688925743103,
  "neutral_median": 0.46956825256347656,
  "neutral_max": 0.9991921186447144,
  "surprise_mean": 0.0005052332999184728,
  "surprise_std": 0.002250672085210681,
  "surprise_median": 8.398550335186883e-07,
  "surprise_max": 0.015592658892273903,
  "processed_frames": 56.0,
  "video_name": "1.mp4"
}