{
  "facial_symmetry_mean": 0.8517507910728455,
  "facial_symmetry_std": 0.10669172555208206,
  "facial_symmetry_median": 0.8636861443519592,
  "facial_symmetry_max": 0.9983699917793274,
  "face_width_height_ratio_mean": 1.0512295961380005,
  "face_width_height_ratio_std": 0.1252364218235016,
  "face_width_height_ratio_median": 1.0679175853729248,
  "face_width_height_ratio_max": 1.3490865230560303,
  "eye_spacing_ratio_mean": 0.6463469862937927,
  "eye_spacing_ratio_std": 0.029627488926053047,
  "eye_spacing_ratio_median": 0.643403172492981,
  "eye_spacing_ratio_max": 0.7247858643531799,
  "jaw_ratio_mean": 0.7534211874008179,
  "jaw_ratio_std": 0.02937704510986805,
  "jaw_ratio_median": 0.7488107681274414,
  "jaw_ratio_max": 0.8427156209945679,
  "smile_intensity_mean": 0.12098266929388046,
  "smile_intensity_std": 0.17247018218040466,
  "smile_intensity_median": 0.02776489406824112,
  "smile_intensity_max": 0.8782268166542053,
  "eye_contact_mean": 0.9589693546295166,
  "eye_contact_std": 0.027601836249232292,
  "eye_contact_median": 0.9654198884963989,
  "eye_contact_max": 0.9981642961502075,
  "eye_openness_mean": 0.8033769726753235,
  "eye_openness_std": 0.2861349582672119,
  "eye_openness_median": 1.0,
  "eye_openness_max": 1.0,
  "gaze_stability_mean": 0.9830628037452698,
  "gaze_stability_std": 0.01915321685373783,
  "gaze_stability_median": 0.9898812770843506,
  "gaze_stability_max": 1.0,
  "head_tilt_mean": 0.20615731179714203,
  "head_tilt_std": 0.18804366886615753,
  "head_tilt_median": 0.17537519335746765,
  "head_tilt_max": 0.6326217651367188,
  "expression_speed_mean": 0.13272517919540405,
  "expression_speed_std": 0.1670537292957306,
  "expression_speed_median": 0.05206999555230141,
  "expression_speed_max": 0.8089262247085571,
  "happy_mean": 0.08741364628076553,
  "happy_std": 0.23584848642349243,
  "happy_median": 0.0008516540983691812,
  "happy_max": 0.999985933303833,
  "neutral_mean": 0.4640985429286957,
  "neutral_std": 0.4009930193424225,
  "neutral_median": 0.3982906639575958,
  "neutral_max": 0.9976211190223694,
  "surprise_mean": 0.05154477432370186,
  "surprise_std": 0.17317815124988556,
  "surprise_median": 9.388163016410545e-05,
  "surprise_max": 0.9656855463981628,
  "processed_frames": 88.0,
  "video_name": "2.mp4"
}