{
  "facial_symmetry_mean": 0.7621887922286987,
  "facial_symmetry_std": 0.11551561206579208,
  "facial_symmetry_median": 0.7726781964302063,
  "facial_symmetry_max": 0.9961227774620056,
  "face_width_height_ratio_mean": 1.492278814315796,
  "face_width_height_ratio_std": 0.09189635515213013,
  "face_width_height_ratio_median": 1.499027967453003,
  "face_width_height_ratio_max": 1.6923128366470337,
  "eye_spacing_ratio_mean": 0.644727349281311,
  "eye_spacing_ratio_std": 0.02328999899327755,
  "eye_spacing_ratio_median": 0.646268367767334,
  "eye_spacing_ratio_max": 0.7474133372306824,
  "jaw_ratio_mean": 0.7778828740119934,
  "jaw_ratio_std": 0.01914708875119686,
  "jaw_ratio_median": 0.7740497589111328,
  "jaw_ratio_max": 0.8379726409912109,
  "smile_intensity_mean": 0.10628568381071091,
  "smile_intensity_std": 0.13475894927978516,
  "smile_intensity_median": 0.014116574078798294,
  "smile_intensity_max": 0.6249330043792725,
  "eye_contact_mean": 0.922946572303772,
  "eye_contact_std": 0.03953007981181145,
  "eye_contact_median": 0.9194741249084473,
  "eye_contact_max": 0.9976484179496765,
  "eye_openness_mean": 0.8775110840797424,
  "eye_openness_std": 0.22905860841274261,
  "eye_openness_median": 1.0,
  "eye_openness_max": 1.0,
  "gaze_stability_mean": 0.9808215498924255,
  "gaze_stability_std": 0.02378236874938011,
  "gaze_stability_median": 0.9899561405181885,
  "gaze_stability_max": 1.0,
  "head_tilt_mean": 0.09496518224477768,
  "head_tilt_std": 0.06430041790008545,
  "head_tilt_median": 0.07875703275203705,
  "head_tilt_max": 0.2742590010166168,
  "expression_speed_mean": 0.1132754385471344,
  "expression_speed_std": 0.13977590203285217,
  "expression_speed_median": 0.05383172631263733,
  "expression_speed_max": 0.741043210029602,
  "happy_mean": 0.2620396018028259,
  "happy_std": 0.3841169774532318,
  "happy_median": 0.00889761745929718,
  "happy_max": 0.9970284104347229,
  "neutral_mean": 0.15213975310325623,
  "neutral_std": 0.253835529088974,
  "neutral_median": 0.007372841704636812,
  "neutral_max": 0.9859471917152405,
  "surprise_mean": 0.03187869116663933,
  "surprise_std": 0.13283848762512207,
  "surprise_median": 0.00013210743782110512,
  "surprise_max": 0.8123545050621033,
  "processed_frames": 60.0,
  "video_name": "3.mp4"
}