{
  "facial_symmetry_mean": 0.786948561668396,
  "facial_symmetry_std": 0.13511702418327332,
  "facial_symmetry_median": 0.8204950094223022,
  "facial_symmetry_max": 0.9727864265441895,
  "face_width_height_ratio_mean": 1.475419282913208,
  "face_width_height_ratio_std": 0.1070183515548706,
  "face_width_height_ratio_median": 1.5025012493133545,
  "face_width_height_ratio_max": 1.7055965662002563,
  "eye_spacing_ratio_mean": 0.648284375667572,
  "eye_spacing_ratio_std": 0.019458312541246414,
  "eye_spacing_ratio_median": 0.6466434001922607,
  "eye_spacing_ratio_max": 0.7024887800216675,
  "jaw_ratio_mean": 0.768294632434845,
  "jaw_ratio_std": 0.02288757637143135,
  "jaw_ratio_median": 0.7667096257209778,
  "jaw_ratio_max": 0.8399900197982788,
  "smile_intensity_mean": 0.11028502881526947,
  "smile_intensity_std": 0.107697993516922,
  "smile_intensity_median": 0.1210782378911972,
  "smile_intensity_max": 0.4932223856449127,
  "eye_contact_mean": 0.9376582503318787,
  "eye_contact_std": 0.040046028792858124,
  "eye_contact_median": 0.9384479522705078,
  "eye_contact_max": 0.9968159198760986,
  "eye_openness_mean": 0.9589410424232483,
  "eye_openness_std": 0.11365201324224472,
  "eye_openness_median": 1.0,
  "eye_openness_max": 1.0,
  "gaze_stability_mean": 0.9719999432563782,
  "gaze_stability_std": 0.03173068165779114,
  "gaze_stability_median": 0.9843235015869141,
  "gaze_stability_max": 1.0,
  "head_tilt_mean": 0.0632222518324852,
  "head_tilt_std": 0.05444527789950371,
  "head_tilt_median": 0.0454779714345932,
  "head_tilt_max": 0.255502313375473,
  "expression_speed_mean": 0.13511769473552704,
  "expression_speed_std": 0.16701668500900269,
  "expression_speed_median": 0.06270720064640045,
  "expression_speed_max": 0.7208952903747559,
  "happy_mean": 0.1578514277935028,
  "happy_std": 0.3324654996395111,
  "happy_median": 0.0017767068929970264,
  "happy_max": 0.9999999403953552,
  "neutral_mean": 0.33293581008911133,
  "neutral_std": 0.4030173420906067,
  "neutral_median": 0.050865288823843,
  "neutral_max": 0.9999987483024597,
  "surprise_mean": 0.03942190110683441,
  "surprise_std": 0.1556149423122406,
  "surprise_median": 4.608788913174067e-06,
  "surprise_max": 0.9796367883682251,
  "processed_frames": 78.0,
  "video_name": "4.mp4"
}