{
  "facial_symmetry_mean": 0.789700984954834,
  "facial_symmetry_std": 0.11478202790021896,
  "facial_symmetry_median": 0.823886513710022,
  "facial_symmetry_max": 0.9712032675743103,
  "face_width_height_ratio_mean": 1.335986614227295,
  "face_width_height_ratio_std": 0.10963590443134308,
  "face_width_height_ratio_median": 1.3596965074539185,
  "face_width_height_ratio_max": 1.7118650674819946,
  "eye_spacing_ratio_mean": 0.6749072670936584,
  "eye_spacing_ratio_std": 0.04188469052314758,
  "eye_spacing_ratio_median": 0.6831640005111694,
  "eye_spacing_ratio_max": 0.7968217134475708,
  "jaw_ratio_mean": 0.7747016549110413,
  "jaw_ratio_std": 0.01423325389623642,
  "jaw_ratio_median": 0.7719193696975708,
  "jaw_ratio_max": 0.8120027184486389,
  "smile_intensity_mean": 0.07810764759778976,
  "smile_intensity_std": 0.0895092636346817,
  "smile_intensity_median": 0.018790652975440025,
  "smile_intensity_max": 0.36010923981666565,
  "eye_contact_mean": 0.9304826259613037,
  "eye_contact_std": 0.04047863185405731,
  "eye_contact_median": 0.9366196393966675,
  "eye_contact_max": 0.9937427639961243,
  "eye_openness_mean": 0.9764055013656616,
  "eye_openness_std": 0.0982091873884201,
  "eye_openness_median": 1.0,
  "eye_openness_max": 1.0,
  "gaze_stability_mean": 0.9808024168014526,
  "gaze_stability_std": 0.02804172784090042,
  "gaze_stability_median": 0.9883391857147217,
  "gaze_stability_max": 1.0,
  "head_tilt_mean": 0.06689950823783875,
  "head_tilt_std": 0.051090605556964874,
  "head_tilt_median": 0.051769912242889404,
  "head_tilt_max": 0.3028303384780884,
  "expression_speed_mean": 0.07798577100038528,
  "expression_speed_std": 0.12093660235404968,
  "expression_speed_median": 0.029689036309719086,
  "expression_speed_max": 0.7800030708312988,
  "happy_mean": 0.10527119785547256,
  "happy_std": 0.2658284902572632,
  "happy_median": 0.0011690485989674926,
  "happy_max": 0.9999077916145325,
  "neutral_mean": 0.2781486213207245,
  "neutral_std": 0.3159961402416229,
  "neutral_median": 0.10784158110618591,
  "neutral_max": 0.9578418731689453,
  "surprise_mean": 0.013422728516161442,
  "surprise_std": 0.0887523964047432,
  "surprise_median": 1.3883547580917366e-05,
  "surprise_max": 0.7687925100326538,
  "processed_frames": 86.0,
  "video_name": "5.mp4"
}