{
  "facial_symmetry_mean": 0.7148741483688354,
  "facial_symmetry_std": 0.1181989312171936,
  "facial_symmetry_median": 0.7473808526992798,
  "facial_symmetry_max": 0.8867779970169067,
  "face_width_height_ratio_mean": 0.9830472469329834,
  "face_width_height_ratio_std": 0.1513068675994873,
  "face_width_height_ratio_median": 1.0233449935913086,
  "face_width_height_ratio_max": 1.175986647605896,
  "eye_spacing_ratio_mean": 0.6519887447357178,
  "eye_spacing_ratio_std": 0.03038773685693741,
  "eye_spacing_ratio_median": 0.6439653038978577,
  "eye_spacing_ratio_max": 0.7293757796287537,
  "jaw_ratio_mean": 0.7773412466049194,
  "jaw_ratio_std": 0.031507838517427444,
  "jaw_ratio_median": 0.7769577503204346,
  "jaw_ratio_max": 0.9003445506095886,
  "smile_intensity_mean": 0.24098661541938782,
  "smile_intensity_std": 0.18719932436943054,
  "smile_intensity_median": 0.25622478127479553,
  "smile_intensity_max": 0.8692298531532288,
  "eye_contact_mean": 0.9255610108375549,
  "eye_contact_std": 0.03864922747015953,
  "eye_contact_median": 0.9264543056488037,
  "eye_contact_max": 0.9872558116912842,
  "eye_openness_mean": 0.9462384581565857,
  "eye_openness_std": 0.15278668701648712,
  "eye_openness_median": 1.0,
  "eye_openness_max": 1.0,
  "gaze_stability_mean": 0.9739812016487122,
  "gaze_stability_std": 0.03122181072831154,
  "gaze_stability_median": 0.9872839450836182,
  "gaze_stability_max": 1.0,
  "head_tilt_mean": 0.25246164202690125,
  "head_tilt_std": 0.30904558300971985,
  "head_tilt_median": 0.10294310748577118,
  "head_tilt_max": 1.0,
  "expression_speed_mean": 0.19350728392601013,
  "expression_speed_std": 0.15684852004051208,
  "expression_speed_median": 0.1461704522371292,
  "expression_speed_max": 0.7100220918655396,
  "happy_mean": 0.31199416518211365,
  "happy_std": 0.3938002288341522,
  "happy_median": 0.028209760785102844,
  "happy_max": 0.9999638199806213,
  "neutral_mean": 0.29377931356430054,
  "neutral_std": 0.33158960938453674,
  "neutral_median": 0.16863378882408142,
  "neutral_max": 0.9941156506538391,
  "surprise_mean": 0.010311633348464966,
  "surprise_std": 0.05158574879169464,
  "surprise_median": 1.288409862354456e-06,
  "surprise_max": 0.3946877717971802,
  "processed_frames": 60.0,
  "video_name": "6.mp4"
}