{
  "facial_symmetry_mean": 0.76712965965271,
  "facial_symmetry_std": 0.1502816379070282,
  "facial_symmetry_median": 0.7886242866516113,
  "facial_symmetry_max": 0.9873476028442383,
  "face_width_height_ratio_mean": 1.4188989400863647,
  "face_width_height_ratio_std": 0.10125772655010223,
  "face_width_height_ratio_median": 1.4471213817596436,
  "face_width_height_ratio_max": 1.5371352434158325,
  "eye_spacing_ratio_mean": 0.6422421932220459,
  "eye_spacing_ratio_std": 0.017177129164338112,
  "eye_spacing_ratio_median": 0.6405434608459473,
  "eye_spacing_ratio_max": 0.6735551953315735,
  "jaw_ratio_mean": 0.764506459236145,
  "jaw_ratio_std": 0.015583576634526253,
  "jaw_ratio_median": 0.7645893692970276,
  "jaw_ratio_max": 0.8172968626022339,
  "smile_intensity_mean": 0.06732868403196335,
  "smile_intensity_std": 0.07880627363920212,
  "smile_intensity_median": 0.03890925645828247,
  "smile_intensity_max": 0.3255649209022522,
  "eye_contact_mean": 0.9466855525970459,
  "eye_contact_std": 0.054220929741859436,
  "eye_contact_median": 0.9699986577033997,
  "eye_contact_max": 0.998604416847229,
  "eye_openness_mean": 0.9234920144081116,
  "eye_openness_std": 0.11056872457265854,
  "eye_openness_median": 1.0,
  "eye_openness_max": 1.0,
  "gaze_stability_mean": 0.9863564968109131,
  "gaze_stability_std": 0.023194117471575737,
  "gaze_stability_median": 0.9940847158432007,
  "gaze_stability_max": 1.0,
  "head_tilt_mean": 0.1232079267501831,
  "head_tilt_std": 0.10472968220710754,
  "head_tilt_median": 0.07288329303264618,
  "head_tilt_max": 0.3283040225505829,
  "expression_speed_mean": 0.08037197589874268,
  "expression_speed_std": 0.13776277005672455,
  "expression_speed_median": 0.03585206717252731,
  "expression_speed_max": 0.8103658556938171,
  "happy_mean": 0.2737171947956085,
  "happy_std": 0.3829963207244873,
  "happy_median": 0.021843774244189262,
  "happy_max": 0.9994131326675415,
  "neutral_mean": 0.26079612970352173,
  "neutral_std": 0.3129824697971344,
  "neutral_median": 0.0744682252407074,
  "neutral_max": 0.9406606554985046,
  "surprise_mean": 0.03534644842147827,
  "surprise_std": 0.1448880136013031,
  "surprise_median": 5.326639438862912e-06,
  "surprise_max": 0.9502953290939331,
  "processed_frames": 72.0,
  "video_name": "7.mp4"
}