{
  "facial_symmetry_mean": 0.8651313185691833,
  "facial_symmetry_std": 0.11439154297113419,
  "facial_symmetry_median": 0.8801103830337524,
  "facial_symmetry_max": 0.9998422861099243,
  "face_width_height_ratio_mean": 1.4364933967590332,
  "face_width_height_ratio_std": 0.22208380699157715,
  "face_width_height_ratio_median": 1.513178825378418,
  "face_width_height_ratio_max": 1.8351320028305054,
  "eye_spacing_ratio_mean": 0.64178067445755,
  "eye_spacing_ratio_std": 0.031487178057432175,
  "eye_spacing_ratio_median": 0.6421260833740234,
  "eye_spacing_ratio_max": 0.7321326732635498,
  "jaw_ratio_mean": 0.7675522565841675,
  "jaw_ratio_std": 0.0314650684595108,
  "jaw_ratio_median": 0.7637221813201904,
  "jaw_ratio_max": 0.8540529012680054,
  "smile_intensity_mean": 0.1144276112318039,
  "smile_intensity_std": 0.10045188665390015,
  "smile_intensity_median": 0.09120538830757141,
  "smile_intensity_max": 0.5674013495445251,
  "eye_contact_mean": 0.9497551321983337,
  "eye_contact_std": 0.044148415327072144,
  "eye_contact_median": 0.9586684703826904,
  "eye_contact_max": 0.9998188018798828,
  "eye_openness_mean": 0.7620636224746704,
  "eye_openness_std": 0.1518973410129547,
  "eye_openness_median": 0.7175825834274292,
  "eye_openness_max": 1.0,
  "gaze_stability_mean": 0.986781895160675,
  "gaze_stability_std": 0.01900622434914112,
  "gaze_stability_median": 0.9944462776184082,
  "gaze_stability_max": 1.0,
  "head_tilt_mean": 0.10376324504613876,
  "head_tilt_std": 0.07075069099664688,
  "head_tilt_median": 0.08971236646175385,
  "head_tilt_max": 0.26111602783203125,
  "expression_speed_mean": 0.07467034459114075,
  "expression_speed_std": 0.07951594144105911,
  "expression_speed_median": 0.04669483006000519,
  "expression_speed_max": 0.42679041624069214,
  "happy_mean": 0.11677150428295135,
  "happy_std": 0.24437658488750458,
  "happy_median": 0.00042912212666124105,
  "happy_max": 0.942631721496582,
  "neutral_mean": 0.25206688046455383,
  "neutral_std": 0.3342622220516205,
  "neutral_median": 0.04378696531057358,
  "neutral_max": 0.990364134311676,
  "surprise_mean": 0.0016569755971431732,
  "surprise_std": 0.00563785107806325,
  "surprise_median": 9.4216284196591e-06,
  "surprise_max": 0.04698503762483597,
  "processed_frames": 138.0,
  "video_name": "8.mp4"
}