{
  "expression_speed_max": 0.743841253221035,
  "expression_speed_mean": 0.11943147238343954,
  "expression_speed_median": 0.06538118375465274,
  "expression_speed_std": 0.1416399097070098,
  "eye_contact_max": 0.996448278427124,
  "eye_contact_mean": 0.9352525770664215,
  "eye_contact_median": 0.9433314725756645,
  "eye_contact_std": 0.045127918710932136,
  "eye_openness_max": 1.0,
  "eye_openness_mean": 0.8995997980237007,
  "eye_openness_median": 0.9646978229284286,
  "eye_openness_std": 0.15639956295490265,
  "eye_spacing_ratio_max": 0.7321251928806305,
  "eye_spacing_ratio_mean": 0.6515109539031982,
  "eye_spacing_ratio_median": 0.6511416509747505,
  "eye_spacing_ratio_std": 0.028676871908828616,
  "face_width_height_ratio_max": 1.6067615300416946,
  "face_width_height_ratio_mean": 1.3235533982515335,
  "face_width_height_ratio_median": 1.3525965958833694,
  "face_width_height_ratio_std": 0.12880477122962475,
  "facial_symmetry_max": 0.9755091294646263,
  "facial_symmetry_mean": 0.7746441215276718,
  "facial_symmetry_median": 0.7938654124736786,
  "facial_symmetry_std": 0.12749343551695347,
  "gaze_stability_max": 1.0,
  "gaze_stability_mean": 0.9765540584921837,
  "gaze_stability_median": 0.9883764535188675,
  "gaze_stability_std": 0.031201292062178254,
  "happy_max": 0.992366336286068,
  "happy_mean": 0.18995720520615578,
  "happy_median": 0.008301238049170934,
  "happy_std": 0.3229400012642145,
  "head_tilt_max": 0.4183231331408024,
  "head_tilt_mean": 0.12517860904335976,
  "head_tilt_median": 0.08707115426659584,
  "head_tilt_std": 0.11404238874092698,
  "jaw_ratio_max": 0.8423652797937393,
  "jaw_ratio_mean": 0.769395999610424,
  "jaw_ratio_median": 0.7669961974024773,
  "jaw_ratio_std": 0.0229025948792696,
  "neutral_max": 0.9832176864147186,
  "neutral_mean": 0.31409138441085815,
  "neutral_median": 0.16510345094138756,
  "neutral_std": 0.3399404026567936,
  "processed_frames": 79.75,
  "smile_intensity_max": 0.573147613555193,
  "smile_intensity_mean": 0.12053841724991798,
  "smile_intensity_median": 0.07343715871684253,
  "smile_intensity_std": 0.12645658571273088,
  "surprise_max": 0.616753768408671,
  "surprise_mean": 0.02301104822254274,
  "surprise_median": 3.2669742154212145e-05,
  "surprise_std": 0.09434328289353289,
  "video_count": 8.0,
  "valid_video_count": 8.0,
  "valid_video_ratio": 1.0,
  "total_processed_frames": 638.0,
  "avg_processed_frames": 79.75,
  "quality_score": 0.8126666666666666,
  "person_name": "Can Đình ĐÌnh"
}