{
  "facial_symmetry_mean": 0.8483301997184753,
  "facial_symmetry_std": 0.09634871780872345,
  "facial_symmetry_median": 0.8646547794342041,
  "facial_symmetry_max": 0.9930505156517029,
  "face_width_height_ratio_mean": 0.6009012460708618,
  "face_width_height_ratio_std": 0.04482751339673996,
  "face_width_height_ratio_median": 0.60181725025177,
  "face_width_height_ratio_max": 0.7389900088310242,
  "eye_spacing_ratio_mean": 0.6329569816589355,
  "eye_spacing_ratio_std": 0.027799006551504135,
  "eye_spacing_ratio_median": 0.6332080364227295,
  "eye_spacing_ratio_max": 0.7060006260871887,
  "jaw_ratio_mean": 0.7894238829612732,
  "jaw_ratio_std": 0.028384516015648842,
  "jaw_ratio_median": 0.786712646484375,
  "jaw_ratio_max": 0.8471217751502991,
  "smile_intensity_mean": 0.22414082288742065,
  "smile_intensity_std": 0.2734111249446869,
  "smile_intensity_median": 0.0516311451792717,
  "smile_intensity_max": 1.0,
  "eye_contact_mean": 0.9649102091789246,
  "eye_contact_std": 0.036811549216508865,
  "eye_contact_median": 0.9819284677505493,
  "eye_contact_max": 0.999935507774353,
  "eye_openness_mean": 0.9728599786758423,
  "eye_openness_std": 0.07914327085018158,
  "eye_openness_median": 1.0,
  "eye_openness_max": 1.0,
  "gaze_stability_mean": 0.9807654619216919,
  "gaze_stability_std": 0.028480881825089455,
  "gaze_stability_median": 0.9920116662979126,
  "gaze_stability_max": 1.0,
  "head_tilt_mean": 0.17785227298736572,
  "head_tilt_std": 0.13568809628486633,
  "head_tilt_median": 0.16528137028217316,
  "head_tilt_max": 0.5076077580451965,
  "expression_speed_mean": 0.22886626422405243,
  "expression_speed_std": 0.2319459617137909,
  "expression_speed_median": 0.14071695506572723,
  "expression_speed_max": 1.0,
  "happy_mean": 0.05783773586153984,
  "happy_std": 0.20166128873825073,
  "happy_median": 3.845032551907934e-05,
  "happy_max": 0.9987216591835022,
  "neutral_mean": 0.5200749635696411,
  "neutral_std": 0.4299612045288086,
  "neutral_median": 0.717759370803833,
  "neutral_max": 0.9996635317802429,
  "surprise_mean": 0.017993047833442688,
  "surprise_std": 0.09288419038057327,
  "surprise_median": 8.601940066910174e-07,
  "surprise_max": 0.7309715747833252,
  "processed_frames": 84.0,
  "video_name": "1.mp4"
}