{
  "facial_symmetry_mean": 0.8821539282798767,
  "facial_symmetry_std": 0.09194400161504745,
  "facial_symmetry_median": 0.9057205319404602,
  "facial_symmetry_max": 0.997885525226593,
  "face_width_height_ratio_mean": 0.8290566802024841,
  "face_width_height_ratio_std": 0.05583619326353073,
  "face_width_height_ratio_median": 0.828544020652771,
  "face_width_height_ratio_max": 1.0720208883285522,
  "eye_spacing_ratio_mean": 0.6413015723228455,
  "eye_spacing_ratio_std": 0.023872649297118187,
  "eye_spacing_ratio_median": 0.6471589207649231,
  "eye_spacing_ratio_max": 0.6830587387084961,
  "jaw_ratio_mean": 0.7928009629249573,
  "jaw_ratio_std": 0.016214413568377495,
  "jaw_ratio_median": 0.7953161597251892,
  "jaw_ratio_max": 0.8313238620758057,
  "smile_intensity_mean": 0.2233004868030548,
  "smile_intensity_std": 0.20713768899440765,
  "smile_intensity_median": 0.1718105971813202,
  "smile_intensity_max": 0.8798993229866028,
  "eye_contact_mean": 0.9717918634414673,
  "eye_contact_std": 0.028950560837984085,
  "eye_contact_median": 0.9844814538955688,
  "eye_contact_max": 0.9999916553497314,
  "eye_openness_mean": 0.9821738600730896,
  "eye_openness_std": 0.08166617155075073,
  "eye_openness_median": 1.0,
  "eye_openness_max": 1.0,
  "gaze_stability_mean": 0.9871982932090759,
  "gaze_stability_std": 0.01722084917128086,
  "gaze_stability_median": 0.9927653074264526,
  "gaze_stability_max": 1.0,
  "head_tilt_mean": 0.10111290961503983,
  "head_tilt_std": 0.07379548996686935,
  "head_tilt_median": 0.093478262424469,
  "head_tilt_max": 0.29352545738220215,
  "expression_speed_mean": 0.14249183237552643,
  "expression_speed_std": 0.16534632444381714,
  "expression_speed_median": 0.0638803169131279,
  "expression_speed_max": 0.8466076850891113,
  "happy_mean": 0.07016342133283615,
  "happy_std": 0.19267724454402924,
  "happy_median": 0.0001333756372332573,
  "happy_max": 0.9976738095283508,
  "neutral_mean": 0.33346644043922424,
  "neutral_std": 0.4113210141658783,
  "neutral_median": 0.07082009315490723,
  "neutral_max": 0.9999439716339111,
  "surprise_mean": 0.040697578340768814,
  "surprise_std": 0.16554409265518188,
  "surprise_median": 2.3501515897805803e-06,
  "surprise_max": 0.9988541007041931,
  "processed_frames": 118.0,
  "video_name": "2.mp4"
}