{
  "facial_symmetry_mean": 0.9053893685340881,
  "facial_symmetry_std": 0.09027458727359772,
  "facial_symmetry_median": 0.9322141408920288,
  "facial_symmetry_max": 0.9993976354598999,
  "face_width_height_ratio_mean": 0.594486653804779,
  "face_width_height_ratio_std": 0.05278704687952995,
  "face_width_height_ratio_median": 0.6068224906921387,
  "face_width_height_ratio_max": 0.7743872404098511,
  "eye_spacing_ratio_mean": 0.6360189318656921,
  "eye_spacing_ratio_std": 0.027207333594560623,
  "eye_spacing_ratio_median": 0.6403411626815796,
  "eye_spacing_ratio_max": 0.6919763088226318,
  "jaw_ratio_mean": 0.7808037996292114,
  "jaw_ratio_std": 0.018284179270267487,
  "jaw_ratio_median": 0.7820397019386292,
  "jaw_ratio_max": 0.8244854807853699,
  "smile_intensity_mean": 0.31394392251968384,
  "smile_intensity_std": 0.3200817108154297,
  "smile_intensity_median": 0.20424360036849976,
  "smile_intensity_max": 1.0,
  "eye_contact_mean": 0.967135488986969,
  "eye_contact_std": 0.04351700469851494,
  "eye_contact_median": 0.981901228427887,
  "eye_contact_max": 0.9999443292617798,
  "eye_openness_mean": 0.9718506932258606,
  "eye_openness_std": 0.10974164307117462,
  "eye_openness_median": 1.0,
  "eye_openness_max": 1.0,
  "gaze_stability_mean": 0.9773187637329102,
  "gaze_stability_std": 0.03609330579638481,
  "gaze_stability_median": 0.9921448230743408,
  "gaze_stability_max": 1.0,
  "head_tilt_mean": 0.14329612255096436,
  "head_tilt_std": 0.14725005626678467,
  "head_tilt_median": 0.11051647365093231,
  "head_tilt_max": 0.8045002818107605,
  "expression_speed_mean": 0.2211274802684784,
  "expression_speed_std": 0.2322608381509781,
  "expression_speed_median": 0.11459946632385254,
  "expression_speed_max": 1.0,
  "happy_mean": 0.15479955077171326,
  "happy_std": 0.3311169445514679,
  "happy_median": 0.0002326919639017433,
  "happy_max": 0.99997878074646,
  "neutral_mean": 0.4271261394023895,
  "neutral_std": 0.3913002014160156,
  "neutral_median": 0.44793879985809326,
  "neutral_max": 0.9999992251396179,
  "surprise_mean": 0.034706395119428635,
  "surprise_std": 0.14019745588302612,
  "surprise_median": 7.569867648271611e-06,
  "surprise_max": 0.9553014636039734,
  "processed_frames": 78.0,
  "video_name": "3.mp4"
}