{
  "facial_symmetry_mean": 0.8244383931159973,
  "facial_symmetry_std": 0.09199266880750656,
  "facial_symmetry_median": 0.8070845603942871,
  "facial_symmetry_max": 0.9739773869514465,
  "face_width_height_ratio_mean": 1.3322184085845947,
  "face_width_height_ratio_std": 0.17340488731861115,
  "face_width_height_ratio_median": 1.352748155593872,
  "face_width_height_ratio_max": 1.5679244995117188,
  "eye_spacing_ratio_mean": 0.6519416570663452,
  "eye_spacing_ratio_std": 0.03130991384387016,
  "eye_spacing_ratio_median": 0.642642617225647,
  "eye_spacing_ratio_max": 0.7557560801506042,
  "jaw_ratio_mean": 0.7567806839942932,
  "jaw_ratio_std": 0.03164913132786751,
  "jaw_ratio_median": 0.7502358555793762,
  "jaw_ratio_max": 0.8733845949172974,
  "smile_intensity_mean": 0.13255411386489868,
  "smile_intensity_std": 0.10131001472473145,
  "smile_intensity_median": 0.13401275873184204,
  "smile_intensity_max": 0.3319069445133209,
  "eye_contact_mean": 0.9400027394294739,
  "eye_contact_std": 0.041111961007118225,
  "eye_contact_median": 0.9366607069969177,
  "eye_contact_max": 0.9999173879623413,
  "eye_openness_mean": 0.5828628540039062,
  "eye_openness_std": 0.29527536034584045,
  "eye_openness_median": 0.5407364964485168,
  "eye_openness_max": 0.9859350919723511,
  "gaze_stability_mean": 0.9837630987167358,
  "gaze_stability_std": 0.019802145659923553,
  "gaze_stability_median": 0.992849588394165,
  "gaze_stability_max": 1.0,
  "head_tilt_mean": 0.028904804959893227,
  "head_tilt_std": 0.019945435225963593,
  "head_tilt_median": 0.02171337604522705,
  "head_tilt_max": 0.07373891770839691,
  "expression_speed_mean": 0.1350862681865692,
  "expression_speed_std": 0.16336368024349213,
  "expression_speed_median": 0.06559432297945023,
  "expression_speed_max": 0.7203922867774963,
  "happy_mean": 0.12011358886957169,
  "happy_std": 0.29159173369407654,
  "happy_median": 1.5635145246051252e-05,
  "happy_max": 0.994275689125061,
  "neutral_mean": 0.11709735542535782,
  "neutral_std": 0.24583375453948975,
  "neutral_median": 0.0008667339570820332,
  "neutral_max": 0.9782766103744507,
  "surprise_mean": 0.04332346469163895,
  "surprise_std": 0.14959126710891724,
  "surprise_median": 1.429939278096981e-08,
  "surprise_max": 0.6970053911209106,
  "processed_frames": 40.0,
  "video_name": "1 (2).mp4"
}