{
  "facial_symmetry_mean": 0.8528271317481995,
  "facial_symmetry_std": 0.06978987157344818,
  "facial_symmetry_median": 0.8441412448883057,
  "facial_symmetry_max": 0.9902865886688232,
  "face_width_height_ratio_mean": 0.759368360042572,
  "face_width_height_ratio_std": 0.06231570243835449,
  "face_width_height_ratio_median": 0.7601403594017029,
  "face_width_height_ratio_max": 0.8933050632476807,
  "eye_spacing_ratio_mean": 0.630900502204895,
  "eye_spacing_ratio_std": 0.03295137360692024,
  "eye_spacing_ratio_median": 0.6307520270347595,
  "eye_spacing_ratio_max": 0.7130497694015503,
  "jaw_ratio_mean": 0.7630229592323303,
  "jaw_ratio_std": 0.02395307645201683,
  "jaw_ratio_median": 0.7572811841964722,
  "jaw_ratio_max": 0.8689135909080505,
  "smile_intensity_mean": 0.16105659306049347,
  "smile_intensity_std": 0.21645709872245789,
  "smile_intensity_median": 0.027097027748823166,
  "smile_intensity_max": 1.0,
  "eye_contact_mean": 0.9388748407363892,
  "eye_contact_std": 0.042078327387571335,
  "eye_contact_median": 0.9464511871337891,
  "eye_contact_max": 0.9991267919540405,
  "eye_openness_mean": 0.7103258967399597,
  "eye_openness_std": 0.27466243505477905,
  "eye_openness_median": 0.6715949177742004,
  "eye_openness_max": 1.0,
  "gaze_stability_mean": 0.9874094724655151,
  "gaze_stability_std": 0.019860856235027313,
  "gaze_stability_median": 0.994970440864563,
  "gaze_stability_max": 1.0,
  "head_tilt_mean": 0.06094084680080414,
  "head_tilt_std": 0.07595381885766983,
  "head_tilt_median": 0.032563209533691406,
  "head_tilt_max": 0.33089935779571533,
  "expression_speed_mean": 0.14574289321899414,
  "expression_speed_std": 0.20289383828639984,
  "expression_speed_median": 0.06493507325649261,
  "expression_speed_max": 0.8492506742477417,
  "happy_mean": 0.1253003031015396,
  "happy_std": 0.2671199440956116,
  "happy_median": 0.0007765223272144794,
  "happy_max": 0.9992761015892029,
  "neutral_mean": 0.3530103266239166,
  "neutral_std": 0.3603566884994507,
  "neutral_median": 0.22959578037261963,
  "neutral_max": 0.9969160556793213,
  "surprise_mean": 0.007983218878507614,
  "surprise_std": 0.05325598642230034,
  "surprise_median": 1.0749963621492498e-05,
  "surprise_max": 0.6104666590690613,
  "processed_frames": 137.0,
  "video_name": "1 (3).mp4"
}