{
  "facial_symmetry_mean": 0.8701126575469971,
  "facial_symmetry_std": 0.0393160805106163,
  "facial_symmetry_median": 0.8832896947860718,
  "facial_symmetry_max": 0.9268296957015991,
  "face_width_height_ratio_mean": 0.5895667672157288,
  "face_width_height_ratio_std": 0.04666410759091377,
  "face_width_height_ratio_median": 0.6012076735496521,
  "face_width_height_ratio_max": 0.6662903428077698,
  "eye_spacing_ratio_mean": 0.6528074145317078,
  "eye_spacing_ratio_std": 0.025708377361297607,
  "eye_spacing_ratio_median": 0.6527591943740845,
  "eye_spacing_ratio_max": 0.7108604311943054,
  "jaw_ratio_mean": 0.7534431219100952,
  "jaw_ratio_std": 0.014492121525108814,
  "jaw_ratio_median": 0.7558361291885376,
  "jaw_ratio_max": 0.7906776070594788,
  "smile_intensity_mean": 0.13043595850467682,
  "smile_intensity_std": 0.15526971220970154,
  "smile_intensity_median": 0.03381729871034622,
  "smile_intensity_max": 0.5094831585884094,
  "eye_contact_mean": 0.9406108856201172,
  "eye_contact_std": 0.024298425763845444,
  "eye_contact_median": 0.9324946999549866,
  "eye_contact_max": 0.9964475035667419,
  "eye_openness_mean": 0.7892359495162964,
  "eye_openness_std": 0.24276234209537506,
  "eye_openness_median": 0.8926427364349365,
  "eye_openness_max": 1.0,
  "gaze_stability_mean": 0.9919134974479675,
  "gaze_stability_std": 0.012386803515255451,
  "gaze_stability_median": 0.9957583546638489,
  "gaze_stability_max": 1.0,
  "head_tilt_mean": 0.057777922600507736,
  "head_tilt_std": 0.03655734285712242,
  "head_tilt_median": 0.05907982587814331,
  "head_tilt_max": 0.14500439167022705,
  "expression_speed_mean": 0.09272448718547821,
  "expression_speed_std": 0.11393868923187256,
  "expression_speed_median": 0.04626889154314995,
  "expression_speed_max": 0.445077508687973,
  "happy_mean": 0.08374438434839249,
  "happy_std": 0.2513338029384613,
  "happy_median": 0.0016018823953345418,
  "happy_max": 0.9953395128250122,
  "neutral_mean": 0.5804416537284851,
  "neutral_std": 0.3727567791938782,
  "neutral_median": 0.7178444266319275,
  "neutral_max": 0.991715669631958,
  "surprise_mean": 0.0019084281520918012,
  "surprise_std": 0.014428057707846165,
  "surprise_median": 5.6472404139640275e-06,
  "surprise_max": 0.13221240043640137,
  "processed_frames": 83.0,
  "video_name": "1 (4).mp4"
}