{
  "facial_symmetry_mean": 0.8425911664962769,
  "facial_symmetry_std": 0.12068650871515274,
  "facial_symmetry_median": 0.8209704160690308,
  "facial_symmetry_max": 0.9854581952095032,
  "face_width_height_ratio_mean": 1.7196508646011353,
  "face_width_height_ratio_std": 0.13332600891590118,
  "face_width_height_ratio_median": 1.7825524806976318,
  "face_width_height_ratio_max": 1.9224269390106201,
  "eye_spacing_ratio_mean": 0.6395161151885986,
  "eye_spacing_ratio_std": 0.01450627576559782,
  "eye_spacing_ratio_median": 0.63670414686203,
  "eye_spacing_ratio_max": 0.6696561574935913,
  "jaw_ratio_mean": 0.7474604249000549,
  "jaw_ratio_std": 0.010080487467348576,
  "jaw_ratio_median": 0.7474349737167358,
  "jaw_ratio_max": 0.7806732654571533,
  "smile_intensity_mean": 0.02505047246813774,
  "smile_intensity_std": 0.03620443493127823,
  "smile_intensity_median": 0.012362648732960224,
  "smile_intensity_max": 0.16270712018013,
  "eye_contact_mean": 0.9629001617431641,
  "eye_contact_std": 0.03676742687821388,
  "eye_contact_median": 0.9780842065811157,
  "eye_contact_max": 0.9999383091926575,
  "eye_openness_mean": 0.6920344829559326,
  "eye_openness_std": 0.20137616991996765,
  "eye_openness_median": 0.6657103896141052,
  "eye_openness_max": 0.9918292164802551,
  "gaze_stability_mean": 0.9916024804115295,
  "gaze_stability_std": 0.01717090606689453,
  "gaze_stability_median": 0.9960814714431763,
  "gaze_stability_max": 1.0,
  "head_tilt_mean": 0.03237487003207207,
  "head_tilt_std": 0.015065175481140614,
  "head_tilt_median": 0.030971840023994446,
  "head_tilt_max": 0.06040036678314209,
  "expression_speed_mean": 0.054736897349357605,
  "expression_speed_std": 0.08373352885246277,
  "expression_speed_median": 0.0269547700881958,
  "expression_speed_max": 0.5672668218612671,
  "happy_mean": 0.08699480444192886,
  "happy_std": 0.18437626957893372,
  "happy_median": 3.2635660318192095e-05,
  "happy_max": 0.7559633851051331,
  "neutral_mean": 0.5064038634300232,
  "neutral_std": 0.3987206816673279,
  "neutral_median": 0.503247082233429,
  "neutral_max": 0.9991752505302429,
  "surprise_mean": 0.0018706796690821648,
  "surprise_std": 0.006321214139461517,
  "surprise_median": 1.2212901310704183e-05,
  "surprise_max": 0.044530343264341354,
  "processed_frames": 84.0,
  "video_name": "1 (5).mp4"
}