{
  "expression_speed_max": 0.7148296485344569,
  "expression_speed_mean": 0.1263534501194954,
  "expression_speed_median": 0.06057345805068811,
  "expression_speed_std": 0.16233965009450912,
  "eye_contact_max": 0.9982102711995443,
  "eye_contact_mean": 0.9415359099706014,
  "eye_contact_median": 0.9445420900980631,
  "eye_contact_std": 0.03718532808125019,
  "eye_openness_max": 0.9962940514087677,
  "eye_openness_mean": 0.707766979932785,
  "eye_openness_median": 0.7253566483656565,
  "eye_openness_std": 0.2522900427381198,
  "eye_spacing_ratio_max": 0.7417516012986501,
  "eye_spacing_ratio_mean": 0.6451320151487986,
  "eye_spacing_ratio_median": 0.641820619503657,
  "eye_spacing_ratio_std": 0.029168799985200167,
  "face_width_height_ratio_max": 1.236701339483261,
  "face_width_height_ratio_mean": 1.0347394446531932,
  "face_width_height_ratio_median": 1.0514165163040161,
  "face_width_height_ratio_std": 0.10456852180262406,
  "facial_symmetry_max": 0.9778329332669576,
  "facial_symmetry_mean": 0.8482320209344228,
  "facial_symmetry_median": 0.8387437959512075,
  "facial_symmetry_std": 0.07900127892692883,
  "gaze_stability_max": 1.0,
  "gaze_stability_mean": 0.9863463044166565,
  "gaze_stability_median": 0.9940727551778158,
  "gaze_stability_std": 0.01997618703171611,
  "happy_max": 0.9559610386689504,
  "happy_mean": 0.11731493721405666,
  "happy_median": 0.000643396668844313,
  "happy_std": 0.2640370999773343,
  "head_tilt_max": 0.21655980497598648,
  "head_tilt_mean": 0.052155470165113606,
  "head_tilt_median": 0.03625888377428055,
  "head_tilt_std": 0.051537544932216406,
  "jaw_ratio_max": 0.8395634293556213,
  "jaw_ratio_mean": 0.7562226057052612,
  "jaw_ratio_median": 0.7530371149381002,
  "jaw_ratio_std": 0.021012102253735065,
  "neutral_max": 0.9942282537619272,
  "neutral_mean": 0.359762292355299,
  "neutral_median": 0.264143478202944,
  "neutral_std": 0.3541472256183624,
  "processed_frames": 95.33333333333333,
  "smile_intensity_max": 0.5849641263484955,
  "smile_intensity_mean": 0.13492672828336558,
  "smile_intensity_median": 0.07140165334567428,
  "smile_intensity_std": 0.14806818341215452,
  "surprise_max": 0.42493213651080924,
  "surprise_mean": 0.018115724029485136,
  "surprise_median": 1.642621712087215e-05,
  "surprise_std": 0.0668856530295064,
  "video_count": 6.0,
  "valid_video_count": 6.0,
  "valid_video_ratio": 1.0,
  "total_processed_frames": 572.0,
  "avg_processed_frames": 95.33333333333333,
  "quality_score": 0.8542222222222222,
  "person_name": "Quan Tuyết Doanh"
}