{
  "facial_symmetry_mean": 0.8221912384033203,
  "facial_symmetry_std": 0.1113865077495575,
  "facial_symmetry_median": 0.8363306522369385,
  "facial_symmetry_max": 0.9964166879653931,
  "face_width_height_ratio_mean": 1.0701030492782593,
  "face_width_height_ratio_std": 0.0744578093290329,
  "face_width_height_ratio_median": 1.0758068561553955,
  "face_width_height_ratio_max": 1.3781373500823975,
  "eye_spacing_ratio_mean": 0.6451540589332581,
  "eye_spacing_ratio_std": 0.03360791504383087,
  "eye_spacing_ratio_median": 0.6438685655593872,
  "eye_spacing_ratio_max": 0.7696593999862671,
  "jaw_ratio_mean": 0.7867482900619507,
  "jaw_ratio_std": 0.020961690694093704,
  "jaw_ratio_median": 0.7848712205886841,
  "jaw_ratio_max": 0.8382818102836609,
  "smile_intensity_mean": 0.2644307315349579,
  "smile_intensity_std": 0.1748349964618683,
  "smile_intensity_median": 0.29399043321609497,
  "smile_intensity_max": 0.5716863870620728,
  "eye_contact_mean": 0.9367717504501343,
  "eye_contact_std": 0.05447404086589813,
  "eye_contact_median": 0.9562411308288574,
  "eye_contact_max": 0.9999561309814453,
  "eye_openness_mean": 0.8231403827667236,
  "eye_openness_std": 0.22232310473918915,
  "eye_openness_median": 0.9563073515892029,
  "eye_openness_max": 1.0,
  "gaze_stability_mean": 0.9782832860946655,
  "gaze_stability_std": 0.03430389240384102,
  "gaze_stability_median": 0.9918769598007202,
  "gaze_stability_max": 1.0,
  "head_tilt_mean": 0.10351493954658508,
  "head_tilt_std": 0.0995003804564476,
  "head_tilt_median": 0.07573239505290985,
  "head_tilt_max": 0.45102372765541077,
  "expression_speed_mean": 0.14386272430419922,
  "expression_speed_std": 0.17431318759918213,
  "expression_speed_median": 0.059075675904750824,
  "expression_speed_max": 0.7190136909484863,
  "happy_mean": 0.5065563917160034,
  "happy_std": 0.47856539487838745,
  "happy_median": 0.6140175461769104,
  "happy_max": 1.0,
  "neutral_mean": 0.14883387088775635,
  "neutral_std": 0.2859739363193512,
  "neutral_median": 0.003475688863545656,
  "neutral_max": 0.9999845027923584,
  "surprise_mean": 0.023987652733922005,
  "surprise_std": 0.11533964425325394,
  "surprise_median": 2.6336886094213696e-07,
  "surprise_max": 0.9419443607330322,
  "processed_frames": 176.0,
  "video_name": "1.mp4"
}