{
  "facial_symmetry_mean": 0.8872382044792175,
  "facial_symmetry_std": 0.053755007684230804,
  "facial_symmetry_median": 0.8887850642204285,
  "facial_symmetry_max": 0.9838637709617615,
  "face_width_height_ratio_mean": 0.5751688480377197,
  "face_width_height_ratio_std": 0.07997136563062668,
  "face_width_height_ratio_median": 0.59023118019104,
  "face_width_height_ratio_max": 0.8421381711959839,
  "eye_spacing_ratio_mean": 0.6211965680122375,
  "eye_spacing_ratio_std": 0.04501783102750778,
  "eye_spacing_ratio_median": 0.6221268177032471,
  "eye_spacing_ratio_max": 0.7399986982345581,
  "jaw_ratio_mean": 0.7852461338043213,
  "jaw_ratio_std": 0.021285563707351685,
  "jaw_ratio_median": 0.783726155757904,
  "jaw_ratio_max": 0.8233391046524048,
  "smile_intensity_mean": 0.48823460936546326,
  "smile_intensity_std": 0.34807220101356506,
  "smile_intensity_median": 0.5992530584335327,
  "smile_intensity_max": 1.0,
  "eye_contact_mean": 0.966362476348877,
  "eye_contact_std": 0.032210033386945724,
  "eye_contact_median": 0.9807729721069336,
  "eye_contact_max": 0.9975994229316711,
  "eye_openness_mean": 0.7252033948898315,
  "eye_openness_std": 0.2744387984275818,
  "eye_openness_median": 0.7285770177841187,
  "eye_openness_max": 1.0,
  "gaze_stability_mean": 0.9865869283676147,
  "gaze_stability_std": 0.014380458742380142,
  "gaze_stability_median": 0.990957498550415,
  "gaze_stability_max": 1.0,
  "head_tilt_mean": 0.1297275871038437,
  "head_tilt_std": 0.12376668304204941,
  "head_tilt_median": 0.08569210767745972,
  "head_tilt_max": 0.5810890197753906,
  "expression_speed_mean": 0.21297498047351837,
  "expression_speed_std": 0.2509177029132843,
  "expression_speed_median": 0.0799366906285286,
  "expression_speed_max": 1.0,
  "happy_mean": 0.3026514947414398,
  "happy_std": 0.40640440583229065,
  "happy_median": 0.006502801552414894,
  "happy_max": 0.9984056949615479,
  "neutral_mean": 0.20717372000217438,
  "neutral_std": 0.3176918029785156,
  "neutral_median": 0.025690365582704544,
  "neutral_max": 0.9979228973388672,
  "surprise_mean": 0.01953255571424961,
  "surprise_std": 0.07136564701795578,
  "surprise_median": 5.851603646078729e-07,
  "surprise_max": 0.3880406618118286,
  "processed_frames": 46.0,
  "video_name": "3.mp4"
}