{
  "facial_symmetry_mean": 0.8785462379455566,
  "facial_symmetry_std": 0.07225406914949417,
  "facial_symmetry_median": 0.8876302242279053,
  "facial_symmetry_max": 0.9996849298477173,
  "face_width_height_ratio_mean": 0.5591163039207458,
  "face_width_height_ratio_std": 0.05125804245471954,
  "face_width_height_ratio_median": 0.5645776391029358,
  "face_width_height_ratio_max": 0.7126036882400513,
  "eye_spacing_ratio_mean": 0.6311590671539307,
  "eye_spacing_ratio_std": 0.035221174359321594,
  "eye_spacing_ratio_median": 0.6351023316383362,
  "eye_spacing_ratio_max": 0.7236571907997131,
  "jaw_ratio_mean": 0.7693848609924316,
  "jaw_ratio_std": 0.019904304295778275,
  "jaw_ratio_median": 0.7730690240859985,
  "jaw_ratio_max": 0.819365382194519,
  "smile_intensity_mean": 0.30585169792175293,
  "smile_intensity_std": 0.3058376908302307,
  "smile_intensity_median": 0.16481027007102966,
  "smile_intensity_max": 1.0,
  "eye_contact_mean": 0.9576165676116943,
  "eye_contact_std": 0.02993362955749035,
  "eye_contact_median": 0.9647859930992126,
  "eye_contact_max": 0.9995881915092468,
  "eye_openness_mean": 0.8091776967048645,
  "eye_openness_std": 0.28880083560943604,
  "eye_openness_median": 1.0,
  "eye_openness_max": 1.0,
  "gaze_stability_mean": 0.9880425930023193,
  "gaze_stability_std": 0.017236243933439255,
  "gaze_stability_median": 0.9938095808029175,
  "gaze_stability_max": 1.0,
  "head_tilt_mean": 0.20664317905902863,
  "head_tilt_std": 0.1628308892250061,
  "head_tilt_median": 0.19264750182628632,
  "head_tilt_max": 0.7257528305053711,
  "expression_speed_mean": 0.13150356709957123,
  "expression_speed_std": 0.17678384482860565,
  "expression_speed_median": 0.04811684414744377,
  "expression_speed_max": 0.8572249412536621,
  "happy_mean": 0.21314819157123566,
  "happy_std": 0.3598654866218567,
  "happy_median": 0.002479309681802988,
  "happy_max": 0.9999995827674866,
  "neutral_mean": 0.3079570531845093,
  "neutral_std": 0.3609175682067871,
  "neutral_median": 0.10945481806993484,
  "neutral_max": 1.0,
  "surprise_mean": 0.07237524539232254,
  "surprise_std": 0.20911471545696259,
  "surprise_median": 1.3860775652574375e-05,
  "surprise_max": 0.9601616859436035,
  "processed_frames": 222.0,
  "video_name": "6.mp4"
}