{
  "facial_symmetry_mean": 0.8843249082565308,
  "facial_symmetry_std": 0.044378895312547684,
  "facial_symmetry_median": 0.8752676844596863,
  "facial_symmetry_max": 0.9999224543571472,
  "face_width_height_ratio_mean": 0.4578907787799835,
  "face_width_height_ratio_std": 0.03656641021370888,
  "face_width_height_ratio_median": 0.4432445168495178,
  "face_width_height_ratio_max": 0.5748504400253296,
  "eye_spacing_ratio_mean": 0.6466974020004272,
  "eye_spacing_ratio_std": 0.02257509157061577,
  "eye_spacing_ratio_median": 0.6448772549629211,
  "eye_spacing_ratio_max": 0.6940044164657593,
  "jaw_ratio_mean": 0.7897771000862122,
  "jaw_ratio_std": 0.013185393065214157,
  "jaw_ratio_median": 0.7905486822128296,
  "jaw_ratio_max": 0.8215158581733704,
  "smile_intensity_mean": 0.23844560980796814,
  "smile_intensity_std": 0.3450298011302948,
  "smile_intensity_median": 0.05052390694618225,
  "smile_intensity_max": 1.0,
  "eye_contact_mean": 0.9638901948928833,
  "eye_contact_std": 0.02344752848148346,
  "eye_contact_median": 0.9561266899108887,
  "eye_contact_max": 0.9999662637710571,
  "eye_openness_mean": 0.8054944276809692,
  "eye_openness_std": 0.19433526694774628,
  "eye_openness_median": 0.8139590620994568,
  "eye_openness_max": 1.0,
  "gaze_stability_mean": 0.9940413236618042,
  "gaze_stability_std": 0.006681721191853285,
  "gaze_stability_median": 0.9958853125572205,
  "gaze_stability_max": 1.0,
  "head_tilt_mean": 0.09876584261655807,
  "head_tilt_std": 0.12162227183580399,
  "head_tilt_median": 0.054396241903305054,
  "head_tilt_max": 0.5084823369979858,
  "expression_speed_mean": 0.1189558133482933,
  "expression_speed_std": 0.1499772071838379,
  "expression_speed_median": 0.07102851569652557,
  "expression_speed_max": 0.8303301334381104,
  "happy_mean": 0.027352895587682724,
  "happy_std": 0.12563584744930267,
  "happy_median": 1.2983868145965971e-05,
  "happy_max": 0.9999979734420776,
  "neutral_mean": 0.24307899177074432,
  "neutral_std": 0.3092966079711914,
  "neutral_median": 0.0814470499753952,
  "neutral_max": 0.9947289228439331,
  "surprise_mean": 0.043359965085983276,
  "surprise_std": 0.16855981945991516,
  "surprise_median": 9.728763689054176e-05,
  "surprise_max": 0.9984169602394104,
  "processed_frames": 173.0,
  "video_name": "8.mp4"
}