{
  "expression_speed_max": 0.8858690038323402,
  "expression_speed_mean": 0.16412380058318377,
  "expression_speed_median": 0.08454913040623069,
  "expression_speed_std": 0.1860535703599453,
  "eye_contact_max": 0.9993480071425438,
  "eye_contact_mean": 0.9527529776096344,
  "eye_contact_median": 0.9577368050813675,
  "eye_contact_std": 0.034154003486037254,
  "eye_openness_max": 1.0,
  "eye_openness_mean": 0.769524596631527,
  "eye_openness_median": 0.8755433708429337,
  "eye_openness_std": 0.2611301839351654,
  "eye_spacing_ratio_max": 0.7242912203073502,
  "eye_spacing_ratio_mean": 0.6355012208223343,
  "eye_spacing_ratio_median": 0.6353546530008316,
  "eye_spacing_ratio_std": 0.031780765391886234,
  "face_width_height_ratio_max": 1.0703910812735558,
  "face_width_height_ratio_mean": 0.8527686037123203,
  "face_width_height_ratio_median": 0.8604452759027481,
  "face_width_height_ratio_std": 0.08130701025947928,
  "facial_symmetry_max": 0.9957089945673943,
  "facial_symmetry_mean": 0.849438302218914,
  "facial_symmetry_median": 0.8593780770897865,
  "facial_symmetry_std": 0.08719509793445468,
  "gaze_stability_max": 1.0,
  "gaze_stability_mean": 0.9857803508639336,
  "gaze_stability_median": 0.9922033697366714,
  "gaze_stability_std": 0.01939476776169613,
  "happy_max": 0.9997974932193756,
  "happy_mean": 0.3242620932869613,
  "happy_median": 0.2552222940223601,
  "happy_std": 0.3835385050624609,
  "head_tilt_max": 0.4557182714343071,
  "head_tilt_mean": 0.13256163336336613,
  "head_tilt_median": 0.1122712679207325,
  "head_tilt_std": 0.1059765457175672,
  "jaw_ratio_max": 0.8408448770642281,
  "jaw_ratio_mean": 0.7844740971922874,
  "jaw_ratio_median": 0.7841158583760262,
  "jaw_ratio_std": 0.019063053419813514,
  "neutral_max": 0.9982357397675514,
  "neutral_mean": 0.23558068368583918,
  "neutral_median": 0.07422737460728968,
  "neutral_std": 0.3285963200032711,
  "processed_frames": 132.0,
  "smile_intensity_max": 0.8332648277282715,
  "smile_intensity_mean": 0.3036733400076628,
  "smile_intensity_median": 0.27794613572768867,
  "smile_intensity_std": 0.23937399126589298,
  "surprise_max": 0.8069804552942514,
  "surprise_mean": 0.03942924761213362,
  "surprise_median": 5.8481643520735815e-05,
  "surprise_std": 0.14012790797278285,
  "video_count": 8.0,
  "valid_video_count": 8.0,
  "valid_video_ratio": 1.0,
  "total_processed_frames": 1056.0,
  "avg_processed_frames": 132.0,
  "quality_score": 0.952,
  "person_name": "Trịnh Sảng"
}