{
  "facial_symmetry_mean": 0.6238776445388794,
  "facial_symmetry_std": 0.17030785977840424,
  "facial_symmetry_median": 0.6031931042671204,
  "facial_symmetry_max": 0.9747782945632935,
  "face_width_height_ratio_mean": 1.330169916152954,
  "face_width_height_ratio_std": 0.15610188245773315,
  "face_width_height_ratio_median": 1.3698389530181885,
  "face_width_height_ratio_max": 1.6541004180908203,
  "eye_spacing_ratio_mean": 0.6642407178878784,
  "eye_spacing_ratio_std": 0.028264522552490234,
  "eye_spacing_ratio_median": 0.6563137769699097,
  "eye_spacing_ratio_max": 0.7303722500801086,
  "jaw_ratio_mean": 0.7644172310829163,
  "jaw_ratio_std": 0.023944782093167305,
  "jaw_ratio_median": 0.7636379599571228,
  "jaw_ratio_max": 0.8187359571456909,
  "smile_intensity_mean": 0.09021930396556854,
  "smile_intensity_std": 0.09943228960037231,
  "smile_intensity_median": 0.048612263053655624,
  "smile_intensity_max": 0.3813445270061493,
  "eye_contact_mean": 0.8875799179077148,
  "eye_contact_std": 0.06898381561040878,
  "eye_contact_median": 0.8990840315818787,
  "eye_contact_max": 0.9719254970550537,
  "eye_openness_mean": 0.994905948638916,
  "eye_openness_std": 0.02787703275680542,
  "eye_openness_median": 1.0,
  "eye_openness_max": 1.0,
  "gaze_stability_mean": 0.9598343968391418,
  "gaze_stability_std": 0.06578142940998077,
  "gaze_stability_median": 0.979342520236969,
  "gaze_stability_max": 1.0,
  "head_tilt_mean": 0.30771854519844055,
  "head_tilt_std": 0.24232494831085205,
  "head_tilt_median": 0.2625638246536255,
  "head_tilt_max": 0.9615154266357422,
  "expression_speed_mean": 0.16810452938079834,
  "expression_speed_std": 0.1897704303264618,
  "expression_speed_median": 0.09007008373737335,
  "expression_speed_max": 0.6897510886192322,
  "happy_mean": 0.05113588646054268,
  "happy_std": 0.1652776300907135,
  "happy_median": 1.1576240467547905e-05,
  "happy_max": 0.7291955947875977,
  "neutral_mean": 0.39287763833999634,
  "neutral_std": 0.4170204997062683,
  "neutral_median": 0.24756981432437897,
  "neutral_max": 0.9972711801528931,
  "surprise_mean": 0.00013195401697885245,
  "surprise_std": 0.000515054736752063,
  "surprise_median": 1.6580819419687032e-06,
  "surprise_max": 0.0030138310976326466,
  "processed_frames": 35.0,
  "video_name": "1 (1).mp4"
}