{
  "facial_symmetry_mean": 0.8826559782028198,
  "facial_symmetry_std": 0.08013581484556198,
  "facial_symmetry_median": 0.9098914265632629,
  "facial_symmetry_max": 0.9976536631584167,
  "face_width_height_ratio_mean": 1.0751093626022339,
  "face_width_height_ratio_std": 0.07338772714138031,
  "face_width_height_ratio_median": 1.0563898086547852,
  "face_width_height_ratio_max": 1.3087574243545532,
  "eye_spacing_ratio_mean": 0.6358175277709961,
  "eye_spacing_ratio_std": 0.02195800095796585,
  "eye_spacing_ratio_median": 0.6338716745376587,
  "eye_spacing_ratio_max": 0.6820932626724243,
  "jaw_ratio_mean": 0.7812203168869019,
  "jaw_ratio_std": 0.018246965482831,
  "jaw_ratio_median": 0.7801994681358337,
  "jaw_ratio_max": 0.8318210244178772,
  "smile_intensity_mean": 0.15140491724014282,
  "smile_intensity_std": 0.13086552917957306,
  "smile_intensity_median": 0.10155381262302399,
  "smile_intensity_max": 0.38950616121292114,
  "eye_contact_mean": 0.9519379138946533,
  "eye_contact_std": 0.037203866988420486,
  "eye_contact_median": 0.9517540335655212,
  "eye_contact_max": 0.9963793754577637,
  "eye_openness_mean": 0.653780460357666,
  "eye_openness_std": 0.28005722165107727,
  "eye_openness_median": 0.6316421031951904,
  "eye_openness_max": 1.0,
  "gaze_stability_mean": 0.9851908683776855,
  "gaze_stability_std": 0.026306752115488052,
  "gaze_stability_median": 0.9951481819152832,
  "gaze_stability_max": 1.0,
  "head_tilt_mean": 0.05749593302607536,
  "head_tilt_std": 0.0435851626098156,
  "head_tilt_median": 0.04635687917470932,
  "head_tilt_max": 0.20927920937538147,
  "expression_speed_mean": 0.12198798358440399,
  "expression_speed_std": 0.16066496074199677,
  "expression_speed_median": 0.060848817229270935,
  "expression_speed_max": 0.7858379483222961,
  "happy_mean": 0.044857777655124664,
  "happy_std": 0.15092532336711884,
  "happy_median": 0.0005369848804548383,
  "happy_max": 0.8624334335327148,
  "neutral_mean": 0.2614947557449341,
  "neutral_std": 0.3528763949871063,
  "neutral_median": 0.04277685284614563,
  "neutral_max": 0.9935675859451294,
  "surprise_mean": 0.06060410663485527,
  "surprise_std": 0.19428998231887817,
  "surprise_median": 0.00010191565525019541,
  "surprise_max": 0.9334942698478699,
  "processed_frames": 82.0,
  "video_name": "1 (2).mp4"
}