{
  "facial_symmetry_mean": 0.8228126168251038,
  "facial_symmetry_std": 0.07880336046218872,
  "facial_symmetry_median": 0.8262585997581482,
  "facial_symmetry_max": 0.9911264777183533,
  "face_width_height_ratio_mean": 1.2099322080612183,
  "face_width_height_ratio_std": 0.19742357730865479,
  "face_width_height_ratio_median": 1.2308307886123657,
  "face_width_height_ratio_max": 1.6496613025665283,
  "eye_spacing_ratio_mean": 0.6218109726905823,
  "eye_spacing_ratio_std": 0.05552665516734123,
  "eye_spacing_ratio_median": 0.6184879541397095,
  "eye_spacing_ratio_max": 0.8503573536872864,
  "jaw_ratio_mean": 0.7785655856132507,
  "jaw_ratio_std": 0.024245116859674454,
  "jaw_ratio_median": 0.7778371572494507,
  "jaw_ratio_max": 0.8758789896965027,
  "smile_intensity_mean": 0.03666742518544197,
  "smile_intensity_std": 0.06788401305675507,
  "smile_intensity_median": 0.01474058348685503,
  "smile_intensity_max": 0.4590490758419037,
  "eye_contact_mean": 0.9299997687339783,
  "eye_contact_std": 0.03902401775121689,
  "eye_contact_median": 0.9287636280059814,
  "eye_contact_max": 0.9999213218688965,
  "eye_openness_mean": 0.4026055932044983,
  "eye_openness_std": 0.22511522471904755,
  "eye_openness_median": 0.29118090867996216,
  "eye_openness_max": 0.8377168774604797,
  "gaze_stability_mean": 0.9834485650062561,
  "gaze_stability_std": 0.020466318354010582,
  "gaze_stability_median": 0.9913652539253235,
  "gaze_stability_max": 1.0,
  "head_tilt_mean": 0.045489516109228134,
  "head_tilt_std": 0.03960482403635979,
  "head_tilt_median": 0.045849159359931946,
  "head_tilt_max": 0.17029359936714172,
  "expression_speed_mean": 0.16113458573818207,
  "expression_speed_std": 0.1725401133298874,
  "expression_speed_median": 0.09099768102169037,
  "expression_speed_max": 0.6751992702484131,
  "happy_mean": 0.15971346199512482,
  "happy_std": 0.3274068832397461,
  "happy_median": 8.595811959821731e-05,
  "happy_max": 0.9935678243637085,
  "neutral_mean": 0.27776825428009033,
  "neutral_std": 0.36427634954452515,
  "neutral_median": 0.0506112203001976,
  "neutral_max": 0.9998573660850525,
  "surprise_mean": 0.015657510608434677,
  "surprise_std": 0.09848977625370026,
  "surprise_median": 1.7830063825385878e-06,
  "surprise_max": 0.9200477600097656,
  "processed_frames": 102.0,
  "video_name": "1 (6).mp4"
}