{
  "expression_speed_max": 0.6809071699778239,
  "expression_speed_mean": 0.12712097292145094,
  "expression_speed_median": 0.057935032372673355,
  "expression_speed_std": 0.1622772365808487,
  "eye_contact_max": 0.99293385942777,
  "eye_contact_mean": 0.9354303280512491,
  "eye_contact_median": 0.942442903916041,
  "eye_contact_std": 0.04292922529081503,
  "eye_openness_max": 0.97295281291008,
  "eye_openness_mean": 0.7676266034444174,
  "eye_openness_median": 0.7708578109741211,
  "eye_openness_std": 0.17480254297455153,
  "eye_spacing_ratio_max": 0.727160801490148,
  "eye_spacing_ratio_mean": 0.6437940796216329,
  "eye_spacing_ratio_median": 0.6404290695985159,
  "eye_spacing_ratio_std": 0.02820409197981159,
  "face_width_height_ratio_max": 1.4169455965360005,
  "face_width_height_ratio_mean": 1.1328995029131572,
  "face_width_height_ratio_median": 1.139081339041392,
  "face_width_height_ratio_std": 0.12999855230251947,
  "facial_symmetry_max": 0.9742486079533895,
  "facial_symmetry_mean": 0.79392738143603,
  "facial_symmetry_median": 0.809436708688736,
  "facial_symmetry_std": 0.09958502153555553,
  "gaze_stability_max": 1.0,
  "gaze_stability_mean": 0.9822481473286947,
  "gaze_stability_median": 0.9912670652071635,
  "gaze_stability_std": 0.026105067537476618,
  "happy_max": 0.930642157793045,
  "happy_mean": 0.12479610182344913,
  "happy_median": 0.0018895581388278515,
  "happy_std": 0.26644933472077054,
  "head_tilt_max": 0.47319308420022327,
  "head_tilt_mean": 0.16318941550950208,
  "head_tilt_median": 0.11994170024991035,
  "head_tilt_std": 0.13145255266378322,
  "jaw_ratio_max": 0.8357617557048798,
  "jaw_ratio_mean": 0.7779960831006368,
  "jaw_ratio_median": 0.7762448290983835,
  "jaw_ratio_std": 0.020704748419423897,
  "neutral_max": 0.9951253831386566,
  "neutral_mean": 0.29236893976728123,
  "neutral_median": 0.13910420995671302,
  "neutral_std": 0.3491791635751724,
  "processed_frames": 77.5,
  "smile_intensity_max": 0.36951209294299286,
  "smile_intensity_mean": 0.07322647344941895,
  "smile_intensity_median": 0.03531405973869065,
  "smile_intensity_std": 0.08895248632567625,
  "surprise_max": 0.5160013891290873,
  "surprise_mean": 0.018067489307820022,
  "surprise_median": 3.05148474183022e-05,
  "surprise_std": 0.0748591243464034,
  "video_count": 6.0,
  "valid_video_count": 6.0,
  "valid_video_ratio": 1.0,
  "total_processed_frames": 465.0,
  "avg_processed_frames": 77.5,
  "quality_score": 0.8066666666666666,
  "person_name": "Tưởng Hân"
}