{
  "facial_symmetry_mean": 0.9045084714889526,
  "facial_symmetry_std": 0.07715670019388199,
  "facial_symmetry_median": 0.9144877791404724,
  "facial_symmetry_max": 0.9931815266609192,
  "face_width_height_ratio_mean": 1.3239799737930298,
  "face_width_height_ratio_std": 0.1347367763519287,
  "face_width_height_ratio_median": 1.3474822044372559,
  "face_width_height_ratio_max": 1.5141111612319946,
  "eye_spacing_ratio_mean": 0.6600989103317261,
  "eye_spacing_ratio_std": 0.04780612885951996,
  "eye_spacing_ratio_median": 0.6605358123779297,
  "eye_spacing_ratio_max": 0.7570846080780029,
  "jaw_ratio_mean": 0.7894660234451294,
  "jaw_ratio_std": 0.021411916241049767,
  "jaw_ratio_median": 0.7859042286872864,
  "jaw_ratio_max": 0.8390486240386963,
  "smile_intensity_mean": 0.08306015282869339,
  "smile_intensity_std": 0.08465477079153061,
  "smile_intensity_median": 0.038509488105773926,
  "smile_intensity_max": 0.25321632623672485,
  "eye_contact_mean": 0.9777701497077942,
  "eye_contact_std": 0.029016129672527313,
  "eye_contact_median": 0.9905447959899902,
  "eye_contact_max": 0.9998975992202759,
  "eye_openness_mean": 0.5541989207267761,
  "eye_openness_std": 0.1623004674911499,
  "eye_openness_median": 0.5653784275054932,
  "eye_openness_max": 1.0,
  "gaze_stability_mean": 0.9906611442565918,
  "gaze_stability_std": 0.014162826351821423,
  "gaze_stability_median": 0.9963704347610474,
  "gaze_stability_max": 1.0,
  "head_tilt_mean": 0.07154406607151031,
  "head_tilt_std": 0.06312572956085205,
  "head_tilt_median": 0.06476160138845444,
  "head_tilt_max": 0.23331999778747559,
  "expression_speed_mean": 0.09618563950061798,
  "expression_speed_std": 0.14335481822490692,
  "expression_speed_median": 0.031702250242233276,
  "expression_speed_max": 0.6198633313179016,
  "happy_mean": 0.14263595640659332,
  "happy_std": 0.2593703269958496,
  "happy_median": 0.00823961105197668,
  "happy_max": 0.9249329566955566,
  "neutral_mean": 0.4432249665260315,
  "neutral_std": 0.39929983019828796,
  "neutral_median": 0.2906460165977478,
  "neutral_max": 0.9652419686317444,
  "surprise_mean": 0.03793274611234665,
  "surprise_std": 0.07725411653518677,
  "surprise_median": 0.00023746758233755827,
  "surprise_max": 0.2606451213359833,
  "processed_frames": 54.0,
  "video_name": "1 (5).mp4"
}