{
  "facial_symmetry_mean": 0.9349614977836609,
  "facial_symmetry_std": 0.051785293966531754,
  "facial_symmetry_median": 0.9455108642578125,
  "facial_symmetry_max": 0.9987431168556213,
  "face_width_height_ratio_mean": 0.4784283936023712,
  "face_width_height_ratio_std": 0.036244869232177734,
  "face_width_height_ratio_median": 0.47451290488243103,
  "face_width_height_ratio_max": 0.5902754664421082,
  "eye_spacing_ratio_mean": 0.664860188961029,
  "eye_spacing_ratio_std": 0.03565054014325142,
  "eye_spacing_ratio_median": 0.6684087514877319,
  "eye_spacing_ratio_max": 0.7790542840957642,
  "jaw_ratio_mean": 0.7823881506919861,
  "jaw_ratio_std": 0.025795580819249153,
  "jaw_ratio_median": 0.7825806140899658,
  "jaw_ratio_max": 0.8376258015632629,
  "smile_intensity_mean": 0.2952786684036255,
  "smile_intensity_std": 0.33796223998069763,
  "smile_intensity_median": 0.10628433525562286,
  "smile_intensity_max": 1.0,
  "eye_contact_mean": 0.9681733250617981,
  "eye_contact_std": 0.03285810723900795,
  "eye_contact_median": 0.9816445112228394,
  "eye_contact_max": 0.9996548891067505,
  "eye_openness_mean": 0.9385367035865784,
  "eye_openness_std": 0.1893746703863144,
  "eye_openness_median": 1.0,
  "eye_openness_max": 1.0,
  "gaze_stability_mean": 0.9897733330726624,
  "gaze_stability_std": 0.017331931740045547,
  "gaze_stability_median": 0.9955043792724609,
  "gaze_stability_max": 1.0,
  "head_tilt_mean": 0.15232563018798828,
  "head_tilt_std": 0.23556733131408691,
  "head_tilt_median": 0.04616059362888336,
  "head_tilt_max": 1.0,
  "expression_speed_mean": 0.1595381647348404,
  "expression_speed_std": 0.20498128235340118,
  "expression_speed_median": 0.06891441345214844,
  "expression_speed_max": 0.9647614359855652,
  "happy_mean": 0.23632179200649261,
  "happy_std": 0.3695225119590759,
  "happy_median": 0.014116227626800537,
  "happy_max": 0.9997510313987732,
  "neutral_mean": 0.26800334453582764,
  "neutral_std": 0.30484968423843384,
  "neutral_median": 0.09015762805938721,
  "neutral_max": 0.9734117984771729,
  "surprise_mean": 0.035059649497270584,
  "surprise_std": 0.11526618897914886,
  "surprise_median": 0.0007505217799916863,
  "surprise_max": 0.8508994579315186,
  "processed_frames": 116.0,
  "video_name": "1 (6).mp4"
}