{
  "facial_symmetry_mean": 0.8778071403503418,
  "facial_symmetry_std": 0.08389057219028473,
  "facial_symmetry_median": 0.8876449465751648,
  "facial_symmetry_max": 0.999604344367981,
  "face_width_height_ratio_mean": 0.5860689282417297,
  "face_width_height_ratio_std": 0.09126679599285126,
  "face_width_height_ratio_median": 0.6111612915992737,
  "face_width_height_ratio_max": 0.7942842841148376,
  "eye_spacing_ratio_mean": 0.6676950454711914,
  "eye_spacing_ratio_std": 0.03767223283648491,
  "eye_spacing_ratio_median": 0.6749143600463867,
  "eye_spacing_ratio_max": 0.8366827964782715,
  "jaw_ratio_mean": 0.7815073132514954,
  "jaw_ratio_std": 0.03630882129073143,
  "jaw_ratio_median": 0.77467280626297,
  "jaw_ratio_max": 0.9218462109565735,
  "smile_intensity_mean": 0.24980251491069794,
  "smile_intensity_std": 0.29432713985443115,
  "smile_intensity_median": 0.09698710590600967,
  "smile_intensity_max": 1.0,
  "eye_contact_mean": 0.9497184157371521,
  "eye_contact_std": 0.05481211841106415,
  "eye_contact_median": 0.9705359935760498,
  "eye_contact_max": 0.9999799728393555,
  "eye_openness_mean": 0.9313255548477173,
  "eye_openness_std": 0.18389062583446503,
  "eye_openness_median": 1.0,
  "eye_openness_max": 1.0,
  "gaze_stability_mean": 0.98085618019104,
  "gaze_stability_std": 0.03193681687116623,
  "gaze_stability_median": 0.9934059381484985,
  "gaze_stability_max": 1.0,
  "head_tilt_mean": 0.14784355461597443,
  "head_tilt_std": 0.1595950871706009,
  "head_tilt_median": 0.09762495756149292,
  "head_tilt_max": 0.7585686445236206,
  "expression_speed_mean": 0.165496364235878,
  "expression_speed_std": 0.20785343647003174,
  "expression_speed_median": 0.07431516796350479,
  "expression_speed_max": 1.0,
  "happy_mean": 0.2111223191022873,
  "happy_std": 0.35018518567085266,
  "happy_median": 0.004177090711891651,
  "happy_max": 0.9999974966049194,
  "neutral_mean": 0.2892586588859558,
  "neutral_std": 0.35619673132896423,
  "neutral_median": 0.0473916195333004,
  "neutral_max": 0.9973128437995911,
  "surprise_mean": 0.07762516289949417,
  "surprise_std": 0.221200630068779,
  "surprise_median": 0.000171148290974088,
  "surprise_max": 0.9974330067634583,
  "processed_frames": 311.0,
  "video_name": "1 (7).mp4"
}