{
  "facial_symmetry_mean": 0.931117594242096,
  "facial_symmetry_std": 0.07502146810293198,
  "facial_symmetry_median": 0.9551852941513062,
  "facial_symmetry_max": 0.9979239702224731,
  "face_width_height_ratio_mean": 1.1023045778274536,
  "face_width_height_ratio_std": 0.19917547702789307,
  "face_width_height_ratio_median": 1.1498808860778809,
  "face_width_height_ratio_max": 1.4224390983581543,
  "eye_spacing_ratio_mean": 0.6500955820083618,
  "eye_spacing_ratio_std": 0.036180298775434494,
  "eye_spacing_ratio_median": 0.6627500653266907,
  "eye_spacing_ratio_max": 0.7119871377944946,
  "jaw_ratio_mean": 0.7844897508621216,
  "jaw_ratio_std": 0.027931731194257736,
  "jaw_ratio_median": 0.7758269309997559,
  "jaw_ratio_max": 0.8721100687980652,
  "smile_intensity_mean": 0.13410547375679016,
  "smile_intensity_std": 0.11831585317850113,
  "smile_intensity_median": 0.11298662424087524,
  "smile_intensity_max": 0.4050694406032562,
  "eye_contact_mean": 0.9658589959144592,
  "eye_contact_std": 0.04045984148979187,
  "eye_contact_median": 0.9797922372817993,
  "eye_contact_max": 0.998951256275177,
  "eye_openness_mean": 0.7371107339859009,
  "eye_openness_std": 0.23041458427906036,
  "eye_openness_median": 0.6491577625274658,
  "eye_openness_max": 1.0,
  "gaze_stability_mean": 0.98647540807724,
  "gaze_stability_std": 0.02534591034054756,
  "gaze_stability_median": 0.9951295852661133,
  "gaze_stability_max": 1.0,
  "head_tilt_mean": 0.07409356534481049,
  "head_tilt_std": 0.07549147307872772,
  "head_tilt_median": 0.043659359216690063,
  "head_tilt_max": 0.34029990434646606,
  "expression_speed_mean": 0.12906867265701294,
  "expression_speed_std": 0.11866758018732071,
  "expression_speed_median": 0.08508091419935226,
  "expression_speed_max": 0.5912034511566162,
  "happy_mean": 0.018082445487380028,
  "happy_std": 0.067571721971035,
  "happy_median": 0.0017483492847532034,
  "happy_max": 0.501558244228363,
  "neutral_mean": 0.4470326602458954,
  "neutral_std": 0.35790112614631653,
  "neutral_median": 0.36006394028663635,
  "neutral_max": 0.9997185468673706,
  "surprise_mean": 0.0031603993847966194,
  "surprise_std": 0.011937607079744339,
  "surprise_median": 0.0002650838578119874,
  "surprise_max": 0.08581888675689697,
  "processed_frames": 58.0,
  "video_name": "2.mp4"
}