{
  "facial_symmetry_mean": 0.7531425952911377,
  "facial_symmetry_std": 0.1208323985338211,
  "facial_symmetry_median": 0.7479745745658875,
  "facial_symmetry_max": 0.9767416715621948,
  "face_width_height_ratio_mean": 1.3770393133163452,
  "face_width_height_ratio_std": 0.11538369953632355,
  "face_width_height_ratio_median": 1.3922494649887085,
  "face_width_height_ratio_max": 1.676828145980835,
  "eye_spacing_ratio_mean": 0.6718831658363342,
  "eye_spacing_ratio_std": 0.018516911193728447,
  "eye_spacing_ratio_median": 0.6694490313529968,
  "eye_spacing_ratio_max": 0.7224747538566589,
  "jaw_ratio_mean": 0.7582982778549194,
  "jaw_ratio_std": 0.01908707432448864,
  "jaw_ratio_median": 0.754816472530365,
  "jaw_ratio_max": 0.8327267169952393,
  "smile_intensity_mean": 0.09827138483524323,
  "smile_intensity_std": 0.1413554549217224,
  "smile_intensity_median": 0.03630771487951279,
  "smile_intensity_max": 0.7015206813812256,
  "eye_contact_mean": 0.9637343883514404,
  "eye_contact_std": 0.021453166380524635,
  "eye_contact_median": 0.9662036895751953,
  "eye_contact_max": 0.9995835423469543,
  "eye_openness_mean": 0.9270110130310059,
  "eye_openness_std": 0.1815948635339737,
  "eye_openness_median": 1.0,
  "eye_openness_max": 1.0,
  "gaze_stability_mean": 0.9848844408988953,
  "gaze_stability_std": 0.015823254361748695,
  "gaze_stability_median": 0.9912683963775635,
  "gaze_stability_max": 1.0,
  "head_tilt_mean": 0.2765998840332031,
  "head_tilt_std": 0.16288237273693085,
  "head_tilt_median": 0.22933349013328552,
  "head_tilt_max": 0.7166110277175903,
  "expression_speed_mean": 0.12709945440292358,
  "expression_speed_std": 0.16439013183116913,
  "expression_speed_median": 0.0604134202003479,
  "expression_speed_max": 0.902668833732605,
  "happy_mean": 0.07132764905691147,
  "happy_std": 0.2154361754655838,
  "happy_median": 0.003469013376161456,
  "happy_max": 0.9999901652336121,
  "neutral_mean": 0.3514038920402527,
  "neutral_std": 0.36724039912223816,
  "neutral_median": 0.16480177640914917,
  "neutral_max": 0.999986469745636,
  "surprise_mean": 0.0805458128452301,
  "surprise_std": 0.190389022231102,
  "surprise_median": 0.001098542008548975,
  "surprise_max": 0.9411654472351074,
  "processed_frames": 148.0,
  "video_name": "1 (2).mp4"
}