{
  "facial_symmetry_mean": 0.9233455657958984,
  "facial_symmetry_std": 0.049391355365514755,
  "facial_symmetry_median": 0.9370991587638855,
  "facial_symmetry_max": 0.9981136322021484,
  "face_width_height_ratio_mean": 0.5074295401573181,
  "face_width_height_ratio_std": 0.033431362360715866,
  "face_width_height_ratio_median": 0.498476505279541,
  "face_width_height_ratio_max": 0.584911584854126,
  "eye_spacing_ratio_mean": 0.6654380559921265,
  "eye_spacing_ratio_std": 0.015520562417805195,
  "eye_spacing_ratio_median": 0.6669572591781616,
  "eye_spacing_ratio_max": 0.703740656375885,
  "jaw_ratio_mean": 0.8088183403015137,
  "jaw_ratio_std": 0.02002633363008499,
  "jaw_ratio_median": 0.8089535236358643,
  "jaw_ratio_max": 0.8371055126190186,
  "smile_intensity_mean": 0.6335315704345703,
  "smile_intensity_std": 0.24703754484653473,
  "smile_intensity_median": 0.6864436864852905,
  "smile_intensity_max": 1.0,
  "eye_contact_mean": 0.9720942378044128,
  "eye_contact_std": 0.026931416243314743,
  "eye_contact_median": 0.9897325038909912,
  "eye_contact_max": 0.9998854398727417,
  "eye_openness_mean": 0.9652242064476013,
  "eye_openness_std": 0.1499519646167755,
  "eye_openness_median": 1.0,
  "eye_openness_max": 1.0,
  "gaze_stability_mean": 0.9935310482978821,
  "gaze_stability_std": 0.011056480929255486,
  "gaze_stability_median": 0.9973872303962708,
  "gaze_stability_max": 1.0,
  "head_tilt_mean": 0.09306367486715317,
  "head_tilt_std": 0.08940502256155014,
  "head_tilt_median": 0.055622830986976624,
  "head_tilt_max": 0.31681299209594727,
  "expression_speed_mean": 0.15631605684757233,
  "expression_speed_std": 0.2043129950761795,
  "expression_speed_median": 0.07235980033874512,
  "expression_speed_max": 0.8826019167900085,
  "happy_mean": 0.18856613337993622,
  "happy_std": 0.33655720949172974,
  "happy_median": 0.007986336946487427,
  "happy_max": 0.9999964237213135,
  "neutral_mean": 0.4135938584804535,
  "neutral_std": 0.37632858753204346,
  "neutral_median": 0.34537461400032043,
  "neutral_max": 0.9998985528945923,
  "surprise_mean": 0.0686814934015274,
  "surprise_std": 0.16942664980888367,
  "surprise_median": 5.458374653244391e-05,
  "surprise_max": 0.8196689486503601,
  "processed_frames": 48.0,
  "video_name": "1 (4).mp4"
}