{
  "facial_symmetry_mean": 0.8097754716873169,
  "facial_symmetry_std": 0.0901036337018013,
  "facial_symmetry_median": 0.7865957617759705,
  "facial_symmetry_max": 0.999025821685791,
  "face_width_height_ratio_mean": 1.3869389295578003,
  "face_width_height_ratio_std": 0.11104797571897507,
  "face_width_height_ratio_median": 1.4190716743469238,
  "face_width_height_ratio_max": 1.5414053201675415,
  "eye_spacing_ratio_mean": 0.6732803583145142,
  "eye_spacing_ratio_std": 0.03388011455535889,
  "eye_spacing_ratio_median": 0.6728477478027344,
  "eye_spacing_ratio_max": 0.7609721422195435,
  "jaw_ratio_mean": 0.7578427791595459,
  "jaw_ratio_std": 0.022227387875318527,
  "jaw_ratio_median": 0.7595274448394775,
  "jaw_ratio_max": 0.8403961658477783,
  "smile_intensity_mean": 0.0948994904756546,
  "smile_intensity_std": 0.14041751623153687,
  "smile_intensity_median": 0.0314769484102726,
  "smile_intensity_max": 0.6023288369178772,
  "eye_contact_mean": 0.9580620527267456,
  "eye_contact_std": 0.03916623070836067,
  "eye_contact_median": 0.9751760959625244,
  "eye_contact_max": 0.9983104467391968,
  "eye_openness_mean": 0.7850077748298645,
  "eye_openness_std": 0.23615305125713348,
  "eye_openness_median": 0.8560265898704529,
  "eye_openness_max": 1.0,
  "gaze_stability_mean": 0.9784755110740662,
  "gaze_stability_std": 0.027656832709908485,
  "gaze_stability_median": 0.989188015460968,
  "gaze_stability_max": 1.0,
  "head_tilt_mean": 0.16110339760780334,
  "head_tilt_std": 0.11254038661718369,
  "head_tilt_median": 0.16699343919754028,
  "head_tilt_max": 0.3129573166370392,
  "expression_speed_mean": 0.1834021359682083,
  "expression_speed_std": 0.21321071684360504,
  "expression_speed_median": 0.08112557977437973,
  "expression_speed_max": 0.7989888191223145,
  "happy_mean": 0.5844420790672302,
  "happy_std": 0.4688394069671631,
  "happy_median": 0.9672343134880066,
  "happy_max": 1.0,
  "neutral_mean": 0.14966492354869843,
  "neutral_std": 0.2952922582626343,
  "neutral_median": 0.004407375119626522,
  "neutral_max": 0.9857959151268005,
  "surprise_mean": 0.033701762557029724,
  "surprise_std": 0.15062476694583893,
  "surprise_median": 8.030887101995177e-07,
  "surprise_max": 0.9082796573638916,
  "processed_frames": 37.0,
  "video_name": "1 (5).mp4"
}