{
  "facial_symmetry_mean": 0.9123440384864807,
  "facial_symmetry_std": 0.056579310446977615,
  "facial_symmetry_median": 0.9300054907798767,
  "facial_symmetry_max": 0.9884549975395203,
  "face_width_height_ratio_mean": 1.444538950920105,
  "face_width_height_ratio_std": 0.057947780936956406,
  "face_width_height_ratio_median": 1.4628270864486694,
  "face_width_height_ratio_max": 1.5521581172943115,
  "eye_spacing_ratio_mean": 0.6741358637809753,
  "eye_spacing_ratio_std": 0.014101970009505749,
  "eye_spacing_ratio_median": 0.6701452136039734,
  "eye_spacing_ratio_max": 0.7130634188652039,
  "jaw_ratio_mean": 0.7470273375511169,
  "jaw_ratio_std": 0.015635618939995766,
  "jaw_ratio_median": 0.740903913974762,
  "jaw_ratio_max": 0.7956368327140808,
  "smile_intensity_mean": 0.28046518564224243,
  "smile_intensity_std": 0.14624126255512238,
  "smile_intensity_median": 0.26840561628341675,
  "smile_intensity_max": 0.5937344431877136,
  "eye_contact_mean": 0.9811474680900574,
  "eye_contact_std": 0.021276023238897324,
  "eye_contact_median": 0.984796404838562,
  "eye_contact_max": 0.9984745383262634,
  "eye_openness_mean": 0.6552892327308655,
  "eye_openness_std": 0.2392868548631668,
  "eye_openness_median": 0.6906355619430542,
  "eye_openness_max": 0.942813515663147,
  "gaze_stability_mean": 0.9872483015060425,
  "gaze_stability_std": 0.018804263323545456,
  "gaze_stability_median": 0.9922881126403809,
  "gaze_stability_max": 1.0,
  "head_tilt_mean": 0.03681832179427147,
  "head_tilt_std": 0.04436226561665535,
  "head_tilt_median": 0.0214318186044693,
  "head_tilt_max": 0.21416470408439636,
  "expression_speed_mean": 0.18075962364673615,
  "expression_speed_std": 0.20500071346759796,
  "expression_speed_median": 0.06661099195480347,
  "expression_speed_max": 0.7359718680381775,
  "happy_mean": 0.1267625391483307,
  "happy_std": 0.27986815571784973,
  "happy_median": 0.005345967132598162,
  "happy_max": 0.9897083044052124,
  "neutral_mean": 0.18983957171440125,
  "neutral_std": 0.25941067934036255,
  "neutral_median": 0.03638928383588791,
  "neutral_max": 0.9715493321418762,
  "surprise_mean": 0.31087860465049744,
  "surprise_std": 0.42684826254844666,
  "surprise_median": 0.004552365746349096,
  "surprise_max": 0.9883542060852051,
  "processed_frames": 28.0,
  "video_name": "1 (6).mp4"
}