{
  "facial_symmetry_mean": 0.8164910078048706,
  "facial_symmetry_std": 0.054686035960912704,
  "facial_symmetry_median": 0.8189043998718262,
  "facial_symmetry_max": 0.9403777122497559,
  "face_width_height_ratio_mean": 1.2383280992507935,
  "face_width_height_ratio_std": 0.1548498570919037,
  "face_width_height_ratio_median": 1.3199779987335205,
  "face_width_height_ratio_max": 1.446738600730896,
  "eye_spacing_ratio_mean": 0.6639084219932556,
  "eye_spacing_ratio_std": 0.026095284149050713,
  "eye_spacing_ratio_median": 0.6700003147125244,
  "eye_spacing_ratio_max": 0.6945725679397583,
  "jaw_ratio_mean": 0.7543471455574036,
  "jaw_ratio_std": 0.01912102662026882,
  "jaw_ratio_median": 0.7549821734428406,
  "jaw_ratio_max": 0.7916568517684937,
  "smile_intensity_mean": 0.23902562260627747,
  "smile_intensity_std": 0.10976403206586838,
  "smile_intensity_median": 0.23890595138072968,
  "smile_intensity_max": 0.5044235587120056,
  "eye_contact_mean": 0.9814481139183044,
  "eye_contact_std": 0.035250499844551086,
  "eye_contact_median": 0.9930040836334229,
  "eye_contact_max": 0.9998877048492432,
  "eye_openness_mean": 0.8115644454956055,
  "eye_openness_std": 0.2071727216243744,
  "eye_openness_median": 0.8714336156845093,
  "eye_openness_max": 1.0,
  "gaze_stability_mean": 0.9897121787071228,
  "gaze_stability_std": 0.01922236941754818,
  "gaze_stability_median": 0.9955776333808899,
  "gaze_stability_max": 1.0,
  "head_tilt_mean": 0.22070327401161194,
  "head_tilt_std": 0.08267141133546829,
  "head_tilt_median": 0.1958053559064865,
  "head_tilt_max": 0.37806034088134766,
  "expression_speed_mean": 0.1764134168624878,
  "expression_speed_std": 0.1661372184753418,
  "expression_speed_median": 0.12909124791622162,
  "expression_speed_max": 0.7257300615310669,
  "happy_mean": 0.488325834274292,
  "happy_std": 0.4903152585029602,
  "happy_median": 0.311917245388031,
  "happy_max": 1.0,
  "neutral_mean": 0.0398976095020771,
  "neutral_std": 0.1567094475030899,
  "neutral_median": 0.0003427033079788089,
  "neutral_max": 0.9299924969673157,
  "surprise_mean": 0.05141245201230049,
  "surprise_std": 0.21777687966823578,
  "surprise_median": 1.0332556712455698e-06,
  "surprise_max": 0.9929731488227844,
  "processed_frames": 38.0,
  "video_name": "1 (7).mp4"
}