{
  "facial_symmetry_mean": 0.8723717927932739,
  "facial_symmetry_std": 0.027003712952136993,
  "facial_symmetry_median": 0.8647677898406982,
  "facial_symmetry_max": 0.929422914981842,
  "face_width_height_ratio_mean": 1.2745814323425293,
  "face_width_height_ratio_std": 0.19386638700962067,
  "face_width_height_ratio_median": 1.3106586933135986,
  "face_width_height_ratio_max": 1.5421421527862549,
  "eye_spacing_ratio_mean": 0.6464565396308899,
  "eye_spacing_ratio_std": 0.015423423610627651,
  "eye_spacing_ratio_median": 0.6450023055076599,
  "eye_spacing_ratio_max": 0.6765854358673096,
  "jaw_ratio_mean": 0.7765821218490601,
  "jaw_ratio_std": 0.023271849378943443,
  "jaw_ratio_median": 0.7719629406929016,
  "jaw_ratio_max": 0.8212990760803223,
  "smile_intensity_mean": 0.12906530499458313,
  "smile_intensity_std": 0.10576114058494568,
  "smile_intensity_median": 0.14273928105831146,
  "smile_intensity_max": 0.4005674719810486,
  "eye_contact_mean": 0.9790493845939636,
  "eye_contact_std": 0.013701788149774075,
  "eye_contact_median": 0.9818471670150757,
  "eye_contact_max": 0.9992876052856445,
  "eye_openness_mean": 0.5005224347114563,
  "eye_openness_std": 0.08019861578941345,
  "eye_openness_median": 0.5120401978492737,
  "eye_openness_max": 0.6399510502815247,
  "gaze_stability_mean": 0.9860692024230957,
  "gaze_stability_std": 0.01371025200933218,
  "gaze_stability_median": 0.9917255640029907,
  "gaze_stability_max": 1.0,
  "head_tilt_mean": 0.1155010387301445,
  "head_tilt_std": 0.059219907969236374,
  "head_tilt_median": 0.12952253222465515,
  "head_tilt_max": 0.23610472679138184,
  "expression_speed_mean": 0.1390209197998047,
  "expression_speed_std": 0.12110917270183563,
  "expression_speed_median": 0.09727484732866287,
  "expression_speed_max": 0.4245339334011078,
  "happy_mean": 0.24916422367095947,
  "happy_std": 0.3756251037120819,
  "happy_median": 0.00632762536406517,
  "happy_max": 1.0,
  "neutral_mean": 0.025203172117471695,
  "neutral_std": 0.0640091523528099,
  "neutral_median": 0.0008566515170969069,
  "neutral_max": 0.25447985529899597,
  "surprise_mean": 0.09805657714605331,
  "surprise_std": 0.23278295993804932,
  "surprise_median": 1.1242654181842227e-05,
  "surprise_max": 0.9743258953094482,
  "processed_frames": 19.0,
  "video_name": "1.mp4"
}