{
  "facial_symmetry_mean": 0.8965452909469604,
  "facial_symmetry_std": 0.08011380583047867,
  "facial_symmetry_median": 0.9160196781158447,
  "facial_symmetry_max": 0.999838650226593,
  "face_width_height_ratio_mean": 1.0947823524475098,
  "face_width_height_ratio_std": 0.0537564791738987,
  "face_width_height_ratio_median": 1.110708236694336,
  "face_width_height_ratio_max": 1.2028483152389526,
  "eye_spacing_ratio_mean": 0.6613830327987671,
  "eye_spacing_ratio_std": 0.01281046774238348,
  "eye_spacing_ratio_median": 0.6614605784416199,
  "eye_spacing_ratio_max": 0.6980586051940918,
  "jaw_ratio_mean": 0.7660013437271118,
  "jaw_ratio_std": 0.013874209485948086,
  "jaw_ratio_median": 0.7653737664222717,
  "jaw_ratio_max": 0.801471471786499,
  "smile_intensity_mean": 0.0977422446012497,
  "smile_intensity_std": 0.13240326941013336,
  "smile_intensity_median": 0.011107821948826313,
  "smile_intensity_max": 0.44249507784843445,
  "eye_contact_mean": 0.9583775401115417,
  "eye_contact_std": 0.02821010909974575,
  "eye_contact_median": 0.9633313417434692,
  "eye_contact_max": 0.9997847080230713,
  "eye_openness_mean": 0.7179025411605835,
  "eye_openness_std": 0.28901875019073486,
  "eye_openness_median": 0.7925013899803162,
  "eye_openness_max": 1.0,
  "gaze_stability_mean": 0.9884902834892273,
  "gaze_stability_std": 0.016826653853058815,
  "gaze_stability_median": 0.996328592300415,
  "gaze_stability_max": 1.0,
  "head_tilt_mean": 0.05098337307572365,
  "head_tilt_std": 0.06851814687252045,
  "head_tilt_median": 0.02914249897003174,
  "head_tilt_max": 0.2752210199832916,
  "expression_speed_mean": 0.11743185669183731,
  "expression_speed_std": 0.18111075460910797,
  "expression_speed_median": 0.040995918214321136,
  "expression_speed_max": 0.9078673124313354,
  "happy_mean": 0.1353309154510498,
  "happy_std": 0.26090821623802185,
  "happy_median": 0.003979901783168316,
  "happy_max": 0.9999999403953552,
  "neutral_mean": 0.3628029227256775,
  "neutral_std": 0.4021484851837158,
  "neutral_median": 0.13876336812973022,
  "neutral_max": 0.9999478459358215,
  "surprise_mean": 0.0793941542506218,
  "surprise_std": 0.2151179313659668,
  "surprise_median": 3.7249610613798723e-06,
  "surprise_max": 0.945095419883728,
  "processed_frames": 83.0,
  "video_name": "1.0.mp4"
}