{
  "facial_symmetry_mean": 0.8492968678474426,
  "facial_symmetry_std": 0.1035289540886879,
  "facial_symmetry_median": 0.8691576719284058,
  "facial_symmetry_max": 0.9999430179595947,
  "face_width_height_ratio_mean": 1.1056606769561768,
  "face_width_height_ratio_std": 0.08008146286010742,
  "face_width_height_ratio_median": 1.1128400564193726,
  "face_width_height_ratio_max": 1.419662356376648,
  "eye_spacing_ratio_mean": 0.663119375705719,
  "eye_spacing_ratio_std": 0.02170173078775406,
  "eye_spacing_ratio_median": 0.6630256175994873,
  "eye_spacing_ratio_max": 0.7336065769195557,
  "jaw_ratio_mean": 0.76972895860672,
  "jaw_ratio_std": 0.01950923167169094,
  "jaw_ratio_median": 0.7691963315010071,
  "jaw_ratio_max": 0.8190548419952393,
  "smile_intensity_mean": 0.06590382754802704,
  "smile_intensity_std": 0.11311708390712738,
  "smile_intensity_median": 0.007407133001834154,
  "smile_intensity_max": 0.49493345618247986,
  "eye_contact_mean": 0.9540205597877502,
  "eye_contact_std": 0.03583836555480957,
  "eye_contact_median": 0.9607394933700562,
  "eye_contact_max": 0.9989964962005615,
  "eye_openness_mean": 0.8577954173088074,
  "eye_openness_std": 0.21224428713321686,
  "eye_openness_median": 1.0,
  "eye_openness_max": 1.0,
  "gaze_stability_mean": 0.9849076271057129,
  "gaze_stability_std": 0.016855236142873764,
  "gaze_stability_median": 0.9912248849868774,
  "gaze_stability_max": 1.0,
  "head_tilt_mean": 0.056711345911026,
  "head_tilt_std": 0.04425181820988655,
  "head_tilt_median": 0.04888176918029785,
  "head_tilt_max": 0.22515550255775452,
  "expression_speed_mean": 0.13082490861415863,
  "expression_speed_std": 0.1689872443675995,
  "expression_speed_median": 0.06168811395764351,
  "expression_speed_max": 0.7594218254089355,
  "happy_mean": 0.2757221758365631,
  "happy_std": 0.3764920234680176,
  "happy_median": 0.043675970286130905,
  "happy_max": 0.9999887347221375,
  "neutral_mean": 0.2878953516483307,
  "neutral_std": 0.32325640320777893,
  "neutral_median": 0.12037572264671326,
  "neutral_max": 0.9926407337188721,
  "surprise_mean": 0.07823122292757034,
  "surprise_std": 0.2271498143672943,
  "surprise_median": 0.00035270454827696085,
  "surprise_max": 0.9777641892433167,
  "processed_frames": 97.0,
  "video_name": "1.2.mp4"
}