{
  "facial_symmetry_mean": 0.8689738512039185,
  "facial_symmetry_std": 0.1046120747923851,
  "facial_symmetry_median": 0.9205003976821899,
  "facial_symmetry_max": 0.9993719458580017,
  "face_width_height_ratio_mean": 1.440401315689087,
  "face_width_height_ratio_std": 0.14758597314357758,
  "face_width_height_ratio_median": 1.4736807346343994,
  "face_width_height_ratio_max": 1.918082356452942,
  "eye_spacing_ratio_mean": 0.6609668135643005,
  "eye_spacing_ratio_std": 0.01968410797417164,
  "eye_spacing_ratio_median": 0.6623508930206299,
  "eye_spacing_ratio_max": 0.7448163032531738,
  "jaw_ratio_mean": 0.7740815281867981,
  "jaw_ratio_std": 0.021842341870069504,
  "jaw_ratio_median": 0.7702701687812805,
  "jaw_ratio_max": 0.8861432075500488,
  "smile_intensity_mean": 0.05218919366598129,
  "smile_intensity_std": 0.08579439669847488,
  "smile_intensity_median": 0.008381200954318047,
  "smile_intensity_max": 0.44131696224212646,
  "eye_contact_mean": 0.9298456311225891,
  "eye_contact_std": 0.04559231549501419,
  "eye_contact_median": 0.9395830631256104,
  "eye_contact_max": 0.9981064796447754,
  "eye_openness_mean": 0.8237367272377014,
  "eye_openness_std": 0.17969560623168945,
  "eye_openness_median": 0.8456565141677856,
  "eye_openness_max": 1.0,
  "gaze_stability_mean": 0.982101559638977,
  "gaze_stability_std": 0.03356483578681946,
  "gaze_stability_median": 0.9924405813217163,
  "gaze_stability_max": 1.0,
  "head_tilt_mean": 0.07568864524364471,
  "head_tilt_std": 0.08321742713451385,
  "head_tilt_median": 0.03994598984718323,
  "head_tilt_max": 0.39805084466934204,
  "expression_speed_mean": 0.0868840143084526,
  "expression_speed_std": 0.12597234547138214,
  "expression_speed_median": 0.03298467397689819,
  "expression_speed_max": 0.6430706977844238,
  "happy_mean": 0.18457600474357605,
  "happy_std": 0.35165897011756897,
  "happy_median": 0.0013523290399461985,
  "happy_max": 0.9999030232429504,
  "neutral_mean": 0.4037450850009918,
  "neutral_std": 0.4349522292613983,
  "neutral_median": 0.13655054569244385,
  "neutral_max": 0.9996858835220337,
  "surprise_mean": 0.11142338812351227,
  "surprise_std": 0.2779502272605896,
  "surprise_median": 1.7254985777981346e-06,
  "surprise_max": 0.9999934434890747,
  "processed_frames": 170.0,
  "video_name": "1.3.mp4"
}