{
  "facial_symmetry_mean": 0.8210151195526123,
  "facial_symmetry_std": 0.1128707155585289,
  "facial_symmetry_median": 0.8231555819511414,
  "facial_symmetry_max": 0.988858699798584,
  "face_width_height_ratio_mean": 1.286566972732544,
  "face_width_height_ratio_std": 0.21520939469337463,
  "face_width_height_ratio_median": 1.3100497722625732,
  "face_width_height_ratio_max": 1.7076034545898438,
  "eye_spacing_ratio_mean": 0.653633713722229,
  "eye_spacing_ratio_std": 0.04698024317622185,
  "eye_spacing_ratio_median": 0.6548521518707275,
  "eye_spacing_ratio_max": 0.7637563347816467,
  "jaw_ratio_mean": 0.7755948901176453,
  "jaw_ratio_std": 0.020382294431328773,
  "jaw_ratio_median": 0.7774024605751038,
  "jaw_ratio_max": 0.8182337880134583,
  "smile_intensity_mean": 0.13443897664546967,
  "smile_intensity_std": 0.1423877775669098,
  "smile_intensity_median": 0.04738949239253998,
  "smile_intensity_max": 0.5587394833564758,
  "eye_contact_mean": 0.9500154852867126,
  "eye_contact_std": 0.04356807470321655,
  "eye_contact_median": 0.9609126448631287,
  "eye_contact_max": 0.99922776222229,
  "eye_openness_mean": 0.6585070490837097,
  "eye_openness_std": 0.3213875889778137,
  "eye_openness_median": 0.7525234222412109,
  "eye_openness_max": 1.0,
  "gaze_stability_mean": 0.9861646294593811,
  "gaze_stability_std": 0.019379716366529465,
  "gaze_stability_median": 0.9940758943557739,
  "gaze_stability_max": 1.0,
  "head_tilt_mean": 0.06075684353709221,
  "head_tilt_std": 0.06779871881008148,
  "head_tilt_median": 0.041069984436035156,
  "head_tilt_max": 0.27779921889305115,
  "expression_speed_mean": 0.10223414748907089,
  "expression_speed_std": 0.15058396756649017,
  "expression_speed_median": 0.04777731001377106,
  "expression_speed_max": 0.7585824728012085,
  "happy_mean": 0.21863675117492676,
  "happy_std": 0.3680581748485565,
  "happy_median": 0.00403903191909194,
  "happy_max": 0.9999345541000366,
  "neutral_mean": 0.17755170166492462,
  "neutral_std": 0.340830534696579,
  "neutral_median": 0.0038674059323966503,
  "neutral_max": 0.9998028874397278,
  "surprise_mean": 0.002055784221738577,
  "surprise_std": 0.010020004585385323,
  "surprise_median": 7.525721230194904e-06,
  "surprise_max": 0.0667811706662178,
  "processed_frames": 74.0,
  "video_name": "1.5.mp4"
}