{
  "facial_symmetry_mean": 0.8473314046859741,
  "facial_symmetry_std": 0.06708232313394547,
  "facial_symmetry_median": 0.8355806469917297,
  "facial_symmetry_max": 0.9996101260185242,
  "face_width_height_ratio_mean": 1.330923080444336,
  "face_width_height_ratio_std": 0.15954412519931793,
  "face_width_height_ratio_median": 1.347122311592102,
  "face_width_height_ratio_max": 1.8122864961624146,
  "eye_spacing_ratio_mean": 0.6877487301826477,
  "eye_spacing_ratio_std": 0.030458329245448112,
  "eye_spacing_ratio_median": 0.6928566098213196,
  "eye_spacing_ratio_max": 0.7731963396072388,
  "jaw_ratio_mean": 0.767900288105011,
  "jaw_ratio_std": 0.015768542885780334,
  "jaw_ratio_median": 0.7654056549072266,
  "jaw_ratio_max": 0.8394816517829895,
  "smile_intensity_mean": 0.02941296063363552,
  "smile_intensity_std": 0.09289386123418808,
  "smile_intensity_median": 0.005100876092910767,
  "smile_intensity_max": 0.5749480724334717,
  "eye_contact_mean": 0.9772292375564575,
  "eye_contact_std": 0.022504350170493126,
  "eye_contact_median": 0.9833276271820068,
  "eye_contact_max": 0.9991561770439148,
  "eye_openness_mean": 0.9134172201156616,
  "eye_openness_std": 0.17456544935703278,
  "eye_openness_median": 1.0,
  "eye_openness_max": 1.0,
  "gaze_stability_mean": 0.9847907423973083,
  "gaze_stability_std": 0.021848617121577263,
  "gaze_stability_median": 0.9922795295715332,
  "gaze_stability_max": 1.0,
  "head_tilt_mean": 0.1495174616575241,
  "head_tilt_std": 0.11324228346347809,
  "head_tilt_median": 0.11962875723838806,
  "head_tilt_max": 0.44071823358535767,
  "expression_speed_mean": 0.13418757915496826,
  "expression_speed_std": 0.19397787749767303,
  "expression_speed_median": 0.04853789508342743,
  "expression_speed_max": 0.8391501307487488,
  "happy_mean": 0.16994048655033112,
  "happy_std": 0.26631709933280945,
  "happy_median": 0.023786816745996475,
  "happy_max": 0.9751282334327698,
  "neutral_mean": 0.4979379177093506,
  "neutral_std": 0.38064849376678467,
  "neutral_median": 0.5424022674560547,
  "neutral_max": 0.9873708486557007,
  "surprise_mean": 0.0020402942318469286,
  "surprise_std": 0.012161453254520893,
  "surprise_median": 1.21758591831167e-06,
  "surprise_max": 0.08901692181825638,
  "processed_frames": 53.0,
  "video_name": "1.7.mp4"
}