{
  "expression_speed_max": 0.8020763322710991,
  "expression_speed_mean": 0.11137998476624489,
  "expression_speed_median": 0.0486551970243454,
  "expression_speed_std": 0.1600989941507578,
  "eye_contact_max": 0.9990889206528664,
  "eye_contact_mean": 0.9534311145544052,
  "eye_contact_median": 0.9599080085754395,
  "eye_contact_std": 0.03377816337160766,
  "eye_openness_max": 0.9609519615769386,
  "eye_openness_mean": 0.7387146577239037,
  "eye_openness_median": 0.811640202999115,
  "eye_openness_std": 0.2214081548154354,
  "eye_spacing_ratio_max": 0.7303279042243958,
  "eye_spacing_ratio_mean": 0.6603494584560394,
  "eye_spacing_ratio_median": 0.6631633192300797,
  "eye_spacing_ratio_std": 0.028653418296016753,
  "face_width_height_ratio_max": 1.501078799366951,
  "face_width_height_ratio_mean": 1.1924173310399055,
  "face_width_height_ratio_median": 1.2162861675024033,
  "face_width_height_ratio_std": 0.1285349610261619,
  "facial_symmetry_max": 0.9904966801404953,
  "facial_symmetry_mean": 0.8492969051003456,
  "facial_symmetry_median": 0.856228195130825,
  "facial_symmetry_std": 0.089881447609514,
  "gaze_stability_max": 1.0,
  "gaze_stability_mean": 0.9861042648553848,
  "gaze_stability_median": 0.9938742071390152,
  "gaze_stability_std": 0.02101477258838713,
  "happy_max": 0.9110562354326248,
  "happy_mean": 0.19334308756515384,
  "happy_median": 0.014461700644460507,
  "happy_std": 0.3083030143752694,
  "head_tilt_max": 0.3251784183084965,
  "head_tilt_mean": 0.08579254429787397,
  "head_tilt_median": 0.06266218610107899,
  "head_tilt_std": 0.08010568050667644,
  "jaw_ratio_max": 0.8416732922196388,
  "jaw_ratio_mean": 0.7744415029883385,
  "jaw_ratio_median": 0.7724021375179291,
  "jaw_ratio_std": 0.019189950893633068,
  "neutral_max": 0.9958685785531998,
  "neutral_mean": 0.31350391916930676,
  "neutral_median": 0.1369775432976894,
  "neutral_std": 0.36393583565950394,
  "processed_frames": 89.5,
  "smile_intensity_max": 0.5591769106686115,
  "smile_intensity_mean": 0.10443832748569548,
  "smile_intensity_median": 0.0497002896736376,
  "smile_intensity_std": 0.1257034344598651,
  "surprise_max": 0.6406807228922844,
  "surprise_mean": 0.05580043341615237,
  "surprise_median": 9.007557123652532e-05,
  "surprise_std": 0.15365237870719284,
  "video_count": 8.0,
  "valid_video_count": 8.0,
  "valid_video_ratio": 1.0,
  "total_processed_frames": 716.0,
  "avg_processed_frames": 89.5,
  "quality_score": 0.8386666666666667,
  "person_name": "Chương Nhược Nam"
}