{
  "facial_symmetry_mean": 0.8606622815132141,
  "facial_symmetry_std": 0.12546581029891968,
  "facial_symmetry_median": 0.8897485733032227,
  "facial_symmetry_max": 0.9995946288108826,
  "face_width_height_ratio_mean": 1.6854374408721924,
  "face_width_height_ratio_std": 0.28959921002388,
  "face_width_height_ratio_median": 1.7325642108917236,
  "face_width_height_ratio_max": 2.2361061573028564,
  "eye_spacing_ratio_mean": 0.6518970727920532,
  "eye_spacing_ratio_std": 0.044464197009801865,
  "eye_spacing_ratio_median": 0.6662079691886902,
  "eye_spacing_ratio_max": 0.7223185300827026,
  "jaw_ratio_mean": 0.7680488228797913,
  "jaw_ratio_std": 0.021349795162677765,
  "jaw_ratio_median": 0.7654715776443481,
  "jaw_ratio_max": 0.8381491899490356,
  "smile_intensity_mean": 0.06120416894555092,
  "smile_intensity_std": 0.10955637693405151,
  "smile_intensity_median": 0.018144577741622925,
  "smile_intensity_max": 0.7585598826408386,
  "eye_contact_mean": 0.9409041404724121,
  "eye_contact_std": 0.03622310981154442,
  "eye_contact_median": 0.9369146227836609,
  "eye_contact_max": 0.9996118545532227,
  "eye_openness_mean": 0.6185203194618225,
  "eye_openness_std": 0.19503892958164215,
  "eye_openness_median": 0.6896882057189941,
  "eye_openness_max": 1.0,
  "gaze_stability_mean": 0.9814895987510681,
  "gaze_stability_std": 0.026319753378629684,
  "gaze_stability_median": 0.9924348592758179,
  "gaze_stability_max": 1.0,
  "head_tilt_mean": 0.062426552176475525,
  "head_tilt_std": 0.07456593960523605,
  "head_tilt_median": 0.03645278513431549,
  "head_tilt_max": 0.3684067726135254,
  "expression_speed_mean": 0.0993504598736763,
  "expression_speed_std": 0.13521462678909302,
  "expression_speed_median": 0.038639508187770844,
  "expression_speed_max": 0.6665145754814148,
  "happy_mean": 0.15908567607402802,
  "happy_std": 0.32705679535865784,
  "happy_median": 0.00048672890989109874,
  "happy_max": 0.9999998211860657,
  "neutral_mean": 0.33554819226264954,
  "neutral_std": 0.4104025065898895,
  "neutral_median": 0.02699185535311699,
  "neutral_max": 0.9970797300338745,
  "surprise_mean": 0.011562527157366276,
  "surprise_std": 0.07886239141225815,
  "surprise_median": 5.643784788844641e-06,
  "surprise_max": 0.7315146923065186,
  "processed_frames": 130.0,
  "video_name": "1.mp4"
}