{
  "facial_symmetry_mean": 0.8720749616622925,
  "facial_symmetry_std": 0.07858598977327347,
  "facial_symmetry_median": 0.8885155916213989,
  "facial_symmetry_max": 0.9932695627212524,
  "face_width_height_ratio_mean": 1.0396413803100586,
  "face_width_height_ratio_std": 0.11387886852025986,
  "face_width_height_ratio_median": 1.048812985420227,
  "face_width_height_ratio_max": 1.2724919319152832,
  "eye_spacing_ratio_mean": 0.624271035194397,
  "eye_spacing_ratio_std": 0.057530682533979416,
  "eye_spacing_ratio_median": 0.6486696600914001,
  "eye_spacing_ratio_max": 0.6841800808906555,
  "jaw_ratio_mean": 0.768852710723877,
  "jaw_ratio_std": 0.013498693704605103,
  "jaw_ratio_median": 0.7690567970275879,
  "jaw_ratio_max": 0.7965638637542725,
  "smile_intensity_mean": 0.15468920767307281,
  "smile_intensity_std": 0.20835325121879578,
  "smile_intensity_median": 0.017174549400806427,
  "smile_intensity_max": 0.634965181350708,
  "eye_contact_mean": 0.940184473991394,
  "eye_contact_std": 0.0604412816464901,
  "eye_contact_median": 0.9731433391571045,
  "eye_contact_max": 0.9961421489715576,
  "eye_openness_mean": 0.832476794719696,
  "eye_openness_std": 0.22696122527122498,
  "eye_openness_median": 0.9334449768066406,
  "eye_openness_max": 1.0,
  "gaze_stability_mean": 0.9806148409843445,
  "gaze_stability_std": 0.03409954160451889,
  "gaze_stability_median": 0.9918756484985352,
  "gaze_stability_max": 1.0,
  "head_tilt_mean": 0.11833374202251434,
  "head_tilt_std": 0.056917231529951096,
  "head_tilt_median": 0.1267116367816925,
  "head_tilt_max": 0.19107230007648468,
  "expression_speed_mean": 0.14524823427200317,
  "expression_speed_std": 0.182422935962677,
  "expression_speed_median": 0.06242959573864937,
  "expression_speed_max": 0.6927689909934998,
  "happy_mean": 0.3159792125225067,
  "happy_std": 0.4321250021457672,
  "happy_median": 0.03635261952877045,
  "happy_max": 0.9999914169311523,
  "neutral_mean": 0.3454098105430603,
  "neutral_std": 0.35658106207847595,
  "neutral_median": 0.197745218873024,
  "neutral_max": 0.9761021137237549,
  "surprise_mean": 0.0024706909898668528,
  "surprise_std": 0.007529917173087597,
  "surprise_median": 8.339305168192368e-06,
  "surprise_max": 0.03404342755675316,
  "processed_frames": 40.0,
  "video_name": "5.mp4"
}