{
  "facial_symmetry_mean": 0.9151257872581482,
  "facial_symmetry_std": 0.05133964121341705,
  "facial_symmetry_median": 0.9072431325912476,
  "facial_symmetry_max": 0.981619119644165,
  "face_width_height_ratio_mean": 1.4471287727355957,
  "face_width_height_ratio_std": 0.12499244511127472,
  "face_width_height_ratio_median": 1.4648504257202148,
  "face_width_height_ratio_max": 1.7400645017623901,
  "eye_spacing_ratio_mean": 0.6484811902046204,
  "eye_spacing_ratio_std": 0.022635359317064285,
  "eye_spacing_ratio_median": 0.6457128524780273,
  "eye_spacing_ratio_max": 0.7339139580726624,
  "jaw_ratio_mean": 0.7578440308570862,
  "jaw_ratio_std": 0.019622020423412323,
  "jaw_ratio_median": 0.7558275461196899,
  "jaw_ratio_max": 0.8109731078147888,
  "smile_intensity_mean": 0.0800849050283432,
  "smile_intensity_std": 0.10387668758630753,
  "smile_intensity_median": 0.017507977783679962,
  "smile_intensity_max": 0.28702375292778015,
  "eye_contact_mean": 0.967894434928894,
  "eye_contact_std": 0.027308151125907898,
  "eye_contact_median": 0.9699562788009644,
  "eye_contact_max": 0.998877227306366,
  "eye_openness_mean": 0.5936072468757629,
  "eye_openness_std": 0.2055811882019043,
  "eye_openness_median": 0.5117985606193542,
  "eye_openness_max": 0.950959324836731,
  "gaze_stability_mean": 0.9822205901145935,
  "gaze_stability_std": 0.02178354002535343,
  "gaze_stability_median": 0.9924947023391724,
  "gaze_stability_max": 1.0,
  "head_tilt_mean": 0.04076674208045006,
  "head_tilt_std": 0.0392855741083622,
  "head_tilt_median": 0.026109814643859863,
  "head_tilt_max": 0.12579664587974548,
  "expression_speed_mean": 0.11683208495378494,
  "expression_speed_std": 0.1642877757549286,
  "expression_speed_median": 0.04528045654296875,
  "expression_speed_max": 0.6551106572151184,
  "happy_mean": 0.3934410512447357,
  "happy_std": 0.46874216198921204,
  "happy_median": 0.0037182422820478678,
  "happy_max": 0.9999464750289917,
  "neutral_mean": 0.41102510690689087,
  "neutral_std": 0.4384433925151825,
  "neutral_median": 0.14975285530090332,
  "neutral_max": 0.994864284992218,
  "surprise_mean": 0.08916874974966049,
  "surprise_std": 0.2444201409816742,
  "surprise_median": 6.049071089364588e-05,
  "surprise_max": 0.9862192273139954,
  "processed_frames": 42.0,
  "video_name": "6.mp4"
}