{
  "expression_speed_max": 0.7196532249450683,
  "expression_speed_mean": 0.13798690289258958,
  "expression_speed_median": 0.06567268446087837,
  "expression_speed_std": 0.17216284722089767,
  "eye_contact_max": 0.998794424533844,
  "eye_contact_mean": 0.9599275231361389,
  "eye_contact_median": 0.9673079729080201,
  "eye_contact_std": 0.033306486904621124,
  "eye_openness_max": 0.9901918649673462,
  "eye_openness_mean": 0.6598846197128296,
  "eye_openness_median": 0.6791215181350708,
  "eye_openness_std": 0.2346457451581955,
  "eye_spacing_ratio_max": 0.7258632898330688,
  "eye_spacing_ratio_mean": 0.6452202916145324,
  "eye_spacing_ratio_median": 0.6534920573234558,
  "eye_spacing_ratio_std": 0.039477073773741725,
  "face_width_height_ratio_max": 1.6139152288436889,
  "face_width_height_ratio_mean": 1.1908124685287476,
  "face_width_height_ratio_median": 1.20921710729599,
  "face_width_height_ratio_std": 0.18534910529851914,
  "facial_symmetry_max": 0.9928234577178955,
  "facial_symmetry_mean": 0.8954139113426208,
  "facial_symmetry_median": 0.9057822108268738,
  "facial_symmetry_std": 0.07125676199793815,
  "gaze_stability_max": 1.0,
  "gaze_stability_mean": 0.9847571015357971,
  "gaze_stability_median": 0.9931854367256164,
  "gaze_stability_std": 0.02171924076974392,
  "happy_max": 0.9992533802986145,
  "happy_mean": 0.19734412282705308,
  "happy_median": 0.008265155417029746,
  "happy_std": 0.3274194568395615,
  "head_tilt_max": 0.3692253977060318,
  "head_tilt_mean": 0.08148288801312446,
  "head_tilt_median": 0.05796248912811279,
  "head_tilt_std": 0.08567727208137513,
  "jaw_ratio_max": 0.8276789784431458,
  "jaw_ratio_mean": 0.7666330099105835,
  "jaw_ratio_median": 0.7648300051689148,
  "jaw_ratio_std": 0.021917180716991426,
  "neutral_max": 0.9913469791412354,
  "neutral_mean": 0.3487850368022919,
  "neutral_median": 0.12524295672774316,
  "neutral_std": 0.3873816728591919,
  "processed_frames": 79.4,
  "smile_intensity_max": 0.6801436126232148,
  "smile_intensity_mean": 0.10321845337748528,
  "smile_intensity_median": 0.022989057935774326,
  "smile_intensity_std": 0.16587969213724135,
  "surprise_max": 0.7151541583240032,
  "surprise_mean": 0.039862334216013554,
  "surprise_median": 7.117437307897489e-05,
  "surprise_std": 0.12889923956245183,
  "video_count": 6.0,
  "valid_video_count": 5.0,
  "valid_video_ratio": 0.8333333333333334,
  "total_processed_frames": 397.0,
  "avg_processed_frames": 79.4,
  "quality_score": 0.7117333333333333,
  "person_name": "Trương Thiên Ái"
}