{
  "facial_symmetry_mean": 0.754082441329956,
  "facial_symmetry_std": 0.15848131477832794,
  "facial_symmetry_median": 0.7464152574539185,
  "facial_symmetry_max": 0.999920666217804,
  "face_width_height_ratio_mean": 1.4062305688858032,
  "face_width_height_ratio_std": 0.12211088091135025,
  "face_width_height_ratio_median": 1.4323458671569824,
  "face_width_height_ratio_max": 1.602437138557434,
  "eye_spacing_ratio_mean": 0.666627049446106,
  "eye_spacing_ratio_std": 0.02322828769683838,
  "eye_spacing_ratio_median": 0.6661567687988281,
  "eye_spacing_ratio_max": 0.7401857376098633,
  "jaw_ratio_mean": 0.7814015746116638,
  "jaw_ratio_std": 0.01920922100543976,
  "jaw_ratio_median": 0.7789841890335083,
  "jaw_ratio_max": 0.8736860752105713,
  "smile_intensity_mean": 0.30684345960617065,
  "smile_intensity_std": 0.14202994108200073,
  "smile_intensity_median": 0.28882384300231934,
  "smile_intensity_max": 1.0,
  "eye_contact_mean": 0.951812744140625,
  "eye_contact_std": 0.036414965987205505,
  "eye_contact_median": 0.9632841348648071,
  "eye_contact_max": 0.9997478723526001,
  "eye_openness_mean": 0.6659397482872009,
  "eye_openness_std": 0.19021004438400269,
  "eye_openness_median": 0.680742084980011,
  "eye_openness_max": 1.0,
  "gaze_stability_mean": 0.9791661500930786,
  "gaze_stability_std": 0.02569742687046528,
  "gaze_stability_median": 0.989513635635376,
  "gaze_stability_max": 1.0,
  "head_tilt_mean": 0.08051358163356781,
  "head_tilt_std": 0.07957547158002853,
  "head_tilt_median": 0.04868432879447937,
  "head_tilt_max": 0.468938946723938,
  "expression_speed_mean": 0.1398399919271469,
  "expression_speed_std": 0.12443804740905762,
  "expression_speed_median": 0.09270550310611725,
  "expression_speed_max": 0.7687045931816101,
  "happy_mean": 0.091749407351017,
  "happy_std": 0.2464173436164856,
  "happy_median": 0.0017591819632798433,
  "happy_max": 0.9985784888267517,
  "neutral_mean": 0.30003824830055237,
  "neutral_std": 0.40389347076416016,
  "neutral_median": 0.010731803253293037,
  "neutral_max": 0.9938808083534241,
  "surprise_mean": 0.006929347757250071,
  "surprise_std": 0.06711946427822113,
  "surprise_median": 2.266652217031151e-07,
  "surprise_max": 0.7438656091690063,
  "processed_frames": 122.0,
  "video_name": "1.mp4"
}