{
  "facial_symmetry_mean": 0.9448111653327942,
  "facial_symmetry_std": 0.024908220395445824,
  "facial_symmetry_median": 0.937107503414154,
  "facial_symmetry_max": 0.9949544668197632,
  "face_width_height_ratio_mean": 0.5843918323516846,
  "face_width_height_ratio_std": 0.040154267102479935,
  "face_width_height_ratio_median": 0.5702982544898987,
  "face_width_height_ratio_max": 0.7414626479148865,
  "eye_spacing_ratio_mean": 0.6694929003715515,
  "eye_spacing_ratio_std": 0.017324509099125862,
  "eye_spacing_ratio_median": 0.6680614352226257,
  "eye_spacing_ratio_max": 0.7245936393737793,
  "jaw_ratio_mean": 0.7895640730857849,
  "jaw_ratio_std": 0.01930571347475052,
  "jaw_ratio_median": 0.7840102910995483,
  "jaw_ratio_max": 0.8335180282592773,
  "smile_intensity_mean": 0.48083773255348206,
  "smile_intensity_std": 0.21894223988056183,
  "smile_intensity_median": 0.5034974813461304,
  "smile_intensity_max": 0.871917724609375,
  "eye_contact_mean": 0.9696345925331116,
  "eye_contact_std": 0.019687939435243607,
  "eye_contact_median": 0.9673985242843628,
  "eye_contact_max": 0.9992557764053345,
  "eye_openness_mean": 0.9560191631317139,
  "eye_openness_std": 0.16693799197673798,
  "eye_openness_median": 1.0,
  "eye_openness_max": 1.0,
  "gaze_stability_mean": 0.987457275390625,
  "gaze_stability_std": 0.010946804657578468,
  "gaze_stability_median": 0.988921582698822,
  "gaze_stability_max": 1.0,
  "head_tilt_mean": 0.18790951371192932,
  "head_tilt_std": 0.10240164399147034,
  "head_tilt_median": 0.1579764485359192,
  "head_tilt_max": 0.5096347332000732,
  "expression_speed_mean": 0.15794211626052856,
  "expression_speed_std": 0.21845711767673492,
  "expression_speed_median": 0.06067280098795891,
  "expression_speed_max": 0.8404701948165894,
  "happy_mean": 0.1792156994342804,
  "happy_std": 0.3263697922229767,
  "happy_median": 0.028195969760417938,
  "happy_max": 0.9674026370048523,
  "neutral_mean": 0.5262851715087891,
  "neutral_std": 0.38274523615837097,
  "neutral_median": 0.5848771929740906,
  "neutral_max": 0.9942389130592346,
  "surprise_mean": 0.0037681192625313997,
  "surprise_std": 0.011425806209445,
  "surprise_median": 0.00028548366390168667,
  "surprise_max": 0.059162404388189316,
  "processed_frames": 31.0,
  "video_name": "2.mp4"
}