{
  "facial_symmetry_mean": 0.7854476571083069,
  "facial_symmetry_std": 0.16781291365623474,
  "facial_symmetry_median": 0.8475472331047058,
  "facial_symmetry_max": 0.9970652461051941,
  "face_width_height_ratio_mean": 1.0772396326065063,
  "face_width_height_ratio_std": 0.0891626700758934,
  "face_width_height_ratio_median": 1.1050927639007568,
  "face_width_height_ratio_max": 1.21914803981781,
  "eye_spacing_ratio_mean": 0.6866406798362732,
  "eye_spacing_ratio_std": 0.022200556471943855,
  "eye_spacing_ratio_median": 0.6875021457672119,
  "eye_spacing_ratio_max": 0.7475895285606384,
  "jaw_ratio_mean": 0.7850618362426758,
  "jaw_ratio_std": 0.017225440591573715,
  "jaw_ratio_median": 0.7842472195625305,
  "jaw_ratio_max": 0.8291663527488708,
  "smile_intensity_mean": 0.21799568831920624,
  "smile_intensity_std": 0.18158826231956482,
  "smile_intensity_median": 0.23780959844589233,
  "smile_intensity_max": 0.9041980504989624,
  "eye_contact_mean": 0.9410396218299866,
  "eye_contact_std": 0.07995787262916565,
  "eye_contact_median": 0.9685362577438354,
  "eye_contact_max": 0.9999144673347473,
  "eye_openness_mean": 0.9189308285713196,
  "eye_openness_std": 0.1702193319797516,
  "eye_openness_median": 1.0,
  "eye_openness_max": 1.0,
  "gaze_stability_mean": 0.9609737992286682,
  "gaze_stability_std": 0.08170958608388901,
  "gaze_stability_median": 0.9842681288719177,
  "gaze_stability_max": 1.0,
  "head_tilt_mean": 0.13936470448970795,
  "head_tilt_std": 0.0785054862499237,
  "head_tilt_median": 0.12997135519981384,
  "head_tilt_max": 0.44901522994041443,
  "expression_speed_mean": 0.184174582362175,
  "expression_speed_std": 0.1999291330575943,
  "expression_speed_median": 0.11272435635328293,
  "expression_speed_max": 0.9910605549812317,
  "happy_mean": 0.23365084826946259,
  "happy_std": 0.3435125946998596,
  "happy_median": 0.026996469125151634,
  "happy_max": 1.0,
  "neutral_mean": 0.3923576772212982,
  "neutral_std": 0.39950597286224365,
  "neutral_median": 0.23000220954418182,
  "neutral_max": 0.9995885491371155,
  "surprise_mean": 0.011286878027021885,
  "surprise_std": 0.07387230545282364,
  "surprise_median": 5.466025413625175e-06,
  "surprise_max": 0.6435196995735168,
  "processed_frames": 143.0,
  "video_name": "3.mp4"
}