{
  "facial_symmetry_mean": 0.8515377044677734,
  "facial_symmetry_std": 0.10397864133119583,
  "facial_symmetry_median": 0.8871577978134155,
  "facial_symmetry_max": 0.999661386013031,
  "face_width_height_ratio_mean": 1.0771644115447998,
  "face_width_height_ratio_std": 0.12081331759691238,
  "face_width_height_ratio_median": 1.103487491607666,
  "face_width_height_ratio_max": 1.3104826211929321,
  "eye_spacing_ratio_mean": 0.6524018049240112,
  "eye_spacing_ratio_std": 0.02983490563929081,
  "eye_spacing_ratio_median": 0.6551466584205627,
  "eye_spacing_ratio_max": 0.7266923189163208,
  "jaw_ratio_mean": 0.794733464717865,
  "jaw_ratio_std": 0.0249510258436203,
  "jaw_ratio_median": 0.7927359342575073,
  "jaw_ratio_max": 0.8565366864204407,
  "smile_intensity_mean": 0.383291095495224,
  "smile_intensity_std": 0.29273539781570435,
  "smile_intensity_median": 0.3424934446811676,
  "smile_intensity_max": 1.0,
  "eye_contact_mean": 0.9504421353340149,
  "eye_contact_std": 0.036406051367521286,
  "eye_contact_median": 0.9602128863334656,
  "eye_contact_max": 0.9985108375549316,
  "eye_openness_mean": 0.7596906423568726,
  "eye_openness_std": 0.20859397947788239,
  "eye_openness_median": 0.7235749363899231,
  "eye_openness_max": 1.0,
  "gaze_stability_mean": 0.9770589470863342,
  "gaze_stability_std": 0.024655237793922424,
  "gaze_stability_median": 0.9842264652252197,
  "gaze_stability_max": 1.0,
  "head_tilt_mean": 0.15203624963760376,
  "head_tilt_std": 0.132461816072464,
  "head_tilt_median": 0.09276233613491058,
  "head_tilt_max": 0.576316237449646,
  "expression_speed_mean": 0.30537140369415283,
  "expression_speed_std": 0.2313823401927948,
  "expression_speed_median": 0.2671487331390381,
  "expression_speed_max": 0.9208663105964661,
  "happy_mean": 0.149664044380188,
  "happy_std": 0.3211190700531006,
  "happy_median": 0.001267727231606841,
  "happy_max": 1.0,
  "neutral_mean": 0.19565126299858093,
  "neutral_std": 0.31536898016929626,
  "neutral_median": 0.00988620612770319,
  "neutral_max": 0.9996585249900818,
  "surprise_mean": 0.00546540692448616,
  "surprise_std": 0.016107015311717987,
  "surprise_median": 2.175979034291231e-06,
  "surprise_max": 0.09281089901924133,
  "processed_frames": 68.0,
  "video_name": "4.mp4"
}