{
  "facial_symmetry_mean": 0.8904309868812561,
  "facial_symmetry_std": 0.05614260956645012,
  "facial_symmetry_median": 0.8961489200592041,
  "facial_symmetry_max": 0.9895456433296204,
  "face_width_height_ratio_mean": 1.3344370126724243,
  "face_width_height_ratio_std": 0.07788264751434326,
  "face_width_height_ratio_median": 1.3410322666168213,
  "face_width_height_ratio_max": 1.6086965799331665,
  "eye_spacing_ratio_mean": 0.7124380469322205,
  "eye_spacing_ratio_std": 0.019014127552509308,
  "eye_spacing_ratio_median": 0.7108791470527649,
  "eye_spacing_ratio_max": 0.8013867735862732,
  "jaw_ratio_mean": 0.7558934092521667,
  "jaw_ratio_std": 0.01681334897875786,
  "jaw_ratio_median": 0.7542092204093933,
  "jaw_ratio_max": 0.8325567841529846,
  "smile_intensity_mean": 0.08970540761947632,
  "smile_intensity_std": 0.0902421846985817,
  "smile_intensity_median": 0.046908777207136154,
  "smile_intensity_max": 0.2839968502521515,
  "eye_contact_mean": 0.9761584997177124,
  "eye_contact_std": 0.019511383026838303,
  "eye_contact_median": 0.9801210761070251,
  "eye_contact_max": 0.9999935626983643,
  "eye_openness_mean": 0.8834455013275146,
  "eye_openness_std": 0.20260344445705414,
  "eye_openness_median": 1.0,
  "eye_openness_max": 1.0,
  "gaze_stability_mean": 0.9855380058288574,
  "gaze_stability_std": 0.018798653036355972,
  "gaze_stability_median": 0.9896536469459534,
  "gaze_stability_max": 1.0,
  "head_tilt_mean": 0.10442943125963211,
  "head_tilt_std": 0.095132976770401,
  "head_tilt_median": 0.07424473762512207,
  "head_tilt_max": 0.4306602478027344,
  "expression_speed_mean": 0.20518065989017487,
  "expression_speed_std": 0.1954544186592102,
  "expression_speed_median": 0.140461266040802,
  "expression_speed_max": 0.7208694815635681,
  "happy_mean": 0.027829432860016823,
  "happy_std": 0.10334334522485733,
  "happy_median": 0.00019969498680438846,
  "happy_max": 0.6939478516578674,
  "neutral_mean": 0.22198833525180817,
  "neutral_std": 0.33885082602500916,
  "neutral_median": 0.008781475946307182,
  "neutral_max": 0.9942315220832825,
  "surprise_mean": 0.011290852911770344,
  "surprise_std": 0.05062440037727356,
  "surprise_median": 1.0493053196114488e-05,
  "surprise_max": 0.4377358853816986,
  "processed_frames": 109.0,
  "video_name": "6.mp4"
}