{
  "facial_symmetry_mean": 0.7959340810775757,
  "facial_symmetry_std": 0.1502121090888977,
  "facial_symmetry_median": 0.8427444696426392,
  "facial_symmetry_max": 0.9931439161300659,
  "face_width_height_ratio_mean": 1.3170744180679321,
  "face_width_height_ratio_std": 0.21037940680980682,
  "face_width_height_ratio_median": 1.3751733303070068,
  "face_width_height_ratio_max": 1.7332870960235596,
  "eye_spacing_ratio_mean": 0.6264241337776184,
  "eye_spacing_ratio_std": 0.05997377634048462,
  "eye_spacing_ratio_median": 0.6434828042984009,
  "eye_spacing_ratio_max": 0.6990401744842529,
  "jaw_ratio_mean": 0.7712225914001465,
  "jaw_ratio_std": 0.027873599901795387,
  "jaw_ratio_median": 0.7626806497573853,
  "jaw_ratio_max": 0.8852376937866211,
  "smile_intensity_mean": 0.0453946478664875,
  "smile_intensity_std": 0.05748284235596657,
  "smile_intensity_median": 0.012898458167910576,
  "smile_intensity_max": 0.23759466409683228,
  "eye_contact_mean": 0.927649199962616,
  "eye_contact_std": 0.06828177720308304,
  "eye_contact_median": 0.9535453915596008,
  "eye_contact_max": 0.9917919039726257,
  "eye_openness_mean": 0.6501079201698303,
  "eye_openness_std": 0.31617632508277893,
  "eye_openness_median": 0.5548185110092163,
  "eye_openness_max": 1.0,
  "gaze_stability_mean": 0.979041337966919,
  "gaze_stability_std": 0.02806158922612667,
  "gaze_stability_median": 0.9906433820724487,
  "gaze_stability_max": 1.0,
  "head_tilt_mean": 0.1112513318657875,
  "head_tilt_std": 0.08069100975990295,
  "head_tilt_median": 0.09134635329246521,
  "head_tilt_max": 0.3069935739040375,
  "expression_speed_mean": 0.14492231607437134,
  "expression_speed_std": 0.2115413397550583,
  "expression_speed_median": 0.04907752573490143,
  "expression_speed_max": 0.904467761516571,
  "happy_mean": 0.059869151562452316,
  "happy_std": 0.21627074480056763,
  "happy_median": 1.2946474271302577e-05,
  "happy_max": 0.9998056292533875,
  "neutral_mean": 0.3205513060092926,
  "neutral_std": 0.3677951395511627,
  "neutral_median": 0.10135824233293533,
  "neutral_max": 0.9964234828948975,
  "surprise_mean": 0.07606286555528641,
  "surprise_std": 0.22585980594158173,
  "surprise_median": 2.774424046947388e-06,
  "surprise_max": 0.9991269111633301,
  "processed_frames": 86.0,
  "video_name": "1 (5).mp4"
}