{
  "facial_symmetry_mean": 0.8026772737503052,
  "facial_symmetry_std": 0.10814341902732849,
  "facial_symmetry_median": 0.7979414463043213,
  "facial_symmetry_max": 0.9975433349609375,
  "face_width_height_ratio_mean": 1.4447389841079712,
  "face_width_height_ratio_std": 0.12967179715633392,
  "face_width_height_ratio_median": 1.435459017753601,
  "face_width_height_ratio_max": 1.9900139570236206,
  "eye_spacing_ratio_mean": 0.6619884967803955,
  "eye_spacing_ratio_std": 0.022573528811335564,
  "eye_spacing_ratio_median": 0.6578503251075745,
  "eye_spacing_ratio_max": 0.760272204875946,
  "jaw_ratio_mean": 0.773409366607666,
  "jaw_ratio_std": 0.01708848774433136,
  "jaw_ratio_median": 0.7732944488525391,
  "jaw_ratio_max": 0.8211501240730286,
  "smile_intensity_mean": 0.07328829914331436,
  "smile_intensity_std": 0.09449251741170883,
  "smile_intensity_median": 0.01611470989882946,
  "smile_intensity_max": 0.5026865601539612,
  "eye_contact_mean": 0.9534338116645813,
  "eye_contact_std": 0.03900209441781044,
  "eye_contact_median": 0.9625021815299988,
  "eye_contact_max": 0.9998600482940674,
  "eye_openness_mean": 0.8671831488609314,
  "eye_openness_std": 0.2266661524772644,
  "eye_openness_median": 1.0,
  "eye_openness_max": 1.0,
  "gaze_stability_mean": 0.9826664924621582,
  "gaze_stability_std": 0.024253802374005318,
  "gaze_stability_median": 0.9917271137237549,
  "gaze_stability_max": 1.0,
  "head_tilt_mean": 0.08945975452661514,
  "head_tilt_std": 0.08128881454467773,
  "head_tilt_median": 0.05931038409471512,
  "head_tilt_max": 0.31316012144088745,
  "expression_speed_mean": 0.13013871014118195,
  "expression_speed_std": 0.18175643682479858,
  "expression_speed_median": 0.043618686497211456,
  "expression_speed_max": 0.7531706094741821,
  "happy_mean": 0.13375909626483917,
  "happy_std": 0.3035183250904083,
  "happy_median": 3.7382254959084094e-05,
  "happy_max": 0.9999892115592957,
  "neutral_mean": 0.46211132407188416,
  "neutral_std": 0.40382739901542664,
  "neutral_median": 0.4627090096473694,
  "neutral_max": 0.9972617030143738,
  "surprise_mean": 0.0035487981513142586,
  "surprise_std": 0.034073904156684875,
  "surprise_median": 4.669105919674621e-07,
  "surprise_max": 0.38639095425605774,
  "processed_frames": 130.0,
  "video_name": "1 (6).mp4"
}