{
  "facial_symmetry_mean": 0.8896605372428894,
  "facial_symmetry_std": 0.07529836893081665,
  "facial_symmetry_median": 0.9048928618431091,
  "facial_symmetry_max": 0.9953176379203796,
  "face_width_height_ratio_mean": 1.371979832649231,
  "face_width_height_ratio_std": 0.11190036684274673,
  "face_width_height_ratio_median": 1.3786828517913818,
  "face_width_height_ratio_max": 1.5777372121810913,
  "eye_spacing_ratio_mean": 0.6471281051635742,
  "eye_spacing_ratio_std": 0.026822766289114952,
  "eye_spacing_ratio_median": 0.6496596932411194,
  "eye_spacing_ratio_max": 0.7229252457618713,
  "jaw_ratio_mean": 0.773898720741272,
  "jaw_ratio_std": 0.016253657639026642,
  "jaw_ratio_median": 0.7729654908180237,
  "jaw_ratio_max": 0.8314435482025146,
  "smile_intensity_mean": 0.10618855804204941,
  "smile_intensity_std": 0.11805395036935806,
  "smile_intensity_median": 0.049583036452531815,
  "smile_intensity_max": 0.44457677006721497,
  "eye_contact_mean": 0.9546110033988953,
  "eye_contact_std": 0.042904701083898544,
  "eye_contact_median": 0.9723644256591797,
  "eye_contact_max": 0.9974284768104553,
  "eye_openness_mean": 0.6071335673332214,
  "eye_openness_std": 0.21074342727661133,
  "eye_openness_median": 0.6238912343978882,
  "eye_openness_max": 1.0,
  "gaze_stability_mean": 0.9862973690032959,
  "gaze_stability_std": 0.02613554522395134,
  "gaze_stability_median": 0.9925824403762817,
  "gaze_stability_max": 1.0,
  "head_tilt_mean": 0.07248706370592117,
  "head_tilt_std": 0.051554352045059204,
  "head_tilt_median": 0.06760358810424805,
  "head_tilt_max": 0.21220281720161438,
  "expression_speed_mean": 0.13983523845672607,
  "expression_speed_std": 0.14823375642299652,
  "expression_speed_median": 0.07180075347423553,
  "expression_speed_max": 0.6159312725067139,
  "happy_mean": 0.025791315361857414,
  "happy_std": 0.07334553450345993,
  "happy_median": 0.00026730462559498847,
  "happy_max": 0.4463331997394562,
  "neutral_mean": 0.4003472626209259,
  "neutral_std": 0.4059714376926422,
  "neutral_median": 0.2662000358104706,
  "neutral_max": 0.9996824264526367,
  "surprise_mean": 0.05239696800708771,
  "surprise_std": 0.20428353548049927,
  "surprise_median": 2.6272755349054933e-05,
  "surprise_max": 0.9709252119064331,
  "processed_frames": 57.0,
  "video_name": "1.mp4"
}