{
  "facial_symmetry_mean": 0.9068159461021423,
  "facial_symmetry_std": 0.1076095774769783,
  "facial_symmetry_median": 0.9481271505355835,
  "facial_symmetry_max": 0.982977032661438,
  "face_width_height_ratio_mean": 1.4385600090026855,
  "face_width_height_ratio_std": 0.04088856652379036,
  "face_width_height_ratio_median": 1.4312858581542969,
  "face_width_height_ratio_max": 1.5754692554473877,
  "eye_spacing_ratio_mean": 0.664563000202179,
  "eye_spacing_ratio_std": 0.011725515127182007,
  "eye_spacing_ratio_median": 0.6645526885986328,
  "eye_spacing_ratio_max": 0.696774423122406,
  "jaw_ratio_mean": 0.7882817983627319,
  "jaw_ratio_std": 0.019347643479704857,
  "jaw_ratio_median": 0.7840640544891357,
  "jaw_ratio_max": 0.8449105024337769,
  "smile_intensity_mean": 0.017478572204709053,
  "smile_intensity_std": 0.037906404584646225,
  "smile_intensity_median": 0.005117996595799923,
  "smile_intensity_max": 0.24101975560188293,
  "eye_contact_mean": 0.9742843508720398,
  "eye_contact_std": 0.044377610087394714,
  "eye_contact_median": 0.9928700923919678,
  "eye_contact_max": 0.9997231960296631,
  "eye_openness_mean": 0.5418627858161926,
  "eye_openness_std": 0.337518572807312,
  "eye_openness_median": 0.5637549161911011,
  "eye_openness_max": 1.0,
  "gaze_stability_mean": 0.9882918000221252,
  "gaze_stability_std": 0.023103144019842148,
  "gaze_stability_median": 0.9953771233558655,
  "gaze_stability_max": 1.0,
  "head_tilt_mean": 0.04325001314282417,
  "head_tilt_std": 0.030331095680594444,
  "head_tilt_median": 0.03800146281719208,
  "head_tilt_max": 0.12231796979904175,
  "expression_speed_mean": 0.08500926941633224,
  "expression_speed_std": 0.12568619847297668,
  "expression_speed_median": 0.03983359783887863,
  "expression_speed_max": 0.658663809299469,
  "happy_mean": 0.05606626719236374,
  "happy_std": 0.19662436842918396,
  "happy_median": 2.6495404199522454e-06,
  "happy_max": 0.9962763786315918,
  "neutral_mean": 0.16002748906612396,
  "neutral_std": 0.25623321533203125,
  "neutral_median": 0.040859997272491455,
  "neutral_max": 0.9279053211212158,
  "surprise_mean": 0.015112134627997875,
  "surprise_std": 0.08180278539657593,
  "surprise_median": 2.845637254722533e-07,
  "surprise_max": 0.6181763410568237,
  "processed_frames": 60.0,
  "video_name": "1.mp4"
}