{
  "facial_symmetry_mean": 0.9276838898658752,
  "facial_symmetry_std": 0.0487808994948864,
  "facial_symmetry_median": 0.9415677785873413,
  "facial_symmetry_max": 0.999443769454956,
  "face_width_height_ratio_mean": 0.8324569463729858,
  "face_width_height_ratio_std": 0.09045825898647308,
  "face_width_height_ratio_median": 0.8309627771377563,
  "face_width_height_ratio_max": 1.0472002029418945,
  "eye_spacing_ratio_mean": 0.6645324230194092,
  "eye_spacing_ratio_std": 0.0312490276992321,
  "eye_spacing_ratio_median": 0.6667407155036926,
  "eye_spacing_ratio_max": 0.7277088165283203,
  "jaw_ratio_mean": 0.7835764288902283,
  "jaw_ratio_std": 0.019141733646392822,
  "jaw_ratio_median": 0.7814158797264099,
  "jaw_ratio_max": 0.8728348612785339,
  "smile_intensity_mean": 0.20222748816013336,
  "smile_intensity_std": 0.20112881064414978,
  "smile_intensity_median": 0.18723663687705994,
  "smile_intensity_max": 1.0,
  "eye_contact_mean": 0.9603302478790283,
  "eye_contact_std": 0.03403322026133537,
  "eye_contact_median": 0.9676956534385681,
  "eye_contact_max": 0.9997798800468445,
  "eye_openness_mean": 0.746694028377533,
  "eye_openness_std": 0.2882227301597595,
  "eye_openness_median": 0.8931711912155151,
  "eye_openness_max": 1.0,
  "gaze_stability_mean": 0.987910807132721,
  "gaze_stability_std": 0.016173234209418297,
  "gaze_stability_median": 0.9933030009269714,
  "gaze_stability_max": 1.0,
  "head_tilt_mean": 0.149103045463562,
  "head_tilt_std": 0.10751394927501678,
  "head_tilt_median": 0.10948330163955688,
  "head_tilt_max": 0.4343309998512268,
  "expression_speed_mean": 0.21081966161727905,
  "expression_speed_std": 0.22260276973247528,
  "expression_speed_median": 0.12367464601993561,
  "expression_speed_max": 1.0,
  "happy_mean": 0.03708284720778465,
  "happy_std": 0.1529998481273651,
  "happy_median": 0.0002254585560876876,
  "happy_max": 0.990199863910675,
  "neutral_mean": 0.16213567554950714,
  "neutral_std": 0.23825716972351074,
  "neutral_median": 0.030497051775455475,
  "neutral_max": 0.8797549605369568,
  "surprise_mean": 0.04729016125202179,
  "surprise_std": 0.19009870290756226,
  "surprise_median": 6.241574737941846e-05,
  "surprise_max": 0.9664445519447327,
  "processed_frames": 83.0,
  "video_name": "2.mp4"
}