{
  "facial_symmetry_mean": 0.766553521156311,
  "facial_symmetry_std": 0.14710623025894165,
  "facial_symmetry_median": 0.7772818207740784,
  "facial_symmetry_max": 0.9859352111816406,
  "face_width_height_ratio_mean": 0.5863399505615234,
  "face_width_height_ratio_std": 0.05972869321703911,
  "face_width_height_ratio_median": 0.5821534395217896,
  "face_width_height_ratio_max": 0.7579166889190674,
  "eye_spacing_ratio_mean": 0.6538713574409485,
  "eye_spacing_ratio_std": 0.021839380264282227,
  "eye_spacing_ratio_median": 0.6532251834869385,
  "eye_spacing_ratio_max": 0.7049996256828308,
  "jaw_ratio_mean": 0.7857583165168762,
  "jaw_ratio_std": 0.01912417635321617,
  "jaw_ratio_median": 0.7850220203399658,
  "jaw_ratio_max": 0.8318426012992859,
  "smile_intensity_mean": 0.30030545592308044,
  "smile_intensity_std": 0.30840328335762024,
  "smile_intensity_median": 0.08165484666824341,
  "smile_intensity_max": 0.9546853303909302,
  "eye_contact_mean": 0.9556922912597656,
  "eye_contact_std": 0.04172476753592491,
  "eye_contact_median": 0.9638030529022217,
  "eye_contact_max": 0.9995169639587402,
  "eye_openness_mean": 0.9624488353729248,
  "eye_openness_std": 0.12372196465730667,
  "eye_openness_median": 1.0,
  "eye_openness_max": 1.0,
  "gaze_stability_mean": 0.9865666031837463,
  "gaze_stability_std": 0.024241046980023384,
  "gaze_stability_median": 0.9936941862106323,
  "gaze_stability_max": 1.0,
  "head_tilt_mean": 0.16684450209140778,
  "head_tilt_std": 0.13044601678848267,
  "head_tilt_median": 0.14402952790260315,
  "head_tilt_max": 0.49066096544265747,
  "expression_speed_mean": 0.17762279510498047,
  "expression_speed_std": 0.20970074832439423,
  "expression_speed_median": 0.07520221173763275,
  "expression_speed_max": 0.9362890720367432,
  "happy_mean": 0.1576598733663559,
  "happy_std": 0.2960876524448395,
  "happy_median": 0.010559316724538803,
  "happy_max": 0.9999440908432007,
  "neutral_mean": 0.23604483902454376,
  "neutral_std": 0.3405049741268158,
  "neutral_median": 0.0344603955745697,
  "neutral_max": 0.999250054359436,
  "surprise_mean": 0.061970341950654984,
  "surprise_std": 0.15439800918102264,
  "surprise_median": 0.0002531508798711002,
  "surprise_max": 0.6873875260353088,
  "processed_frames": 74.0,
  "video_name": "3.mp4"
}