{
  "facial_symmetry_mean": 0.8601476550102234,
  "facial_symmetry_std": 0.09552311897277832,
  "facial_symmetry_median": 0.9027628898620605,
  "facial_symmetry_max": 0.9801487922668457,
  "face_width_height_ratio_mean": 0.7775347828865051,
  "face_width_height_ratio_std": 0.08725535869598389,
  "face_width_height_ratio_median": 0.784267783164978,
  "face_width_height_ratio_max": 0.9987659454345703,
  "eye_spacing_ratio_mean": 0.6561486124992371,
  "eye_spacing_ratio_std": 0.04114169627428055,
  "eye_spacing_ratio_median": 0.6460150480270386,
  "eye_spacing_ratio_max": 0.7499245405197144,
  "jaw_ratio_mean": 0.7672021985054016,
  "jaw_ratio_std": 0.02126326784491539,
  "jaw_ratio_median": 0.7697304487228394,
  "jaw_ratio_max": 0.8204007744789124,
  "smile_intensity_mean": 0.2606320381164551,
  "smile_intensity_std": 0.26818859577178955,
  "smile_intensity_median": 0.1739911139011383,
  "smile_intensity_max": 0.9398397207260132,
  "eye_contact_mean": 0.9575516581535339,
  "eye_contact_std": 0.03433878347277641,
  "eye_contact_median": 0.9644292593002319,
  "eye_contact_max": 0.9997681379318237,
  "eye_openness_mean": 0.6445034742355347,
  "eye_openness_std": 0.31847235560417175,
  "eye_openness_median": 0.5811896324157715,
  "eye_openness_max": 1.0,
  "gaze_stability_mean": 0.9830082654953003,
  "gaze_stability_std": 0.0208127461373806,
  "gaze_stability_median": 0.9901966452598572,
  "gaze_stability_max": 1.0,
  "head_tilt_mean": 0.19921459257602692,
  "head_tilt_std": 0.18147851526737213,
  "head_tilt_median": 0.12844674289226532,
  "head_tilt_max": 0.59163898229599,
  "expression_speed_mean": 0.2317146360874176,
  "expression_speed_std": 0.28376567363739014,
  "expression_speed_median": 0.0811634361743927,
  "expression_speed_max": 1.0,
  "happy_mean": 0.05497722700238228,
  "happy_std": 0.21095161139965057,
  "happy_median": 1.3194849088904448e-05,
  "happy_max": 0.9998812675476074,
  "neutral_mean": 0.3024417757987976,
  "neutral_std": 0.4013800621032715,
  "neutral_median": 0.03183605149388313,
  "neutral_max": 0.9994828701019287,
  "surprise_mean": 0.0008485252619720995,
  "surprise_std": 0.0029368437826633453,
  "surprise_median": 1.4974432360759238e-06,
  "surprise_max": 0.017436891794204712,
  "processed_frames": 70.0,
  "video_name": "5.mp4"
}