{
  "facial_symmetry_mean": 0.8688451647758484,
  "facial_symmetry_std": 0.0906161367893219,
  "facial_symmetry_median": 0.8463989496231079,
  "facial_symmetry_max": 0.9934623837471008,
  "face_width_height_ratio_mean": 0.8109919428825378,
  "face_width_height_ratio_std": 0.030740169808268547,
  "face_width_height_ratio_median": 0.8148295879364014,
  "face_width_height_ratio_max": 0.8733697533607483,
  "eye_spacing_ratio_mean": 0.6779706478118896,
  "eye_spacing_ratio_std": 0.020008709281682968,
  "eye_spacing_ratio_median": 0.6853386759757996,
  "eye_spacing_ratio_max": 0.7215628623962402,
  "jaw_ratio_mean": 0.759116530418396,
  "jaw_ratio_std": 0.009540054947137833,
  "jaw_ratio_median": 0.7579729557037354,
  "jaw_ratio_max": 0.7921754121780396,
  "smile_intensity_mean": 0.11129030585289001,
  "smile_intensity_std": 0.1633019596338272,
  "smile_intensity_median": 0.023248348385095596,
  "smile_intensity_max": 0.6537096500396729,
  "eye_contact_mean": 0.9611605405807495,
  "eye_contact_std": 0.0391840934753418,
  "eye_contact_median": 0.9699549674987793,
  "eye_contact_max": 0.9995242357254028,
  "eye_openness_mean": 0.8295925855636597,
  "eye_openness_std": 0.27372968196868896,
  "eye_openness_median": 1.0,
  "eye_openness_max": 1.0,
  "gaze_stability_mean": 0.9791020154953003,
  "gaze_stability_std": 0.035054031759500504,
  "gaze_stability_median": 0.9922722578048706,
  "gaze_stability_max": 1.0,
  "head_tilt_mean": 0.26108497381210327,
  "head_tilt_std": 0.21153803169727325,
  "head_tilt_median": 0.30428603291511536,
  "head_tilt_max": 0.6956194639205933,
  "expression_speed_mean": 0.12160198390483856,
  "expression_speed_std": 0.22064539790153503,
  "expression_speed_median": 0.0271458700299263,
  "expression_speed_max": 0.7303137183189392,
  "happy_mean": 0.13400498032569885,
  "happy_std": 0.3159177005290985,
  "happy_median": 0.0003242682432755828,
  "happy_max": 0.9999287128448486,
  "neutral_mean": 0.4047693610191345,
  "neutral_std": 0.4014243483543396,
  "neutral_median": 0.20348191261291504,
  "neutral_max": 0.9999923706054688,
  "surprise_mean": 0.10644864290952682,
  "surprise_std": 0.26396244764328003,
  "surprise_median": 5.0530957196315285e-06,
  "surprise_max": 0.9943540692329407,
  "processed_frames": 49.0,
  "video_name": "6.mp4"
}