{
  "expression_speed_max": 0.8509691754976908,
  "expression_speed_mean": 0.1697234349946181,
  "expression_speed_median": 0.06417739701767762,
  "expression_speed_std": 0.22008904814720154,
  "eye_contact_max": 0.9994299113750458,
  "eye_contact_mean": 0.9647169609864553,
  "eye_contact_median": 0.973321408033371,
  "eye_contact_std": 0.03448966719831029,
  "eye_openness_max": 1.0,
  "eye_openness_mean": 0.7600436309973398,
  "eye_openness_median": 0.8396859566370646,
  "eye_openness_std": 0.26668238267302513,
  "eye_spacing_ratio_max": 0.7221880654493967,
  "eye_spacing_ratio_mean": 0.6679928302764893,
  "eye_spacing_ratio_median": 0.668140689531962,
  "eye_spacing_ratio_std": 0.025548951389888924,
  "face_width_height_ratio_max": 1.1188534200191498,
  "face_width_height_ratio_mean": 0.9386569261550903,
  "face_width_height_ratio_median": 0.9523139595985413,
  "face_width_height_ratio_std": 0.08831149308631818,
  "facial_symmetry_max": 0.9899009962876638,
  "facial_symmetry_mean": 0.874072422583898,
  "facial_symmetry_median": 0.8922857542832693,
  "facial_symmetry_std": 0.0973352671911319,
  "gaze_stability_max": 1.0,
  "gaze_stability_mean": 0.9856746594111124,
  "gaze_stability_median": 0.9931851128737131,
  "gaze_stability_std": 0.02170487493276596,
  "happy_max": 0.8480209099749724,
  "happy_mean": 0.07523149810731411,
  "happy_median": 0.0019341757097966668,
  "happy_std": 0.19934006656209627,
  "head_tilt_max": 0.5485101838906606,
  "head_tilt_mean": 0.16611215534309545,
  "head_tilt_median": 0.13348688185214996,
  "head_tilt_std": 0.14781010492394367,
  "jaw_ratio_max": 0.8282893300056458,
  "jaw_ratio_mean": 0.7741002043088278,
  "jaw_ratio_median": 0.77225990096728,
  "jaw_ratio_std": 0.017587780642012756,
  "neutral_max": 0.9677242239316305,
  "neutral_mean": 0.26401374985774356,
  "neutral_median": 0.08090884424746037,
  "neutral_std": 0.33422895272572833,
  "processed_frames": 62.0,
  "smile_intensity_max": 0.6740531822045644,
  "smile_intensity_mean": 0.15422081605841717,
  "smile_intensity_median": 0.08086917999510963,
  "smile_intensity_std": 0.17308437575896582,
  "surprise_max": 0.5560142497221628,
  "surprise_mean": 0.039304710779106244,
  "surprise_median": 0.00011149837077558307,
  "surprise_std": 0.11752427167569597,
  "video_count": 6.0,
  "valid_video_count": 6.0,
  "valid_video_ratio": 1.0,
  "total_processed_frames": 372.0,
  "avg_processed_frames": 62.0,
  "quality_score": 0.7653333333333333,
  "person_name": "Kang Hye Won"
}