{
  "facial_symmetry_mean": 0.9164509177207947,
  "facial_symmetry_std": 0.06285245716571808,
  "facial_symmetry_median": 0.9399430751800537,
  "facial_symmetry_max": 0.9989772439002991,
  "face_width_height_ratio_mean": 1.378493070602417,
  "face_width_height_ratio_std": 0.17119339108467102,
  "face_width_height_ratio_median": 1.4013009071350098,
  "face_width_height_ratio_max": 1.736985445022583,
  "eye_spacing_ratio_mean": 0.6485554575920105,
  "eye_spacing_ratio_std": 0.019755659624934196,
  "eye_spacing_ratio_median": 0.644895076751709,
  "eye_spacing_ratio_max": 0.6935198307037354,
  "jaw_ratio_mean": 0.8101229071617126,
  "jaw_ratio_std": 0.02491791360080242,
  "jaw_ratio_median": 0.8133703470230103,
  "jaw_ratio_max": 0.8518959879875183,
  "smile_intensity_mean": 0.1780707687139511,
  "smile_intensity_std": 0.20016974210739136,
  "smile_intensity_median": 0.07357162237167358,
  "smile_intensity_max": 0.8487439751625061,
  "eye_contact_mean": 0.9676777720451355,
  "eye_contact_std": 0.02258230559527874,
  "eye_contact_median": 0.9646035432815552,
  "eye_contact_max": 0.9998906850814819,
  "eye_openness_mean": 0.3350006937980652,
  "eye_openness_std": 0.10053520649671555,
  "eye_openness_median": 0.32176023721694946,
  "eye_openness_max": 0.5270364284515381,
  "gaze_stability_mean": 0.9825732707977295,
  "gaze_stability_std": 0.01796857640147209,
  "gaze_stability_median": 0.9886579513549805,
  "gaze_stability_max": 1.0,
  "head_tilt_mean": 0.034217044711112976,
  "head_tilt_std": 0.037132374942302704,
  "head_tilt_median": 0.024610981345176697,
  "head_tilt_max": 0.1594015210866928,
  "expression_speed_mean": 0.22989137470722198,
  "expression_speed_std": 0.18405306339263916,
  "expression_speed_median": 0.1507757008075714,
  "expression_speed_max": 0.7112642526626587,
  "happy_mean": 0.11469128727912903,
  "happy_std": 0.26675933599472046,
  "happy_median": 0.011145178228616714,
  "happy_max": 0.9998308420181274,
  "neutral_mean": 0.23521922528743744,
  "neutral_std": 0.3345024883747101,
  "neutral_median": 0.05536210164427757,
  "neutral_max": 0.9972348213195801,
  "surprise_mean": 0.02746785432100296,
  "surprise_std": 0.10835699737071991,
  "surprise_median": 5.7854347687680274e-05,
  "surprise_max": 0.7614178657531738,
  "processed_frames": 52.0,
  "video_name": "1.mp4"
}