{
  "facial_symmetry_mean": 0.8556281328201294,
  "facial_symmetry_std": 0.08135481923818588,
  "facial_symmetry_median": 0.8355146646499634,
  "facial_symmetry_max": 0.9990549087524414,
  "face_width_height_ratio_mean": 1.4775588512420654,
  "face_width_height_ratio_std": 0.11725597828626633,
  "face_width_height_ratio_median": 1.4914079904556274,
  "face_width_height_ratio_max": 1.7364892959594727,
  "eye_spacing_ratio_mean": 0.6320582628250122,
  "eye_spacing_ratio_std": 0.021000906825065613,
  "eye_spacing_ratio_median": 0.6302204132080078,
  "eye_spacing_ratio_max": 0.6844238638877869,
  "jaw_ratio_mean": 0.8038018345832825,
  "jaw_ratio_std": 0.01914995163679123,
  "jaw_ratio_median": 0.8030516505241394,
  "jaw_ratio_max": 0.853762686252594,
  "smile_intensity_mean": 0.23055516183376312,
  "smile_intensity_std": 0.1474035233259201,
  "smile_intensity_median": 0.2865266799926758,
  "smile_intensity_max": 0.5203304886817932,
  "eye_contact_mean": 0.9458560943603516,
  "eye_contact_std": 0.03956976532936096,
  "eye_contact_median": 0.9346253871917725,
  "eye_contact_max": 0.9997082948684692,
  "eye_openness_mean": 0.4591614603996277,
  "eye_openness_std": 0.1331261843442917,
  "eye_openness_median": 0.5013055205345154,
  "eye_openness_max": 0.6353588700294495,
  "gaze_stability_mean": 0.9887872934341431,
  "gaze_stability_std": 0.013367204926908016,
  "gaze_stability_median": 0.9928601980209351,
  "gaze_stability_max": 1.0,
  "head_tilt_mean": 0.05331329628825188,
  "head_tilt_std": 0.03862295672297478,
  "head_tilt_median": 0.046591684222221375,
  "head_tilt_max": 0.1561206579208374,
  "expression_speed_mean": 0.085890993475914,
  "expression_speed_std": 0.06849987059831619,
  "expression_speed_median": 0.06939741969108582,
  "expression_speed_max": 0.3320258557796478,
  "happy_mean": 0.432416707277298,
  "happy_std": 0.4333013892173767,
  "happy_median": 0.31424105167388916,
  "happy_max": 0.9997527599334717,
  "neutral_mean": 0.31045886874198914,
  "neutral_std": 0.3922516405582428,
  "neutral_median": 0.09082628786563873,
  "neutral_max": 0.9970269799232483,
  "surprise_mean": 0.0020316196605563164,
  "surprise_std": 0.005728261079639196,
  "surprise_median": 2.8079175535822287e-05,
  "surprise_max": 0.028109723702073097,
  "processed_frames": 60.0,
  "video_name": "2.mp4"
}