{
  "facial_symmetry_mean": 0.7862322330474854,
  "facial_symmetry_std": 0.11081942915916443,
  "facial_symmetry_median": 0.7947013974189758,
  "facial_symmetry_max": 0.9984398484230042,
  "face_width_height_ratio_mean": 1.4008688926696777,
  "face_width_height_ratio_std": 0.08585605025291443,
  "face_width_height_ratio_median": 1.399101972579956,
  "face_width_height_ratio_max": 1.5752977132797241,
  "eye_spacing_ratio_mean": 0.6539477109909058,
  "eye_spacing_ratio_std": 0.0283014178276062,
  "eye_spacing_ratio_median": 0.649880051612854,
  "eye_spacing_ratio_max": 0.7158183455467224,
  "jaw_ratio_mean": 0.7906582355499268,
  "jaw_ratio_std": 0.016480615362524986,
  "jaw_ratio_median": 0.794133722782135,
  "jaw_ratio_max": 0.8457036018371582,
  "smile_intensity_mean": 0.062278661876916885,
  "smile_intensity_std": 0.1232413500547409,
  "smile_intensity_median": 0.015188265591859818,
  "smile_intensity_max": 0.5461034178733826,
  "eye_contact_mean": 0.9401972889900208,
  "eye_contact_std": 0.05329837650060654,
  "eye_contact_median": 0.9570566415786743,
  "eye_contact_max": 0.9986369013786316,
  "eye_openness_mean": 0.7865793704986572,
  "eye_openness_std": 0.26254555583000183,
  "eye_openness_median": 1.0,
  "eye_openness_max": 1.0,
  "gaze_stability_mean": 0.9826213121414185,
  "gaze_stability_std": 0.02417958900332451,
  "gaze_stability_median": 0.9906148314476013,
  "gaze_stability_max": 1.0,
  "head_tilt_mean": 0.0769461914896965,
  "head_tilt_std": 0.059929896146059036,
  "head_tilt_median": 0.07503993809223175,
  "head_tilt_max": 0.22133246064186096,
  "expression_speed_mean": 0.07472865283489227,
  "expression_speed_std": 0.13306014239788055,
  "expression_speed_median": 0.024636032059788704,
  "expression_speed_max": 0.9764683842658997,
  "happy_mean": 0.05607016757130623,
  "happy_std": 0.19674353301525116,
  "happy_median": 5.090075774205616e-07,
  "happy_max": 0.9412096738815308,
  "neutral_mean": 0.23449982702732086,
  "neutral_std": 0.33952710032463074,
  "neutral_median": 0.03665362671017647,
  "neutral_max": 0.9998899102210999,
  "surprise_mean": 0.02667665295302868,
  "surprise_std": 0.12499852478504181,
  "surprise_median": 4.8751964243365364e-08,
  "surprise_max": 0.9138211011886597,
  "processed_frames": 144.0,
  "video_name": "3.mp4"
}