{
  "facial_symmetry_mean": 0.9307283759117126,
  "facial_symmetry_std": 0.04925552383065224,
  "facial_symmetry_median": 0.9371426105499268,
  "facial_symmetry_max": 0.994925856590271,
  "face_width_height_ratio_mean": 1.4467185735702515,
  "face_width_height_ratio_std": 0.17142809927463531,
  "face_width_height_ratio_median": 1.4877638816833496,
  "face_width_height_ratio_max": 1.7923932075500488,
  "eye_spacing_ratio_mean": 0.6315153241157532,
  "eye_spacing_ratio_std": 0.0251056719571352,
  "eye_spacing_ratio_median": 0.6369971036911011,
  "eye_spacing_ratio_max": 0.6958580017089844,
  "jaw_ratio_mean": 0.7965287566184998,
  "jaw_ratio_std": 0.01735331304371357,
  "jaw_ratio_median": 0.8000104427337646,
  "jaw_ratio_max": 0.8214251399040222,
  "smile_intensity_mean": 0.14157813787460327,
  "smile_intensity_std": 0.16456401348114014,
  "smile_intensity_median": 0.04488306865096092,
  "smile_intensity_max": 0.5480327010154724,
  "eye_contact_mean": 0.9719446897506714,
  "eye_contact_std": 0.0211105328053236,
  "eye_contact_median": 0.980965793132782,
  "eye_contact_max": 0.994896411895752,
  "eye_openness_mean": 0.26637086272239685,
  "eye_openness_std": 0.10258845239877701,
  "eye_openness_median": 0.2676714360713959,
  "eye_openness_max": 0.4551748037338257,
  "gaze_stability_mean": 0.9900287389755249,
  "gaze_stability_std": 0.011599557474255562,
  "gaze_stability_median": 0.9936483502388,
  "gaze_stability_max": 1.0,
  "head_tilt_mean": 0.04418978467583656,
  "head_tilt_std": 0.02671179547905922,
  "head_tilt_median": 0.047588050365448,
  "head_tilt_max": 0.10934785008430481,
  "expression_speed_mean": 0.13439249992370605,
  "expression_speed_std": 0.09592778980731964,
  "expression_speed_median": 0.11560193449258804,
  "expression_speed_max": 0.3924770653247833,
  "happy_mean": 0.17857776582241058,
  "happy_std": 0.3512900173664093,
  "happy_median": 0.004637528210878372,
  "happy_max": 0.9999548196792603,
  "neutral_mean": 0.2403392195701599,
  "neutral_std": 0.3330981433391571,
  "neutral_median": 0.045380327850580215,
  "neutral_max": 0.9604806303977966,
  "surprise_mean": 0.011801251210272312,
  "surprise_std": 0.06893649697303772,
  "surprise_median": 2.8278536774450913e-06,
  "surprise_max": 0.4579034447669983,
  "processed_frames": 43.0,
  "video_name": "4.mp4"
}