{
  "facial_symmetry_mean": 0.9642132520675659,
  "facial_symmetry_std": 0.037864841520786285,
  "facial_symmetry_median": 0.9816477298736572,
  "facial_symmetry_max": 0.9993427395820618,
  "face_width_height_ratio_mean": 1.4123492240905762,
  "face_width_height_ratio_std": 0.09411154687404633,
  "face_width_height_ratio_median": 1.4323229789733887,
  "face_width_height_ratio_max": 1.5634616613388062,
  "eye_spacing_ratio_mean": 0.654540479183197,
  "eye_spacing_ratio_std": 0.01760593056678772,
  "eye_spacing_ratio_median": 0.6512131094932556,
  "eye_spacing_ratio_max": 0.7035976052284241,
  "jaw_ratio_mean": 0.7854292988777161,
  "jaw_ratio_std": 0.016347819939255714,
  "jaw_ratio_median": 0.7848073244094849,
  "jaw_ratio_max": 0.8295527696609497,
  "smile_intensity_mean": 0.21567335724830627,
  "smile_intensity_std": 0.1835138201713562,
  "smile_intensity_median": 0.2686240077018738,
  "smile_intensity_max": 0.9337441921234131,
  "eye_contact_mean": 0.9882466793060303,
  "eye_contact_std": 0.013643905520439148,
  "eye_contact_median": 0.9930647015571594,
  "eye_contact_max": 0.9997788071632385,
  "eye_openness_mean": 0.2506103515625,
  "eye_openness_std": 0.11481890082359314,
  "eye_openness_median": 0.25895464420318604,
  "eye_openness_max": 0.6491883397102356,
  "gaze_stability_mean": 0.991411566734314,
  "gaze_stability_std": 0.010921849869191647,
  "gaze_stability_median": 0.9955528974533081,
  "gaze_stability_max": 1.0,
  "head_tilt_mean": 0.04413030296564102,
  "head_tilt_std": 0.045444805175065994,
  "head_tilt_median": 0.028339475393295288,
  "head_tilt_max": 0.2950108051300049,
  "expression_speed_mean": 0.12777304649353027,
  "expression_speed_std": 0.1270088106393814,
  "expression_speed_median": 0.08603210747241974,
  "expression_speed_max": 0.6422997117042542,
  "happy_mean": 0.31959083676338196,
  "happy_std": 0.4097971022129059,
  "happy_median": 0.02984619140625,
  "happy_max": 0.9999428391456604,
  "neutral_mean": 0.26872119307518005,
  "neutral_std": 0.3388747274875641,
  "neutral_median": 0.047021910548210144,
  "neutral_max": 0.990663468837738,
  "surprise_mean": 0.0012982824118807912,
  "surprise_std": 0.005200830288231373,
  "surprise_median": 1.53057280840585e-05,
  "surprise_max": 0.04314544424414635,
  "processed_frames": 90.0,
  "video_name": "5.mp4"
}