{
  "facial_symmetry_mean": 0.8190715312957764,
  "facial_symmetry_std": 0.0782807469367981,
  "facial_symmetry_median": 0.8153620958328247,
  "facial_symmetry_max": 0.9668145179748535,
  "face_width_height_ratio_mean": 0.7838096618652344,
  "face_width_height_ratio_std": 0.10944239050149918,
  "face_width_height_ratio_median": 0.821800708770752,
  "face_width_height_ratio_max": 0.9642555117607117,
  "eye_spacing_ratio_mean": 0.6390829086303711,
  "eye_spacing_ratio_std": 0.01940583996474743,
  "eye_spacing_ratio_median": 0.6393886804580688,
  "eye_spacing_ratio_max": 0.687379002571106,
  "jaw_ratio_mean": 0.793404757976532,
  "jaw_ratio_std": 0.02251744456589222,
  "jaw_ratio_median": 0.7878056764602661,
  "jaw_ratio_max": 0.8687555193901062,
  "smile_intensity_mean": 0.16011418402194977,
  "smile_intensity_std": 0.21477384865283966,
  "smile_intensity_median": 0.022685740143060684,
  "smile_intensity_max": 0.7744134664535522,
  "eye_contact_mean": 0.952608585357666,
  "eye_contact_std": 0.032401639968156815,
  "eye_contact_median": 0.952806830406189,
  "eye_contact_max": 0.9987248182296753,
  "eye_openness_mean": 0.9538671374320984,
  "eye_openness_std": 0.08967035263776779,
  "eye_openness_median": 1.0,
  "eye_openness_max": 1.0,
  "gaze_stability_mean": 0.9831128120422363,
  "gaze_stability_std": 0.022401541471481323,
  "gaze_stability_median": 0.9923290610313416,
  "gaze_stability_max": 1.0,
  "head_tilt_mean": 0.15145565569400787,
  "head_tilt_std": 0.12640482187271118,
  "head_tilt_median": 0.1173081248998642,
  "head_tilt_max": 0.577411949634552,
  "expression_speed_mean": 0.1476248800754547,
  "expression_speed_std": 0.1645185351371765,
  "expression_speed_median": 0.08689694106578827,
  "expression_speed_max": 0.6587108373641968,
  "happy_mean": 0.0743713453412056,
  "happy_std": 0.2057802826166153,
  "happy_median": 0.0025771118234843016,
  "happy_max": 0.9752751588821411,
  "neutral_mean": 0.35339367389678955,
  "neutral_std": 0.3213624954223633,
  "neutral_median": 0.3386186361312866,
  "neutral_max": 0.9932470917701721,
  "surprise_mean": 0.053581539541482925,
  "surprise_std": 0.1891171783208847,
  "surprise_median": 6.17132754996419e-05,
  "surprise_max": 0.913111686706543,
  "processed_frames": 66.0,
  "video_name": "1 (2).mp4"
}