{
  "facial_symmetry_mean": 0.8206499218940735,
  "facial_symmetry_std": 0.11599969863891602,
  "facial_symmetry_median": 0.8556788563728333,
  "facial_symmetry_max": 0.9975010752677917,
  "face_width_height_ratio_mean": 1.355573296546936,
  "face_width_height_ratio_std": 0.1510273814201355,
  "face_width_height_ratio_median": 1.383000135421753,
  "face_width_height_ratio_max": 1.822265863418579,
  "eye_spacing_ratio_mean": 0.6398810148239136,
  "eye_spacing_ratio_std": 0.036472052335739136,
  "eye_spacing_ratio_median": 0.6371848583221436,
  "eye_spacing_ratio_max": 0.7368161678314209,
  "jaw_ratio_mean": 0.7771411538124084,
  "jaw_ratio_std": 0.020001772791147232,
  "jaw_ratio_median": 0.7791135311126709,
  "jaw_ratio_max": 0.8385630249977112,
  "smile_intensity_mean": 0.11904868483543396,
  "smile_intensity_std": 0.13619364798069,
  "smile_intensity_median": 0.0529044009745121,
  "smile_intensity_max": 0.7839215993881226,
  "eye_contact_mean": 0.9418372511863708,
  "eye_contact_std": 0.04872244969010353,
  "eye_contact_median": 0.9580156803131104,
  "eye_contact_max": 0.9991163015365601,
  "eye_openness_mean": 0.7284656763076782,
  "eye_openness_std": 0.2807900607585907,
  "eye_openness_median": 0.8091782927513123,
  "eye_openness_max": 1.0,
  "gaze_stability_mean": 0.9822031259536743,
  "gaze_stability_std": 0.023703351616859436,
  "gaze_stability_median": 0.9909263849258423,
  "gaze_stability_max": 1.0,
  "head_tilt_mean": 0.10213150084018707,
  "head_tilt_std": 0.08642759174108505,
  "head_tilt_median": 0.06890937685966492,
  "head_tilt_max": 0.37144988775253296,
  "expression_speed_mean": 0.16189613938331604,
  "expression_speed_std": 0.19955159723758698,
  "expression_speed_median": 0.08079753071069717,
  "expression_speed_max": 0.9055860042572021,
  "happy_mean": 0.11571063846349716,
  "happy_std": 0.25365760922431946,
  "happy_median": 0.0027198342140764,
  "happy_max": 0.9999873638153076,
  "neutral_mean": 0.2685232162475586,
  "neutral_std": 0.3512761890888214,
  "neutral_median": 0.065870501101017,
  "neutral_max": 0.998682975769043,
  "surprise_mean": 0.0007038507028482854,
  "surprise_std": 0.001799671445041895,
  "surprise_median": 3.7245226849336177e-06,
  "surprise_max": 0.011228219605982304,
  "processed_frames": 115.0,
  "video_name": "1 (4).mp4"
}