{
  "facial_symmetry_mean": 0.871175229549408,
  "facial_symmetry_std": 0.07196000963449478,
  "facial_symmetry_median": 0.887882649898529,
  "facial_symmetry_max": 0.9926732778549194,
  "face_width_height_ratio_mean": 0.7604091167449951,
  "face_width_height_ratio_std": 0.06513971090316772,
  "face_width_height_ratio_median": 0.7762158513069153,
  "face_width_height_ratio_max": 0.8243369460105896,
  "eye_spacing_ratio_mean": 0.6326290369033813,
  "eye_spacing_ratio_std": 0.026690825819969177,
  "eye_spacing_ratio_median": 0.6386239528656006,
  "eye_spacing_ratio_max": 0.6998588442802429,
  "jaw_ratio_mean": 0.7799347043037415,
  "jaw_ratio_std": 0.018714630976319313,
  "jaw_ratio_median": 0.7786047458648682,
  "jaw_ratio_max": 0.8481705188751221,
  "smile_intensity_mean": 0.16954495012760162,
  "smile_intensity_std": 0.19770674407482147,
  "smile_intensity_median": 0.03704361990094185,
  "smile_intensity_max": 0.5714141130447388,
  "eye_contact_mean": 0.9729450941085815,
  "eye_contact_std": 0.020563077181577682,
  "eye_contact_median": 0.9809042811393738,
  "eye_contact_max": 0.9994716048240662,
  "eye_openness_mean": 0.7594344019889832,
  "eye_openness_std": 0.30589377880096436,
  "eye_openness_median": 1.0,
  "eye_openness_max": 1.0,
  "gaze_stability_mean": 0.9924402832984924,
  "gaze_stability_std": 0.01102951355278492,
  "gaze_stability_median": 0.9967470169067383,
  "gaze_stability_max": 1.0,
  "head_tilt_mean": 0.09590243548154831,
  "head_tilt_std": 0.0844220519065857,
  "head_tilt_median": 0.07911562919616699,
  "head_tilt_max": 0.27470171451568604,
  "expression_speed_mean": 0.0901835486292839,
  "expression_speed_std": 0.15289436280727386,
  "expression_speed_median": 0.03701477497816086,
  "expression_speed_max": 0.9388387203216553,
  "happy_mean": 0.1799280047416687,
  "happy_std": 0.34074342250823975,
  "happy_median": 0.0006216288893483579,
  "happy_max": 0.995440661907196,
  "neutral_mean": 0.20865952968597412,
  "neutral_std": 0.296684205532074,
  "neutral_median": 0.050330229103565216,
  "neutral_max": 0.9999215602874756,
  "surprise_mean": 0.014715956524014473,
  "surprise_std": 0.0724254846572876,
  "surprise_median": 4.13374618801754e-05,
  "surprise_max": 0.6568288207054138,
  "processed_frames": 131.0,
  "video_name": "1 (6).mp4"
}