{
  "facial_symmetry_mean": 0.932776689529419,
  "facial_symmetry_std": 0.03295987471938133,
  "facial_symmetry_median": 0.934607982635498,
  "facial_symmetry_max": 0.9999948740005493,
  "face_width_height_ratio_mean": 0.616214394569397,
  "face_width_height_ratio_std": 0.04321826994419098,
  "face_width_height_ratio_median": 0.6225227117538452,
  "face_width_height_ratio_max": 0.8025326728820801,
  "eye_spacing_ratio_mean": 0.6417319178581238,
  "eye_spacing_ratio_std": 0.02308523654937744,
  "eye_spacing_ratio_median": 0.6431183218955994,
  "eye_spacing_ratio_max": 0.7528197169303894,
  "jaw_ratio_mean": 0.7743625640869141,
  "jaw_ratio_std": 0.01321840938180685,
  "jaw_ratio_median": 0.772651195526123,
  "jaw_ratio_max": 0.8292244076728821,
  "smile_intensity_mean": 0.05287066847085953,
  "smile_intensity_std": 0.1616389900445938,
  "smile_intensity_median": 0.009791108779609203,
  "smile_intensity_max": 1.0,
  "eye_contact_mean": 0.9800310730934143,
  "eye_contact_std": 0.015693718567490578,
  "eye_contact_median": 0.9868443012237549,
  "eye_contact_max": 0.9997773766517639,
  "eye_openness_mean": 0.9191976189613342,
  "eye_openness_std": 0.17662465572357178,
  "eye_openness_median": 1.0,
  "eye_openness_max": 1.0,
  "gaze_stability_mean": 0.9930041432380676,
  "gaze_stability_std": 0.009742530062794685,
  "gaze_stability_median": 0.9962171912193298,
  "gaze_stability_max": 1.0,
  "head_tilt_mean": 0.06929875165224075,
  "head_tilt_std": 0.06560124456882477,
  "head_tilt_median": 0.049000680446624756,
  "head_tilt_max": 0.28206154704093933,
  "expression_speed_mean": 0.10767514258623123,
  "expression_speed_std": 0.2074541449546814,
  "expression_speed_median": 0.020872892811894417,
  "expression_speed_max": 1.0,
  "happy_mean": 0.13381965458393097,
  "happy_std": 0.24893009662628174,
  "happy_median": 0.0012153571005910635,
  "happy_max": 0.9901831150054932,
  "neutral_mean": 0.38573893904685974,
  "neutral_std": 0.3488607108592987,
  "neutral_median": 0.28496602177619934,
  "neutral_max": 0.9999762177467346,
  "surprise_mean": 0.007231056224554777,
  "surprise_std": 0.049018096178770065,
  "surprise_median": 5.759305349783972e-05,
  "surprise_max": 0.4692019820213318,
  "processed_frames": 103.0,
  "video_name": "1 (7).mp4"
}