{
  "facial_symmetry_mean": 0.865602970123291,
  "facial_symmetry_std": 0.09190861880779266,
  "facial_symmetry_median": 0.8842539191246033,
  "facial_symmetry_max": 0.9906222224235535,
  "face_width_height_ratio_mean": 0.9935867190361023,
  "face_width_height_ratio_std": 0.0679711401462555,
  "face_width_height_ratio_median": 0.9897924065589905,
  "face_width_height_ratio_max": 1.2713524103164673,
  "eye_spacing_ratio_mean": 0.6413500905036926,
  "eye_spacing_ratio_std": 0.02328380011022091,
  "eye_spacing_ratio_median": 0.6367635726928711,
  "eye_spacing_ratio_max": 0.7427272200584412,
  "jaw_ratio_mean": 0.7817155718803406,
  "jaw_ratio_std": 0.012378877960145473,
  "jaw_ratio_median": 0.7799274325370789,
  "jaw_ratio_max": 0.8174407482147217,
  "smile_intensity_mean": 0.14605161547660828,
  "smile_intensity_std": 0.19842413067817688,
  "smile_intensity_median": 0.05118678882718086,
  "smile_intensity_max": 1.0,
  "eye_contact_mean": 0.9666723012924194,
  "eye_contact_std": 0.024993034079670906,
  "eye_contact_median": 0.9703117609024048,
  "eye_contact_max": 0.9996838569641113,
  "eye_openness_mean": 0.8477950692176819,
  "eye_openness_std": 0.2533210217952728,
  "eye_openness_median": 0.9889709949493408,
  "eye_openness_max": 1.0,
  "gaze_stability_mean": 0.986260175704956,
  "gaze_stability_std": 0.01763814501464367,
  "gaze_stability_median": 0.9925506114959717,
  "gaze_stability_max": 1.0,
  "head_tilt_mean": 0.07960431277751923,
  "head_tilt_std": 0.06880643218755722,
  "head_tilt_median": 0.06604403257369995,
  "head_tilt_max": 0.29382601380348206,
  "expression_speed_mean": 0.18846645951271057,
  "expression_speed_std": 0.23779642581939697,
  "expression_speed_median": 0.08078283071517944,
  "expression_speed_max": 0.9930165410041809,
  "happy_mean": 0.003565544728189707,
  "happy_std": 0.010342523455619812,
  "happy_median": 0.0006316020153462887,
  "happy_max": 0.07325959950685501,
  "neutral_mean": 0.4694441258907318,
  "neutral_std": 0.37146031856536865,
  "neutral_median": 0.3702374994754791,
  "neutral_max": 0.9999853372573853,
  "surprise_mean": 0.007931102067232132,
  "surprise_std": 0.05100121349096298,
  "surprise_median": 1.6952086298260838e-05,
  "surprise_max": 0.46324169635772705,
  "processed_frames": 83.0,
  "video_name": "1.mp4"
}