{
  "expression_speed_max": 0.8121892735362053,
  "expression_speed_mean": 0.1306058308109641,
  "expression_speed_median": 0.05820523644797504,
  "expression_speed_std": 0.1746724583208561,
  "eye_contact_max": 0.9993427693843842,
  "eye_contact_mean": 0.9689873307943344,
  "eye_contact_median": 0.9742610231041908,
  "eye_contact_std": 0.02266738173784688,
  "eye_openness_max": 0.9641053676605225,
  "eye_openness_mean": 0.7748262584209442,
  "eye_openness_median": 0.8623742610216141,
  "eye_openness_std": 0.21389590669423342,
  "eye_spacing_ratio_max": 0.7223332598805428,
  "eye_spacing_ratio_mean": 0.6396616473793983,
  "eye_spacing_ratio_median": 0.6388778761029243,
  "eye_spacing_ratio_std": 0.024750290671363473,
  "face_width_height_ratio_max": 1.1433316469192505,
  "face_width_height_ratio_mean": 0.9338399916887283,
  "face_width_height_ratio_median": 0.9449743628501892,
  "face_width_height_ratio_std": 0.07667939364910126,
  "facial_symmetry_max": 0.9892693385481834,
  "facial_symmetry_mean": 0.87635887414217,
  "facial_symmetry_median": 0.8831428959965706,
  "facial_symmetry_std": 0.06458082934841514,
  "gaze_stability_max": 1.0,
  "gaze_stability_mean": 0.9900561422109604,
  "gaze_stability_median": 0.9950628280639648,
  "gaze_stability_std": 0.01333238123334013,
  "happy_max": 0.7644438985735178,
  "happy_mean": 0.09722590394085273,
  "happy_median": 0.0015719113580416888,
  "happy_std": 0.203788350103423,
  "head_tilt_max": 0.3367743268609047,
  "head_tilt_mean": 0.09164538653567433,
  "head_tilt_median": 0.07018948439508677,
  "head_tilt_std": 0.07978157128673047,
  "jaw_ratio_max": 0.8303081765770912,
  "jaw_ratio_mean": 0.7802888229489326,
  "jaw_ratio_median": 0.7795411571860313,
  "jaw_ratio_std": 0.01600356970448047,
  "neutral_max": 0.9940497577190399,
  "neutral_mean": 0.34107013419270515,
  "neutral_median": 0.22281498461961746,
  "neutral_std": 0.3373989909887314,
  "processed_frames": 110.375,
  "smile_intensity_max": 0.7676198296248913,
  "smile_intensity_mean": 0.11378551414236426,
  "smile_intensity_median": 0.03046364593319595,
  "smile_intensity_std": 0.1636083945631981,
  "surprise_max": 0.4682347608031705,
  "surprise_mean": 0.032325266329280566,
  "surprise_median": 0.0007833122258489311,
  "surprise_std": 0.08239063649671152,
  "video_count": 8.0,
  "valid_video_count": 8.0,
  "valid_video_ratio": 1.0,
  "total_processed_frames": 883.0,
  "avg_processed_frames": 110.375,
  "quality_score": 0.8943333333333333,
  "person_name": "Heidy Larmar"
}