{
  "facial_symmetry_mean": 0.9273654222488403,
  "facial_symmetry_std": 0.051255472004413605,
  "facial_symmetry_median": 0.9419440031051636,
  "facial_symmetry_max": 0.9980312585830688,
  "face_width_height_ratio_mean": 0.6181470155715942,
  "face_width_height_ratio_std": 0.04744647443294525,
  "face_width_height_ratio_median": 0.6193568110466003,
  "face_width_height_ratio_max": 0.764110267162323,
  "eye_spacing_ratio_mean": 0.6645379066467285,
  "eye_spacing_ratio_std": 0.02619844488799572,
  "eye_spacing_ratio_median": 0.6680190563201904,
  "eye_spacing_ratio_max": 0.7480015158653259,
  "jaw_ratio_mean": 0.7812996506690979,
  "jaw_ratio_std": 0.017523732036352158,
  "jaw_ratio_median": 0.7803083658218384,
  "jaw_ratio_max": 0.8421261310577393,
  "smile_intensity_mean": 0.45900630950927734,
  "smile_intensity_std": 0.30284354090690613,
  "smile_intensity_median": 0.5103521943092346,
  "smile_intensity_max": 1.0,
  "eye_contact_mean": 0.9639602303504944,
  "eye_contact_std": 0.03001093864440918,
  "eye_contact_median": 0.971351146697998,
  "eye_contact_max": 0.9999157190322876,
  "eye_openness_mean": 0.8132863640785217,
  "eye_openness_std": 0.25530076026916504,
  "eye_openness_median": 0.9989728927612305,
  "eye_openness_max": 1.0,
  "gaze_stability_mean": 0.9874393939971924,
  "gaze_stability_std": 0.02045964077115059,
  "gaze_stability_median": 0.9957178235054016,
  "gaze_stability_max": 1.0,
  "head_tilt_mean": 0.151286780834198,
  "head_tilt_std": 0.12522141635417938,
  "head_tilt_median": 0.1043391227722168,
  "head_tilt_max": 0.5272486805915833,
  "expression_speed_mean": 0.2130136340856552,
  "expression_speed_std": 0.24391013383865356,
  "expression_speed_median": 0.10564389824867249,
  "expression_speed_max": 0.9722887277603149,
  "happy_mean": 0.13137370347976685,
  "happy_std": 0.27878281474113464,
  "happy_median": 0.0037400578148663044,
  "happy_max": 0.9999995231628418,
  "neutral_mean": 0.3061857521533966,
  "neutral_std": 0.3687232732772827,
  "neutral_median": 0.06141715496778488,
  "neutral_max": 0.9993100166320801,
  "surprise_mean": 0.04571919143199921,
  "surprise_std": 0.1344267576932907,
  "surprise_median": 2.390124245721381e-05,
  "surprise_max": 0.8671109676361084,
  "processed_frames": 270.0,
  "video_name": "1.mp4"
}