{
  "facial_symmetry_mean": 0.8659440279006958,
  "facial_symmetry_std": 0.07253173738718033,
  "facial_symmetry_median": 0.8653280735015869,
  "facial_symmetry_max": 0.9932821989059448,
  "face_width_height_ratio_mean": 0.8077611327171326,
  "face_width_height_ratio_std": 0.09364987909793854,
  "face_width_height_ratio_median": 0.8179622888565063,
  "face_width_height_ratio_max": 1.0540764331817627,
  "eye_spacing_ratio_mean": 0.6718274354934692,
  "eye_spacing_ratio_std": 0.042398203164339066,
  "eye_spacing_ratio_median": 0.6798295378684998,
  "eye_spacing_ratio_max": 0.76102614402771,
  "jaw_ratio_mean": 0.7726800441741943,
  "jaw_ratio_std": 0.02353668585419655,
  "jaw_ratio_median": 0.7758609652519226,
  "jaw_ratio_max": 0.8133628368377686,
  "smile_intensity_mean": 0.28482678532600403,
  "smile_intensity_std": 0.3107887804508209,
  "smile_intensity_median": 0.094716377556324,
  "smile_intensity_max": 1.0,
  "eye_contact_mean": 0.9488956928253174,
  "eye_contact_std": 0.037469614297151566,
  "eye_contact_median": 0.9533056020736694,
  "eye_contact_max": 0.9991315007209778,
  "eye_openness_mean": 0.7014320492744446,
  "eye_openness_std": 0.3085975646972656,
  "eye_openness_median": 0.7657808661460876,
  "eye_openness_max": 1.0,
  "gaze_stability_mean": 0.9663610458374023,
  "gaze_stability_std": 0.02824840322136879,
  "gaze_stability_median": 0.9705768823623657,
  "gaze_stability_max": 1.0,
  "head_tilt_mean": 0.20120108127593994,
  "head_tilt_std": 0.241450697183609,
  "head_tilt_median": 0.1430220901966095,
  "head_tilt_max": 1.0,
  "expression_speed_mean": 0.4054090082645416,
  "expression_speed_std": 0.29247573018074036,
  "expression_speed_median": 0.3940165936946869,
  "expression_speed_max": 1.0,
  "happy_mean": 0.06445961445569992,
  "happy_std": 0.17464055120944977,
  "happy_median": 0.004467530641704798,
  "happy_max": 0.8835124373435974,
  "neutral_mean": 0.27976134419441223,
  "neutral_std": 0.3603523373603821,
  "neutral_median": 0.05021333321928978,
  "neutral_max": 0.9522661566734314,
  "surprise_mean": 0.013006303459405899,
  "surprise_std": 0.03691674396395683,
  "surprise_median": 0.00030246764072217047,
  "surprise_max": 0.18567058444023132,
  "processed_frames": 35.0,
  "video_name": "3.mp4"
}