{
  "facial_symmetry_mean": 0.8269022703170776,
  "facial_symmetry_std": 0.10070600360631943,
  "facial_symmetry_median": 0.850969672203064,
  "facial_symmetry_max": 0.9998832941055298,
  "face_width_height_ratio_mean": 1.0617563724517822,
  "face_width_height_ratio_std": 0.06212396174669266,
  "face_width_height_ratio_median": 1.0722935199737549,
  "face_width_height_ratio_max": 1.2638410329818726,
  "eye_spacing_ratio_mean": 0.6800477504730225,
  "eye_spacing_ratio_std": 0.017680538818240166,
  "eye_spacing_ratio_median": 0.6774966716766357,
  "eye_spacing_ratio_max": 0.7352153658866882,
  "jaw_ratio_mean": 0.7638147473335266,
  "jaw_ratio_std": 0.011481503956019878,
  "jaw_ratio_median": 0.7624391317367554,
  "jaw_ratio_max": 0.7940951585769653,
  "smile_intensity_mean": 0.0858781561255455,
  "smile_intensity_std": 0.11506299674510956,
  "smile_intensity_median": 0.014351949095726013,
  "smile_intensity_max": 0.42364072799682617,
  "eye_contact_mean": 0.9608350992202759,
  "eye_contact_std": 0.03371270000934601,
  "eye_contact_median": 0.9728754162788391,
  "eye_contact_max": 0.998124361038208,
  "eye_openness_mean": 0.9609662294387817,
  "eye_openness_std": 0.11149924248456955,
  "eye_openness_median": 1.0,
  "eye_openness_max": 1.0,
  "gaze_stability_mean": 0.9876591563224792,
  "gaze_stability_std": 0.015317248180508614,
  "gaze_stability_median": 0.9928747415542603,
  "gaze_stability_max": 1.0,
  "head_tilt_mean": 0.0916556715965271,
  "head_tilt_std": 0.09709171205759048,
  "head_tilt_median": 0.04620842635631561,
  "head_tilt_max": 0.3640355169773102,
  "expression_speed_mean": 0.10046921670436859,
  "expression_speed_std": 0.12693850696086884,
  "expression_speed_median": 0.0316314771771431,
  "expression_speed_max": 0.5988907217979431,
  "happy_mean": 0.038623880594968796,
  "happy_std": 0.15333344042301178,
  "happy_median": 8.269524550996721e-05,
  "happy_max": 0.8266775012016296,
  "neutral_mean": 0.5371299982070923,
  "neutral_std": 0.40300190448760986,
  "neutral_median": 0.6178966760635376,
  "neutral_max": 0.9999579787254333,
  "surprise_mean": 0.00032290726085193455,
  "surprise_std": 0.0010161829413846135,
  "surprise_median": 5.008327207178809e-06,
  "surprise_max": 0.006775161251425743,
  "processed_frames": 102.0,
  "video_name": "5.mp4"
}