{
  "facial_symmetry_mean": 0.8841623663902283,
  "facial_symmetry_std": 0.0835915207862854,
  "facial_symmetry_median": 0.9186285138130188,
  "facial_symmetry_max": 0.9988917708396912,
  "face_width_height_ratio_mean": 1.3314183950424194,
  "face_width_height_ratio_std": 0.12305311858654022,
  "face_width_height_ratio_median": 1.372132420539856,
  "face_width_height_ratio_max": 1.6001371145248413,
  "eye_spacing_ratio_mean": 0.665378212928772,
  "eye_spacing_ratio_std": 0.024232983589172363,
  "eye_spacing_ratio_median": 0.6673758029937744,
  "eye_spacing_ratio_max": 0.7726017832756042,
  "jaw_ratio_mean": 0.7696744203567505,
  "jaw_ratio_std": 0.020148495212197304,
  "jaw_ratio_median": 0.7697238326072693,
  "jaw_ratio_max": 0.8261762857437134,
  "smile_intensity_mean": 0.10877276957035065,
  "smile_intensity_std": 0.10082997381687164,
  "smile_intensity_median": 0.08065604418516159,
  "smile_intensity_max": 0.36517444252967834,
  "eye_contact_mean": 0.9471513628959656,
  "eye_contact_std": 0.03580397367477417,
  "eye_contact_median": 0.9567904472351074,
  "eye_contact_max": 0.9992058277130127,
  "eye_openness_mean": 0.6730338931083679,
  "eye_openness_std": 0.18495385348796844,
  "eye_openness_median": 0.6871330738067627,
  "eye_openness_max": 1.0,
  "gaze_stability_mean": 0.9905564785003662,
  "gaze_stability_std": 0.013699660077691078,
  "gaze_stability_median": 0.994814395904541,
  "gaze_stability_max": 1.0,
  "head_tilt_mean": 0.10343530774116516,
  "head_tilt_std": 0.0865144282579422,
  "head_tilt_median": 0.08456677198410034,
  "head_tilt_max": 0.3380510210990906,
  "expression_speed_mean": 0.0844266265630722,
  "expression_speed_std": 0.11090517789125443,
  "expression_speed_median": 0.04203042760491371,
  "expression_speed_max": 0.7249348163604736,
  "happy_mean": 0.24592101573944092,
  "happy_std": 0.37972724437713623,
  "happy_median": 0.0005516447126865387,
  "happy_max": 0.9999997019767761,
  "neutral_mean": 0.32145726680755615,
  "neutral_std": 0.37561312317848206,
  "neutral_median": 0.0659295991063118,
  "neutral_max": 0.9956182241439819,
  "surprise_mean": 0.04855240136384964,
  "surprise_std": 0.18158157169818878,
  "surprise_median": 7.2852194534789305e-06,
  "surprise_max": 0.9987598657608032,
  "processed_frames": 211.0,
  "video_name": "6.mp4"
}