{
  "expression_speed_max": 0.8786014318466187,
  "expression_speed_mean": 0.197365440428257,
  "expression_speed_median": 0.12714908892909685,
  "expression_speed_std": 0.20445475106438002,
  "eye_contact_max": 0.9993352194627126,
  "eye_contact_mean": 0.952320526043574,
  "eye_contact_median": 0.961482952038447,
  "eye_contact_std": 0.03784144918123881,
  "eye_openness_max": 1.0,
  "eye_openness_mean": 0.8350024819374084,
  "eye_openness_median": 0.9086478054523468,
  "eye_openness_std": 0.1969305214782556,
  "eye_spacing_ratio_max": 0.7404346267382304,
  "eye_spacing_ratio_mean": 0.6640314261118571,
  "eye_spacing_ratio_median": 0.6667785048484802,
  "eye_spacing_ratio_std": 0.027557563968002796,
  "face_width_height_ratio_max": 1.1167396903038025,
  "face_width_height_ratio_mean": 0.9067452947298685,
  "face_width_height_ratio_median": 0.9165712495644888,
  "face_width_height_ratio_std": 0.07446485012769699,
  "facial_symmetry_max": 0.9955165982246399,
  "facial_symmetry_mean": 0.868251234292984,
  "facial_symmetry_median": 0.8810196816921234,
  "facial_symmetry_std": 0.08070357888936996,
  "gaze_stability_max": 1.0,
  "gaze_stability_mean": 0.9813335537910461,
  "gaze_stability_median": 0.9894351065158844,
  "gaze_stability_std": 0.024321315189202625,
  "happy_max": 0.9451857407887777,
  "happy_mean": 0.13671981108685335,
  "happy_median": 0.004946082695823861,
  "happy_std": 0.26402003566424054,
  "head_tilt_max": 0.5496377845605215,
  "head_tilt_mean": 0.128046332548062,
  "head_tilt_median": 0.089695043861866,
  "head_tilt_std": 0.13443989803393683,
  "jaw_ratio_max": 0.8240862290064493,
  "jaw_ratio_mean": 0.7748123308022817,
  "jaw_ratio_median": 0.7736015220483144,
  "jaw_ratio_std": 0.018865537984917562,
  "neutral_max": 0.982329398393631,
  "neutral_mean": 0.3414265761772792,
  "neutral_median": 0.16684063089390597,
  "neutral_std": 0.3641110608975093,
  "processed_frames": 126.33333333333333,
  "smile_intensity_max": 0.7981358617544174,
  "smile_intensity_mean": 0.26676912729938823,
  "smile_intensity_median": 0.1951394136995077,
  "smile_intensity_std": 0.22390982508659363,
  "surprise_max": 0.4848474546646078,
  "surprise_mean": 0.025617505894236576,
  "surprise_median": 0.00013596713483821077,
  "surprise_std": 0.0847486422280781,
  "video_count": 6.0,
  "valid_video_count": 6.0,
  "valid_video_ratio": 1.0,
  "total_processed_frames": 758.0,
  "avg_processed_frames": 126.33333333333333,
  "quality_score": 0.9368888888888889,
  "person_name": "Roh Jeong Un"
}