{
  "facial_symmetry_mean": 0.9290320873260498,
  "facial_symmetry_std": 0.04297109693288803,
  "facial_symmetry_median": 0.9243690371513367,
  "facial_symmetry_max": 0.9996388554573059,
  "face_width_height_ratio_mean": 0.4690638780593872,
  "face_width_height_ratio_std": 0.08909047394990921,
  "face_width_height_ratio_median": 0.46126222610473633,
  "face_width_height_ratio_max": 0.8535668253898621,
  "eye_spacing_ratio_mean": 0.6542589664459229,
  "eye_spacing_ratio_std": 0.04361841455101967,
  "eye_spacing_ratio_median": 0.6524550914764404,
  "eye_spacing_ratio_max": 0.9844249486923218,
  "jaw_ratio_mean": 0.7849260568618774,
  "jaw_ratio_std": 0.023503229022026062,
  "jaw_ratio_median": 0.7857276797294617,
  "jaw_ratio_max": 0.9175946116447449,
  "smile_intensity_mean": 0.2525307238101959,
  "smile_intensity_std": 0.31232622265815735,
  "smile_intensity_median": 0.03417346253991127,
  "smile_intensity_max": 1.0,
  "eye_contact_mean": 0.9744572639465332,
  "eye_contact_std": 0.022958988323807716,
  "eye_contact_median": 0.982638418674469,
  "eye_contact_max": 0.9999141693115234,
  "eye_openness_mean": 0.7714735865592957,
  "eye_openness_std": 0.2759694457054138,
  "eye_openness_median": 0.9044036269187927,
  "eye_openness_max": 1.0,
  "gaze_stability_mean": 0.9909742474555969,
  "gaze_stability_std": 0.013070054352283478,
  "gaze_stability_median": 0.9956679344177246,
  "gaze_stability_max": 1.0,
  "head_tilt_mean": 0.1155732125043869,
  "head_tilt_std": 0.14501860737800598,
  "head_tilt_median": 0.07059827446937561,
  "head_tilt_max": 0.6926539540290833,
  "expression_speed_mean": 0.21773670613765717,
  "expression_speed_std": 0.26788926124572754,
  "expression_speed_median": 0.08857616782188416,
  "expression_speed_max": 1.0,
  "happy_mean": 0.19691988825798035,
  "happy_std": 0.3548333942890167,
  "happy_median": 0.0024961691815406084,
  "happy_max": 0.9999995827674866,
  "neutral_mean": 0.26383522152900696,
  "neutral_std": 0.35407736897468567,
  "neutral_median": 0.050986550748348236,
  "neutral_max": 0.9983165264129639,
  "surprise_mean": 0.07587168365716934,
  "surprise_std": 0.23013609647750854,
  "surprise_median": 7.683303556405008e-05,
  "surprise_max": 0.9861218929290771,
  "processed_frames": 125.0,
  "video_name": "1.mp4"
}