{
  "facial_symmetry_mean": 0.7365388870239258,
  "facial_symmetry_std": 0.11023710668087006,
  "facial_symmetry_median": 0.7461955547332764,
  "facial_symmetry_max": 0.9750039577484131,
  "face_width_height_ratio_mean": 1.3403071165084839,
  "face_width_height_ratio_std": 0.11246105283498764,
  "face_width_height_ratio_median": 1.3509678840637207,
  "face_width_height_ratio_max": 1.6492472887039185,
  "eye_spacing_ratio_mean": 0.6549405455589294,
  "eye_spacing_ratio_std": 0.024198560044169426,
  "eye_spacing_ratio_median": 0.6548148393630981,
  "eye_spacing_ratio_max": 0.7628294229507446,
  "jaw_ratio_mean": 0.7818684577941895,
  "jaw_ratio_std": 0.022800592705607414,
  "jaw_ratio_median": 0.7785349488258362,
  "jaw_ratio_max": 0.8759550452232361,
  "smile_intensity_mean": 0.010442468337714672,
  "smile_intensity_std": 0.015911472961306572,
  "smile_intensity_median": 0.006894606631249189,
  "smile_intensity_max": 0.13866877555847168,
  "eye_contact_mean": 0.9097648859024048,
  "eye_contact_std": 0.07418350875377655,
  "eye_contact_median": 0.9252296090126038,
  "eye_contact_max": 0.9999558329582214,
  "eye_openness_mean": 0.824772834777832,
  "eye_openness_std": 0.23220579326152802,
  "eye_openness_median": 0.9290488958358765,
  "eye_openness_max": 1.0,
  "gaze_stability_mean": 0.9646847248077393,
  "gaze_stability_std": 0.052194397896528244,
  "gaze_stability_median": 0.9843804836273193,
  "gaze_stability_max": 1.0,
  "head_tilt_mean": 0.1778041124343872,
  "head_tilt_std": 0.08787094056606293,
  "head_tilt_median": 0.19926048815250397,
  "head_tilt_max": 0.3746682405471802,
  "expression_speed_mean": 0.1586700975894928,
  "expression_speed_std": 0.1810237020254135,
  "expression_speed_median": 0.08037131279706955,
  "expression_speed_max": 0.7905382513999939,
  "happy_mean": 0.17050980031490326,
  "happy_std": 0.34149155020713806,
  "happy_median": 0.0008622242021374404,
  "happy_max": 0.9999998807907104,
  "neutral_mean": 0.44842126965522766,
  "neutral_std": 0.39752158522605896,
  "neutral_median": 0.4024677276611328,
  "neutral_max": 0.996784508228302,
  "surprise_mean": 0.001108438242226839,
  "surprise_std": 0.00509846955537796,
  "surprise_median": 4.144118520343909e-06,
  "surprise_max": 0.047041527926921844,
  "processed_frames": 98.0,
  "video_name": "4.mp4"
}