{
  "facial_symmetry_mean": 0.8405781984329224,
  "facial_symmetry_std": 0.07532653957605362,
  "facial_symmetry_median": 0.8322626948356628,
  "facial_symmetry_max": 0.9987262487411499,
  "face_width_height_ratio_mean": 1.3668259382247925,
  "face_width_height_ratio_std": 0.17243775725364685,
  "face_width_height_ratio_median": 1.3762849569320679,
  "face_width_height_ratio_max": 1.8793967962265015,
  "eye_spacing_ratio_mean": 0.6454141139984131,
  "eye_spacing_ratio_std": 0.028131529688835144,
  "eye_spacing_ratio_median": 0.6436134576797485,
  "eye_spacing_ratio_max": 0.757495105266571,
  "jaw_ratio_mean": 0.7765673995018005,
  "jaw_ratio_std": 0.02256651036441326,
  "jaw_ratio_median": 0.7771644592285156,
  "jaw_ratio_max": 0.8594900965690613,
  "smile_intensity_mean": 0.15279905498027802,
  "smile_intensity_std": 0.19091856479644775,
  "smile_intensity_median": 0.053844667971134186,
  "smile_intensity_max": 0.9775652885437012,
  "eye_contact_mean": 0.9444341063499451,
  "eye_contact_std": 0.04126739501953125,
  "eye_contact_median": 0.944911539554596,
  "eye_contact_max": 0.999458909034729,
  "eye_openness_mean": 0.5060142874717712,
  "eye_openness_std": 0.21004392206668854,
  "eye_openness_median": 0.4816587269306183,
  "eye_openness_max": 1.0,
  "gaze_stability_mean": 0.9841094017028809,
  "gaze_stability_std": 0.02221354842185974,
  "gaze_stability_median": 0.992461085319519,
  "gaze_stability_max": 1.0,
  "head_tilt_mean": 0.08810295909643173,
  "head_tilt_std": 0.06666316092014313,
  "head_tilt_median": 0.07943212985992432,
  "head_tilt_max": 0.2924156188964844,
  "expression_speed_mean": 0.10955257713794708,
  "expression_speed_std": 0.13559499382972717,
  "expression_speed_median": 0.054866522550582886,
  "expression_speed_max": 0.9880238175392151,
  "happy_mean": 0.22930121421813965,
  "happy_std": 0.370410680770874,
  "happy_median": 0.0033330568112432957,
  "happy_max": 0.9999840259552002,
  "neutral_mean": 0.31908324360847473,
  "neutral_std": 0.38187190890312195,
  "neutral_median": 0.08249212056398392,
  "neutral_max": 0.999650776386261,
  "surprise_mean": 0.04265815019607544,
  "surprise_std": 0.17755918204784393,
  "surprise_median": 4.750420885102358e-06,
  "surprise_max": 0.9778507947921753,
  "processed_frames": 287.0,
  "video_name": "5.mp4"
}