{
  "facial_symmetry_mean": 0.7898322343826294,
  "facial_symmetry_std": 0.1097414419054985,
  "facial_symmetry_median": 0.793020486831665,
  "facial_symmetry_max": 0.9982035756111145,
  "face_width_height_ratio_mean": 0.8226549029350281,
  "face_width_height_ratio_std": 0.07486452162265778,
  "face_width_height_ratio_median": 0.7997087240219116,
  "face_width_height_ratio_max": 1.1598937511444092,
  "eye_spacing_ratio_mean": 0.6519264578819275,
  "eye_spacing_ratio_std": 0.02558687888085842,
  "eye_spacing_ratio_median": 0.6590360999107361,
  "eye_spacing_ratio_max": 0.6998516917228699,
  "jaw_ratio_mean": 0.7791075110435486,
  "jaw_ratio_std": 0.016889892518520355,
  "jaw_ratio_median": 0.7779864072799683,
  "jaw_ratio_max": 0.8333626985549927,
  "smile_intensity_mean": 0.0685478001832962,
  "smile_intensity_std": 0.11553119868040085,
  "smile_intensity_median": 0.013906563632190228,
  "smile_intensity_max": 0.550351619720459,
  "eye_contact_mean": 0.9303439259529114,
  "eye_contact_std": 0.07472735643386841,
  "eye_contact_median": 0.9681513905525208,
  "eye_contact_max": 0.9995898008346558,
  "eye_openness_mean": 0.8815549612045288,
  "eye_openness_std": 0.24372588098049164,
  "eye_openness_median": 1.0,
  "eye_openness_max": 1.0,
  "gaze_stability_mean": 0.9716958999633789,
  "gaze_stability_std": 0.04051303490996361,
  "gaze_stability_median": 0.99155193567276,
  "gaze_stability_max": 1.0,
  "head_tilt_mean": 0.16807913780212402,
  "head_tilt_std": 0.081167072057724,
  "head_tilt_median": 0.1598435640335083,
  "head_tilt_max": 0.40995582938194275,
  "expression_speed_mean": 0.1470911204814911,
  "expression_speed_std": 0.1926882266998291,
  "expression_speed_median": 0.05554293841123581,
  "expression_speed_max": 0.8383341431617737,
  "happy_mean": 0.07115358859300613,
  "happy_std": 0.211005300283432,
  "happy_median": 0.0003695783670991659,
  "happy_max": 0.998359203338623,
  "neutral_mean": 0.33596405386924744,
  "neutral_std": 0.3501068353652954,
  "neutral_median": 0.24430838227272034,
  "neutral_max": 0.9996824860572815,
  "surprise_mean": 0.009291492402553558,
  "surprise_std": 0.08423315733671188,
  "surprise_median": 4.692207312473329e-06,
  "surprise_max": 0.8211588859558105,
  "processed_frames": 94.0,
  "video_name": "6.mp4"
}