{
  "facial_symmetry_mean": 0.9403431415557861,
  "facial_symmetry_std": 0.03708183392882347,
  "facial_symmetry_median": 0.9466114640235901,
  "facial_symmetry_max": 0.999788761138916,
  "face_width_height_ratio_mean": 0.8487936854362488,
  "face_width_height_ratio_std": 0.014086997136473656,
  "face_width_height_ratio_median": 0.8537372350692749,
  "face_width_height_ratio_max": 0.8674377202987671,
  "eye_spacing_ratio_mean": 0.6817328929901123,
  "eye_spacing_ratio_std": 0.026200080290436745,
  "eye_spacing_ratio_median": 0.6961185336112976,
  "eye_spacing_ratio_max": 0.709321916103363,
  "jaw_ratio_mean": 0.7815098762512207,
  "jaw_ratio_std": 0.022663163021206856,
  "jaw_ratio_median": 0.7682411074638367,
  "jaw_ratio_max": 0.8262674808502197,
  "smile_intensity_mean": 0.03705839067697525,
  "smile_intensity_std": 0.052073925733566284,
  "smile_intensity_median": 0.008733848109841347,
  "smile_intensity_max": 0.2728605270385742,
  "eye_contact_mean": 0.9796839952468872,
  "eye_contact_std": 0.009743756614625454,
  "eye_contact_median": 0.9768264293670654,
  "eye_contact_max": 0.9998797178268433,
  "eye_openness_mean": 0.9955299496650696,
  "eye_openness_std": 0.012459331192076206,
  "eye_openness_median": 1.0,
  "eye_openness_max": 1.0,
  "gaze_stability_mean": 0.9961662888526917,
  "gaze_stability_std": 0.0031302154529839754,
  "gaze_stability_median": 0.9969003200531006,
  "gaze_stability_max": 1.0,
  "head_tilt_mean": 0.1758277416229248,
  "head_tilt_std": 0.09750884026288986,
  "head_tilt_median": 0.21641984581947327,
  "head_tilt_max": 0.31478703022003174,
  "expression_speed_mean": 0.021208684891462326,
  "expression_speed_std": 0.0475960299372673,
  "expression_speed_median": 0.008773352019488811,
  "expression_speed_max": 0.38588428497314453,
  "happy_mean": 0.01328294724225998,
  "happy_std": 0.061595164239406586,
  "happy_median": 0.0008209361112676561,
  "happy_max": 0.5359928011894226,
  "neutral_mean": 0.6601909399032593,
  "neutral_std": 0.26027926802635193,
  "neutral_median": 0.7245019674301147,
  "neutral_max": 0.9835641384124756,
  "surprise_mean": 0.0026061036624014378,
  "surprise_std": 0.007820496335625648,
  "surprise_median": 0.00023630970099475235,
  "surprise_max": 0.04745626077055931,
  "processed_frames": 91.0,
  "video_name": "1.mp4"
}