{
  "facial_symmetry_mean": 0.8616442680358887,
  "facial_symmetry_std": 0.09009859710931778,
  "facial_symmetry_median": 0.8667840361595154,
  "facial_symmetry_max": 0.9990643858909607,
  "face_width_height_ratio_mean": 0.5763156414031982,
  "face_width_height_ratio_std": 0.02648388221859932,
  "face_width_height_ratio_median": 0.5805595517158508,
  "face_width_height_ratio_max": 0.6426525712013245,
  "eye_spacing_ratio_mean": 0.6464877724647522,
  "eye_spacing_ratio_std": 0.008612713776528835,
  "eye_spacing_ratio_median": 0.6445040702819824,
  "eye_spacing_ratio_max": 0.6756801605224609,
  "jaw_ratio_mean": 0.8218050599098206,
  "jaw_ratio_std": 0.015371368266642094,
  "jaw_ratio_median": 0.8254864811897278,
  "jaw_ratio_max": 0.8473616242408752,
  "smile_intensity_mean": 0.4726708233356476,
  "smile_intensity_std": 0.3649989664554596,
  "smile_intensity_median": 0.6153331995010376,
  "smile_intensity_max": 1.0,
  "eye_contact_mean": 0.9501147866249084,
  "eye_contact_std": 0.03820383548736572,
  "eye_contact_median": 0.950146496295929,
  "eye_contact_max": 0.9997028112411499,
  "eye_openness_mean": 1.0,
  "eye_openness_std": 0.0,
  "eye_openness_median": 1.0,
  "eye_openness_max": 1.0,
  "gaze_stability_mean": 0.9844447374343872,
  "gaze_stability_std": 0.01792527362704277,
  "gaze_stability_median": 0.9923114776611328,
  "gaze_stability_max": 1.0,
  "head_tilt_mean": 0.6191444396972656,
  "head_tilt_std": 0.3091853857040405,
  "head_tilt_median": 0.687511682510376,
  "head_tilt_max": 1.0,
  "expression_speed_mean": 0.10574238747358322,
  "expression_speed_std": 0.17443233728408813,
  "expression_speed_median": 0.04522141069173813,
  "expression_speed_max": 0.9890938401222229,
  "happy_mean": 0.1639869213104248,
  "happy_std": 0.3510868549346924,
  "happy_median": 0.00029966881265863776,
  "happy_max": 0.9997362494468689,
  "neutral_mean": 0.4635368287563324,
  "neutral_std": 0.3808274567127228,
  "neutral_median": 0.38403868675231934,
  "neutral_max": 0.9994497895240784,
  "surprise_mean": 0.006163059268146753,
  "surprise_std": 0.054493434727191925,
  "surprise_median": 2.8391918021952733e-05,
  "surprise_max": 0.628288745880127,
  "processed_frames": 133.0,
  "video_name": "2.mp4"
}