{
  "facial_symmetry_mean": 0.7192946672439575,
  "facial_symmetry_std": 0.08597271889448166,
  "facial_symmetry_median": 0.7536130547523499,
  "facial_symmetry_max": 0.9592380523681641,
  "face_width_height_ratio_mean": 1.3174461126327515,
  "face_width_height_ratio_std": 0.16836358606815338,
  "face_width_height_ratio_median": 1.4100428819656372,
  "face_width_height_ratio_max": 1.563494324684143,
  "eye_spacing_ratio_mean": 0.6385254859924316,
  "eye_spacing_ratio_std": 0.023525044322013855,
  "eye_spacing_ratio_median": 0.6409453749656677,
  "eye_spacing_ratio_max": 0.7336251735687256,
  "jaw_ratio_mean": 0.8160850405693054,
  "jaw_ratio_std": 0.027055218815803528,
  "jaw_ratio_median": 0.8057814836502075,
  "jaw_ratio_max": 0.8738007545471191,
  "smile_intensity_mean": 0.142030730843544,
  "smile_intensity_std": 0.18041881918907166,
  "smile_intensity_median": 0.02733861282467842,
  "smile_intensity_max": 0.8314447999000549,
  "eye_contact_mean": 0.9163098335266113,
  "eye_contact_std": 0.05738316476345062,
  "eye_contact_median": 0.9308637380599976,
  "eye_contact_max": 0.9961592555046082,
  "eye_openness_mean": 0.8981949090957642,
  "eye_openness_std": 0.18005339801311493,
  "eye_openness_median": 1.0,
  "eye_openness_max": 1.0,
  "gaze_stability_mean": 0.9872127771377563,
  "gaze_stability_std": 0.013417947106063366,
  "gaze_stability_median": 0.9919319152832031,
  "gaze_stability_max": 1.0,
  "head_tilt_mean": 0.25315147638320923,
  "head_tilt_std": 0.1729118525981903,
  "head_tilt_median": 0.19811898469924927,
  "head_tilt_max": 0.5800053477287292,
  "expression_speed_mean": 0.07754818350076675,
  "expression_speed_std": 0.10401465743780136,
  "expression_speed_median": 0.029722653329372406,
  "expression_speed_max": 0.6718258857727051,
  "happy_mean": 0.1158459261059761,
  "happy_std": 0.26078060269355774,
  "happy_median": 0.0004262936126906425,
  "happy_max": 0.9985132217407227,
  "neutral_mean": 0.16026517748832703,
  "neutral_std": 0.19993215799331665,
  "neutral_median": 0.06417080014944077,
  "neutral_max": 0.9595479369163513,
  "surprise_mean": 0.0029162506107240915,
  "surprise_std": 0.015414958819746971,
  "surprise_median": 2.168540595448576e-05,
  "surprise_max": 0.19219043850898743,
  "processed_frames": 175.0,
  "video_name": "3.mp4"
}