{
  "facial_symmetry_mean": 0.8439087271690369,
  "facial_symmetry_std": 0.1496199071407318,
  "facial_symmetry_median": 0.9249429106712341,
  "facial_symmetry_max": 0.9962601661682129,
  "face_width_height_ratio_mean": 1.2996857166290283,
  "face_width_height_ratio_std": 0.10164516419172287,
  "face_width_height_ratio_median": 1.3258816003799438,
  "face_width_height_ratio_max": 1.4659227132797241,
  "eye_spacing_ratio_mean": 0.6942488551139832,
  "eye_spacing_ratio_std": 0.01658502407371998,
  "eye_spacing_ratio_median": 0.6990722417831421,
  "eye_spacing_ratio_max": 0.7215683460235596,
  "jaw_ratio_mean": 0.781402587890625,
  "jaw_ratio_std": 0.022090164944529533,
  "jaw_ratio_median": 0.7779563665390015,
  "jaw_ratio_max": 0.831896960735321,
  "smile_intensity_mean": 0.01061667688190937,
  "smile_intensity_std": 0.009445972740650177,
  "smile_intensity_median": 0.008127262815833092,
  "smile_intensity_max": 0.061101045459508896,
  "eye_contact_mean": 0.9758172035217285,
  "eye_contact_std": 0.02517576329410076,
  "eye_contact_median": 0.9850963950157166,
  "eye_contact_max": 0.9980885982513428,
  "eye_openness_mean": 0.8347771167755127,
  "eye_openness_std": 0.17148743569850922,
  "eye_openness_median": 0.8475087881088257,
  "eye_openness_max": 1.0,
  "gaze_stability_mean": 0.9914954304695129,
  "gaze_stability_std": 0.01059858687222004,
  "gaze_stability_median": 0.9952096343040466,
  "gaze_stability_max": 1.0,
  "head_tilt_mean": 0.16269028186798096,
  "head_tilt_std": 0.09401784837245941,
  "head_tilt_median": 0.1543755829334259,
  "head_tilt_max": 0.3336486220359802,
  "expression_speed_mean": 0.08329419046640396,
  "expression_speed_std": 0.134860560297966,
  "expression_speed_median": 0.04068616032600403,
  "expression_speed_max": 0.7195230722427368,
  "happy_mean": 0.1815767139196396,
  "happy_std": 0.3265186846256256,
  "happy_median": 0.0020557790994644165,
  "happy_max": 1.0,
  "neutral_mean": 0.4732057750225067,
  "neutral_std": 0.40185558795928955,
  "neutral_median": 0.44426023960113525,
  "neutral_max": 0.9996002316474915,
  "surprise_mean": 0.023465508595108986,
  "surprise_std": 0.11771100759506226,
  "surprise_median": 3.142472269246355e-05,
  "surprise_max": 0.95511794090271,
  "processed_frames": 73.0,
  "video_name": "4.mp4"
}