{
  "facial_symmetry_mean": 0.7957663536071777,
  "facial_symmetry_std": 0.11390004307031631,
  "facial_symmetry_median": 0.8098995685577393,
  "facial_symmetry_max": 0.9986445307731628,
  "face_width_height_ratio_mean": 1.3602705001831055,
  "face_width_height_ratio_std": 0.06988777220249176,
  "face_width_height_ratio_median": 1.3497364521026611,
  "face_width_height_ratio_max": 1.6018465757369995,
  "eye_spacing_ratio_mean": 0.7098773121833801,
  "eye_spacing_ratio_std": 0.016659721732139587,
  "eye_spacing_ratio_median": 0.7111120223999023,
  "eye_spacing_ratio_max": 0.7487096786499023,
  "jaw_ratio_mean": 0.7560689449310303,
  "jaw_ratio_std": 0.027112986892461777,
  "jaw_ratio_median": 0.7472473978996277,
  "jaw_ratio_max": 0.8198967576026917,
  "smile_intensity_mean": 0.06052465736865997,
  "smile_intensity_std": 0.07689542323350906,
  "smile_intensity_median": 0.020085154101252556,
  "smile_intensity_max": 0.31332463026046753,
  "eye_contact_mean": 0.9622654914855957,
  "eye_contact_std": 0.059111207723617554,
  "eye_contact_median": 0.9812026023864746,
  "eye_contact_max": 0.999992311000824,
  "eye_openness_mean": 0.9310070276260376,
  "eye_openness_std": 0.16772764921188354,
  "eye_openness_median": 1.0,
  "eye_openness_max": 1.0,
  "gaze_stability_mean": 0.9833766222000122,
  "gaze_stability_std": 0.026246264576911926,
  "gaze_stability_median": 0.9909591674804688,
  "gaze_stability_max": 1.0,
  "head_tilt_mean": 0.14359916746616364,
  "head_tilt_std": 0.08133015036582947,
  "head_tilt_median": 0.13303562998771667,
  "head_tilt_max": 0.3952397406101227,
  "expression_speed_mean": 0.11704590171575546,
  "expression_speed_std": 0.14589989185333252,
  "expression_speed_median": 0.07101485133171082,
  "expression_speed_max": 0.7537619471549988,
  "happy_mean": 0.2298690527677536,
  "happy_std": 0.3607659339904785,
  "happy_median": 0.009235824458301067,
  "happy_max": 0.9993252754211426,
  "neutral_mean": 0.41456201672554016,
  "neutral_std": 0.3972192108631134,
  "neutral_median": 0.24237598478794098,
  "neutral_max": 0.9995925426483154,
  "surprise_mean": 0.00842539593577385,
  "surprise_std": 0.0773862898349762,
  "surprise_median": 4.6025627398194047e-07,
  "surprise_max": 0.8992171883583069,
  "processed_frames": 151.0,
  "video_name": "5.mp4"
}