{
  "facial_symmetry_mean": 0.9219502806663513,
  "facial_symmetry_std": 0.05693953484296799,
  "facial_symmetry_median": 0.9398691058158875,
  "facial_symmetry_max": 0.999220073223114,
  "face_width_height_ratio_mean": 1.3806939125061035,
  "face_width_height_ratio_std": 0.13856473565101624,
  "face_width_height_ratio_median": 1.395163655281067,
  "face_width_height_ratio_max": 1.6191309690475464,
  "eye_spacing_ratio_mean": 0.6350633502006531,
  "eye_spacing_ratio_std": 0.02323063276708126,
  "eye_spacing_ratio_median": 0.6367040276527405,
  "eye_spacing_ratio_max": 0.7347199320793152,
  "jaw_ratio_mean": 0.7776286602020264,
  "jaw_ratio_std": 0.022201290354132652,
  "jaw_ratio_median": 0.774563193321228,
  "jaw_ratio_max": 0.8366352319717407,
  "smile_intensity_mean": 0.12165115773677826,
  "smile_intensity_std": 0.13113974034786224,
  "smile_intensity_median": 0.04591146111488342,
  "smile_intensity_max": 0.6091204881668091,
  "eye_contact_mean": 0.9796184301376343,
  "eye_contact_std": 0.01600901037454605,
  "eye_contact_median": 0.9841779470443726,
  "eye_contact_max": 0.9999910593032837,
  "eye_openness_mean": 0.34020715951919556,
  "eye_openness_std": 0.11492747068405151,
  "eye_openness_median": 0.3668135702610016,
  "eye_openness_max": 0.6731454133987427,
  "gaze_stability_mean": 0.9926342964172363,
  "gaze_stability_std": 0.010657445527613163,
  "gaze_stability_median": 0.996427059173584,
  "gaze_stability_max": 1.0,
  "head_tilt_mean": 0.0524132065474987,
  "head_tilt_std": 0.046266552060842514,
  "head_tilt_median": 0.041912198066711426,
  "head_tilt_max": 0.25240957736968994,
  "expression_speed_mean": 0.09573996067047119,
  "expression_speed_std": 0.1290098875761032,
  "expression_speed_median": 0.03991629183292389,
  "expression_speed_max": 0.6960340142250061,
  "happy_mean": 0.1920103132724762,
  "happy_std": 0.34923359751701355,
  "happy_median": 0.004083537496626377,
  "happy_max": 0.9979104399681091,
  "neutral_mean": 0.39529547095298767,
  "neutral_std": 0.39224544167518616,
  "neutral_median": 0.20327143371105194,
  "neutral_max": 0.9997443556785583,
  "surprise_mean": 0.009640993550419807,
  "surprise_std": 0.07618650048971176,
  "surprise_median": 5.264933133730665e-05,
  "surprise_max": 0.9399893283843994,
  "processed_frames": 153.0,
  "video_name": "6.mp4"
}