{
  "expression_speed_max": 0.7026871740818024,
  "expression_speed_mean": 0.08342988478640716,
  "expression_speed_median": 0.039222453255206347,
  "expression_speed_std": 0.1226355607310931,
  "eye_contact_max": 0.9989689588546753,
  "eye_contact_mean": 0.9606349567572275,
  "eye_contact_median": 0.9680522680282593,
  "eye_contact_std": 0.034271123042951025,
  "eye_openness_max": 0.9455242355664571,
  "eye_openness_mean": 0.8332860271135966,
  "eye_openness_median": 0.8690537263949712,
  "eye_openness_std": 0.10777588079993923,
  "eye_spacing_ratio_max": 0.7206042011578878,
  "eye_spacing_ratio_mean": 0.6676559448242188,
  "eye_spacing_ratio_median": 0.6714093784491221,
  "eye_spacing_ratio_std": 0.019135536160320044,
  "face_width_height_ratio_max": 1.293414145708084,
  "face_width_height_ratio_mean": 1.1305342614650726,
  "face_width_height_ratio_median": 1.1525202294190724,
  "face_width_height_ratio_std": 0.08650535624474287,
  "facial_symmetry_max": 0.9920359949270884,
  "facial_symmetry_mean": 0.8471512397130331,
  "facial_symmetry_median": 0.8736200233300527,
  "facial_symmetry_std": 0.08893543916443984,
  "gaze_stability_max": 1.0,
  "gaze_stability_mean": 0.9892216920852661,
  "gaze_stability_median": 0.993956595659256,
  "gaze_stability_std": 0.013662622193805873,
  "happy_max": 0.9219129979610443,
  "happy_mean": 0.14942864576975504,
  "happy_median": 0.0028203399318347997,
  "happy_std": 0.2849968063334624,
  "head_tilt_max": 0.47934838632742566,
  "head_tilt_mean": 0.23447105226417383,
  "head_tilt_median": 0.2385623206694921,
  "head_tilt_std": 0.13353677156070867,
  "jaw_ratio_max": 0.8393098016579946,
  "jaw_ratio_mean": 0.7890833616256714,
  "jaw_ratio_median": 0.7832126716772715,
  "jaw_ratio_std": 0.022749032049129408,
  "neutral_max": 0.9902498324712118,
  "neutral_mean": 0.42784270147482556,
  "neutral_median": 0.3437698520720005,
  "neutral_std": 0.3387265205383301,
  "processed_frames": 129.33333333333334,
  "smile_intensity_max": 0.5146419151375691,
  "smile_intensity_mean": 0.14075873947391906,
  "smile_intensity_median": 0.12092158974458773,
  "smile_intensity_std": 0.13582880795001984,
  "surprise_max": 0.610376650467515,
  "surprise_mean": 0.008869551937095821,
  "surprise_median": 6.182022254582382e-05,
  "surprise_std": 0.058168781300385795,
  "video_count": 6.0,
  "valid_video_count": 6.0,
  "valid_video_ratio": 1.0,
  "total_processed_frames": 776.0,
  "avg_processed_frames": 129.33333333333334,
  "quality_score": 0.9448888888888889,
  "person_name": "Thư Nguyễn"
}