{
  "facial_symmetry_mean": 0.8331354260444641,
  "facial_symmetry_std": 0.11679631471633911,
  "facial_symmetry_median": 0.8237752914428711,
  "facial_symmetry_max": 0.9950303435325623,
  "face_width_height_ratio_mean": 1.460573673248291,
  "face_width_height_ratio_std": 0.1548026204109192,
  "face_width_height_ratio_median": 1.4931831359863281,
  "face_width_height_ratio_max": 1.8833268880844116,
  "eye_spacing_ratio_mean": 0.6414754390716553,
  "eye_spacing_ratio_std": 0.05824102461338043,
  "eye_spacing_ratio_median": 0.64689040184021,
  "eye_spacing_ratio_max": 0.7581546306610107,
  "jaw_ratio_mean": 0.7636904716491699,
  "jaw_ratio_std": 0.026113713160157204,
  "jaw_ratio_median": 0.7551288604736328,
  "jaw_ratio_max": 0.8543435335159302,
  "smile_intensity_mean": 0.039262332022190094,
  "smile_intensity_std": 0.05065320059657097,
  "smile_intensity_median": 0.01649891585111618,
  "smile_intensity_max": 0.2605627477169037,
  "eye_contact_mean": 0.9389264583587646,
  "eye_contact_std": 0.056355323642492294,
  "eye_contact_median": 0.9501326084136963,
  "eye_contact_max": 0.9998682141304016,
  "eye_openness_mean": 0.6891427636146545,
  "eye_openness_std": 0.24327422678470612,
  "eye_openness_median": 0.7041577100753784,
  "eye_openness_max": 1.0,
  "gaze_stability_mean": 0.9711336493492126,
  "gaze_stability_std": 0.04388438165187836,
  "gaze_stability_median": 0.9854824542999268,
  "gaze_stability_max": 1.0,
  "head_tilt_mean": 0.0703195258975029,
  "head_tilt_std": 0.05302394554018974,
  "head_tilt_median": 0.059273913502693176,
  "head_tilt_max": 0.25444313883781433,
  "expression_speed_mean": 0.14834579825401306,
  "expression_speed_std": 0.16457915306091309,
  "expression_speed_median": 0.0903400406241417,
  "expression_speed_max": 0.8038453459739685,
  "happy_mean": 0.05118316039443016,
  "happy_std": 0.1802629977464676,
  "happy_median": 3.7387662814580835e-06,
  "happy_max": 0.999356746673584,
  "neutral_mean": 0.4073585271835327,
  "neutral_std": 0.41822484135627747,
  "neutral_median": 0.20468167960643768,
  "neutral_max": 1.0,
  "surprise_mean": 0.0014153141528367996,
  "surprise_std": 0.008070996962487698,
  "surprise_median": 4.698597955155037e-09,
  "surprise_max": 0.060528337955474854,
  "processed_frames": 118.0,
  "video_name": "1.mp4"
}