{
  "facial_symmetry_mean": 0.7906192541122437,
  "facial_symmetry_std": 0.11510621756315231,
  "facial_symmetry_median": 0.7869951725006104,
  "facial_symmetry_max": 0.9965786337852478,
  "face_width_height_ratio_mean": 1.3948085308074951,
  "face_width_height_ratio_std": 0.08606807887554169,
  "face_width_height_ratio_median": 1.4170949459075928,
  "face_width_height_ratio_max": 1.5257915258407593,
  "eye_spacing_ratio_mean": 0.6657025218009949,
  "eye_spacing_ratio_std": 0.03829754889011383,
  "eye_spacing_ratio_median": 0.6625720858573914,
  "eye_spacing_ratio_max": 0.7380423545837402,
  "jaw_ratio_mean": 0.7641562223434448,
  "jaw_ratio_std": 0.018416782841086388,
  "jaw_ratio_median": 0.7664480805397034,
  "jaw_ratio_max": 0.8075414896011353,
  "smile_intensity_mean": 0.03539441153407097,
  "smile_intensity_std": 0.0425453744828701,
  "smile_intensity_median": 0.019267143681645393,
  "smile_intensity_max": 0.2050272524356842,
  "eye_contact_mean": 0.9410175085067749,
  "eye_contact_std": 0.0365951806306839,
  "eye_contact_median": 0.9362753629684448,
  "eye_contact_max": 0.9968416690826416,
  "eye_openness_mean": 0.7576456665992737,
  "eye_openness_std": 0.19764725863933563,
  "eye_openness_median": 0.7398991584777832,
  "eye_openness_max": 1.0,
  "gaze_stability_mean": 0.9820638298988342,
  "gaze_stability_std": 0.024571923539042473,
  "gaze_stability_median": 0.9915333986282349,
  "gaze_stability_max": 1.0,
  "head_tilt_mean": 0.0887211412191391,
  "head_tilt_std": 0.07818595319986343,
  "head_tilt_median": 0.06739795207977295,
  "head_tilt_max": 0.342395156621933,
  "expression_speed_mean": 0.09778431057929993,
  "expression_speed_std": 0.1156085804104805,
  "expression_speed_median": 0.05284314230084419,
  "expression_speed_max": 0.593428373336792,
  "happy_mean": 0.160467267036438,
  "happy_std": 0.32388466596603394,
  "happy_median": 0.004279749467968941,
  "happy_max": 0.9999885559082031,
  "neutral_mean": 0.4676828384399414,
  "neutral_std": 0.432858407497406,
  "neutral_median": 0.3975590765476227,
  "neutral_max": 0.9993476271629333,
  "surprise_mean": 0.06898428499698639,
  "surprise_std": 0.18998271226882935,
  "surprise_median": 4.098560748388991e-05,
  "surprise_max": 0.8927159905433655,
  "processed_frames": 81.0,
  "video_name": "3.mp4"
}