{
  "facial_symmetry_mean": 0.88081294298172,
  "facial_symmetry_std": 0.07379144430160522,
  "facial_symmetry_median": 0.8794081807136536,
  "facial_symmetry_max": 0.9996287822723389,
  "face_width_height_ratio_mean": 1.4092718362808228,
  "face_width_height_ratio_std": 0.1626918762922287,
  "face_width_height_ratio_median": 1.4558024406433105,
  "face_width_height_ratio_max": 1.713464379310608,
  "eye_spacing_ratio_mean": 0.6432399153709412,
  "eye_spacing_ratio_std": 0.030763892456889153,
  "eye_spacing_ratio_median": 0.6400025486946106,
  "eye_spacing_ratio_max": 0.721442699432373,
  "jaw_ratio_mean": 0.7758208513259888,
  "jaw_ratio_std": 0.024844495579600334,
  "jaw_ratio_median": 0.770248532295227,
  "jaw_ratio_max": 0.8654855489730835,
  "smile_intensity_mean": 0.12882472574710846,
  "smile_intensity_std": 0.1412314474582672,
  "smile_intensity_median": 0.0664028450846672,
  "smile_intensity_max": 0.6513543128967285,
  "eye_contact_mean": 0.9690322279930115,
  "eye_contact_std": 0.022086307406425476,
  "eye_contact_median": 0.972596287727356,
  "eye_contact_max": 0.9994961023330688,
  "eye_openness_mean": 0.4876719117164612,
  "eye_openness_std": 0.152599036693573,
  "eye_openness_median": 0.47902828454971313,
  "eye_openness_max": 0.7907003164291382,
  "gaze_stability_mean": 0.9870114922523499,
  "gaze_stability_std": 0.01505714189261198,
  "gaze_stability_median": 0.9918125867843628,
  "gaze_stability_max": 1.0,
  "head_tilt_mean": 0.050293173640966415,
  "head_tilt_std": 0.03693930059671402,
  "head_tilt_median": 0.04398241639137268,
  "head_tilt_max": 0.18476590514183044,
  "expression_speed_mean": 0.14741110801696777,
  "expression_speed_std": 0.12925970554351807,
  "expression_speed_median": 0.09685835242271423,
  "expression_speed_max": 0.5434185862541199,
  "happy_mean": 0.14895348250865936,
  "happy_std": 0.31044501066207886,
  "happy_median": 0.0011324563529342413,
  "happy_max": 0.9999972581863403,
  "neutral_mean": 0.2826150357723236,
  "neutral_std": 0.39156532287597656,
  "neutral_median": 0.019164618104696274,
  "neutral_max": 0.9998371005058289,
  "surprise_mean": 0.05157862603664398,
  "surprise_std": 0.1794046014547348,
  "surprise_median": 1.97988288164197e-06,
  "surprise_max": 0.9676322937011719,
  "processed_frames": 145.0,
  "video_name": "4.mp4"
}