{
  "facial_symmetry_mean": 0.8820424675941467,
  "facial_symmetry_std": 0.05977003276348114,
  "facial_symmetry_median": 0.9018803238868713,
  "facial_symmetry_max": 0.932583749294281,
  "face_width_height_ratio_mean": 1.4433785676956177,
  "face_width_height_ratio_std": 0.08522053062915802,
  "face_width_height_ratio_median": 1.4711116552352905,
  "face_width_height_ratio_max": 1.666602373123169,
  "eye_spacing_ratio_mean": 0.6573777198791504,
  "eye_spacing_ratio_std": 0.02035542018711567,
  "eye_spacing_ratio_median": 0.6602396965026855,
  "eye_spacing_ratio_max": 0.6886703968048096,
  "jaw_ratio_mean": 0.7734347581863403,
  "jaw_ratio_std": 0.010008071549236774,
  "jaw_ratio_median": 0.7725021243095398,
  "jaw_ratio_max": 0.7959217429161072,
  "smile_intensity_mean": 0.00832211971282959,
  "smile_intensity_std": 0.002794963773339987,
  "smile_intensity_median": 0.008279449306428432,
  "smile_intensity_max": 0.019720077514648438,
  "eye_contact_mean": 0.983424186706543,
  "eye_contact_std": 0.02989049442112446,
  "eye_contact_median": 0.9923083782196045,
  "eye_contact_max": 0.9992988705635071,
  "eye_openness_mean": 0.8171276450157166,
  "eye_openness_std": 0.1790562868118286,
  "eye_openness_median": 0.8770186901092529,
  "eye_openness_max": 1.0,
  "gaze_stability_mean": 0.9904340505599976,
  "gaze_stability_std": 0.015653036534786224,
  "gaze_stability_median": 0.9959659576416016,
  "gaze_stability_max": 1.0,
  "head_tilt_mean": 0.06313790380954742,
  "head_tilt_std": 0.0952896997332573,
  "head_tilt_median": 0.02581477165222168,
  "head_tilt_max": 0.34248873591423035,
  "expression_speed_mean": 0.07859043031930923,
  "expression_speed_std": 0.12327922135591507,
  "expression_speed_median": 0.03314053639769554,
  "expression_speed_max": 0.5390674471855164,
  "happy_mean": 0.5738017559051514,
  "happy_std": 0.4164387583732605,
  "happy_median": 0.8792340159416199,
  "happy_max": 0.9922983646392822,
  "neutral_mean": 0.34437933564186096,
  "neutral_std": 0.3554019033908844,
  "neutral_median": 0.11257777363061905,
  "neutral_max": 0.9642401933670044,
  "surprise_mean": 0.000678753131069243,
  "surprise_std": 0.000855672697070986,
  "surprise_median": 0.00020303137716837227,
  "surprise_max": 0.0037894428241997957,
  "processed_frames": 49.0,
  "video_name": "6.mp4"
}