{
  "facial_symmetry_mean": 0.795450747013092,
  "facial_symmetry_std": 0.10714521259069443,
  "facial_symmetry_median": 0.7664896249771118,
  "facial_symmetry_max": 0.9997707009315491,
  "face_width_height_ratio_mean": 1.4060299396514893,
  "face_width_height_ratio_std": 0.1361294984817505,
  "face_width_height_ratio_median": 1.4306464195251465,
  "face_width_height_ratio_max": 1.9376567602157593,
  "eye_spacing_ratio_mean": 0.6576279997825623,
  "eye_spacing_ratio_std": 0.021854447200894356,
  "eye_spacing_ratio_median": 0.6548900604248047,
  "eye_spacing_ratio_max": 0.7183964848518372,
  "jaw_ratio_mean": 0.7898574471473694,
  "jaw_ratio_std": 0.017728015780448914,
  "jaw_ratio_median": 0.7910303473472595,
  "jaw_ratio_max": 0.8300769329071045,
  "smile_intensity_mean": 0.11752600222826004,
  "smile_intensity_std": 0.1104910671710968,
  "smile_intensity_median": 0.09555116295814514,
  "smile_intensity_max": 0.5610594153404236,
  "eye_contact_mean": 0.9252294898033142,
  "eye_contact_std": 0.05548461899161339,
  "eye_contact_median": 0.9245322942733765,
  "eye_contact_max": 0.9997953176498413,
  "eye_openness_mean": 0.6920467019081116,
  "eye_openness_std": 0.23601247370243073,
  "eye_openness_median": 0.7397179007530212,
  "eye_openness_max": 1.0,
  "gaze_stability_mean": 0.9722786545753479,
  "gaze_stability_std": 0.02866804227232933,
  "gaze_stability_median": 0.9830400347709656,
  "gaze_stability_max": 1.0,
  "head_tilt_mean": 0.11338379979133606,
  "head_tilt_std": 0.11110195517539978,
  "head_tilt_median": 0.07270976901054382,
  "head_tilt_max": 0.44378161430358887,
  "expression_speed_mean": 0.12157081067562103,
  "expression_speed_std": 0.11000896245241165,
  "expression_speed_median": 0.08874935656785965,
  "expression_speed_max": 0.6553196907043457,
  "happy_mean": 0.2988608479499817,
  "happy_std": 0.4293876886367798,
  "happy_median": 0.0004949683789163828,
  "happy_max": 0.9999992847442627,
  "neutral_mean": 0.05065254494547844,
  "neutral_std": 0.1671498864889145,
  "neutral_median": 0.0017991368658840656,
  "neutral_max": 0.9773388504981995,
  "surprise_mean": 0.033707525581121445,
  "surprise_std": 0.14928917586803436,
  "surprise_median": 1.0716185716574955e-09,
  "surprise_max": 0.9670979380607605,
  "processed_frames": 188.0,
  "video_name": "7.mp4"
}