{
  "expression_speed_max": 0.6545434296131134,
  "expression_speed_mean": 0.10769927820989064,
  "expression_speed_median": 0.06265590605991227,
  "expression_speed_std": 0.12700291510139192,
  "eye_contact_max": 0.999244144984654,
  "eye_contact_mean": 0.9510772568838937,
  "eye_contact_median": 0.9633055925369263,
  "eye_contact_std": 0.04512459518654006,
  "eye_openness_max": 0.9600410461425781,
  "eye_openness_mean": 0.695278559412275,
  "eye_openness_median": 0.7233828987394061,
  "eye_openness_std": 0.19443297386169434,
  "eye_spacing_ratio_max": 0.7156342693737575,
  "eye_spacing_ratio_mean": 0.6496708818844387,
  "eye_spacing_ratio_median": 0.6504661781447274,
  "eye_spacing_ratio_std": 0.031843909727675576,
  "face_width_height_ratio_max": 1.690034338406154,
  "face_width_height_ratio_mean": 1.3969905035836356,
  "face_width_height_ratio_median": 1.4273305109569006,
  "face_width_height_ratio_std": 0.12968150526285172,
  "facial_symmetry_max": 0.9887196336473737,
  "facial_symmetry_mean": 0.8155160290854317,
  "facial_symmetry_median": 0.8219461526189532,
  "facial_symmetry_std": 0.11626821756362915,
  "gaze_stability_max": 1.0,
  "gaze_stability_mean": 0.98141781772886,
  "gaze_stability_median": 0.9907578570502145,
  "gaze_stability_std": 0.026060008576938083,
  "happy_max": 0.9985003301075527,
  "happy_mean": 0.20995780133775302,
  "happy_median": 0.1267290569668538,
  "happy_std": 0.31861759296485354,
  "head_tilt_max": 0.3269301397459848,
  "head_tilt_mean": 0.08051425484674317,
  "head_tilt_median": 0.05513082657541547,
  "head_tilt_std": 0.0779463489140783,
  "jaw_ratio_max": 0.8289689421653748,
  "jaw_ratio_mean": 0.7722659025873456,
  "jaw_ratio_median": 0.7693907788821629,
  "jaw_ratio_std": 0.018666012345680168,
  "neutral_max": 0.9910482593945095,
  "neutral_mean": 0.318935114890337,
  "neutral_median": 0.14165147081283586,
  "neutral_std": 0.36241909648690906,
  "processed_frames": 122.14285714285714,
  "smile_intensity_max": 0.3721862477915628,
  "smile_intensity_mean": 0.05911599365728242,
  "smile_intensity_median": 0.03396584772105728,
  "smile_intensity_std": 0.06845164318968143,
  "surprise_max": 0.6884529701367553,
  "surprise_mean": 0.04644477841377791,
  "surprise_median": 0.00014912248078378733,
  "surprise_std": 0.13406919722079433,
  "video_count": 7.0,
  "valid_video_count": 7.0,
  "valid_video_ratio": 1.0,
  "total_processed_frames": 855.0,
  "avg_processed_frames": 122.14285714285714,
  "quality_score": 0.9257142857142857,
  "person_name": "Vạn Thiến"
}