{
  "facial_symmetry_mean": 0.8754271864891052,
  "facial_symmetry_std": 0.09581077843904495,
  "facial_symmetry_median": 0.8653117418289185,
  "facial_symmetry_max": 0.9993793368339539,
  "face_width_height_ratio_mean": 1.4634934663772583,
  "face_width_height_ratio_std": 0.0800279825925827,
  "face_width_height_ratio_median": 1.4538503885269165,
  "face_width_height_ratio_max": 1.8708536624908447,
  "eye_spacing_ratio_mean": 0.6566509008407593,
  "eye_spacing_ratio_std": 0.017863137647509575,
  "eye_spacing_ratio_median": 0.6577936410903931,
  "eye_spacing_ratio_max": 0.7028695344924927,
  "jaw_ratio_mean": 0.788428008556366,
  "jaw_ratio_std": 0.02183239907026291,
  "jaw_ratio_median": 0.7896638512611389,
  "jaw_ratio_max": 0.8472279906272888,
  "smile_intensity_mean": 0.0941518172621727,
  "smile_intensity_std": 0.10265372693538666,
  "smile_intensity_median": 0.020547140389680862,
  "smile_intensity_max": 0.40493568778038025,
  "eye_contact_mean": 0.9593653082847595,
  "eye_contact_std": 0.02931545488536358,
  "eye_contact_median": 0.9662591218948364,
  "eye_contact_max": 0.9961717128753662,
  "eye_openness_mean": 0.7409502267837524,
  "eye_openness_std": 0.20473258197307587,
  "eye_openness_median": 0.8033652901649475,
  "eye_openness_max": 1.0,
  "gaze_stability_mean": 0.9907414317131042,
  "gaze_stability_std": 0.011999228037893772,
  "gaze_stability_median": 0.9949747323989868,
  "gaze_stability_max": 1.0,
  "head_tilt_mean": 0.0750192254781723,
  "head_tilt_std": 0.03694847598671913,
  "head_tilt_median": 0.06777346134185791,
  "head_tilt_max": 0.1894642412662506,
  "expression_speed_mean": 0.10782390087842941,
  "expression_speed_std": 0.12841179966926575,
  "expression_speed_median": 0.053414057940244675,
  "expression_speed_max": 0.6686460375785828,
  "happy_mean": 0.1296083778142929,
  "happy_std": 0.25049087405204773,
  "happy_median": 0.011096343398094177,
  "happy_max": 0.9879392385482788,
  "neutral_mean": 0.28251445293426514,
  "neutral_std": 0.39136314392089844,
  "neutral_median": 0.003997188061475754,
  "neutral_max": 0.9926664233207703,
  "surprise_mean": 0.01765238493680954,
  "surprise_std": 0.10714415460824966,
  "surprise_median": 3.4613622119650245e-06,
  "surprise_max": 0.9745690226554871,
  "processed_frames": 87.0,
  "video_name": "4.mp4"
}