{
  "facial_symmetry_mean": 0.7794826030731201,
  "facial_symmetry_std": 0.09141036123037338,
  "facial_symmetry_median": 0.7632825970649719,
  "facial_symmetry_max": 0.9991180896759033,
  "face_width_height_ratio_mean": 1.4349664449691772,
  "face_width_height_ratio_std": 0.13494688272476196,
  "face_width_height_ratio_median": 1.4430164098739624,
  "face_width_height_ratio_max": 1.8854035139083862,
  "eye_spacing_ratio_mean": 0.6641746163368225,
  "eye_spacing_ratio_std": 0.022938420996069908,
  "eye_spacing_ratio_median": 0.6674463748931885,
  "eye_spacing_ratio_max": 0.7658177614212036,
  "jaw_ratio_mean": 0.7993874549865723,
  "jaw_ratio_std": 0.01618855446577072,
  "jaw_ratio_median": 0.8004137277603149,
  "jaw_ratio_max": 0.8339558839797974,
  "smile_intensity_mean": 0.06233447045087814,
  "smile_intensity_std": 0.08600962907075882,
  "smile_intensity_median": 0.009398999623954296,
  "smile_intensity_max": 0.37902843952178955,
  "eye_contact_mean": 0.9200510382652283,
  "eye_contact_std": 0.06377163529396057,
  "eye_contact_median": 0.9298830032348633,
  "eye_contact_max": 0.9988518953323364,
  "eye_openness_mean": 0.948027491569519,
  "eye_openness_std": 0.11968677490949631,
  "eye_openness_median": 1.0,
  "eye_openness_max": 1.0,
  "gaze_stability_mean": 0.9839501976966858,
  "gaze_stability_std": 0.02541518025100231,
  "gaze_stability_median": 0.993297815322876,
  "gaze_stability_max": 1.0,
  "head_tilt_mean": 0.16095182299613953,
  "head_tilt_std": 0.12465043365955353,
  "head_tilt_median": 0.11398017406463623,
  "head_tilt_max": 0.41358575224876404,
  "expression_speed_mean": 0.08062049001455307,
  "expression_speed_std": 0.10682125389575958,
  "expression_speed_median": 0.03422646224498749,
  "expression_speed_max": 0.4787963330745697,
  "happy_mean": 0.23246267437934875,
  "happy_std": 0.3579024076461792,
  "happy_median": 0.00017281723557971418,
  "happy_max": 0.9975101947784424,
  "neutral_mean": 0.24347323179244995,
  "neutral_std": 0.3245086967945099,
  "neutral_median": 0.05780048668384552,
  "neutral_max": 0.9934828281402588,
  "surprise_mean": 0.009635495953261852,
  "surprise_std": 0.0873279869556427,
  "surprise_median": 4.6024297262192704e-07,
  "surprise_max": 0.8731296062469482,
  "processed_frames": 99.0,
  "video_name": "5.mp4"
}