{
  "expression_speed_max": 0.7265990197658538,
  "expression_speed_mean": 0.11201457530260087,
  "expression_speed_median": 0.05089704394340515,
  "expression_speed_std": 0.1429607629776001,
  "eye_contact_max": 0.9982834339141846,
  "eye_contact_mean": 0.9582550883293152,
  "eye_contact_median": 0.9644020795822144,
  "eye_contact_std": 0.030816983431577682,
  "eye_openness_max": 0.9558957576751709,
  "eye_openness_mean": 0.7545813798904419,
  "eye_openness_median": 0.8170022249221802,
  "eye_openness_std": 0.19349165111780167,
  "eye_spacing_ratio_max": 0.732958447933197,
  "eye_spacing_ratio_mean": 0.6514745712280273,
  "eye_spacing_ratio_median": 0.6550180315971375,
  "eye_spacing_ratio_std": 0.02632899135351181,
  "face_width_height_ratio_max": 1.362505602836609,
  "face_width_height_ratio_mean": 1.091111171245575,
  "face_width_height_ratio_median": 1.095661985874176,
  "face_width_height_ratio_std": 0.1033882562071085,
  "facial_symmetry_max": 0.9987513184547424,
  "facial_symmetry_mean": 0.8724802255630493,
  "facial_symmetry_median": 0.8717446565628052,
  "facial_symmetry_std": 0.06913746520876884,
  "gaze_stability_max": 1.0,
  "gaze_stability_mean": 0.9902983188629151,
  "gaze_stability_median": 0.9950632572174072,
  "gaze_stability_std": 0.013999679684638977,
  "happy_max": 0.9970545530319214,
  "happy_mean": 0.19352817833423613,
  "happy_median": 0.007000891689676792,
  "happy_std": 0.3215752601623535,
  "head_tilt_max": 0.2873837947845459,
  "head_tilt_mean": 0.09929015338420868,
  "head_tilt_median": 0.07243333756923676,
  "head_tilt_std": 0.07654604688286781,
  "jaw_ratio_max": 0.8600777864456177,
  "jaw_ratio_mean": 0.7941158294677735,
  "jaw_ratio_median": 0.7929394721984864,
  "jaw_ratio_std": 0.02029544673860073,
  "neutral_max": 0.9691364526748657,
  "neutral_mean": 0.2554538369178772,
  "neutral_median": 0.08319836780428887,
  "neutral_std": 0.3265454351902008,
  "processed_frames": 105.6,
  "smile_intensity_max": 0.6791838705539703,
  "smile_intensity_mean": 0.1522819757461548,
  "smile_intensity_median": 0.0901823166757822,
  "smile_intensity_std": 0.16744502484798432,
  "surprise_max": 0.7062898337841034,
  "surprise_mean": 0.022871879395097494,
  "surprise_median": 1.093122871225205e-05,
  "surprise_std": 0.09581815972924232,
  "video_count": 5.0,
  "valid_video_count": 5.0,
  "valid_video_ratio": 1.0,
  "total_processed_frames": 528.0,
  "avg_processed_frames": 105.6,
  "quality_score": 0.8815999999999999,
  "person_name": "Catherine zeta jones"
}