{
  "facial_symmetry_mean": 0.7904107570648193,
  "facial_symmetry_std": 0.04619583487510681,
  "facial_symmetry_median": 0.7858591079711914,
  "facial_symmetry_max": 0.990554690361023,
  "face_width_height_ratio_mean": 1.365105390548706,
  "face_width_height_ratio_std": 0.050838541239500046,
  "face_width_height_ratio_median": 1.3716812133789062,
  "face_width_height_ratio_max": 1.5217519998550415,
  "eye_spacing_ratio_mean": 0.6827564835548401,
  "eye_spacing_ratio_std": 0.01922074519097805,
  "eye_spacing_ratio_median": 0.6849515438079834,
  "eye_spacing_ratio_max": 0.779022216796875,
  "jaw_ratio_mean": 0.7796458601951599,
  "jaw_ratio_std": 0.01471339724957943,
  "jaw_ratio_median": 0.7787392139434814,
  "jaw_ratio_max": 0.8419612050056458,
  "smile_intensity_mean": 0.2734634280204773,
  "smile_intensity_std": 0.18365423381328583,
  "smile_intensity_median": 0.2827128469944,
  "smile_intensity_max": 0.8569431304931641,
  "eye_contact_mean": 0.9619678854942322,
  "eye_contact_std": 0.021393539384007454,
  "eye_contact_median": 0.9684391021728516,
  "eye_contact_max": 0.9982606768608093,
  "eye_openness_mean": 0.6379106640815735,
  "eye_openness_std": 0.15625956654548645,
  "eye_openness_median": 0.685122013092041,
  "eye_openness_max": 0.8439859747886658,
  "gaze_stability_mean": 0.9897298812866211,
  "gaze_stability_std": 0.013093517161905766,
  "gaze_stability_median": 0.9939385652542114,
  "gaze_stability_max": 1.0,
  "head_tilt_mean": 0.06081856042146683,
  "head_tilt_std": 0.04748678207397461,
  "head_tilt_median": 0.04717312753200531,
  "head_tilt_max": 0.2263738214969635,
  "expression_speed_mean": 0.1682738959789276,
  "expression_speed_std": 0.1556437611579895,
  "expression_speed_median": 0.1301668882369995,
  "expression_speed_max": 0.860256016254425,
  "happy_mean": 0.22983522713184357,
  "happy_std": 0.367809534072876,
  "happy_median": 0.007228868082165718,
  "happy_max": 1.0,
  "neutral_mean": 0.3203294277191162,
  "neutral_std": 0.37137627601623535,
  "neutral_median": 0.10802419483661652,
  "neutral_max": 0.9982216358184814,
  "surprise_mean": 0.019105762243270874,
  "surprise_std": 0.07942793518304825,
  "surprise_median": 8.066117152338848e-05,
  "surprise_max": 0.8798211216926575,
  "processed_frames": 422.0,
  "video_name": "1.mp4"
}