{
  "facial_symmetry_mean": 0.9080526232719421,
  "facial_symmetry_std": 0.06159276142716408,
  "facial_symmetry_median": 0.8804527521133423,
  "facial_symmetry_max": 0.9978275299072266,
  "face_width_height_ratio_mean": 0.8021753430366516,
  "face_width_height_ratio_std": 0.1131884977221489,
  "face_width_height_ratio_median": 0.8518140316009521,
  "face_width_height_ratio_max": 0.9181818962097168,
  "eye_spacing_ratio_mean": 0.6783831715583801,
  "eye_spacing_ratio_std": 0.03680016100406647,
  "eye_spacing_ratio_median": 0.6826048493385315,
  "eye_spacing_ratio_max": 0.7269766330718994,
  "jaw_ratio_mean": 0.7859290838241577,
  "jaw_ratio_std": 0.02981371060013771,
  "jaw_ratio_median": 0.7836511135101318,
  "jaw_ratio_max": 0.8528026342391968,
  "smile_intensity_mean": 0.24033400416374207,
  "smile_intensity_std": 0.2711988091468811,
  "smile_intensity_median": 0.03220982104539871,
  "smile_intensity_max": 0.7549337148666382,
  "eye_contact_mean": 0.9658153653144836,
  "eye_contact_std": 0.028626155108213425,
  "eye_contact_median": 0.9754856824874878,
  "eye_contact_max": 0.9982501268386841,
  "eye_openness_mean": 0.8137345314025879,
  "eye_openness_std": 0.2059393972158432,
  "eye_openness_median": 0.8372200727462769,
  "eye_openness_max": 1.0,
  "gaze_stability_mean": 0.9804071187973022,
  "gaze_stability_std": 0.021609101444482803,
  "gaze_stability_median": 0.9920685887336731,
  "gaze_stability_max": 1.0,
  "head_tilt_mean": 0.0688050389289856,
  "head_tilt_std": 0.07595931738615036,
  "head_tilt_median": 0.03597084432840347,
  "head_tilt_max": 0.2838931977748871,
  "expression_speed_mean": 0.28609704971313477,
  "expression_speed_std": 0.24139560759067535,
  "expression_speed_median": 0.21101418137550354,
  "expression_speed_max": 0.8237144947052002,
  "happy_mean": 0.19798967242240906,
  "happy_std": 0.37695902585983276,
  "happy_median": 0.0007516579353250563,
  "happy_max": 0.9999490976333618,
  "neutral_mean": 0.223555326461792,
  "neutral_std": 0.3126116991043091,
  "neutral_median": 0.050562381744384766,
  "neutral_max": 0.9820464849472046,
  "surprise_mean": 0.09285770356655121,
  "surprise_std": 0.27610763907432556,
  "surprise_median": 1.386977055517491e-05,
  "surprise_max": 0.9721553921699524,
  "processed_frames": 40.0,
  "video_name": "3.mp4"
}