{
  "facial_symmetry_mean": 0.8537548184394836,
  "facial_symmetry_std": 0.09239887446165085,
  "facial_symmetry_median": 0.8652513027191162,
  "facial_symmetry_max": 0.9971405267715454,
  "face_width_height_ratio_mean": 1.135589361190796,
  "face_width_height_ratio_std": 0.07258667796850204,
  "face_width_height_ratio_median": 1.1506808996200562,
  "face_width_height_ratio_max": 1.3534400463104248,
  "eye_spacing_ratio_mean": 0.7031280994415283,
  "eye_spacing_ratio_std": 0.02304910495877266,
  "eye_spacing_ratio_median": 0.7064523696899414,
  "eye_spacing_ratio_max": 0.7825974822044373,
  "jaw_ratio_mean": 0.7607617974281311,
  "jaw_ratio_std": 0.013696745038032532,
  "jaw_ratio_median": 0.7583304643630981,
  "jaw_ratio_max": 0.8104081153869629,
  "smile_intensity_mean": 0.1102585718035698,
  "smile_intensity_std": 0.10674437135457993,
  "smile_intensity_median": 0.08803857117891312,
  "smile_intensity_max": 0.34572070837020874,
  "eye_contact_mean": 0.9709805250167847,
  "eye_contact_std": 0.029521342366933823,
  "eye_contact_median": 0.9810025691986084,
  "eye_contact_max": 0.9998213648796082,
  "eye_openness_mean": 0.9760028719902039,
  "eye_openness_std": 0.07608116418123245,
  "eye_openness_median": 1.0,
  "eye_openness_max": 1.0,
  "gaze_stability_mean": 0.9870916604995728,
  "gaze_stability_std": 0.023903626948595047,
  "gaze_stability_median": 0.9957154989242554,
  "gaze_stability_max": 1.0,
  "head_tilt_mean": 0.07667756825685501,
  "head_tilt_std": 0.06293094158172607,
  "head_tilt_median": 0.06348244845867157,
  "head_tilt_max": 0.2519179880619049,
  "expression_speed_mean": 0.07054051756858826,
  "expression_speed_std": 0.11714333295822144,
  "expression_speed_median": 0.022839173674583435,
  "expression_speed_max": 0.5421777367591858,
  "happy_mean": 0.02597219869494438,
  "happy_std": 0.12066259980201721,
  "happy_median": 4.948280093231006e-06,
  "happy_max": 0.8903236985206604,
  "neutral_mean": 0.1421140432357788,
  "neutral_std": 0.272438645362854,
  "neutral_median": 0.010629620403051376,
  "neutral_max": 0.9756165742874146,
  "surprise_mean": 0.0024354292545467615,
  "surprise_std": 0.010522235184907913,
  "surprise_median": 3.591490269627684e-07,
  "surprise_max": 0.06567957252264023,
  "processed_frames": 64.0,
  "video_name": "4.mp4"
}