{
  "facial_symmetry_mean": 0.8380247950553894,
  "facial_symmetry_std": 0.10356222093105316,
  "facial_symmetry_median": 0.7950377464294434,
  "facial_symmetry_max": 0.999668300151825,
  "face_width_height_ratio_mean": 1.0481525659561157,
  "face_width_height_ratio_std": 0.07824321836233139,
  "face_width_height_ratio_median": 1.0281962156295776,
  "face_width_height_ratio_max": 1.232444167137146,
  "eye_spacing_ratio_mean": 0.6778877973556519,
  "eye_spacing_ratio_std": 0.032938096672296524,
  "eye_spacing_ratio_median": 0.678423285484314,
  "eye_spacing_ratio_max": 0.7622665762901306,
  "jaw_ratio_mean": 0.7726197242736816,
  "jaw_ratio_std": 0.014265449717640877,
  "jaw_ratio_median": 0.7708572149276733,
  "jaw_ratio_max": 0.8087251782417297,
  "smile_intensity_mean": 0.22169509530067444,
  "smile_intensity_std": 0.20591968297958374,
  "smile_intensity_median": 0.16310903429985046,
  "smile_intensity_max": 0.8003448247909546,
  "eye_contact_mean": 0.9348780512809753,
  "eye_contact_std": 0.05206318572163582,
  "eye_contact_median": 0.9405504465103149,
  "eye_contact_max": 0.9997035264968872,
  "eye_openness_mean": 0.747203528881073,
  "eye_openness_std": 0.23277343809604645,
  "eye_openness_median": 0.8225905299186707,
  "eye_openness_max": 1.0,
  "gaze_stability_mean": 0.9789319038391113,
  "gaze_stability_std": 0.026699503883719444,
  "gaze_stability_median": 0.9893845319747925,
  "gaze_stability_max": 1.0,
  "head_tilt_mean": 0.08676078170537949,
  "head_tilt_std": 0.09535597264766693,
  "head_tilt_median": 0.048387572169303894,
  "head_tilt_max": 0.37953490018844604,
  "expression_speed_mean": 0.2396126687526703,
  "expression_speed_std": 0.20221148431301117,
  "expression_speed_median": 0.1767086684703827,
  "expression_speed_max": 0.9042981863021851,
  "happy_mean": 0.14153680205345154,
  "happy_std": 0.29139262437820435,
  "happy_median": 0.005109621211886406,
  "happy_max": 0.9996168613433838,
  "neutral_mean": 0.1813279390335083,
  "neutral_std": 0.3038652837276459,
  "neutral_median": 0.00912508461624384,
  "neutral_max": 0.9999318718910217,
  "surprise_mean": 0.0961698591709137,
  "surprise_std": 0.24578335881233215,
  "surprise_median": 0.0005290500121191144,
  "surprise_max": 0.9975937008857727,
  "processed_frames": 130.0,
  "video_name": "5.mp4"
}