{
  "facial_symmetry_mean": 0.9196649193763733,
  "facial_symmetry_std": 0.055529505014419556,
  "facial_symmetry_median": 0.921486496925354,
  "facial_symmetry_max": 0.9991601705551147,
  "face_width_height_ratio_mean": 1.0916601419448853,
  "face_width_height_ratio_std": 0.0845639780163765,
  "face_width_height_ratio_median": 1.0996956825256348,
  "face_width_height_ratio_max": 1.445417881011963,
  "eye_spacing_ratio_mean": 0.6889371871948242,
  "eye_spacing_ratio_std": 0.04336144030094147,
  "eye_spacing_ratio_median": 0.7007176876068115,
  "eye_spacing_ratio_max": 0.753257155418396,
  "jaw_ratio_mean": 0.7582858204841614,
  "jaw_ratio_std": 0.021066050976514816,
  "jaw_ratio_median": 0.7544416785240173,
  "jaw_ratio_max": 0.8518763184547424,
  "smile_intensity_mean": 0.17559874057769775,
  "smile_intensity_std": 0.18106606602668762,
  "smile_intensity_median": 0.11921824514865875,
  "smile_intensity_max": 0.7580273747444153,
  "eye_contact_mean": 0.967470109462738,
  "eye_contact_std": 0.027335816994309425,
  "eye_contact_median": 0.9769708514213562,
  "eye_contact_max": 0.9998907446861267,
  "eye_openness_mean": 0.581211268901825,
  "eye_openness_std": 0.2680341303348541,
  "eye_openness_median": 0.5781490206718445,
  "eye_openness_max": 1.0,
  "gaze_stability_mean": 0.985667884349823,
  "gaze_stability_std": 0.019199660047888756,
  "gaze_stability_median": 0.994171142578125,
  "gaze_stability_max": 1.0,
  "head_tilt_mean": 0.10475477576255798,
  "head_tilt_std": 0.13709332048892975,
  "head_tilt_median": 0.04940219223499298,
  "head_tilt_max": 0.49363553524017334,
  "expression_speed_mean": 0.1941765397787094,
  "expression_speed_std": 0.18613918125629425,
  "expression_speed_median": 0.11247183382511139,
  "expression_speed_max": 0.733182966709137,
  "happy_mean": 0.12603431940078735,
  "happy_std": 0.26557105779647827,
  "happy_median": 0.002738006878644228,
  "happy_max": 0.999997079372406,
  "neutral_mean": 0.32105663418769836,
  "neutral_std": 0.3807268738746643,
  "neutral_median": 0.07199303060770035,
  "neutral_max": 0.9999163746833801,
  "surprise_mean": 0.06968538463115692,
  "surprise_std": 0.20556597411632538,
  "surprise_median": 0.00011282591731287539,
  "surprise_max": 0.9937872290611267,
  "processed_frames": 164.0,
  "video_name": "6.mp4"
}