{
  "expression_speed_max": 0.7982652485370636,
  "expression_speed_mean": 0.1950435812274615,
  "expression_speed_median": 0.12151420613129933,
  "expression_speed_std": 0.193528451025486,
  "eye_contact_max": 0.9990580578645071,
  "eye_contact_mean": 0.9622168938318888,
  "eye_contact_median": 0.9699837664763132,
  "eye_contact_std": 0.03054823571195205,
  "eye_openness_max": 0.9739976624647776,
  "eye_openness_mean": 0.7206937273343405,
  "eye_openness_median": 0.7595453759034475,
  "eye_openness_std": 0.20567714795470238,
  "eye_spacing_ratio_max": 0.75929128130277,
  "eye_spacing_ratio_mean": 0.685906728108724,
  "eye_spacing_ratio_median": 0.6919920941193899,
  "eye_spacing_ratio_std": 0.03410046951224407,
  "face_width_height_ratio_max": 1.3165509700775146,
  "face_width_height_ratio_mean": 1.0887779891490936,
  "face_width_height_ratio_median": 1.1025559107462566,
  "face_width_height_ratio_std": 0.08595593211551507,
  "facial_symmetry_max": 0.9968079229195913,
  "facial_symmetry_mean": 0.870821346839269,
  "facial_symmetry_median": 0.862627238035202,
  "facial_symmetry_std": 0.06898089125752449,
  "gaze_stability_max": 1.0,
  "gaze_stability_mean": 0.9853337109088898,
  "gaze_stability_median": 0.9934567113717397,
  "gaze_stability_std": 0.019633137465765078,
  "happy_max": 0.9814365903536478,
  "happy_mean": 0.15037752874195576,
  "happy_median": 0.0029888846504491084,
  "happy_std": 0.2964203457037608,
  "head_tilt_max": 0.32545262575149536,
  "head_tilt_mean": 0.07775427028536797,
  "head_tilt_median": 0.0508656973640124,
  "head_tilt_std": 0.07846818615992864,
  "jaw_ratio_max": 0.8368079662322998,
  "jaw_ratio_mean": 0.7711817920207977,
  "jaw_ratio_median": 0.7676621377468109,
  "jaw_ratio_std": 0.020005906311174233,
  "neutral_max": 0.9866114556789398,
  "neutral_mean": 0.24931086599826813,
  "neutral_median": 0.060245946825792394,
  "neutral_std": 0.3319929242134094,
  "processed_frames": 150.0,
  "smile_intensity_max": 0.7092475493748983,
  "smile_intensity_mean": 0.19151902322967848,
  "smile_intensity_median": 0.11781382778038581,
  "smile_intensity_std": 0.18952225024501482,
  "surprise_max": 0.7246751077473164,
  "surprise_mean": 0.049975525005720556,
  "surprise_median": 0.0003661508269535337,
  "surprise_std": 0.1478932692358891,
  "video_count": 6.0,
  "valid_video_count": 6.0,
  "valid_video_ratio": 1.0,
  "total_processed_frames": 900.0,
  "avg_processed_frames": 150.0,
  "quality_score": 1.0,
  "person_name": "Anya Taylor Joy"
}