{
  "facial_symmetry_mean": 0.7609472274780273,
  "facial_symmetry_std": 0.1691281944513321,
  "facial_symmetry_median": 0.729254961013794,
  "facial_symmetry_max": 0.9985899925231934,
  "face_width_height_ratio_mean": 1.352730631828308,
  "face_width_height_ratio_std": 0.16853389143943787,
  "face_width_height_ratio_median": 1.40593421459198,
  "face_width_height_ratio_max": 1.6427009105682373,
  "eye_spacing_ratio_mean": 0.6284065246582031,
  "eye_spacing_ratio_std": 0.018874457105994225,
  "eye_spacing_ratio_median": 0.628235936164856,
  "eye_spacing_ratio_max": 0.675028383731842,
  "jaw_ratio_mean": 0.7631283402442932,
  "jaw_ratio_std": 0.016364404931664467,
  "jaw_ratio_median": 0.7616515159606934,
  "jaw_ratio_max": 0.8214788436889648,
  "smile_intensity_mean": 0.09295287728309631,
  "smile_intensity_std": 0.08852267265319824,
  "smile_intensity_median": 0.061371900141239166,
  "smile_intensity_max": 0.27842655777931213,
  "eye_contact_mean": 0.8940725922584534,
  "eye_contact_std": 0.05402446910738945,
  "eye_contact_median": 0.8993082046508789,
  "eye_contact_max": 0.9652441740036011,
  "eye_openness_mean": 0.9221975207328796,
  "eye_openness_std": 0.17160825431346893,
  "eye_openness_median": 1.0,
  "eye_openness_max": 1.0,
  "gaze_stability_mean": 0.9811272025108337,
  "gaze_stability_std": 0.030876586213707924,
  "gaze_stability_median": 0.9921038150787354,
  "gaze_stability_max": 1.0,
  "head_tilt_mean": 0.06291971355676651,
  "head_tilt_std": 0.056687671691179276,
  "head_tilt_median": 0.03169752657413483,
  "head_tilt_max": 0.22273287177085876,
  "expression_speed_mean": 0.12752550840377808,
  "expression_speed_std": 0.16516391932964325,
  "expression_speed_median": 0.056501902639865875,
  "expression_speed_max": 0.8052862286567688,
  "happy_mean": 0.18137723207473755,
  "happy_std": 0.3494773507118225,
  "happy_median": 0.0018143614288419485,
  "happy_max": 0.9999905228614807,
  "neutral_mean": 0.3294210731983185,
  "neutral_std": 0.36889320611953735,
  "neutral_median": 0.11419478803873062,
  "neutral_max": 0.9993374943733215,
  "surprise_mean": 0.023011045530438423,
  "surprise_std": 0.10414870828390121,
  "surprise_median": 0.0003424524620641023,
  "surprise_max": 0.9500616788864136,
  "processed_frames": 88.0,
  "video_name": "3.mp4"
}