{
  "facial_symmetry_mean": 0.9396337866783142,
  "facial_symmetry_std": 0.029257934540510178,
  "facial_symmetry_median": 0.9444467425346375,
  "facial_symmetry_max": 0.9962026476860046,
  "face_width_height_ratio_mean": 1.4917242527008057,
  "face_width_height_ratio_std": 0.0230804942548275,
  "face_width_height_ratio_median": 1.4858098030090332,
  "face_width_height_ratio_max": 1.614711880683899,
  "eye_spacing_ratio_mean": 0.6414632797241211,
  "eye_spacing_ratio_std": 0.011547050438821316,
  "eye_spacing_ratio_median": 0.6389659643173218,
  "eye_spacing_ratio_max": 0.6719298362731934,
  "jaw_ratio_mean": 0.812095046043396,
  "jaw_ratio_std": 0.005606025457382202,
  "jaw_ratio_median": 0.8121002912521362,
  "jaw_ratio_max": 0.8279792666435242,
  "smile_intensity_mean": 0.03224269673228264,
  "smile_intensity_std": 0.021599341183900833,
  "smile_intensity_median": 0.028309475630521774,
  "smile_intensity_max": 0.07953372597694397,
  "eye_contact_mean": 0.9848455190658569,
  "eye_contact_std": 0.011827154085040092,
  "eye_contact_median": 0.9868559241294861,
  "eye_contact_max": 0.9998990297317505,
  "eye_openness_mean": 0.8540271520614624,
  "eye_openness_std": 0.27918797731399536,
  "eye_openness_median": 1.0,
  "eye_openness_max": 1.0,
  "gaze_stability_mean": 0.9926692843437195,
  "gaze_stability_std": 0.006526283919811249,
  "gaze_stability_median": 0.9945029020309448,
  "gaze_stability_max": 1.0,
  "head_tilt_mean": 0.015910832211375237,
  "head_tilt_std": 0.006516363937407732,
  "head_tilt_median": 0.01674830913543701,
  "head_tilt_max": 0.035575032234191895,
  "expression_speed_mean": 0.0405823178589344,
  "expression_speed_std": 0.06575677543878555,
  "expression_speed_median": 0.02079862728714943,
  "expression_speed_max": 0.40763038396835327,
  "happy_mean": 0.05938063561916351,
  "happy_std": 0.08281790465116501,
  "happy_median": 0.02543415129184723,
  "happy_max": 0.3446102440357208,
  "neutral_mean": 0.7308207154273987,
  "neutral_std": 0.3096350431442261,
  "neutral_median": 0.8751115798950195,
  "neutral_max": 0.9774303436279297,
  "surprise_mean": 0.0007009911932982504,
  "surprise_std": 0.002607186557725072,
  "surprise_median": 7.573959010187536e-05,
  "surprise_max": 0.020965436473488808,
  "processed_frames": 67.0,
  "video_name": "4.mp4"
}