{
  "facial_symmetry_mean": 0.660183846950531,
  "facial_symmetry_std": 0.18219245970249176,
  "facial_symmetry_median": 0.7110233902931213,
  "facial_symmetry_max": 0.9996862411499023,
  "face_width_height_ratio_mean": 1.4381393194198608,
  "face_width_height_ratio_std": 0.09686829149723053,
  "face_width_height_ratio_median": 1.4613531827926636,
  "face_width_height_ratio_max": 1.7706100940704346,
  "eye_spacing_ratio_mean": 0.6416084170341492,
  "eye_spacing_ratio_std": 0.026294255629181862,
  "eye_spacing_ratio_median": 0.6361299157142639,
  "eye_spacing_ratio_max": 0.736596941947937,
  "jaw_ratio_mean": 0.7615640163421631,
  "jaw_ratio_std": 0.02242894098162651,
  "jaw_ratio_median": 0.7586163282394409,
  "jaw_ratio_max": 0.8170446753501892,
  "smile_intensity_mean": 0.14603739976882935,
  "smile_intensity_std": 0.10944252461194992,
  "smile_intensity_median": 0.1751217246055603,
  "smile_intensity_max": 0.3909696340560913,
  "eye_contact_mean": 0.898921012878418,
  "eye_contact_std": 0.05863881856203079,
  "eye_contact_median": 0.9182974100112915,
  "eye_contact_max": 0.9952751994132996,
  "eye_openness_mean": 0.9468095898628235,
  "eye_openness_std": 0.1200028583407402,
  "eye_openness_median": 1.0,
  "eye_openness_max": 1.0,
  "gaze_stability_mean": 0.9649064540863037,
  "gaze_stability_std": 0.05180145055055618,
  "gaze_stability_median": 0.9853261709213257,
  "gaze_stability_max": 1.0,
  "head_tilt_mean": 0.08134438097476959,
  "head_tilt_std": 0.07168233394622803,
  "head_tilt_median": 0.05009666085243225,
  "head_tilt_max": 0.2156144380569458,
  "expression_speed_mean": 0.10733985155820847,
  "expression_speed_std": 0.12879182398319244,
  "expression_speed_median": 0.05271502584218979,
  "expression_speed_max": 0.6259977221488953,
  "happy_mean": 0.22262990474700928,
  "happy_std": 0.34549427032470703,
  "happy_median": 0.0053388457745313644,
  "happy_max": 0.9999772310256958,
  "neutral_mean": 0.35389912128448486,
  "neutral_std": 0.40623563528060913,
  "neutral_median": 0.10246461629867554,
  "neutral_max": 0.9999976754188538,
  "surprise_mean": 0.014651019126176834,
  "surprise_std": 0.08260861784219742,
  "surprise_median": 3.7957994209136814e-05,
  "surprise_max": 0.8176175951957703,
  "processed_frames": 107.0,
  "video_name": "5.mp4"
}