{
  "facial_symmetry_mean": 0.9083701372146606,
  "facial_symmetry_std": 0.05360462889075279,
  "facial_symmetry_median": 0.915338397026062,
  "facial_symmetry_max": 0.9982209205627441,
  "face_width_height_ratio_mean": 0.610358715057373,
  "face_width_height_ratio_std": 0.039552610367536545,
  "face_width_height_ratio_median": 0.6178980469703674,
  "face_width_height_ratio_max": 0.727518618106842,
  "eye_spacing_ratio_mean": 0.6412574648857117,
  "eye_spacing_ratio_std": 0.026660842821002007,
  "eye_spacing_ratio_median": 0.640264630317688,
  "eye_spacing_ratio_max": 0.7626579403877258,
  "jaw_ratio_mean": 0.760107696056366,
  "jaw_ratio_std": 0.019810158759355545,
  "jaw_ratio_median": 0.7609449625015259,
  "jaw_ratio_max": 0.8413512706756592,
  "smile_intensity_mean": 0.18297642469406128,
  "smile_intensity_std": 0.21634085476398468,
  "smile_intensity_median": 0.041776299476623535,
  "smile_intensity_max": 0.6932923197746277,
  "eye_contact_mean": 0.9765231013298035,
  "eye_contact_std": 0.021612951532006264,
  "eye_contact_median": 0.9755335450172424,
  "eye_contact_max": 0.9999540448188782,
  "eye_openness_mean": 0.911955714225769,
  "eye_openness_std": 0.16400779783725739,
  "eye_openness_median": 1.0,
  "eye_openness_max": 1.0,
  "gaze_stability_mean": 0.9907532930374146,
  "gaze_stability_std": 0.01882559061050415,
  "gaze_stability_median": 0.9967786073684692,
  "gaze_stability_max": 1.0,
  "head_tilt_mean": 0.06601803749799728,
  "head_tilt_std": 0.033427126705646515,
  "head_tilt_median": 0.06903879344463348,
  "head_tilt_max": 0.19188672304153442,
  "expression_speed_mean": 0.12824438512325287,
  "expression_speed_std": 0.19037175178527832,
  "expression_speed_median": 0.03962761163711548,
  "expression_speed_max": 0.8561174273490906,
  "happy_mean": 0.0718429833650589,
  "happy_std": 0.21268917620182037,
  "happy_median": 0.0004593779449351132,
  "happy_max": 0.99235999584198,
  "neutral_mean": 0.44842180609703064,
  "neutral_std": 0.40494227409362793,
  "neutral_median": 0.40946751832962036,
  "neutral_max": 0.9999155402183533,
  "surprise_mean": 0.023676233366131783,
  "surprise_std": 0.07790243625640869,
  "surprise_median": 0.0002874082128982991,
  "surprise_max": 0.46920034289360046,
  "processed_frames": 118.0,
  "video_name": "6.mp4"
}