{
  "facial_symmetry_mean": 0.8269541263580322,
  "facial_symmetry_std": 0.12946684658527374,
  "facial_symmetry_median": 0.899770200252533,
  "facial_symmetry_max": 0.9690749645233154,
  "face_width_height_ratio_mean": 1.3866838216781616,
  "face_width_height_ratio_std": 0.2748437821865082,
  "face_width_height_ratio_median": 1.5683561563491821,
  "face_width_height_ratio_max": 1.6807934045791626,
  "eye_spacing_ratio_mean": 0.613513171672821,
  "eye_spacing_ratio_std": 0.024535901844501495,
  "eye_spacing_ratio_median": 0.620278537273407,
  "eye_spacing_ratio_max": 0.6495095491409302,
  "jaw_ratio_mean": 0.7918016910552979,
  "jaw_ratio_std": 0.0308039803057909,
  "jaw_ratio_median": 0.7752760052680969,
  "jaw_ratio_max": 0.8845273852348328,
  "smile_intensity_mean": 0.20259958505630493,
  "smile_intensity_std": 0.2224271297454834,
  "smile_intensity_median": 0.01170624140650034,
  "smile_intensity_max": 0.5192390084266663,
  "eye_contact_mean": 0.9539933800697327,
  "eye_contact_std": 0.02973807044327259,
  "eye_contact_median": 0.9617687463760376,
  "eye_contact_max": 0.9975271821022034,
  "eye_openness_mean": 0.7843571305274963,
  "eye_openness_std": 0.06042755767703056,
  "eye_openness_median": 0.8016467094421387,
  "eye_openness_max": 0.8822301030158997,
  "gaze_stability_mean": 0.9872397780418396,
  "gaze_stability_std": 0.021287046372890472,
  "gaze_stability_median": 0.9955612421035767,
  "gaze_stability_max": 1.0,
  "head_tilt_mean": 0.15534541010856628,
  "head_tilt_std": 0.11200538277626038,
  "head_tilt_median": 0.07688671350479126,
  "head_tilt_max": 0.3276433050632477,
  "expression_speed_mean": 0.06168975681066513,
  "expression_speed_std": 0.10061218589544296,
  "expression_speed_median": 0.025015268474817276,
  "expression_speed_max": 0.4599074423313141,
  "happy_mean": 0.20316725969314575,
  "happy_std": 0.34677696228027344,
  "happy_median": 0.03213031217455864,
  "happy_max": 0.999874472618103,
  "neutral_mean": 0.48540565371513367,
  "neutral_std": 0.4178663194179535,
  "neutral_median": 0.7475079298019409,
  "neutral_max": 0.9602941274642944,
  "surprise_mean": 0.04953823238611221,
  "surprise_std": 0.2128022164106369,
  "surprise_median": 8.280626207124442e-05,
  "surprise_max": 0.998038649559021,
  "processed_frames": 59.0,
  "video_name": "7.mp4"
}