{
  "expression_speed_max": 0.6907284217221397,
  "expression_speed_mean": 0.10159697223986898,
  "expression_speed_median": 0.0430937193866287,
  "expression_speed_std": 0.1391355927501406,
  "eye_contact_max": 0.9937524625233242,
  "eye_contact_mean": 0.938633212021419,
  "eye_contact_median": 0.942296428339822,
  "eye_contact_std": 0.0358591124947582,
  "eye_openness_max": 0.9831757290022713,
  "eye_openness_mean": 0.8739975690841675,
  "eye_openness_median": 0.96287887437003,
  "eye_openness_std": 0.17731628088014467,
  "eye_spacing_ratio_max": 0.6988155671528408,
  "eye_spacing_ratio_mean": 0.6310178211757115,
  "eye_spacing_ratio_median": 0.6329792141914368,
  "eye_spacing_ratio_std": 0.026691638066300323,
  "face_width_height_ratio_max": 1.478291588170188,
  "face_width_height_ratio_mean": 1.2076402647154671,
  "face_width_height_ratio_median": 1.2613662481307983,
  "face_width_height_ratio_std": 0.1335823621068682,
  "facial_symmetry_max": 0.9875452773911613,
  "facial_symmetry_mean": 0.8136617796761649,
  "facial_symmetry_median": 0.8248422912188939,
  "facial_symmetry_std": 0.10686975930418287,
  "gaze_stability_max": 1.0,
  "gaze_stability_mean": 0.9841651150158474,
  "gaze_stability_median": 0.9926630088261196,
  "gaze_stability_std": 0.023865071524466788,
  "happy_max": 0.9051050160612378,
  "happy_mean": 0.13247711317879812,
  "happy_median": 0.009394390587528636,
  "happy_std": 0.26129064708948135,
  "head_tilt_max": 0.212750072990145,
  "head_tilt_mean": 0.08365907812757152,
  "head_tilt_median": 0.06199016102722713,
  "head_tilt_std": 0.05906653304451278,
  "jaw_ratio_max": 0.8363476821354457,
  "jaw_ratio_mean": 0.778242460318974,
  "jaw_ratio_median": 0.7737051163400922,
  "jaw_ratio_std": 0.02036712478314127,
  "neutral_max": 0.9906535744667053,
  "neutral_mean": 0.41119362839630674,
  "neutral_median": 0.3345854548471315,
  "neutral_std": 0.3753678670951298,
  "processed_frames": 109.42857142857143,
  "smile_intensity_max": 0.5082042813301086,
  "smile_intensity_mean": 0.15136865047471865,
  "smile_intensity_median": 0.08602344311241593,
  "smile_intensity_std": 0.15191940803612983,
  "surprise_max": 0.66452957184187,
  "surprise_mean": 0.019797355676668564,
  "surprise_median": 0.00011892716969441608,
  "surprise_std": 0.08767149986566178,
  "video_count": 7.0,
  "valid_video_count": 7.0,
  "valid_video_ratio": 1.0,
  "total_processed_frames": 766.0,
  "avg_processed_frames": 109.42857142857143,
  "quality_score": 0.8918095238095238,
  "person_name": "Lưu Thi Thi"
}