{
  "facial_symmetry_mean": 0.9666703939437866,
  "facial_symmetry_std": 0.03824138641357422,
  "facial_symmetry_median": 0.9734593629837036,
  "facial_symmetry_max": 0.9989926218986511,
  "face_width_height_ratio_mean": 1.3481197357177734,
  "face_width_height_ratio_std": 0.07571878284215927,
  "face_width_height_ratio_median": 1.3483599424362183,
  "face_width_height_ratio_max": 1.5026166439056396,
  "eye_spacing_ratio_mean": 0.6945621967315674,
  "eye_spacing_ratio_std": 0.0132430549710989,
  "eye_spacing_ratio_median": 0.6940881609916687,
  "eye_spacing_ratio_max": 0.7444058656692505,
  "jaw_ratio_mean": 0.7777504324913025,
  "jaw_ratio_std": 0.013923984952270985,
  "jaw_ratio_median": 0.7754337191581726,
  "jaw_ratio_max": 0.8134217858314514,
  "smile_intensity_mean": 0.1054212898015976,
  "smile_intensity_std": 0.13828898966312408,
  "smile_intensity_median": 0.02903618849813938,
  "smile_intensity_max": 0.4837951958179474,
  "eye_contact_mean": 0.9904144406318665,
  "eye_contact_std": 0.0187844205647707,
  "eye_contact_median": 0.9948155879974365,
  "eye_contact_max": 0.9999761581420898,
  "eye_openness_mean": 0.6769160628318787,
  "eye_openness_std": 0.1517341434955597,
  "eye_openness_median": 0.6531109809875488,
  "eye_openness_max": 1.0,
  "gaze_stability_mean": 0.9908947348594666,
  "gaze_stability_std": 0.022840093821287155,
  "gaze_stability_median": 0.9968992471694946,
  "gaze_stability_max": 1.0,
  "head_tilt_mean": 0.1320900171995163,
  "head_tilt_std": 0.054447371512651443,
  "head_tilt_median": 0.14405786991119385,
  "head_tilt_max": 0.22922620177268982,
  "expression_speed_mean": 0.1348191797733307,
  "expression_speed_std": 0.12743183970451355,
  "expression_speed_median": 0.08071532845497131,
  "expression_speed_max": 0.49768364429473877,
  "happy_mean": 0.18434327840805054,
  "happy_std": 0.34207990765571594,
  "happy_median": 0.0027768092695623636,
  "happy_max": 0.9946568012237549,
  "neutral_mean": 0.17827557027339935,
  "neutral_std": 0.2847548723220825,
  "neutral_median": 0.0247288066893816,
  "neutral_max": 0.9772119522094727,
  "surprise_mean": 0.0005019018426537514,
  "surprise_std": 0.0035446141846477985,
  "surprise_median": 5.273229362501297e-06,
  "surprise_max": 0.028805861249566078,
  "processed_frames": 65.0,
  "video_name": "3.mp4"
}