{
  "facial_symmetry_mean": 0.9289769530296326,
  "facial_symmetry_std": 0.03730613738298416,
  "facial_symmetry_median": 0.9310359358787537,
  "facial_symmetry_max": 0.9958177208900452,
  "face_width_height_ratio_mean": 1.3282700777053833,
  "face_width_height_ratio_std": 0.14498718082904816,
  "face_width_height_ratio_median": 1.37419593334198,
  "face_width_height_ratio_max": 1.5154492855072021,
  "eye_spacing_ratio_mean": 0.6956032514572144,
  "eye_spacing_ratio_std": 0.02007490023970604,
  "eye_spacing_ratio_median": 0.6970558166503906,
  "eye_spacing_ratio_max": 0.735501229763031,
  "jaw_ratio_mean": 0.757494330406189,
  "jaw_ratio_std": 0.020815150812268257,
  "jaw_ratio_median": 0.7556549310684204,
  "jaw_ratio_max": 0.8443797826766968,
  "smile_intensity_mean": 0.221699520945549,
  "smile_intensity_std": 0.15808218717575073,
  "smile_intensity_median": 0.24321572482585907,
  "smile_intensity_max": 0.8011823296546936,
  "eye_contact_mean": 0.9922606945037842,
  "eye_contact_std": 0.009511956945061684,
  "eye_contact_median": 0.9950079917907715,
  "eye_contact_max": 0.9999365210533142,
  "eye_openness_mean": 0.6132662892341614,
  "eye_openness_std": 0.16758574545383453,
  "eye_openness_median": 0.6628556251525879,
  "eye_openness_max": 0.8486809730529785,
  "gaze_stability_mean": 0.9931716322898865,
  "gaze_stability_std": 0.01011313870549202,
  "gaze_stability_median": 0.9960527420043945,
  "gaze_stability_max": 1.0,
  "head_tilt_mean": 0.0888347253203392,
  "head_tilt_std": 0.06991281360387802,
  "head_tilt_median": 0.0754152238368988,
  "head_tilt_max": 0.31803011894226074,
  "expression_speed_mean": 0.1867895871400833,
  "expression_speed_std": 0.1668626368045807,
  "expression_speed_median": 0.13416056334972382,
  "expression_speed_max": 0.7753048539161682,
  "happy_mean": 0.0872986763715744,
  "happy_std": 0.21951249241828918,
  "happy_median": 0.0013572114985436201,
  "happy_max": 0.9998689293861389,
  "neutral_mean": 0.5273073315620422,
  "neutral_std": 0.3970446288585663,
  "neutral_median": 0.5623452067375183,
  "neutral_max": 0.9985492825508118,
  "surprise_mean": 0.16106367111206055,
  "surprise_std": 0.2840639650821686,
  "surprise_median": 0.0023399859201163054,
  "surprise_max": 0.9955475330352783,
  "processed_frames": 119.0,
  "video_name": "4.mp4"
}