{
  "facial_symmetry_mean": 0.7915762066841125,
  "facial_symmetry_std": 0.05053151026368141,
  "facial_symmetry_median": 0.7998636364936829,
  "facial_symmetry_max": 0.9276004433631897,
  "face_width_height_ratio_mean": 1.33717942237854,
  "face_width_height_ratio_std": 0.14846456050872803,
  "face_width_height_ratio_median": 1.371545672416687,
  "face_width_height_ratio_max": 1.5321002006530762,
  "eye_spacing_ratio_mean": 0.6999052166938782,
  "eye_spacing_ratio_std": 0.033174771815538406,
  "eye_spacing_ratio_median": 0.6935204863548279,
  "eye_spacing_ratio_max": 0.7622976899147034,
  "jaw_ratio_mean": 0.7456441521644592,
  "jaw_ratio_std": 0.020205026492476463,
  "jaw_ratio_median": 0.7428690195083618,
  "jaw_ratio_max": 0.7945511341094971,
  "smile_intensity_mean": 0.05967547744512558,
  "smile_intensity_std": 0.0761188268661499,
  "smile_intensity_median": 0.022432949393987656,
  "smile_intensity_max": 0.2710708975791931,
  "eye_contact_mean": 0.9633755087852478,
  "eye_contact_std": 0.04042300581932068,
  "eye_contact_median": 0.9762126207351685,
  "eye_contact_max": 0.9991108179092407,
  "eye_openness_mean": 0.9819901585578918,
  "eye_openness_std": 0.07837449759244919,
  "eye_openness_median": 1.0,
  "eye_openness_max": 1.0,
  "gaze_stability_mean": 0.9811973571777344,
  "gaze_stability_std": 0.027274176478385925,
  "gaze_stability_median": 0.9914136528968811,
  "gaze_stability_max": 1.0,
  "head_tilt_mean": 0.1821388453245163,
  "head_tilt_std": 0.17029419541358948,
  "head_tilt_median": 0.11217981576919556,
  "head_tilt_max": 0.6056458353996277,
  "expression_speed_mean": 0.10035525262355804,
  "expression_speed_std": 0.10786203294992447,
  "expression_speed_median": 0.0510207936167717,
  "expression_speed_max": 0.46768906712532043,
  "happy_mean": 0.39250844717025757,
  "happy_std": 0.37327876687049866,
  "happy_median": 0.2858552634716034,
  "happy_max": 0.9999995231628418,
  "neutral_mean": 0.3371013104915619,
  "neutral_std": 0.32299068570137024,
  "neutral_median": 0.2487671971321106,
  "neutral_max": 0.9915153384208679,
  "surprise_mean": 0.017215006053447723,
  "surprise_std": 0.039218537509441376,
  "surprise_median": 0.0019227032316848636,
  "surprise_max": 0.24016094207763672,
  "processed_frames": 45.0,
  "video_name": "5.mp4"
}