{
  "facial_symmetry_mean": 0.8611805438995361,
  "facial_symmetry_std": 0.11257948726415634,
  "facial_symmetry_median": 0.9115009903907776,
  "facial_symmetry_max": 0.9774313569068909,
  "face_width_height_ratio_mean": 1.3890482187271118,
  "face_width_height_ratio_std": 0.14767593145370483,
  "face_width_height_ratio_median": 1.419321060180664,
  "face_width_height_ratio_max": 1.9573339223861694,
  "eye_spacing_ratio_mean": 0.658754825592041,
  "eye_spacing_ratio_std": 0.03242267295718193,
  "eye_spacing_ratio_median": 0.6669151782989502,
  "eye_spacing_ratio_max": 0.7298922538757324,
  "jaw_ratio_mean": 0.7885201573371887,
  "jaw_ratio_std": 0.02045506238937378,
  "jaw_ratio_median": 0.7840870022773743,
  "jaw_ratio_max": 0.8967701196670532,
  "smile_intensity_mean": 0.10839948803186417,
  "smile_intensity_std": 0.16280561685562134,
  "smile_intensity_median": 0.02446204423904419,
  "smile_intensity_max": 0.6125874519348145,
  "eye_contact_mean": 0.9597367644309998,
  "eye_contact_std": 0.0375412292778492,
  "eye_contact_median": 0.9710834622383118,
  "eye_contact_max": 0.999726414680481,
  "eye_openness_mean": 0.7258368730545044,
  "eye_openness_std": 0.2360154539346695,
  "eye_openness_median": 0.7134296298027039,
  "eye_openness_max": 1.0,
  "gaze_stability_mean": 0.9899689555168152,
  "gaze_stability_std": 0.01295743603259325,
  "gaze_stability_median": 0.9946861863136292,
  "gaze_stability_max": 1.0,
  "head_tilt_mean": 0.07161328196525574,
  "head_tilt_std": 0.0359969288110733,
  "head_tilt_median": 0.057442039251327515,
  "head_tilt_max": 0.14710329473018646,
  "expression_speed_mean": 0.1300545632839203,
  "expression_speed_std": 0.18155500292778015,
  "expression_speed_median": 0.03396039456129074,
  "expression_speed_max": 0.7781572341918945,
  "happy_mean": 0.08305418491363525,
  "happy_std": 0.24434588849544525,
  "happy_median": 0.0005481620319187641,
  "happy_max": 0.9844428896903992,
  "neutral_mean": 0.591871440410614,
  "neutral_std": 0.4429621994495392,
  "neutral_median": 0.8274661898612976,
  "neutral_max": 0.9994266033172607,
  "surprise_mean": 0.031909581273794174,
  "surprise_std": 0.09731694310903549,
  "surprise_median": 9.902083547785878e-06,
  "surprise_max": 0.3732185661792755,
  "processed_frames": 81.0,
  "video_name": "6.mp4"
}