{
  "expression_speed_max": 0.7127918849388758,
  "expression_speed_mean": 0.17272634307543436,
  "expression_speed_median": 0.11373186359802882,
  "expression_speed_std": 0.15348965053757033,
  "eye_contact_max": 0.9997455974419912,
  "eye_contact_mean": 0.9742481509844462,
  "eye_contact_median": 0.9813925524552664,
  "eye_contact_std": 0.02616844419389963,
  "eye_openness_max": 0.9693877895673116,
  "eye_openness_mean": 0.6984101037184397,
  "eye_openness_median": 0.6878471324841181,
  "eye_openness_std": 0.17912067100405693,
  "eye_spacing_ratio_max": 0.7453870475292206,
  "eye_spacing_ratio_mean": 0.6805407504240671,
  "eye_spacing_ratio_median": 0.6815190215905508,
  "eye_spacing_ratio_std": 0.026369284838438034,
  "face_width_height_ratio_max": 1.5787405172983806,
  "face_width_height_ratio_mean": 1.2839583158493042,
  "face_width_height_ratio_median": 1.305514395236969,
  "face_width_height_ratio_std": 0.1317089063425859,
  "facial_symmetry_max": 0.9831425646940867,
  "facial_symmetry_mean": 0.8955321808656057,
  "facial_symmetry_median": 0.9081626534461975,
  "facial_symmetry_std": 0.05784011942644914,
  "gaze_stability_max": 1.0,
  "gaze_stability_mean": 0.9869410395622253,
  "gaze_stability_median": 0.9932098388671875,
  "gaze_stability_std": 0.019837073516100645,
  "happy_max": 0.9964201748371124,
  "happy_mean": 0.2161165028810501,
  "happy_median": 0.060964243835769594,
  "happy_std": 0.3290781155228615,
  "head_tilt_max": 0.3613899076978366,
  "head_tilt_mean": 0.11609115824103355,
  "head_tilt_median": 0.0929323894282182,
  "head_tilt_std": 0.0900713037699461,
  "jaw_ratio_max": 0.85597891608874,
  "jaw_ratio_mean": 0.7729160586992899,
  "jaw_ratio_median": 0.7697455088297526,
  "jaw_ratio_std": 0.022396943376710016,
  "neutral_max": 0.9919502635796865,
  "neutral_mean": 0.3959502751628558,
  "neutral_median": 0.3549351030960679,
  "neutral_std": 0.3646436283985774,
  "processed_frames": 83.0,
  "smile_intensity_max": 0.6137580424547195,
  "smile_intensity_mean": 0.14917335659265518,
  "smile_intensity_median": 0.09983302249262731,
  "smile_intensity_std": 0.14704639464616776,
  "surprise_max": 0.6053520406906804,
  "surprise_mean": 0.055748018280913435,
  "surprise_median": 0.0007592168581140868,
  "surprise_std": 0.14256881681891778,
  "video_count": 6.0,
  "valid_video_count": 6.0,
  "valid_video_ratio": 1.0,
  "total_processed_frames": 498.0,
  "avg_processed_frames": 83.0,
  "quality_score": 0.8213333333333334,
  "person_name": "Choi Ji Woo"
}