{
  "facial_symmetry_mean": 0.9419797658920288,
  "facial_symmetry_std": 0.04169280454516411,
  "facial_symmetry_median": 0.9560583233833313,
  "facial_symmetry_max": 0.9971740245819092,
  "face_width_height_ratio_mean": 0.4715055227279663,
  "face_width_height_ratio_std": 0.0620541013777256,
  "face_width_height_ratio_median": 0.46018269658088684,
  "face_width_height_ratio_max": 0.6870132684707642,
  "eye_spacing_ratio_mean": 0.6467622518539429,
  "eye_spacing_ratio_std": 0.03050904907286167,
  "eye_spacing_ratio_median": 0.6554499268531799,
  "eye_spacing_ratio_max": 0.7106731534004211,
  "jaw_ratio_mean": 0.7783313989639282,
  "jaw_ratio_std": 0.022170841693878174,
  "jaw_ratio_median": 0.7773022651672363,
  "jaw_ratio_max": 0.8531588315963745,
  "smile_intensity_mean": 0.3663552701473236,
  "smile_intensity_std": 0.371987909078598,
  "smile_intensity_median": 0.19634835422039032,
  "smile_intensity_max": 1.0,
  "eye_contact_mean": 0.9771831631660461,
  "eye_contact_std": 0.014324342831969261,
  "eye_contact_median": 0.9785916805267334,
  "eye_contact_max": 0.9999808669090271,
  "eye_openness_mean": 0.7323142290115356,
  "eye_openness_std": 0.2821331024169922,
  "eye_openness_median": 0.8639256358146667,
  "eye_openness_max": 1.0,
  "gaze_stability_mean": 0.9940577745437622,
  "gaze_stability_std": 0.008469094522297382,
  "gaze_stability_median": 0.9971041083335876,
  "gaze_stability_max": 1.0,
  "head_tilt_mean": 0.1166267842054367,
  "head_tilt_std": 0.14694759249687195,
  "head_tilt_median": 0.07025882601737976,
  "head_tilt_max": 0.5220311880111694,
  "expression_speed_mean": 0.21040724217891693,
  "expression_speed_std": 0.2681869864463806,
  "expression_speed_median": 0.09514371305704117,
  "expression_speed_max": 1.0,
  "happy_mean": 0.15221314132213593,
  "happy_std": 0.33808717131614685,
  "happy_median": 0.0003915216075256467,
  "happy_max": 0.9999989867210388,
  "neutral_mean": 0.33884504437446594,
  "neutral_std": 0.3625747263431549,
  "neutral_median": 0.20296108722686768,
  "neutral_max": 0.9973966479301453,
  "surprise_mean": 0.08061707019805908,
  "surprise_std": 0.2407359629869461,
  "surprise_median": 6.089234375394881e-05,
  "surprise_max": 0.9789389371871948,
  "processed_frames": 93.0,
  "video_name": "1.mp4"
}