{
  "facial_symmetry_mean": 0.8083205819129944,
  "facial_symmetry_std": 0.10091593861579895,
  "facial_symmetry_median": 0.8005368113517761,
  "facial_symmetry_max": 0.9525477886199951,
  "face_width_height_ratio_mean": 0.5777378082275391,
  "face_width_height_ratio_std": 0.07749496400356293,
  "face_width_height_ratio_median": 0.5875328779220581,
  "face_width_height_ratio_max": 0.7234419584274292,
  "eye_spacing_ratio_mean": 0.6307593584060669,
  "eye_spacing_ratio_std": 0.03336961939930916,
  "eye_spacing_ratio_median": 0.631308376789093,
  "eye_spacing_ratio_max": 0.7044236063957214,
  "jaw_ratio_mean": 0.7898553609848022,
  "jaw_ratio_std": 0.019115520641207695,
  "jaw_ratio_median": 0.787929892539978,
  "jaw_ratio_max": 0.8373569846153259,
  "smile_intensity_mean": 0.18420517444610596,
  "smile_intensity_std": 0.2659226655960083,
  "smile_intensity_median": 0.032519787549972534,
  "smile_intensity_max": 0.9959362149238586,
  "eye_contact_mean": 0.9452588558197021,
  "eye_contact_std": 0.04200544208288193,
  "eye_contact_median": 0.9475844502449036,
  "eye_contact_max": 0.9997065663337708,
  "eye_openness_mean": 0.9365212321281433,
  "eye_openness_std": 0.14387601613998413,
  "eye_openness_median": 1.0,
  "eye_openness_max": 1.0,
  "gaze_stability_mean": 0.979505717754364,
  "gaze_stability_std": 0.030052104964852333,
  "gaze_stability_median": 0.9920316338539124,
  "gaze_stability_max": 1.0,
  "head_tilt_mean": 0.314262330532074,
  "head_tilt_std": 0.3281003534793854,
  "head_tilt_median": 0.1245744526386261,
  "head_tilt_max": 0.922325849533081,
  "expression_speed_mean": 0.14849235117435455,
  "expression_speed_std": 0.23489594459533691,
  "expression_speed_median": 0.043901022523641586,
  "expression_speed_max": 0.9890465140342712,
  "happy_mean": 0.10300350189208984,
  "happy_std": 0.25677427649497986,
  "happy_median": 0.0011371057480573654,
  "happy_max": 0.9867339134216309,
  "neutral_mean": 0.17923863232135773,
  "neutral_std": 0.33123964071273804,
  "neutral_median": 0.002181045478209853,
  "neutral_max": 0.9977356791496277,
  "surprise_mean": 0.03616372495889664,
  "surprise_std": 0.10966318845748901,
  "surprise_median": 6.293343903962523e-05,
  "surprise_max": 0.6622614860534668,
  "processed_frames": 53.0,
  "video_name": "4.mp4"
}