{
  "expression_speed_max": 0.9311072031656901,
  "expression_speed_mean": 0.15741047884027162,
  "expression_speed_median": 0.06255017593502998,
  "expression_speed_std": 0.21721550325552622,
  "eye_contact_max": 0.999818742275238,
  "eye_contact_mean": 0.9612801671028137,
  "eye_contact_median": 0.9674210747083029,
  "eye_contact_std": 0.030142030368248623,
  "eye_openness_max": 1.0,
  "eye_openness_mean": 0.784431924422582,
  "eye_openness_median": 0.8688771724700928,
  "eye_openness_std": 0.24276220301787058,
  "eye_spacing_ratio_max": 0.7205755412578583,
  "eye_spacing_ratio_mean": 0.6416351497173309,
  "eye_spacing_ratio_median": 0.6432615419228872,
  "eye_spacing_ratio_std": 0.03134172627081474,
  "face_width_height_ratio_max": 0.8847267329692841,
  "face_width_height_ratio_mean": 0.6692727655172348,
  "face_width_height_ratio_median": 0.6946780532598495,
  "face_width_height_ratio_std": 0.08599538542330265,
  "facial_symmetry_max": 0.9862691263357798,
  "facial_symmetry_mean": 0.8632501562436422,
  "facial_symmetry_median": 0.8803597589333853,
  "facial_symmetry_std": 0.08833619207143784,
  "gaze_stability_max": 1.0,
  "gaze_stability_mean": 0.9881845315297445,
  "gaze_stability_median": 0.9948710004488627,
  "gaze_stability_std": 0.018545188164959352,
  "happy_max": 0.9934061865011851,
  "happy_mean": 0.11560453039904435,
  "happy_median": 0.0006852656903599078,
  "happy_std": 0.27222493290901184,
  "head_tilt_max": 0.6300568530956904,
  "head_tilt_mean": 0.17065904413660368,
  "head_tilt_median": 0.10571535180012386,
  "head_tilt_std": 0.1777170586089293,
  "jaw_ratio_max": 0.849425752957662,
  "jaw_ratio_mean": 0.7788362403710684,
  "jaw_ratio_median": 0.7776560584704081,
  "jaw_ratio_std": 0.020665983048578102,
  "neutral_max": 0.9957324067751566,
  "neutral_mean": 0.32535310337940854,
  "neutral_median": 0.1941390831877167,
  "neutral_std": 0.3588930517435074,
  "processed_frames": 143.83333333333334,
  "smile_intensity_max": 0.8905694385369619,
  "smile_intensity_mean": 0.23203266225755215,
  "smile_intensity_median": 0.08212060512353976,
  "smile_intensity_std": 0.2838027166823546,
  "surprise_max": 0.6569547485560179,
  "surprise_mean": 0.026658785422720637,
  "surprise_median": 4.441995906745433e-05,
  "surprise_std": 0.0990502613907059,
  "video_count": 6.0,
  "valid_video_count": 6.0,
  "valid_video_ratio": 1.0,
  "total_processed_frames": 863.0,
  "avg_processed_frames": 143.83333333333334,
  "quality_score": 0.9835555555555555,
  "person_name": "Miyazawa Rie"
}