{
  "facial_symmetry_mean": 0.922579288482666,
  "facial_symmetry_std": 0.06692680716514587,
  "facial_symmetry_median": 0.9381309747695923,
  "facial_symmetry_max": 0.9968844056129456,
  "face_width_height_ratio_mean": 0.6203511953353882,
  "face_width_height_ratio_std": 0.04792160168290138,
  "face_width_height_ratio_median": 0.614838719367981,
  "face_width_height_ratio_max": 0.8206420540809631,
  "eye_spacing_ratio_mean": 0.6605053544044495,
  "eye_spacing_ratio_std": 0.017914146184921265,
  "eye_spacing_ratio_median": 0.6597683429718018,
  "eye_spacing_ratio_max": 0.729587972164154,
  "jaw_ratio_mean": 0.758259117603302,
  "jaw_ratio_std": 0.022051412612199783,
  "jaw_ratio_median": 0.7596223950386047,
  "jaw_ratio_max": 0.8269072771072388,
  "smile_intensity_mean": 0.14810477197170258,
  "smile_intensity_std": 0.2474641501903534,
  "smile_intensity_median": 0.025855960324406624,
  "smile_intensity_max": 1.0,
  "eye_contact_mean": 0.9790000319480896,
  "eye_contact_std": 0.022814830765128136,
  "eye_contact_median": 0.9898095726966858,
  "eye_contact_max": 0.9997528791427612,
  "eye_openness_mean": 0.9299951791763306,
  "eye_openness_std": 0.16918540000915527,
  "eye_openness_median": 1.0,
  "eye_openness_max": 1.0,
  "gaze_stability_mean": 0.9921696782112122,
  "gaze_stability_std": 0.01143250335007906,
  "gaze_stability_median": 0.9969266653060913,
  "gaze_stability_max": 1.0,
  "head_tilt_mean": 0.08411060273647308,
  "head_tilt_std": 0.07122977077960968,
  "head_tilt_median": 0.0681169331073761,
  "head_tilt_max": 0.40420058369636536,
  "expression_speed_mean": 0.14370177686214447,
  "expression_speed_std": 0.20688512921333313,
  "expression_speed_median": 0.03465546667575836,
  "expression_speed_max": 1.0,
  "happy_mean": 0.011858509853482246,
  "happy_std": 0.03495880588889122,
  "happy_median": 5.021717515774071e-05,
  "happy_max": 0.19796204566955566,
  "neutral_mean": 0.4009737968444824,
  "neutral_std": 0.3755638897418976,
  "neutral_median": 0.31842780113220215,
  "neutral_max": 0.9990853071212769,
  "surprise_mean": 0.007404021918773651,
  "surprise_std": 0.03749625012278557,
  "surprise_median": 3.145381197100505e-05,
  "surprise_max": 0.3800475001335144,
  "processed_frames": 106.0,
  "video_name": "1 (2).mp4"
}