{
  "facial_symmetry_mean": 0.9307025074958801,
  "facial_symmetry_std": 0.049703724682331085,
  "facial_symmetry_median": 0.9386895895004272,
  "facial_symmetry_max": 0.9999994039535522,
  "face_width_height_ratio_mean": 0.6022320985794067,
  "face_width_height_ratio_std": 0.05043084919452667,
  "face_width_height_ratio_median": 0.6154540181159973,
  "face_width_height_ratio_max": 0.7240085005760193,
  "eye_spacing_ratio_mean": 0.6367544531822205,
  "eye_spacing_ratio_std": 0.021966304630041122,
  "eye_spacing_ratio_median": 0.639035701751709,
  "eye_spacing_ratio_max": 0.6692080497741699,
  "jaw_ratio_mean": 0.7865918278694153,
  "jaw_ratio_std": 0.01935409940779209,
  "jaw_ratio_median": 0.7833545207977295,
  "jaw_ratio_max": 0.825569212436676,
  "smile_intensity_mean": 0.30669042468070984,
  "smile_intensity_std": 0.24678927659988403,
  "smile_intensity_median": 0.36901700496673584,
  "smile_intensity_max": 1.0,
  "eye_contact_mean": 0.9627617001533508,
  "eye_contact_std": 0.02836654707789421,
  "eye_contact_median": 0.9681981205940247,
  "eye_contact_max": 0.9997609853744507,
  "eye_openness_mean": 0.806685745716095,
  "eye_openness_std": 0.2733110785484314,
  "eye_openness_median": 0.9759916067123413,
  "eye_openness_max": 1.0,
  "gaze_stability_mean": 0.9892506003379822,
  "gaze_stability_std": 0.015712551772594452,
  "gaze_stability_median": 0.9960130453109741,
  "gaze_stability_max": 1.0,
  "head_tilt_mean": 0.07024235278367996,
  "head_tilt_std": 0.045221175998449326,
  "head_tilt_median": 0.05935154855251312,
  "head_tilt_max": 0.23852184414863586,
  "expression_speed_mean": 0.2572629451751709,
  "expression_speed_std": 0.2920370101928711,
  "expression_speed_median": 0.08353278785943985,
  "expression_speed_max": 0.9194111227989197,
  "happy_mean": 0.06168103218078613,
  "happy_std": 0.20096011459827423,
  "happy_median": 0.0006496626301668584,
  "happy_max": 0.9999820590019226,
  "neutral_mean": 0.32887738943099976,
  "neutral_std": 0.3799883723258972,
  "neutral_median": 0.10606376826763153,
  "neutral_max": 0.9977988004684448,
  "surprise_mean": 0.021007375791668892,
  "surprise_std": 0.06215227022767067,
  "surprise_median": 0.00032157287932932377,
  "surprise_max": 0.28630316257476807,
  "processed_frames": 56.0,
  "video_name": "1 (4).mp4"
}