{
  "facial_symmetry_mean": 0.882258951663971,
  "facial_symmetry_std": 0.06635625660419464,
  "facial_symmetry_median": 0.87368243932724,
  "facial_symmetry_max": 0.9879095554351807,
  "face_width_height_ratio_mean": 0.7855902910232544,
  "face_width_height_ratio_std": 0.11740148812532425,
  "face_width_height_ratio_median": 0.8111803531646729,
  "face_width_height_ratio_max": 0.9328673481941223,
  "eye_spacing_ratio_mean": 0.6308498978614807,
  "eye_spacing_ratio_std": 0.02714475616812706,
  "eye_spacing_ratio_median": 0.6361960172653198,
  "eye_spacing_ratio_max": 0.6651732325553894,
  "jaw_ratio_mean": 0.7866663932800293,
  "jaw_ratio_std": 0.03008716180920601,
  "jaw_ratio_median": 0.7797932028770447,
  "jaw_ratio_max": 0.84123694896698,
  "smile_intensity_mean": 0.11453791707754135,
  "smile_intensity_std": 0.21453005075454712,
  "smile_intensity_median": 0.012164071202278137,
  "smile_intensity_max": 1.0,
  "eye_contact_mean": 0.968067467212677,
  "eye_contact_std": 0.029178043827414513,
  "eye_contact_median": 0.9740961790084839,
  "eye_contact_max": 0.9995248317718506,
  "eye_openness_mean": 0.8653659224510193,
  "eye_openness_std": 0.21535687148571014,
  "eye_openness_median": 0.9997065663337708,
  "eye_openness_max": 1.0,
  "gaze_stability_mean": 0.9877380132675171,
  "gaze_stability_std": 0.01915089599788189,
  "gaze_stability_median": 0.9956817626953125,
  "gaze_stability_max": 1.0,
  "head_tilt_mean": 0.09299109876155853,
  "head_tilt_std": 0.07224703580141068,
  "head_tilt_median": 0.08635610342025757,
  "head_tilt_max": 0.2334408462047577,
  "expression_speed_mean": 0.16601844131946564,
  "expression_speed_std": 0.23459622263908386,
  "expression_speed_median": 0.03847716003656387,
  "expression_speed_max": 1.0,
  "happy_mean": 0.049894124269485474,
  "happy_std": 0.16491030156612396,
  "happy_median": 0.00026668462669476867,
  "happy_max": 0.9637531638145447,
  "neutral_mean": 0.2263704389333725,
  "neutral_std": 0.27087679505348206,
  "neutral_median": 0.10663822293281555,
  "neutral_max": 0.9541948437690735,
  "surprise_mean": 0.018970245495438576,
  "surprise_std": 0.09674819558858871,
  "surprise_median": 0.00013258492981549352,
  "surprise_max": 0.6836665272712708,
  "processed_frames": 62.0,
  "video_name": "1 (5).mp4"
}