{
  "facial_symmetry_mean": 0.7760272026062012,
  "facial_symmetry_std": 0.09925398975610733,
  "facial_symmetry_median": 0.758389949798584,
  "facial_symmetry_max": 0.9748920798301697,
  "face_width_height_ratio_mean": 1.311034917831421,
  "face_width_height_ratio_std": 0.1648167222738266,
  "face_width_height_ratio_median": 1.3795416355133057,
  "face_width_height_ratio_max": 1.4925830364227295,
  "eye_spacing_ratio_mean": 0.6267809271812439,
  "eye_spacing_ratio_std": 0.03208448365330696,
  "eye_spacing_ratio_median": 0.6380120515823364,
  "eye_spacing_ratio_max": 0.6719285845756531,
  "jaw_ratio_mean": 0.778139591217041,
  "jaw_ratio_std": 0.021322600543498993,
  "jaw_ratio_median": 0.7731159925460815,
  "jaw_ratio_max": 0.8920966386795044,
  "smile_intensity_mean": 0.008857631124556065,
  "smile_intensity_std": 0.007389143109321594,
  "smile_intensity_median": 0.006744828540831804,
  "smile_intensity_max": 0.03522924333810806,
  "eye_contact_mean": 0.8912177085876465,
  "eye_contact_std": 0.06325323134660721,
  "eye_contact_median": 0.8636105060577393,
  "eye_contact_max": 0.9997961521148682,
  "eye_openness_mean": 0.7522329092025757,
  "eye_openness_std": 0.24281980097293854,
  "eye_openness_median": 0.8211751580238342,
  "eye_openness_max": 1.0,
  "gaze_stability_mean": 0.9749969840049744,
  "gaze_stability_std": 0.0335848368704319,
  "gaze_stability_median": 0.9878116846084595,
  "gaze_stability_max": 1.0,
  "head_tilt_mean": 0.07450706511735916,
  "head_tilt_std": 0.061150286346673965,
  "head_tilt_median": 0.06556019186973572,
  "head_tilt_max": 0.2505066990852356,
  "expression_speed_mean": 0.12140686064958572,
  "expression_speed_std": 0.15215104818344116,
  "expression_speed_median": 0.058795057237148285,
  "expression_speed_max": 0.689335286617279,
  "happy_mean": 0.1267276555299759,
  "happy_std": 0.30152249336242676,
  "happy_median": 7.022174941084813e-06,
  "happy_max": 0.9857751131057739,
  "neutral_mean": 0.3238838315010071,
  "neutral_std": 0.3532631993293762,
  "neutral_median": 0.18109405040740967,
  "neutral_max": 0.99924635887146,
  "surprise_mean": 0.0845002755522728,
  "surprise_std": 0.24729545414447784,
  "surprise_median": 5.406892887549475e-05,
  "surprise_max": 0.9907563328742981,
  "processed_frames": 71.0,
  "video_name": "1 (7).mp4"
}