{
  "facial_symmetry_mean": 0.8269342184066772,
  "facial_symmetry_std": 0.0894409567117691,
  "facial_symmetry_median": 0.8484458923339844,
  "facial_symmetry_max": 0.9656674265861511,
  "face_width_height_ratio_mean": 1.4752007722854614,
  "face_width_height_ratio_std": 0.05395016446709633,
  "face_width_height_ratio_median": 1.4742929935455322,
  "face_width_height_ratio_max": 1.6613738536834717,
  "eye_spacing_ratio_mean": 0.6369287967681885,
  "eye_spacing_ratio_std": 0.017011621966958046,
  "eye_spacing_ratio_median": 0.6357589960098267,
  "eye_spacing_ratio_max": 0.7256398797035217,
  "jaw_ratio_mean": 0.7471056580543518,
  "jaw_ratio_std": 0.013077753596007824,
  "jaw_ratio_median": 0.745455265045166,
  "jaw_ratio_max": 0.7811898589134216,
  "smile_intensity_mean": 0.12326651811599731,
  "smile_intensity_std": 0.11504179984331131,
  "smile_intensity_median": 0.08567345142364502,
  "smile_intensity_max": 0.38978689908981323,
  "eye_contact_mean": 0.9482164978981018,
  "eye_contact_std": 0.030005965381860733,
  "eye_contact_median": 0.9489339590072632,
  "eye_contact_max": 0.9973134994506836,
  "eye_openness_mean": 0.9616195559501648,
  "eye_openness_std": 0.09890054911375046,
  "eye_openness_median": 1.0,
  "eye_openness_max": 1.0,
  "gaze_stability_mean": 0.9836741089820862,
  "gaze_stability_std": 0.01417564321309328,
  "gaze_stability_median": 0.9875563383102417,
  "gaze_stability_max": 1.0,
  "head_tilt_mean": 0.029355164617300034,
  "head_tilt_std": 0.03280080109834671,
  "head_tilt_median": 0.01768268644809723,
  "head_tilt_max": 0.21450310945510864,
  "expression_speed_mean": 0.09650090336799622,
  "expression_speed_std": 0.1358000636100769,
  "expression_speed_median": 0.0455876961350441,
  "expression_speed_max": 0.5959416627883911,
  "happy_mean": 0.17455796897411346,
  "happy_std": 0.3692131042480469,
  "happy_median": 8.07651158538647e-05,
  "happy_max": 0.9999879002571106,
  "neutral_mean": 0.35146453976631165,
  "neutral_std": 0.3668975234031677,
  "neutral_median": 0.18335293233394623,
  "neutral_max": 0.9976495504379272,
  "surprise_mean": 0.0008269034442491829,
  "surprise_std": 0.0026682685129344463,
  "surprise_median": 2.599490926513681e-06,
  "surprise_max": 0.0164706539362669,
  "processed_frames": 64.0,
  "video_name": "1.mp4"
}