{
  "facial_symmetry_mean": 0.8962169885635376,
  "facial_symmetry_std": 0.045207954943180084,
  "facial_symmetry_median": 0.8976609110832214,
  "facial_symmetry_max": 0.9989053010940552,
  "face_width_height_ratio_mean": 1.2721701860427856,
  "face_width_height_ratio_std": 0.15224547684192657,
  "face_width_height_ratio_median": 1.3294179439544678,
  "face_width_height_ratio_max": 1.5450869798660278,
  "eye_spacing_ratio_mean": 0.6641560196876526,
  "eye_spacing_ratio_std": 0.037624865770339966,
  "eye_spacing_ratio_median": 0.6650254726409912,
  "eye_spacing_ratio_max": 0.7600815892219543,
  "jaw_ratio_mean": 0.7878497838973999,
  "jaw_ratio_std": 0.023726409301161766,
  "jaw_ratio_median": 0.7820812463760376,
  "jaw_ratio_max": 0.8855769038200378,
  "smile_intensity_mean": 0.13711197674274445,
  "smile_intensity_std": 0.14713965356349945,
  "smile_intensity_median": 0.050135113298892975,
  "smile_intensity_max": 0.4217512905597687,
  "eye_contact_mean": 0.9764684438705444,
  "eye_contact_std": 0.0183198731392622,
  "eye_contact_median": 0.9795240163803101,
  "eye_contact_max": 0.999498724937439,
  "eye_openness_mean": 0.4266239404678345,
  "eye_openness_std": 0.1711978316307068,
  "eye_openness_median": 0.3511525094509125,
  "eye_openness_max": 0.8868448734283447,
  "gaze_stability_mean": 0.9892503023147583,
  "gaze_stability_std": 0.01559472642838955,
  "gaze_stability_median": 0.9958137273788452,
  "gaze_stability_max": 1.0,
  "head_tilt_mean": 0.08061399310827255,
  "head_tilt_std": 0.054519541561603546,
  "head_tilt_median": 0.07892012596130371,
  "head_tilt_max": 0.2660001814365387,
  "expression_speed_mean": 0.12419622391462326,
  "expression_speed_std": 0.13498671352863312,
  "expression_speed_median": 0.066815584897995,
  "expression_speed_max": 0.6050154566764832,
  "happy_mean": 0.10684043914079666,
  "happy_std": 0.2548477053642273,
  "happy_median": 0.00048683048225939274,
  "happy_max": 0.9989336133003235,
  "neutral_mean": 0.2584831118583679,
  "neutral_std": 0.34128108620643616,
  "neutral_median": 0.06354796886444092,
  "neutral_max": 0.9688852429389954,
  "surprise_mean": 0.03168226033449173,
  "surprise_std": 0.15531373023986816,
  "surprise_median": 2.5329343316116137e-06,
  "surprise_max": 0.9260399341583252,
  "processed_frames": 60.0,
  "video_name": "1.mp4"
}