{
  "facial_symmetry_mean": 0.8483008146286011,
  "facial_symmetry_std": 0.022046783939003944,
  "facial_symmetry_median": 0.8494817018508911,
  "facial_symmetry_max": 0.905197262763977,
  "face_width_height_ratio_mean": 0.9783429503440857,
  "face_width_height_ratio_std": 0.07135035842657089,
  "face_width_height_ratio_median": 0.9493067264556885,
  "face_width_height_ratio_max": 1.1464751958847046,
  "eye_spacing_ratio_mean": 0.6569290161132812,
  "eye_spacing_ratio_std": 0.01674666814506054,
  "eye_spacing_ratio_median": 0.6549919843673706,
  "eye_spacing_ratio_max": 0.7047638297080994,
  "jaw_ratio_mean": 0.7929275631904602,
  "jaw_ratio_std": 0.014783866703510284,
  "jaw_ratio_median": 0.7923997640609741,
  "jaw_ratio_max": 0.8255429267883301,
  "smile_intensity_mean": 0.3429681956768036,
  "smile_intensity_std": 0.34832778573036194,
  "smile_intensity_median": 0.17171722650527954,
  "smile_intensity_max": 1.0,
  "eye_contact_mean": 0.952325165271759,
  "eye_contact_std": 0.013083701953291893,
  "eye_contact_median": 0.948377788066864,
  "eye_contact_max": 0.9908643960952759,
  "eye_openness_mean": 0.5869973301887512,
  "eye_openness_std": 0.23145177960395813,
  "eye_openness_median": 0.6894171833992004,
  "eye_openness_max": 0.8525952696800232,
  "gaze_stability_mean": 0.9942452907562256,
  "gaze_stability_std": 0.007912622764706612,
  "gaze_stability_median": 0.9972358345985413,
  "gaze_stability_max": 1.0,
  "head_tilt_mean": 0.06675290316343307,
  "head_tilt_std": 0.016425905749201775,
  "head_tilt_median": 0.06455115973949432,
  "head_tilt_max": 0.10844722390174866,
  "expression_speed_mean": 0.09513866901397705,
  "expression_speed_std": 0.11735468357801437,
  "expression_speed_median": 0.04593382775783539,
  "expression_speed_max": 0.6053963899612427,
  "happy_mean": 0.010477019473910332,
  "happy_std": 0.04633134976029396,
  "happy_median": 6.284605478867888e-05,
  "happy_max": 0.4276244342327118,
  "neutral_mean": 0.283912718296051,
  "neutral_std": 0.40583351254463196,
  "neutral_median": 0.013251200318336487,
  "neutral_max": 0.99991375207901,
  "surprise_mean": 0.03934316709637642,
  "surprise_std": 0.1860591173171997,
  "surprise_median": 1.7259961168747395e-05,
  "surprise_max": 0.9939612150192261,
  "processed_frames": 106.0,
  "video_name": "2.mp4"
}