{
  "facial_symmetry_mean": 0.9163488745689392,
  "facial_symmetry_std": 0.049981482326984406,
  "facial_symmetry_median": 0.9161291122436523,
  "facial_symmetry_max": 0.9998771548271179,
  "face_width_height_ratio_mean": 0.7953947186470032,
  "face_width_height_ratio_std": 0.04028515890240669,
  "face_width_height_ratio_median": 0.7952491641044617,
  "face_width_height_ratio_max": 1.024854063987732,
  "eye_spacing_ratio_mean": 0.666856050491333,
  "eye_spacing_ratio_std": 0.019942617043852806,
  "eye_spacing_ratio_median": 0.6701759099960327,
  "eye_spacing_ratio_max": 0.7719323039054871,
  "jaw_ratio_mean": 0.7926464676856995,
  "jaw_ratio_std": 0.020143460482358932,
  "jaw_ratio_median": 0.7919961214065552,
  "jaw_ratio_max": 0.8458033204078674,
  "smile_intensity_mean": 0.3741994798183441,
  "smile_intensity_std": 0.2536335289478302,
  "smile_intensity_median": 0.41812747716903687,
  "smile_intensity_max": 1.0,
  "eye_contact_mean": 0.9732778668403625,
  "eye_contact_std": 0.02049512229859829,
  "eye_contact_median": 0.9784350991249084,
  "eye_contact_max": 0.9999773502349854,
  "eye_openness_mean": 0.8833363056182861,
  "eye_openness_std": 0.1786009818315506,
  "eye_openness_median": 1.0,
  "eye_openness_max": 1.0,
  "gaze_stability_mean": 0.9924037456512451,
  "gaze_stability_std": 0.011308792978525162,
  "gaze_stability_median": 0.9962322115898132,
  "gaze_stability_max": 1.0,
  "head_tilt_mean": 0.0964493528008461,
  "head_tilt_std": 0.07508218288421631,
  "head_tilt_median": 0.08418925106525421,
  "head_tilt_max": 0.3157782554626465,
  "expression_speed_mean": 0.22927115857601166,
  "expression_speed_std": 0.22628946602344513,
  "expression_speed_median": 0.1426718831062317,
  "expression_speed_max": 1.0,
  "happy_mean": 0.20710588991641998,
  "happy_std": 0.3584440350532532,
  "happy_median": 0.0014110454358160496,
  "happy_max": 1.0,
  "neutral_mean": 0.3044452667236328,
  "neutral_std": 0.35555192828178406,
  "neutral_median": 0.10352963954210281,
  "neutral_max": 0.9999738931655884,
  "surprise_mean": 0.014030651189386845,
  "surprise_std": 0.0587955005466938,
  "surprise_median": 9.029405191540718e-05,
  "surprise_max": 0.8236743211746216,
  "processed_frames": 352.0,
  "video_name": "3.mp4"
}