{
  "facial_symmetry_mean": 0.8158907294273376,
  "facial_symmetry_std": 0.15305913984775543,
  "facial_symmetry_median": 0.8508744835853577,
  "facial_symmetry_max": 0.9994463324546814,
  "face_width_height_ratio_mean": 1.3944928646087646,
  "face_width_height_ratio_std": 0.13411492109298706,
  "face_width_height_ratio_median": 1.424796462059021,
  "face_width_height_ratio_max": 1.861365795135498,
  "eye_spacing_ratio_mean": 0.6633256673812866,
  "eye_spacing_ratio_std": 0.03768292814493179,
  "eye_spacing_ratio_median": 0.6677318215370178,
  "eye_spacing_ratio_max": 0.7531998157501221,
  "jaw_ratio_mean": 0.7828758358955383,
  "jaw_ratio_std": 0.0230367761105299,
  "jaw_ratio_median": 0.7828992605209351,
  "jaw_ratio_max": 0.8618592023849487,
  "smile_intensity_mean": 0.17595794796943665,
  "smile_intensity_std": 0.1674337536096573,
  "smile_intensity_median": 0.1648598164319992,
  "smile_intensity_max": 1.0,
  "eye_contact_mean": 0.9508340954780579,
  "eye_contact_std": 0.048447612673044205,
  "eye_contact_median": 0.9692410230636597,
  "eye_contact_max": 0.999057412147522,
  "eye_openness_mean": 0.8081111907958984,
  "eye_openness_std": 0.2161806970834732,
  "eye_openness_median": 0.8690685033798218,
  "eye_openness_max": 1.0,
  "gaze_stability_mean": 0.9801729917526245,
  "gaze_stability_std": 0.035155825316905975,
  "gaze_stability_median": 0.9923316240310669,
  "gaze_stability_max": 1.0,
  "head_tilt_mean": 0.08071049302816391,
  "head_tilt_std": 0.075001560151577,
  "head_tilt_median": 0.05200490355491638,
  "head_tilt_max": 0.39824962615966797,
  "expression_speed_mean": 0.15020789206027985,
  "expression_speed_std": 0.17318299412727356,
  "expression_speed_median": 0.0844724178314209,
  "expression_speed_max": 1.0,
  "happy_mean": 0.3289705812931061,
  "happy_std": 0.43582093715667725,
  "happy_median": 0.016031822189688683,
  "happy_max": 0.9999999403953552,
  "neutral_mean": 0.26903972029685974,
  "neutral_std": 0.35053592920303345,
  "neutral_median": 0.05803308263421059,
  "neutral_max": 0.9988707900047302,
  "surprise_mean": 0.006007073447108269,
  "surprise_std": 0.026096906512975693,
  "surprise_median": 1.802388214855455e-05,
  "surprise_max": 0.19789712131023407,
  "processed_frames": 131.0,
  "video_name": "4.mp4"
}