{
  "facial_symmetry_mean": 0.84946608543396,
  "facial_symmetry_std": 0.11331554502248764,
  "facial_symmetry_median": 0.8612614274024963,
  "facial_symmetry_max": 0.9960439801216125,
  "face_width_height_ratio_mean": 0.7859068512916565,
  "face_width_height_ratio_std": 0.04904942214488983,
  "face_width_height_ratio_median": 0.7879157662391663,
  "face_width_height_ratio_max": 0.9336428046226501,
  "eye_spacing_ratio_mean": 0.6662783026695251,
  "eye_spacing_ratio_std": 0.029259096831083298,
  "eye_spacing_ratio_median": 0.6671775579452515,
  "eye_spacing_ratio_max": 0.7708751559257507,
  "jaw_ratio_mean": 0.7861528396606445,
  "jaw_ratio_std": 0.01601351983845234,
  "jaw_ratio_median": 0.7888684272766113,
  "jaw_ratio_max": 0.8198781609535217,
  "smile_intensity_mean": 0.3219173848628998,
  "smile_intensity_std": 0.3010708689689636,
  "smile_intensity_median": 0.29235130548477173,
  "smile_intensity_max": 0.8642706871032715,
  "eye_contact_mean": 0.9566472172737122,
  "eye_contact_std": 0.03680434077978134,
  "eye_contact_median": 0.9711823463439941,
  "eye_contact_max": 0.9993485808372498,
  "eye_openness_mean": 0.9077259302139282,
  "eye_openness_std": 0.16971401870250702,
  "eye_openness_median": 1.0,
  "eye_openness_max": 1.0,
  "gaze_stability_mean": 0.9820529222488403,
  "gaze_stability_std": 0.022084951400756836,
  "gaze_stability_median": 0.9920799732208252,
  "gaze_stability_max": 1.0,
  "head_tilt_mean": 0.14102400839328766,
  "head_tilt_std": 0.1498381644487381,
  "head_tilt_median": 0.10914012789726257,
  "head_tilt_max": 0.6121847033500671,
  "expression_speed_mean": 0.24392344057559967,
  "expression_speed_std": 0.24533118307590485,
  "expression_speed_median": 0.14186404645442963,
  "expression_speed_max": 0.8267651796340942,
  "happy_mean": 0.2527080178260803,
  "happy_std": 0.39844590425491333,
  "happy_median": 0.0016464117215946317,
  "happy_max": 0.999959409236908,
  "neutral_mean": 0.2125205248594284,
  "neutral_std": 0.3211999535560608,
  "neutral_median": 0.04870027303695679,
  "neutral_max": 0.9994145631790161,
  "surprise_mean": 0.0162194836884737,
  "surprise_std": 0.07901975512504578,
  "surprise_median": 3.3992746466537938e-06,
  "surprise_max": 0.6029415726661682,
  "processed_frames": 63.0,
  "video_name": "6.mp4"
}