{
  "facial_symmetry_mean": 0.7495760321617126,
  "facial_symmetry_std": 0.021381616592407227,
  "facial_symmetry_median": 0.7531214952468872,
  "facial_symmetry_max": 0.7794836163520813,
  "face_width_height_ratio_mean": 1.3045802116394043,
  "face_width_height_ratio_std": 0.059906039386987686,
  "face_width_height_ratio_median": 1.3069994449615479,
  "face_width_height_ratio_max": 1.4224296808242798,
  "eye_spacing_ratio_mean": 0.6213274002075195,
  "eye_spacing_ratio_std": 0.027384690940380096,
  "eye_spacing_ratio_median": 0.6214367747306824,
  "eye_spacing_ratio_max": 0.7335588335990906,
  "jaw_ratio_mean": 0.785840630531311,
  "jaw_ratio_std": 0.023566117510199547,
  "jaw_ratio_median": 0.772803544998169,
  "jaw_ratio_max": 0.8674521446228027,
  "smile_intensity_mean": 0.013227589428424835,
  "smile_intensity_std": 0.008714127354323864,
  "smile_intensity_median": 0.011283744126558304,
  "smile_intensity_max": 0.04778837412595749,
  "eye_contact_mean": 0.902560293674469,
  "eye_contact_std": 0.04798964783549309,
  "eye_contact_median": 0.9262102842330933,
  "eye_contact_max": 0.9571788907051086,
  "eye_openness_mean": 0.8735756874084473,
  "eye_openness_std": 0.12323854118585587,
  "eye_openness_median": 0.9050929546356201,
  "eye_openness_max": 1.0,
  "gaze_stability_mean": 0.9787092804908752,
  "gaze_stability_std": 0.04704287275671959,
  "gaze_stability_median": 0.9946631193161011,
  "gaze_stability_max": 1.0,
  "head_tilt_mean": 0.17106080055236816,
  "head_tilt_std": 0.10928657650947571,
  "head_tilt_median": 0.25328242778778076,
  "head_tilt_max": 0.2941271662712097,
  "expression_speed_mean": 0.08170255273580551,
  "expression_speed_std": 0.10016792267560959,
  "expression_speed_median": 0.025872640311717987,
  "expression_speed_max": 0.37079623341560364,
  "happy_mean": 0.025073036551475525,
  "happy_std": 0.1519373208284378,
  "happy_median": 1.0309466915714438e-06,
  "happy_max": 0.99640953540802,
  "neutral_mean": 0.31922924518585205,
  "neutral_std": 0.44045567512512207,
  "neutral_median": 0.025699369609355927,
  "neutral_max": 0.9997117519378662,
  "surprise_mean": 0.002313014352694154,
  "surprise_std": 0.011754951439797878,
  "surprise_median": 4.856677264797327e-07,
  "surprise_max": 0.07665156573057175,
  "processed_frames": 42.0,
  "video_name": "7.mp4"
}