{
  "facial_symmetry_mean": 0.9268450736999512,
  "facial_symmetry_std": 0.04388074204325676,
  "facial_symmetry_median": 0.929550051689148,
  "facial_symmetry_max": 0.9998196363449097,
  "face_width_height_ratio_mean": 0.986672580242157,
  "face_width_height_ratio_std": 0.1257040947675705,
  "face_width_height_ratio_median": 1.0348163843154907,
  "face_width_height_ratio_max": 1.2143959999084473,
  "eye_spacing_ratio_mean": 0.6555234789848328,
  "eye_spacing_ratio_std": 0.03972557932138443,
  "eye_spacing_ratio_median": 0.6617851257324219,
  "eye_spacing_ratio_max": 0.7453731298446655,
  "jaw_ratio_mean": 0.7733548879623413,
  "jaw_ratio_std": 0.02827826328575611,
  "jaw_ratio_median": 0.7711387872695923,
  "jaw_ratio_max": 0.8475332260131836,
  "smile_intensity_mean": 0.218082994222641,
  "smile_intensity_std": 0.19836781919002533,
  "smile_intensity_median": 0.18853168189525604,
  "smile_intensity_max": 1.0,
  "eye_contact_mean": 0.9718099236488342,
  "eye_contact_std": 0.025525184348225594,
  "eye_contact_median": 0.9813660979270935,
  "eye_contact_max": 0.9996196627616882,
  "eye_openness_mean": 0.3966818153858185,
  "eye_openness_std": 0.18419606983661652,
  "eye_openness_median": 0.38841313123703003,
  "eye_openness_max": 1.0,
  "gaze_stability_mean": 0.9850842356681824,
  "gaze_stability_std": 0.018457893282175064,
  "gaze_stability_median": 0.9937663674354553,
  "gaze_stability_max": 1.0,
  "head_tilt_mean": 0.04145507887005806,
  "head_tilt_std": 0.032165106385946274,
  "head_tilt_median": 0.03484897315502167,
  "head_tilt_max": 0.18520087003707886,
  "expression_speed_mean": 0.18589897453784943,
  "expression_speed_std": 0.1917496770620346,
  "expression_speed_median": 0.11531564593315125,
  "expression_speed_max": 1.0,
  "happy_mean": 0.09747440367937088,
  "happy_std": 0.2705218493938446,
  "happy_median": 9.44074708968401e-05,
  "happy_max": 0.999995768070221,
  "neutral_mean": 0.23647953569889069,
  "neutral_std": 0.33519285917282104,
  "neutral_median": 0.017544323578476906,
  "neutral_max": 0.9997438788414001,
  "surprise_mean": 0.09247615933418274,
  "surprise_std": 0.23649540543556213,
  "surprise_median": 2.3819935449864715e-05,
  "surprise_max": 0.9999721646308899,
  "processed_frames": 150.0,
  "video_name": "2.0.mp4"
}