{
  "facial_symmetry_mean": 0.8744345903396606,
  "facial_symmetry_std": 0.08672817796468735,
  "facial_symmetry_median": 0.8553965091705322,
  "facial_symmetry_max": 0.9998481273651123,
  "face_width_height_ratio_mean": 1.3508211374282837,
  "face_width_height_ratio_std": 0.14867350459098816,
  "face_width_height_ratio_median": 1.3556920289993286,
  "face_width_height_ratio_max": 1.6841498613357544,
  "eye_spacing_ratio_mean": 0.651513397693634,
  "eye_spacing_ratio_std": 0.03190655633807182,
  "eye_spacing_ratio_median": 0.6578473448753357,
  "eye_spacing_ratio_max": 0.6994767785072327,
  "jaw_ratio_mean": 0.7626557350158691,
  "jaw_ratio_std": 0.022020259872078896,
  "jaw_ratio_median": 0.7606285214424133,
  "jaw_ratio_max": 0.847149670124054,
  "smile_intensity_mean": 0.28134381771087646,
  "smile_intensity_std": 0.2370816469192505,
  "smile_intensity_median": 0.2608640193939209,
  "smile_intensity_max": 1.0,
  "eye_contact_mean": 0.9564636945724487,
  "eye_contact_std": 0.03743497654795647,
  "eye_contact_median": 0.9642109870910645,
  "eye_contact_max": 0.9999881982803345,
  "eye_openness_mean": 0.42258158326148987,
  "eye_openness_std": 0.19850575923919678,
  "eye_openness_median": 0.46561914682388306,
  "eye_openness_max": 0.8421676754951477,
  "gaze_stability_mean": 0.987386167049408,
  "gaze_stability_std": 0.019929736852645874,
  "gaze_stability_median": 0.9937835335731506,
  "gaze_stability_max": 1.0,
  "head_tilt_mean": 0.04872174561023712,
  "head_tilt_std": 0.038451891392469406,
  "head_tilt_median": 0.042880624532699585,
  "head_tilt_max": 0.18617995083332062,
  "expression_speed_mean": 0.1878407746553421,
  "expression_speed_std": 0.16847705841064453,
  "expression_speed_median": 0.12446926534175873,
  "expression_speed_max": 0.8085616230964661,
  "happy_mean": 0.14351458847522736,
  "happy_std": 0.309499055147171,
  "happy_median": 0.000981030985713005,
  "happy_max": 0.9999711513519287,
  "neutral_mean": 0.2658619284629822,
  "neutral_std": 0.3472871482372284,
  "neutral_median": 0.06547226011753082,
  "neutral_max": 0.9995822310447693,
  "surprise_mean": 0.028887787833809853,
  "surprise_std": 0.12564913928508759,
  "surprise_median": 6.939763989066705e-05,
  "surprise_max": 0.9886184334754944,
  "processed_frames": 239.0,
  "video_name": "2.1.mp4"
}