{
  "facial_symmetry_mean": 0.8561074733734131,
  "facial_symmetry_std": 0.08801274001598358,
  "facial_symmetry_median": 0.8420442938804626,
  "facial_symmetry_max": 0.9996694326400757,
  "face_width_height_ratio_mean": 0.8106580972671509,
  "face_width_height_ratio_std": 0.06397860497236252,
  "face_width_height_ratio_median": 0.8156293630599976,
  "face_width_height_ratio_max": 0.8946072459220886,
  "eye_spacing_ratio_mean": 0.6928373575210571,
  "eye_spacing_ratio_std": 0.04007403925061226,
  "eye_spacing_ratio_median": 0.675457775592804,
  "eye_spacing_ratio_max": 0.7730317115783691,
  "jaw_ratio_mean": 0.7707617282867432,
  "jaw_ratio_std": 0.01855207420885563,
  "jaw_ratio_median": 0.7664552330970764,
  "jaw_ratio_max": 0.8137372732162476,
  "smile_intensity_mean": 0.18029986321926117,
  "smile_intensity_std": 0.19876985251903534,
  "smile_intensity_median": 0.0859597846865654,
  "smile_intensity_max": 1.0,
  "eye_contact_mean": 0.9489573240280151,
  "eye_contact_std": 0.031037254258990288,
  "eye_contact_median": 0.9569469690322876,
  "eye_contact_max": 0.9927129745483398,
  "eye_openness_mean": 0.927226722240448,
  "eye_openness_std": 0.19008402526378632,
  "eye_openness_median": 1.0,
  "eye_openness_max": 1.0,
  "gaze_stability_mean": 0.9868181943893433,
  "gaze_stability_std": 0.01462277490645647,
  "gaze_stability_median": 0.9929349422454834,
  "gaze_stability_max": 1.0,
  "head_tilt_mean": 0.10582735389471054,
  "head_tilt_std": 0.11653192341327667,
  "head_tilt_median": 0.055729448795318604,
  "head_tilt_max": 0.5288385152816772,
  "expression_speed_mean": 0.13737566769123077,
  "expression_speed_std": 0.1602001190185547,
  "expression_speed_median": 0.060866829007864,
  "expression_speed_max": 0.6822546124458313,
  "happy_mean": 0.042050737887620926,
  "happy_std": 0.11948074400424957,
  "happy_median": 0.00019088535918854177,
  "happy_max": 0.9659309387207031,
  "neutral_mean": 0.2609074115753174,
  "neutral_std": 0.32415032386779785,
  "neutral_median": 0.07901183515787125,
  "neutral_max": 0.9987079501152039,
  "surprise_mean": 0.04133995622396469,
  "surprise_std": 0.10581457614898682,
  "surprise_median": 0.0001519099168945104,
  "surprise_max": 0.6449604630470276,
  "processed_frames": 95.0,
  "video_name": "2.3.mp4"
}