{
  "facial_symmetry_mean": 0.878487765789032,
  "facial_symmetry_std": 0.07037655264139175,
  "facial_symmetry_median": 0.8782781958580017,
  "facial_symmetry_max": 0.999240517616272,
  "face_width_height_ratio_mean": 0.5978648662567139,
  "face_width_height_ratio_std": 0.05931121110916138,
  "face_width_height_ratio_median": 0.5985803008079529,
  "face_width_height_ratio_max": 0.7452965974807739,
  "eye_spacing_ratio_mean": 0.6384236216545105,
  "eye_spacing_ratio_std": 0.02135288156569004,
  "eye_spacing_ratio_median": 0.637464165687561,
  "eye_spacing_ratio_max": 0.7143931984901428,
  "jaw_ratio_mean": 0.8055185079574585,
  "jaw_ratio_std": 0.0272214375436306,
  "jaw_ratio_median": 0.79930180311203,
  "jaw_ratio_max": 0.9080526232719421,
  "smile_intensity_mean": 0.43109315633773804,
  "smile_intensity_std": 0.37375378608703613,
  "smile_intensity_median": 0.5540037155151367,
  "smile_intensity_max": 1.0,
  "eye_contact_mean": 0.9523930549621582,
  "eye_contact_std": 0.031778331845998764,
  "eye_contact_median": 0.9528838396072388,
  "eye_contact_max": 0.999284565448761,
  "eye_openness_mean": 0.8788660764694214,
  "eye_openness_std": 0.20657789707183838,
  "eye_openness_median": 1.0,
  "eye_openness_max": 1.0,
  "gaze_stability_mean": 0.9751332998275757,
  "gaze_stability_std": 0.029536239802837372,
  "gaze_stability_median": 0.9855761528015137,
  "gaze_stability_max": 1.0,
  "head_tilt_mean": 0.19944581389427185,
  "head_tilt_std": 0.2060040533542633,
  "head_tilt_median": 0.13535484671592712,
  "head_tilt_max": 0.8123120665550232,
  "expression_speed_mean": 0.2279691994190216,
  "expression_speed_std": 0.2347988486289978,
  "expression_speed_median": 0.16307911276817322,
  "expression_speed_max": 0.9393681287765503,
  "happy_mean": 0.3308524787425995,
  "happy_std": 0.41547706723213196,
  "happy_median": 0.018000174313783646,
  "happy_max": 0.9999995231628418,
  "neutral_mean": 0.28369438648223877,
  "neutral_std": 0.3521401286125183,
  "neutral_median": 0.06470638513565063,
  "neutral_max": 0.9999951720237732,
  "surprise_mean": 0.02722102217376232,
  "surprise_std": 0.11420033127069473,
  "surprise_median": 4.1924886318156496e-05,
  "surprise_max": 0.9931820631027222,
  "processed_frames": 121.0,
  "video_name": "1.mp4"
}