{
  "facial_symmetry_mean": 0.9096738696098328,
  "facial_symmetry_std": 0.06245313212275505,
  "facial_symmetry_median": 0.9221733808517456,
  "facial_symmetry_max": 0.999674916267395,
  "face_width_height_ratio_mean": 0.6196265816688538,
  "face_width_height_ratio_std": 0.05070771649479866,
  "face_width_height_ratio_median": 0.6267608404159546,
  "face_width_height_ratio_max": 0.7627221941947937,
  "eye_spacing_ratio_mean": 0.6528803706169128,
  "eye_spacing_ratio_std": 0.025164082646369934,
  "eye_spacing_ratio_median": 0.6570368409156799,
  "eye_spacing_ratio_max": 0.7236855030059814,
  "jaw_ratio_mean": 0.79502934217453,
  "jaw_ratio_std": 0.019788917154073715,
  "jaw_ratio_median": 0.7923827171325684,
  "jaw_ratio_max": 0.8391138911247253,
  "smile_intensity_mean": 0.2694004476070404,
  "smile_intensity_std": 0.2469816654920578,
  "smile_intensity_median": 0.2157709002494812,
  "smile_intensity_max": 0.8267835974693298,
  "eye_contact_mean": 0.9615640640258789,
  "eye_contact_std": 0.03052697330713272,
  "eye_contact_median": 0.9680180549621582,
  "eye_contact_max": 0.9991182088851929,
  "eye_openness_mean": 0.9055476188659668,
  "eye_openness_std": 0.169917494058609,
  "eye_openness_median": 1.0,
  "eye_openness_max": 1.0,
  "gaze_stability_mean": 0.9882307052612305,
  "gaze_stability_std": 0.014660703018307686,
  "gaze_stability_median": 0.9945471882820129,
  "gaze_stability_max": 1.0,
  "head_tilt_mean": 0.08721444755792618,
  "head_tilt_std": 0.06614170968532562,
  "head_tilt_median": 0.07709559053182602,
  "head_tilt_max": 0.2851159870624542,
  "expression_speed_mean": 0.17630283534526825,
  "expression_speed_std": 0.21158702671527863,
  "expression_speed_median": 0.06655541062355042,
  "expression_speed_max": 0.851364254951477,
  "happy_mean": 0.2332431823015213,
  "happy_std": 0.38889262080192566,
  "happy_median": 0.0014050888130441308,
  "happy_max": 0.9999128580093384,
  "neutral_mean": 0.2551640272140503,
  "neutral_std": 0.31899192929267883,
  "neutral_median": 0.11034519970417023,
  "neutral_max": 0.9995306730270386,
  "surprise_mean": 0.0017786622047424316,
  "surprise_std": 0.006755809299647808,
  "surprise_median": 9.586376108927652e-06,
  "surprise_max": 0.0590796023607254,
  "processed_frames": 96.0,
  "video_name": "2.mp4"
}