{
  "facial_symmetry_mean": 0.8784137964248657,
  "facial_symmetry_std": 0.0617387630045414,
  "facial_symmetry_median": 0.8828797340393066,
  "facial_symmetry_max": 0.9998970627784729,
  "face_width_height_ratio_mean": 0.8404862880706787,
  "face_width_height_ratio_std": 0.04058264568448067,
  "face_width_height_ratio_median": 0.8446199893951416,
  "face_width_height_ratio_max": 0.9923688769340515,
  "eye_spacing_ratio_mean": 0.6335934996604919,
  "eye_spacing_ratio_std": 0.02172807976603508,
  "eye_spacing_ratio_median": 0.6305735111236572,
  "eye_spacing_ratio_max": 0.7307717204093933,
  "jaw_ratio_mean": 0.8028791546821594,
  "jaw_ratio_std": 0.01586293615400791,
  "jaw_ratio_median": 0.8050473928451538,
  "jaw_ratio_max": 0.8287751078605652,
  "smile_intensity_mean": 0.39064452052116394,
  "smile_intensity_std": 0.2528826892375946,
  "smile_intensity_median": 0.4606902599334717,
  "smile_intensity_max": 0.9752970337867737,
  "eye_contact_mean": 0.9739067554473877,
  "eye_contact_std": 0.021732116118073463,
  "eye_contact_median": 0.9771713614463806,
  "eye_contact_max": 0.9999277591705322,
  "eye_openness_mean": 0.9221033453941345,
  "eye_openness_std": 0.16609209775924683,
  "eye_openness_median": 1.0,
  "eye_openness_max": 1.0,
  "gaze_stability_mean": 0.9850932359695435,
  "gaze_stability_std": 0.020856540650129318,
  "gaze_stability_median": 0.9924228191375732,
  "gaze_stability_max": 1.0,
  "head_tilt_mean": 0.07749642431735992,
  "head_tilt_std": 0.11401914805173874,
  "head_tilt_median": 0.041274577379226685,
  "head_tilt_max": 0.5059394240379333,
  "expression_speed_mean": 0.17275066673755646,
  "expression_speed_std": 0.2136477679014206,
  "expression_speed_median": 0.06873020529747009,
  "expression_speed_max": 1.0,
  "happy_mean": 0.5744974613189697,
  "happy_std": 0.43247532844543457,
  "happy_median": 0.7762638330459595,
  "happy_max": 0.9999548196792603,
  "neutral_mean": 0.14974108338356018,
  "neutral_std": 0.26235637068748474,
  "neutral_median": 0.004657928831875324,
  "neutral_max": 0.9840112328529358,
  "surprise_mean": 0.013614398427307606,
  "surprise_std": 0.09370142221450806,
  "surprise_median": 6.884437198095839e-07,
  "surprise_max": 0.7204121351242065,
  "processed_frames": 58.0,
  "video_name": "4.mp4"
}