{
  "facial_symmetry_mean": 0.867003858089447,
  "facial_symmetry_std": 0.10052911192178726,
  "facial_symmetry_median": 0.8832894563674927,
  "facial_symmetry_max": 0.9990280866622925,
  "face_width_height_ratio_mean": 0.7940732836723328,
  "face_width_height_ratio_std": 0.06147763505578041,
  "face_width_height_ratio_median": 0.8038994073867798,
  "face_width_height_ratio_max": 0.9071241021156311,
  "eye_spacing_ratio_mean": 0.6491840481758118,
  "eye_spacing_ratio_std": 0.023830557242035866,
  "eye_spacing_ratio_median": 0.6501307487487793,
  "eye_spacing_ratio_max": 0.7035189867019653,
  "jaw_ratio_mean": 0.8019254803657532,
  "jaw_ratio_std": 0.01970062591135502,
  "jaw_ratio_median": 0.8004617691040039,
  "jaw_ratio_max": 0.8919022083282471,
  "smile_intensity_mean": 0.274588406085968,
  "smile_intensity_std": 0.2780427634716034,
  "smile_intensity_median": 0.07601553946733475,
  "smile_intensity_max": 0.7963191270828247,
  "eye_contact_mean": 0.9634500741958618,
  "eye_contact_std": 0.03114466741681099,
  "eye_contact_median": 0.9700320363044739,
  "eye_contact_max": 0.999417245388031,
  "eye_openness_mean": 0.8655990958213806,
  "eye_openness_std": 0.21860332787036896,
  "eye_openness_median": 1.0,
  "eye_openness_max": 1.0,
  "gaze_stability_mean": 0.987420916557312,
  "gaze_stability_std": 0.021036559715867043,
  "gaze_stability_median": 0.9928957223892212,
  "gaze_stability_max": 1.0,
  "head_tilt_mean": 0.15932230651378632,
  "head_tilt_std": 0.17604802548885345,
  "head_tilt_median": 0.08950889110565186,
  "head_tilt_max": 0.8490436673164368,
  "expression_speed_mean": 0.11802572011947632,
  "expression_speed_std": 0.17144669592380524,
  "expression_speed_median": 0.04392367601394653,
  "expression_speed_max": 0.8415238261222839,
  "happy_mean": 0.32906627655029297,
  "happy_std": 0.44998762011528015,
  "happy_median": 0.0037448247894644737,
  "happy_max": 1.0,
  "neutral_mean": 0.28341400623321533,
  "neutral_std": 0.39837151765823364,
  "neutral_median": 0.004152265377342701,
  "neutral_max": 0.9999961256980896,
  "surprise_mean": 0.031050588935613632,
  "surprise_std": 0.14265456795692444,
  "surprise_median": 1.8733891238298384e-07,
  "surprise_max": 0.9888384342193604,
  "processed_frames": 173.0,
  "video_name": "5.mp4"
}