{
  "facial_symmetry_mean": 0.8847408294677734,
  "facial_symmetry_std": 0.07184772193431854,
  "facial_symmetry_median": 0.8785043954849243,
  "facial_symmetry_max": 0.9983475208282471,
  "face_width_height_ratio_mean": 1.4482531547546387,
  "face_width_height_ratio_std": 0.16171714663505554,
  "face_width_height_ratio_median": 1.5184166431427002,
  "face_width_height_ratio_max": 1.6785643100738525,
  "eye_spacing_ratio_mean": 0.6297587156295776,
  "eye_spacing_ratio_std": 0.020246224477887154,
  "eye_spacing_ratio_median": 0.6267783045768738,
  "eye_spacing_ratio_max": 0.7061378359794617,
  "jaw_ratio_mean": 0.7811216115951538,
  "jaw_ratio_std": 0.02781284973025322,
  "jaw_ratio_median": 0.7793961763381958,
  "jaw_ratio_max": 0.9170083403587341,
  "smile_intensity_mean": 0.06227889284491539,
  "smile_intensity_std": 0.11798445135354996,
  "smile_intensity_median": 0.017758967354893684,
  "smile_intensity_max": 0.7345479130744934,
  "eye_contact_mean": 0.9690355062484741,
  "eye_contact_std": 0.023103727027773857,
  "eye_contact_median": 0.9766823053359985,
  "eye_contact_max": 0.9979686737060547,
  "eye_openness_mean": 0.6501848697662354,
  "eye_openness_std": 0.12866146862506866,
  "eye_openness_median": 0.6496480703353882,
  "eye_openness_max": 0.9220530390739441,
  "gaze_stability_mean": 0.9911102652549744,
  "gaze_stability_std": 0.0139139574021101,
  "gaze_stability_median": 0.9960455894470215,
  "gaze_stability_max": 1.0,
  "head_tilt_mean": 0.05017643794417381,
  "head_tilt_std": 0.04185749217867851,
  "head_tilt_median": 0.03599502146244049,
  "head_tilt_max": 0.2091817557811737,
  "expression_speed_mean": 0.07456764578819275,
  "expression_speed_std": 0.10234501212835312,
  "expression_speed_median": 0.03460916131734848,
  "expression_speed_max": 0.6032189130783081,
  "happy_mean": 0.11814501136541367,
  "happy_std": 0.28067097067832947,
  "happy_median": 0.000990364933386445,
  "happy_max": 0.9690098762512207,
  "neutral_mean": 0.24006329476833344,
  "neutral_std": 0.2438674122095108,
  "neutral_median": 0.16717365384101868,
  "neutral_max": 0.9994010925292969,
  "surprise_mean": 0.005280669312924147,
  "surprise_std": 0.020882021635770798,
  "surprise_median": 0.00012263262760825455,
  "surprise_max": 0.15184424817562103,
  "processed_frames": 76.0,
  "video_name": "1 (2).mp4"
}