{
  "facial_symmetry_mean": 0.8955137133598328,
  "facial_symmetry_std": 0.059891559183597565,
  "facial_symmetry_median": 0.9030176401138306,
  "facial_symmetry_max": 0.9795777201652527,
  "face_width_height_ratio_mean": 1.2856907844543457,
  "face_width_height_ratio_std": 0.353881299495697,
  "face_width_height_ratio_median": 1.401711344718933,
  "face_width_height_ratio_max": 1.6170161962509155,
  "eye_spacing_ratio_mean": 0.6518288254737854,
  "eye_spacing_ratio_std": 0.021982382982969284,
  "eye_spacing_ratio_median": 0.6537439823150635,
  "eye_spacing_ratio_max": 0.7022228240966797,
  "jaw_ratio_mean": 0.7856313586235046,
  "jaw_ratio_std": 0.024593863636255264,
  "jaw_ratio_median": 0.7935376167297363,
  "jaw_ratio_max": 0.8413065671920776,
  "smile_intensity_mean": 0.11331406235694885,
  "smile_intensity_std": 0.12638793885707855,
  "smile_intensity_median": 0.04605579376220703,
  "smile_intensity_max": 0.6499416828155518,
  "eye_contact_mean": 0.9776943922042847,
  "eye_contact_std": 0.017777636647224426,
  "eye_contact_median": 0.9791619777679443,
  "eye_contact_max": 0.9996693730354309,
  "eye_openness_mean": 0.4629361629486084,
  "eye_openness_std": 0.18790754675865173,
  "eye_openness_median": 0.48702162504196167,
  "eye_openness_max": 0.9070805907249451,
  "gaze_stability_mean": 0.9925093054771423,
  "gaze_stability_std": 0.010027158074080944,
  "gaze_stability_median": 0.9958776831626892,
  "gaze_stability_max": 1.0,
  "head_tilt_mean": 0.12447058409452438,
  "head_tilt_std": 0.1948448270559311,
  "head_tilt_median": 0.04967592656612396,
  "head_tilt_max": 0.6322386860847473,
  "expression_speed_mean": 0.10543107241392136,
  "expression_speed_std": 0.13673055171966553,
  "expression_speed_median": 0.046520959585905075,
  "expression_speed_max": 0.6234378218650818,
  "happy_mean": 0.4127819538116455,
  "happy_std": 0.45687299966812134,
  "happy_median": 0.07792964577674866,
  "happy_max": 1.0,
  "neutral_mean": 0.20730245113372803,
  "neutral_std": 0.27573925256729126,
  "neutral_median": 0.08005796372890472,
  "neutral_max": 0.9995269179344177,
  "surprise_mean": 0.010732599534094334,
  "surprise_std": 0.06984509527683258,
  "surprise_median": 7.177493898780085e-06,
  "surprise_max": 0.7451366186141968,
  "processed_frames": 118.0,
  "video_name": "1 (3).mp4"
}