{
  "facial_symmetry_mean": 0.8536490797996521,
  "facial_symmetry_std": 0.07708457857370377,
  "facial_symmetry_median": 0.841404378414154,
  "facial_symmetry_max": 0.9994392991065979,
  "face_width_height_ratio_mean": 1.3949732780456543,
  "face_width_height_ratio_std": 0.19524267315864563,
  "face_width_height_ratio_median": 1.4268105030059814,
  "face_width_height_ratio_max": 1.9623451232910156,
  "eye_spacing_ratio_mean": 0.6330227851867676,
  "eye_spacing_ratio_std": 0.025891214609146118,
  "eye_spacing_ratio_median": 0.632965087890625,
  "eye_spacing_ratio_max": 0.7440370321273804,
  "jaw_ratio_mean": 0.7957596778869629,
  "jaw_ratio_std": 0.02123485505580902,
  "jaw_ratio_median": 0.7960624098777771,
  "jaw_ratio_max": 0.9124216437339783,
  "smile_intensity_mean": 0.1493813842535019,
  "smile_intensity_std": 0.1448436677455902,
  "smile_intensity_median": 0.11540695279836655,
  "smile_intensity_max": 0.6771584153175354,
  "eye_contact_mean": 0.9596259593963623,
  "eye_contact_std": 0.037877608090639114,
  "eye_contact_median": 0.9713475704193115,
  "eye_contact_max": 0.9998843669891357,
  "eye_openness_mean": 0.5573630332946777,
  "eye_openness_std": 0.18551667034626007,
  "eye_openness_median": 0.5235971808433533,
  "eye_openness_max": 1.0,
  "gaze_stability_mean": 0.9876253008842468,
  "gaze_stability_std": 0.018901918083429337,
  "gaze_stability_median": 0.994778037071228,
  "gaze_stability_max": 1.0,
  "head_tilt_mean": 0.04924545809626579,
  "head_tilt_std": 0.03668466582894325,
  "head_tilt_median": 0.04265420138835907,
  "head_tilt_max": 0.16253724694252014,
  "expression_speed_mean": 0.10971099138259888,
  "expression_speed_std": 0.12919317185878754,
  "expression_speed_median": 0.05810186639428139,
  "expression_speed_max": 0.800914466381073,
  "happy_mean": 0.16323015093803406,
  "happy_std": 0.33242106437683105,
  "happy_median": 0.0014531543711200356,
  "happy_max": 0.9996744990348816,
  "neutral_mean": 0.21531754732131958,
  "neutral_std": 0.28314095735549927,
  "neutral_median": 0.07055038213729858,
  "neutral_max": 0.9999638795852661,
  "surprise_mean": 0.02455035410821438,
  "surprise_std": 0.10748390853404999,
  "surprise_median": 8.321789209730923e-05,
  "surprise_max": 0.913501501083374,
  "processed_frames": 356.0,
  "video_name": "1 (6).mp4"
}