{
  "facial_symmetry_mean": 0.9420560598373413,
  "facial_symmetry_std": 0.04311714321374893,
  "facial_symmetry_median": 0.9564297199249268,
  "facial_symmetry_max": 0.9998651742935181,
  "face_width_height_ratio_mean": 0.5016858577728271,
  "face_width_height_ratio_std": 0.04461418464779854,
  "face_width_height_ratio_median": 0.4777204096317291,
  "face_width_height_ratio_max": 0.6517688632011414,
  "eye_spacing_ratio_mean": 0.6506141424179077,
  "eye_spacing_ratio_std": 0.018370745703577995,
  "eye_spacing_ratio_median": 0.6534495949745178,
  "eye_spacing_ratio_max": 0.7032247185707092,
  "jaw_ratio_mean": 0.8086448907852173,
  "jaw_ratio_std": 0.018572218716144562,
  "jaw_ratio_median": 0.8131993412971497,
  "jaw_ratio_max": 0.8494899868965149,
  "smile_intensity_mean": 0.467227041721344,
  "smile_intensity_std": 0.36761602759361267,
  "smile_intensity_median": 0.4515479803085327,
  "smile_intensity_max": 1.0,
  "eye_contact_mean": 0.9768788814544678,
  "eye_contact_std": 0.02164212055504322,
  "eye_contact_median": 0.9869690537452698,
  "eye_contact_max": 0.9996837377548218,
  "eye_openness_mean": 0.9250417947769165,
  "eye_openness_std": 0.16541332006454468,
  "eye_openness_median": 1.0,
  "eye_openness_max": 1.0,
  "gaze_stability_mean": 0.9940831661224365,
  "gaze_stability_std": 0.008153273724019527,
  "gaze_stability_median": 0.9966838359832764,
  "gaze_stability_max": 1.0,
  "head_tilt_mean": 0.31714731454849243,
  "head_tilt_std": 0.3163529932498932,
  "head_tilt_median": 0.15062548220157623,
  "head_tilt_max": 1.0,
  "expression_speed_mean": 0.13110555708408356,
  "expression_speed_std": 0.17033112049102783,
  "expression_speed_median": 0.05746188759803772,
  "expression_speed_max": 1.0,
  "happy_mean": 0.48359158635139465,
  "happy_std": 0.46033939719200134,
  "happy_median": 0.5068806409835815,
  "happy_max": 0.9999569654464722,
  "neutral_mean": 0.1221746876835823,
  "neutral_std": 0.22448348999023438,
  "neutral_median": 0.008923176676034927,
  "neutral_max": 0.989084780216217,
  "surprise_mean": 0.0037499996833503246,
  "surprise_std": 0.022838274016976357,
  "surprise_median": 1.5323880688811187e-06,
  "surprise_max": 0.16784073412418365,
  "processed_frames": 104.0,
  "video_name": "1.mp4"
}