{
  "expression_speed_max": 0.8096715112527212,
  "expression_speed_mean": 0.13201077903310457,
  "expression_speed_median": 0.0646735851963361,
  "expression_speed_std": 0.15644847974181175,
  "eye_contact_max": 0.9992164671421051,
  "eye_contact_mean": 0.9730264246463776,
  "eye_contact_median": 0.979120006163915,
  "eye_contact_std": 0.02273436946173509,
  "eye_openness_max": 0.9715222716331482,
  "eye_openness_mean": 0.7243052621682485,
  "eye_openness_median": 0.7662808199723562,
  "eye_openness_std": 0.17073012640078863,
  "eye_spacing_ratio_max": 0.7152716815471649,
  "eye_spacing_ratio_mean": 0.6406621436278025,
  "eye_spacing_ratio_median": 0.6406787733236948,
  "eye_spacing_ratio_std": 0.021264052639404934,
  "face_width_height_ratio_max": 1.2357439597447712,
  "face_width_height_ratio_mean": 0.9777949551741282,
  "face_width_height_ratio_median": 1.0125817209482193,
  "face_width_height_ratio_std": 0.14403413546582064,
  "facial_symmetry_max": 0.9957767526308695,
  "facial_symmetry_mean": 0.9018791913986206,
  "facial_symmetry_median": 0.9025763471921285,
  "facial_symmetry_std": 0.06091774068772793,
  "gaze_stability_max": 1.0,
  "gaze_stability_mean": 0.9912915329138438,
  "gaze_stability_median": 0.9960197806358337,
  "gaze_stability_std": 0.013152075155327717,
  "happy_max": 0.9947729011376699,
  "happy_mean": 0.2689697730044524,
  "happy_median": 0.09892953163944185,
  "happy_std": 0.38007132709026337,
  "head_tilt_max": 0.41551048308610916,
  "head_tilt_mean": 0.11085992430647214,
  "head_tilt_median": 0.06368474413951238,
  "head_tilt_std": 0.11547856219112873,
  "jaw_ratio_max": 0.8791705369949341,
  "jaw_ratio_mean": 0.79132608572642,
  "jaw_ratio_median": 0.7920615176359812,
  "jaw_ratio_std": 0.022255707842608292,
  "neutral_max": 0.9977078835169474,
  "neutral_mean": 0.25703735028704006,
  "neutral_median": 0.12537024728953838,
  "neutral_std": 0.29802210877339047,
  "processed_frames": 166.66666666666666,
  "smile_intensity_max": 0.819211333990097,
  "smile_intensity_mean": 0.25927418159941834,
  "smile_intensity_median": 0.2522372743114829,
  "smile_intensity_std": 0.221349456657966,
  "surprise_max": 0.5593366126219431,
  "surprise_mean": 0.02518187587459882,
  "surprise_median": 0.0001651058131907727,
  "surprise_std": 0.08521363977342844,
  "video_count": 6.0,
  "valid_video_count": 6.0,
  "valid_video_ratio": 1.0,
  "total_processed_frames": 1000.0,
  "avg_processed_frames": 166.66666666666666,
  "quality_score": 1.0,
  "person_name": "Natsukawa Yui"
}