{
  "facial_symmetry_mean": 0.8662442564964294,
  "facial_symmetry_std": 0.07887690514326096,
  "facial_symmetry_median": 0.8888911604881287,
  "facial_symmetry_max": 0.9908439517021179,
  "face_width_height_ratio_mean": 0.6037800312042236,
  "face_width_height_ratio_std": 0.02762841247022152,
  "face_width_height_ratio_median": 0.6058773398399353,
  "face_width_height_ratio_max": 0.6550350785255432,
  "eye_spacing_ratio_mean": 0.6524128317832947,
  "eye_spacing_ratio_std": 0.018478769809007645,
  "eye_spacing_ratio_median": 0.6496607661247253,
  "eye_spacing_ratio_max": 0.7371326684951782,
  "jaw_ratio_mean": 0.7943944931030273,
  "jaw_ratio_std": 0.01596480794250965,
  "jaw_ratio_median": 0.7923843264579773,
  "jaw_ratio_max": 0.8307721614837646,
  "smile_intensity_mean": 0.3239883780479431,
  "smile_intensity_std": 0.25497040152549744,
  "smile_intensity_median": 0.4244335889816284,
  "smile_intensity_max": 0.8007039427757263,
  "eye_contact_mean": 0.9574640989303589,
  "eye_contact_std": 0.02306039072573185,
  "eye_contact_median": 0.9611952304840088,
  "eye_contact_max": 0.99608314037323,
  "eye_openness_mean": 0.9719891548156738,
  "eye_openness_std": 0.13785676658153534,
  "eye_openness_median": 1.0,
  "eye_openness_max": 1.0,
  "gaze_stability_mean": 0.9849259257316589,
  "gaze_stability_std": 0.021199408918619156,
  "gaze_stability_median": 0.9922197461128235,
  "gaze_stability_max": 1.0,
  "head_tilt_mean": 0.2483789622783661,
  "head_tilt_std": 0.14702697098255157,
  "head_tilt_median": 0.2167963981628418,
  "head_tilt_max": 0.5302332639694214,
  "expression_speed_mean": 0.11170575022697449,
  "expression_speed_std": 0.1780826896429062,
  "expression_speed_median": 0.03977099806070328,
  "expression_speed_max": 0.6802490949630737,
  "happy_mean": 0.07763286679983139,
  "happy_std": 0.20851455628871918,
  "happy_median": 0.002441523829475045,
  "happy_max": 0.9986715912818909,
  "neutral_mean": 0.4999077022075653,
  "neutral_std": 0.4203052520751953,
  "neutral_median": 0.6257736682891846,
  "neutral_max": 0.9989156126976013,
  "surprise_mean": 0.10260210186243057,
  "surprise_std": 0.2771267592906952,
  "surprise_median": 4.419223478180356e-05,
  "surprise_max": 0.9954769611358643,
  "processed_frames": 71.0,
  "video_name": "1 (3).mp4"
}