{
  "facial_symmetry_mean": 0.8173465132713318,
  "facial_symmetry_std": 0.1061965748667717,
  "facial_symmetry_median": 0.7583391666412354,
  "facial_symmetry_max": 0.9903238415718079,
  "face_width_height_ratio_mean": 0.5358537435531616,
  "face_width_height_ratio_std": 0.07800926268100739,
  "face_width_height_ratio_median": 0.5455033779144287,
  "face_width_height_ratio_max": 0.6447698473930359,
  "eye_spacing_ratio_mean": 0.6367635130882263,
  "eye_spacing_ratio_std": 0.035342954099178314,
  "eye_spacing_ratio_median": 0.6406514048576355,
  "eye_spacing_ratio_max": 0.7259770631790161,
  "jaw_ratio_mean": 0.7715160846710205,
  "jaw_ratio_std": 0.020081793889403343,
  "jaw_ratio_median": 0.769802987575531,
  "jaw_ratio_max": 0.821564257144928,
  "smile_intensity_mean": 0.4537799060344696,
  "smile_intensity_std": 0.2731625735759735,
  "smile_intensity_median": 0.49124813079833984,
  "smile_intensity_max": 1.0,
  "eye_contact_mean": 0.9103262424468994,
  "eye_contact_std": 0.06718023121356964,
  "eye_contact_median": 0.9294877648353577,
  "eye_contact_max": 0.9945017099380493,
  "eye_openness_mean": 0.9679113626480103,
  "eye_openness_std": 0.13289257884025574,
  "eye_openness_median": 1.0,
  "eye_openness_max": 1.0,
  "gaze_stability_mean": 0.9799860715866089,
  "gaze_stability_std": 0.02932841330766678,
  "gaze_stability_median": 0.9905507564544678,
  "gaze_stability_max": 1.0,
  "head_tilt_mean": 0.17118549346923828,
  "head_tilt_std": 0.1702817976474762,
  "head_tilt_median": 0.14526262879371643,
  "head_tilt_max": 0.6711905002593994,
  "expression_speed_mean": 0.17490154504776,
  "expression_speed_std": 0.18731386959552765,
  "expression_speed_median": 0.0938514992594719,
  "expression_speed_max": 0.7295505404472351,
  "happy_mean": 0.0676717534661293,
  "happy_std": 0.18606050312519073,
  "happy_median": 1.533089016447775e-05,
  "happy_max": 0.9143747091293335,
  "neutral_mean": 0.20918545126914978,
  "neutral_std": 0.31752145290374756,
  "neutral_median": 0.010048233903944492,
  "neutral_max": 0.998037576675415,
  "surprise_mean": 0.07542734593153,
  "surprise_std": 0.16717331111431122,
  "surprise_median": 0.0007471601711586118,
  "surprise_max": 0.7427154779434204,
  "processed_frames": 61.0,
  "video_name": "1 (5).mp4"
}