{
  "facial_symmetry_mean": 0.7969038486480713,
  "facial_symmetry_std": 0.08260118961334229,
  "facial_symmetry_median": 0.8152809143066406,
  "facial_symmetry_max": 0.9463191032409668,
  "face_width_height_ratio_mean": 0.6281617283821106,
  "face_width_height_ratio_std": 0.05279899016022682,
  "face_width_height_ratio_median": 0.6115394830703735,
  "face_width_height_ratio_max": 0.7640872001647949,
  "eye_spacing_ratio_mean": 0.6565128564834595,
  "eye_spacing_ratio_std": 0.026204319670796394,
  "eye_spacing_ratio_median": 0.6588525176048279,
  "eye_spacing_ratio_max": 0.7472047805786133,
  "jaw_ratio_mean": 0.7892444729804993,
  "jaw_ratio_std": 0.019678793847560883,
  "jaw_ratio_median": 0.7887597680091858,
  "jaw_ratio_max": 0.8332024216651917,
  "smile_intensity_mean": 0.3749832510948181,
  "smile_intensity_std": 0.24503658711910248,
  "smile_intensity_median": 0.4315757155418396,
  "smile_intensity_max": 0.9945574402809143,
  "eye_contact_mean": 0.9445014595985413,
  "eye_contact_std": 0.03151169791817665,
  "eye_contact_median": 0.9430274367332458,
  "eye_contact_max": 0.9997953176498413,
  "eye_openness_mean": 0.9817925095558167,
  "eye_openness_std": 0.07301390916109085,
  "eye_openness_median": 1.0,
  "eye_openness_max": 1.0,
  "gaze_stability_mean": 0.9789745211601257,
  "gaze_stability_std": 0.021928317844867706,
  "gaze_stability_median": 0.9867379665374756,
  "gaze_stability_max": 1.0,
  "head_tilt_mean": 0.38485240936279297,
  "head_tilt_std": 0.3232758939266205,
  "head_tilt_median": 0.32382678985595703,
  "head_tilt_max": 1.0,
  "expression_speed_mean": 0.16030839085578918,
  "expression_speed_std": 0.1862899512052536,
  "expression_speed_median": 0.0834769457578659,
  "expression_speed_max": 0.9837952256202698,
  "happy_mean": 0.20222479104995728,
  "happy_std": 0.3438262939453125,
  "happy_median": 0.000993105350062251,
  "happy_max": 0.9999473690986633,
  "neutral_mean": 0.2785273790359497,
  "neutral_std": 0.37052470445632935,
  "neutral_median": 0.029565388336777687,
  "neutral_max": 0.9991186857223511,
  "surprise_mean": 0.10470075160264969,
  "surprise_std": 0.26133206486701965,
  "surprise_median": 2.833879079844337e-05,
  "surprise_max": 0.9944592118263245,
  "processed_frames": 108.0,
  "video_name": "1 (6).mp4"
}