{
  "facial_symmetry_mean": 0.8014875054359436,
  "facial_symmetry_std": 0.10139954835176468,
  "facial_symmetry_median": 0.8305084109306335,
  "facial_symmetry_max": 0.9827061295509338,
  "face_width_height_ratio_mean": 0.7789449691772461,
  "face_width_height_ratio_std": 0.0737307146191597,
  "face_width_height_ratio_median": 0.7641106843948364,
  "face_width_height_ratio_max": 1.0035853385925293,
  "eye_spacing_ratio_mean": 0.6697198748588562,
  "eye_spacing_ratio_std": 0.025680337101221085,
  "eye_spacing_ratio_median": 0.6666000485420227,
  "eye_spacing_ratio_max": 0.7245221734046936,
  "jaw_ratio_mean": 0.7786893844604492,
  "jaw_ratio_std": 0.0241519995033741,
  "jaw_ratio_median": 0.7760412096977234,
  "jaw_ratio_max": 0.8258511424064636,
  "smile_intensity_mean": 0.19348172843456268,
  "smile_intensity_std": 0.1933109313249588,
  "smile_intensity_median": 0.05891437456011772,
  "smile_intensity_max": 0.49200546741485596,
  "eye_contact_mean": 0.9534574747085571,
  "eye_contact_std": 0.03808441385626793,
  "eye_contact_median": 0.9681999087333679,
  "eye_contact_max": 0.9990152716636658,
  "eye_openness_mean": 0.7992157340049744,
  "eye_openness_std": 0.27606287598609924,
  "eye_openness_median": 1.0,
  "eye_openness_max": 1.0,
  "gaze_stability_mean": 0.9789935350418091,
  "gaze_stability_std": 0.018649578094482422,
  "gaze_stability_median": 0.9843725562095642,
  "gaze_stability_max": 1.0,
  "head_tilt_mean": 0.20253005623817444,
  "head_tilt_std": 0.22933942079544067,
  "head_tilt_median": 0.09953707456588745,
  "head_tilt_max": 0.6831483840942383,
  "expression_speed_mean": 0.17875081300735474,
  "expression_speed_std": 0.19574446976184845,
  "expression_speed_median": 0.0893423855304718,
  "expression_speed_max": 0.813762903213501,
  "happy_mean": 0.019039342179894447,
  "happy_std": 0.09824562072753906,
  "happy_median": 5.5253312893910334e-05,
  "happy_max": 0.6482546329498291,
  "neutral_mean": 0.3217436671257019,
  "neutral_std": 0.37585532665252686,
  "neutral_median": 0.07991882413625717,
  "neutral_max": 0.990406334400177,
  "surprise_mean": 0.012792646884918213,
  "surprise_std": 0.07604604959487915,
  "surprise_median": 1.534699123340033e-07,
  "surprise_max": 0.5052244663238525,
  "processed_frames": 43.0,
  "video_name": "1 (8).mp4"
}