{
  "facial_symmetry_mean": 0.8440724611282349,
  "facial_symmetry_std": 0.11247055232524872,
  "facial_symmetry_median": 0.8573474884033203,
  "facial_symmetry_max": 0.9940098524093628,
  "face_width_height_ratio_mean": 1.2758407592773438,
  "face_width_height_ratio_std": 0.18384866416454315,
  "face_width_height_ratio_median": 1.3523623943328857,
  "face_width_height_ratio_max": 1.5228791236877441,
  "eye_spacing_ratio_mean": 0.6498190760612488,
  "eye_spacing_ratio_std": 0.03071943111717701,
  "eye_spacing_ratio_median": 0.6564719676971436,
  "eye_spacing_ratio_max": 0.7083925008773804,
  "jaw_ratio_mean": 0.7833653688430786,
  "jaw_ratio_std": 0.02912326715886593,
  "jaw_ratio_median": 0.7852484583854675,
  "jaw_ratio_max": 0.8573764562606812,
  "smile_intensity_mean": 0.05388842523097992,
  "smile_intensity_std": 0.0638975203037262,
  "smile_intensity_median": 0.016866914927959442,
  "smile_intensity_max": 0.30406737327575684,
  "eye_contact_mean": 0.9516627788543701,
  "eye_contact_std": 0.04352864250540733,
  "eye_contact_median": 0.9646772742271423,
  "eye_contact_max": 0.9998563528060913,
  "eye_openness_mean": 0.5845341682434082,
  "eye_openness_std": 0.2669077217578888,
  "eye_openness_median": 0.5724503397941589,
  "eye_openness_max": 1.0,
  "gaze_stability_mean": 0.9856107234954834,
  "gaze_stability_std": 0.018508194014430046,
  "gaze_stability_median": 0.9917417168617249,
  "gaze_stability_max": 1.0,
  "head_tilt_mean": 0.10381468385457993,
  "head_tilt_std": 0.08628860116004944,
  "head_tilt_median": 0.08604571223258972,
  "head_tilt_max": 0.3660193085670471,
  "expression_speed_mean": 0.1095094084739685,
  "expression_speed_std": 0.14594560861587524,
  "expression_speed_median": 0.04861404746770859,
  "expression_speed_max": 0.7693824768066406,
  "happy_mean": 0.05446832627058029,
  "happy_std": 0.19796939194202423,
  "happy_median": 0.00017426417616661638,
  "happy_max": 0.9961249828338623,
  "neutral_mean": 0.3667915463447571,
  "neutral_std": 0.4087715446949005,
  "neutral_median": 0.1165524274110794,
  "neutral_max": 0.9973154067993164,
  "surprise_mean": 0.0003933762200176716,
  "surprise_std": 0.0020571898203343153,
  "surprise_median": 1.9007899254575022e-06,
  "surprise_max": 0.01639351062476635,
  "processed_frames": 95.0,
  "video_name": "1.mp4"
}