{
  "expression_speed_max": 0.8630099967122078,
  "expression_speed_mean": 0.17364280857145786,
  "expression_speed_median": 0.07771412469446659,
  "expression_speed_std": 0.20812719129025936,
  "eye_contact_max": 0.9980634227395058,
  "eye_contact_mean": 0.938352108001709,
  "eye_contact_median": 0.9521811977028847,
  "eye_contact_std": 0.045198077801615,
  "eye_openness_max": 1.0,
  "eye_openness_mean": 0.880802795290947,
  "eye_openness_median": 0.9465562924742699,
  "eye_openness_std": 0.18332463037222624,
  "eye_spacing_ratio_max": 0.7286176159977913,
  "eye_spacing_ratio_mean": 0.6517599672079086,
  "eye_spacing_ratio_median": 0.6519696041941643,
  "eye_spacing_ratio_std": 0.025862721260637045,
  "face_width_height_ratio_max": 0.8888117372989655,
  "face_width_height_ratio_mean": 0.7206506356596947,
  "face_width_height_ratio_median": 0.7357982248067856,
  "face_width_height_ratio_std": 0.08433885662816465,
  "facial_symmetry_max": 0.9873895719647408,
  "facial_symmetry_mean": 0.8301196321845055,
  "facial_symmetry_median": 0.8295717090368271,
  "facial_symmetry_std": 0.09354421310126781,
  "gaze_stability_max": 1.0,
  "gaze_stability_mean": 0.979998916387558,
  "gaze_stability_median": 0.9883202537894249,
  "gaze_stability_std": 0.02523702324833721,
  "happy_max": 0.9431380406022072,
  "happy_mean": 0.15820760116912425,
  "happy_median": 0.0574757860867976,
  "happy_std": 0.2719136942178011,
  "head_tilt_max": 0.7304496392607689,
  "head_tilt_mean": 0.2305272901430726,
  "head_tilt_median": 0.1749068833887577,
  "head_tilt_std": 0.20540287159383297,
  "jaw_ratio_max": 0.8375277072191238,
  "jaw_ratio_mean": 0.7872804701328278,
  "jaw_ratio_median": 0.7864179238677025,
  "jaw_ratio_std": 0.02075456199236214,
  "neutral_max": 0.9971815198659897,
  "neutral_mean": 0.3082003970630467,
  "neutral_median": 0.15367280936334282,
  "neutral_std": 0.3566069230437279,
  "processed_frames": 75.375,
  "smile_intensity_max": 0.8239167779684067,
  "smile_intensity_mean": 0.30373841151595116,
  "smile_intensity_median": 0.24819816160015762,
  "smile_intensity_std": 0.24176067672669888,
  "surprise_max": 0.7508596887346357,
  "surprise_mean": 0.053002939152065665,
  "surprise_median": 0.00011558086007745771,
  "surprise_std": 0.16004286365932785,
  "video_count": 8.0,
  "valid_video_count": 8.0,
  "valid_video_ratio": 1.0,
  "total_processed_frames": 603.0,
  "avg_processed_frames": 75.375,
  "quality_score": 0.8009999999999999,
  "person_name": "Han Hyo-joo"
}