{
  "facial_symmetry_mean": 0.9049952030181885,
  "facial_symmetry_std": 0.06906987726688385,
  "facial_symmetry_median": 0.9141139984130859,
  "facial_symmetry_max": 0.9988061189651489,
  "face_width_height_ratio_mean": 1.0759224891662598,
  "face_width_height_ratio_std": 0.09855972975492477,
  "face_width_height_ratio_median": 1.0728163719177246,
  "face_width_height_ratio_max": 1.4456932544708252,
  "eye_spacing_ratio_mean": 0.650580108165741,
  "eye_spacing_ratio_std": 0.029009753838181496,
  "eye_spacing_ratio_median": 0.6511386632919312,
  "eye_spacing_ratio_max": 0.8028067350387573,
  "jaw_ratio_mean": 0.7720904350280762,
  "jaw_ratio_std": 0.017349036410450935,
  "jaw_ratio_median": 0.7709236145019531,
  "jaw_ratio_max": 0.8371157646179199,
  "smile_intensity_mean": 0.08044293522834778,
  "smile_intensity_std": 0.14225226640701294,
  "smile_intensity_median": 0.008575685322284698,
  "smile_intensity_max": 0.6804175972938538,
  "eye_contact_mean": 0.9756647348403931,
  "eye_contact_std": 0.0244325902312994,
  "eye_contact_median": 0.9819526076316833,
  "eye_contact_max": 0.9993153214454651,
  "eye_openness_mean": 0.7901660799980164,
  "eye_openness_std": 0.22084791958332062,
  "eye_openness_median": 0.8174400329589844,
  "eye_openness_max": 1.0,
  "gaze_stability_mean": 0.9837843775749207,
  "gaze_stability_std": 0.023504992946982384,
  "gaze_stability_median": 0.9915170073509216,
  "gaze_stability_max": 1.0,
  "head_tilt_mean": 0.09409844130277634,
  "head_tilt_std": 0.09096366912126541,
  "head_tilt_median": 0.06448917090892792,
  "head_tilt_max": 0.36018654704093933,
  "expression_speed_mean": 0.16803959012031555,
  "expression_speed_std": 0.18351784348487854,
  "expression_speed_median": 0.06714749336242676,
  "expression_speed_max": 0.688529372215271,
  "happy_mean": 0.0993661880493164,
  "happy_std": 0.24610698223114014,
  "happy_median": 0.00046155613381415606,
  "happy_max": 0.9981430768966675,
  "neutral_mean": 0.36943185329437256,
  "neutral_std": 0.41914311051368713,
  "neutral_median": 0.0917368233203888,
  "neutral_max": 0.999993622303009,
  "surprise_mean": 0.033341679722070694,
  "surprise_std": 0.12964794039726257,
  "surprise_median": 5.9469384723342955e-05,
  "surprise_max": 0.9730774164199829,
  "processed_frames": 128.0,
  "video_name": "1 (2).mp4"
}