{
  "facial_symmetry_mean": 0.9133010506629944,
  "facial_symmetry_std": 0.04573887214064598,
  "facial_symmetry_median": 0.9170784950256348,
  "facial_symmetry_max": 0.9973890781402588,
  "face_width_height_ratio_mean": 0.8068602681159973,
  "face_width_height_ratio_std": 0.06544571369886398,
  "face_width_height_ratio_median": 0.8149687051773071,
  "face_width_height_ratio_max": 1.0491210222244263,
  "eye_spacing_ratio_mean": 0.6406338214874268,
  "eye_spacing_ratio_std": 0.0294090174138546,
  "eye_spacing_ratio_median": 0.6451934576034546,
  "eye_spacing_ratio_max": 0.718326210975647,
  "jaw_ratio_mean": 0.7892581820487976,
  "jaw_ratio_std": 0.02572553977370262,
  "jaw_ratio_median": 0.787381649017334,
  "jaw_ratio_max": 0.8783227205276489,
  "smile_intensity_mean": 0.0851542055606842,
  "smile_intensity_std": 0.18242968618869781,
  "smile_intensity_median": 0.012215192429721355,
  "smile_intensity_max": 1.0,
  "eye_contact_mean": 0.9648276567459106,
  "eye_contact_std": 0.02769019454717636,
  "eye_contact_median": 0.9698305130004883,
  "eye_contact_max": 0.9995434880256653,
  "eye_openness_mean": 0.6774988174438477,
  "eye_openness_std": 0.32032763957977295,
  "eye_openness_median": 0.7279214859008789,
  "eye_openness_max": 1.0,
  "gaze_stability_mean": 0.9872696399688721,
  "gaze_stability_std": 0.017577772960066795,
  "gaze_stability_median": 0.9943245053291321,
  "gaze_stability_max": 1.0,
  "head_tilt_mean": 0.10134568810462952,
  "head_tilt_std": 0.12340947240591049,
  "head_tilt_median": 0.07129371166229248,
  "head_tilt_max": 0.7417312264442444,
  "expression_speed_mean": 0.16158662736415863,
  "expression_speed_std": 0.23030538856983185,
  "expression_speed_median": 0.058352645486593246,
  "expression_speed_max": 1.0,
  "happy_mean": 0.10878481715917587,
  "happy_std": 0.262921541929245,
  "happy_median": 0.0006024412577971816,
  "happy_max": 0.9971879720687866,
  "neutral_mean": 0.304951548576355,
  "neutral_std": 0.3532774746417999,
  "neutral_median": 0.0816909596323967,
  "neutral_max": 0.9977852702140808,
  "surprise_mean": 0.014962723478674889,
  "surprise_std": 0.07770327478647232,
  "surprise_median": 9.10461021703668e-05,
  "surprise_max": 0.7362231016159058,
  "processed_frames": 162.0,
  "video_name": "1 (3).mp4"
}