{
  "facial_symmetry_mean": 0.9232954382896423,
  "facial_symmetry_std": 0.069318987429142,
  "facial_symmetry_median": 0.9537453651428223,
  "facial_symmetry_max": 0.9997977018356323,
  "face_width_height_ratio_mean": 0.7755247354507446,
  "face_width_height_ratio_std": 0.0742935985326767,
  "face_width_height_ratio_median": 0.7962503433227539,
  "face_width_height_ratio_max": 0.9689168930053711,
  "eye_spacing_ratio_mean": 0.6568183898925781,
  "eye_spacing_ratio_std": 0.030694959685206413,
  "eye_spacing_ratio_median": 0.6509336829185486,
  "eye_spacing_ratio_max": 0.766247570514679,
  "jaw_ratio_mean": 0.7819874882698059,
  "jaw_ratio_std": 0.027532536536455154,
  "jaw_ratio_median": 0.7783655524253845,
  "jaw_ratio_max": 0.8814982771873474,
  "smile_intensity_mean": 0.12997421622276306,
  "smile_intensity_std": 0.20013321936130524,
  "smile_intensity_median": 0.016797330230474472,
  "smile_intensity_max": 0.8282765746116638,
  "eye_contact_mean": 0.9737681150436401,
  "eye_contact_std": 0.01992829702794552,
  "eye_contact_median": 0.9802383184432983,
  "eye_contact_max": 0.9996985197067261,
  "eye_openness_mean": 0.7130131125450134,
  "eye_openness_std": 0.2976733446121216,
  "eye_openness_median": 0.7557334899902344,
  "eye_openness_max": 1.0,
  "gaze_stability_mean": 0.9884684681892395,
  "gaze_stability_std": 0.014634603634476662,
  "gaze_stability_median": 0.9938485622406006,
  "gaze_stability_max": 1.0,
  "head_tilt_mean": 0.15208670496940613,
  "head_tilt_std": 0.2142719328403473,
  "head_tilt_median": 0.07496006786823273,
  "head_tilt_max": 1.0,
  "expression_speed_mean": 0.133528470993042,
  "expression_speed_std": 0.17191503942012787,
  "expression_speed_median": 0.059285588562488556,
  "expression_speed_max": 1.0,
  "happy_mean": 0.08515185862779617,
  "happy_std": 0.2353859841823578,
  "happy_median": 0.000554156256839633,
  "happy_max": 0.9987868070602417,
  "neutral_mean": 0.26661157608032227,
  "neutral_std": 0.3424983620643616,
  "neutral_median": 0.0942072719335556,
  "neutral_max": 0.9974888563156128,
  "surprise_mean": 0.050067510455846786,
  "surprise_std": 0.1979845017194748,
  "surprise_median": 2.6605637231114088e-06,
  "surprise_max": 0.9818137288093567,
  "processed_frames": 156.0,
  "video_name": "1 (4).mp4"
}