{
  "facial_symmetry_mean": 0.9046763777732849,
  "facial_symmetry_std": 0.06858783215284348,
  "facial_symmetry_median": 0.9132106304168701,
  "facial_symmetry_max": 0.9978139996528625,
  "face_width_height_ratio_mean": 1.0748440027236938,
  "face_width_height_ratio_std": 0.09841969609260559,
  "face_width_height_ratio_median": 1.0706305503845215,
  "face_width_height_ratio_max": 1.4415035247802734,
  "eye_spacing_ratio_mean": 0.6506271958351135,
  "eye_spacing_ratio_std": 0.02888217195868492,
  "eye_spacing_ratio_median": 0.6511629819869995,
  "eye_spacing_ratio_max": 0.802422046661377,
  "jaw_ratio_mean": 0.7718260884284973,
  "jaw_ratio_std": 0.01712694764137268,
  "jaw_ratio_median": 0.7707263231277466,
  "jaw_ratio_max": 0.8365554809570312,
  "smile_intensity_mean": 0.08161883056163788,
  "smile_intensity_std": 0.14125217497348785,
  "smile_intensity_median": 0.008013894781470299,
  "smile_intensity_max": 0.6770009994506836,
  "eye_contact_mean": 0.9754399657249451,
  "eye_contact_std": 0.023890705779194832,
  "eye_contact_median": 0.9822084903717041,
  "eye_contact_max": 0.9990074634552002,
  "eye_openness_mean": 0.7872188091278076,
  "eye_openness_std": 0.22146005928516388,
  "eye_openness_median": 0.8048681616783142,
  "eye_openness_max": 1.0,
  "gaze_stability_mean": 0.9841079711914062,
  "gaze_stability_std": 0.022529490292072296,
  "gaze_stability_median": 0.9913032054901123,
  "gaze_stability_max": 1.0,
  "head_tilt_mean": 0.09415167570114136,
  "head_tilt_std": 0.09060735255479813,
  "head_tilt_median": 0.06569281220436096,
  "head_tilt_max": 0.3601105511188507,
  "expression_speed_mean": 0.16709382832050323,
  "expression_speed_std": 0.1823590099811554,
  "expression_speed_median": 0.07894881069660187,
  "expression_speed_max": 0.7212659120559692,
  "happy_mean": 0.0890398919582367,
  "happy_std": 0.22211571037769318,
  "happy_median": 0.00013621662219520658,
  "happy_max": 0.9996886849403381,
  "neutral_mean": 0.34060561656951904,
  "neutral_std": 0.41283345222473145,
  "neutral_median": 0.02969285659492016,
  "neutral_max": 0.9999914169311523,
  "surprise_mean": 0.039606187492609024,
  "surprise_std": 0.1318071037530899,
  "surprise_median": 7.488222763640806e-05,
  "surprise_max": 0.7558997273445129,
  "processed_frames": 129.0,
  "video_name": "1.mp4"
}