{
  "expression_speed_max": 0.8524488210678101,
  "expression_speed_mean": 0.15756212919950485,
  "expression_speed_median": 0.06593363452702761,
  "expression_speed_std": 0.1920243203639984,
  "eye_contact_max": 0.9993911981582642,
  "eye_contact_mean": 0.9724251180887222,
  "eye_contact_median": 0.9785574823617935,
  "eye_contact_std": 0.023985446896404028,
  "eye_openness_max": 1.0,
  "eye_openness_mean": 0.7419742047786713,
  "eye_openness_median": 0.776490792632103,
  "eye_openness_std": 0.26507724076509476,
  "eye_spacing_ratio_max": 0.772450640797615,
  "eye_spacing_ratio_mean": 0.6496648788452148,
  "eye_spacing_ratio_median": 0.6496071964502335,
  "eye_spacing_ratio_std": 0.029498975723981857,
  "face_width_height_ratio_max": 1.226308673620224,
  "face_width_height_ratio_mean": 0.9332878738641739,
  "face_width_height_ratio_median": 0.9386664927005768,
  "face_width_height_ratio_std": 0.08417968451976776,
  "facial_symmetry_max": 0.9984517246484756,
  "facial_symmetry_mean": 0.9115670174360275,
  "facial_symmetry_median": 0.9245371222496033,
  "facial_symmetry_std": 0.06317889224737883,
  "gaze_stability_max": 1.0,
  "gaze_stability_mean": 0.9859076142311096,
  "gaze_stability_median": 0.9927483201026917,
  "gaze_stability_std": 0.019561714958399534,
  "happy_max": 0.9984516352415085,
  "happy_mean": 0.09558568894863129,
  "happy_median": 0.0004385925676615443,
  "happy_std": 0.24163255468010902,
  "head_tilt_max": 0.6155070811510086,
  "head_tilt_mean": 0.11042062751948833,
  "head_tilt_median": 0.06910894066095352,
  "head_tilt_std": 0.12981310673058033,
  "jaw_ratio_max": 0.8583730608224869,
  "jaw_ratio_mean": 0.7787905484437943,
  "jaw_ratio_median": 0.7768492847681046,
  "jaw_ratio_std": 0.021933515090495348,
  "neutral_max": 0.9988147914409637,
  "neutral_mean": 0.3204001486301422,
  "neutral_median": 0.07433197787031531,
  "neutral_std": 0.381938099861145,
  "processed_frames": 143.75,
  "smile_intensity_max": 0.7964237928390503,
  "smile_intensity_mean": 0.09429754689335823,
  "smile_intensity_median": 0.011400525690987706,
  "smile_intensity_std": 0.16651683673262596,
  "surprise_max": 0.8617534935474396,
  "surprise_mean": 0.03449452528730035,
  "surprise_median": 5.7014569563307305e-05,
  "surprise_std": 0.1342857051640749,
  "video_count": 4.0,
  "valid_video_count": 4.0,
  "valid_video_ratio": 1.0,
  "total_processed_frames": 575.0,
  "avg_processed_frames": 143.75,
  "quality_score": 0.9833333333333334,
  "person_name": "Oh Se Young"
}