{
  "facial_symmetry_mean": 0.880584180355072,
  "facial_symmetry_std": 0.014863988384604454,
  "facial_symmetry_median": 0.8835270404815674,
  "facial_symmetry_max": 0.9151778817176819,
  "face_width_height_ratio_mean": 1.4105795621871948,
  "face_width_height_ratio_std": 0.053553733974695206,
  "face_width_height_ratio_median": 1.4194575548171997,
  "face_width_height_ratio_max": 1.5131664276123047,
  "eye_spacing_ratio_mean": 0.6179118156433105,
  "eye_spacing_ratio_std": 0.018939614295959473,
  "eye_spacing_ratio_median": 0.6216362714767456,
  "eye_spacing_ratio_max": 0.6566144227981567,
  "jaw_ratio_mean": 0.8002492785453796,
  "jaw_ratio_std": 0.011179660446941853,
  "jaw_ratio_median": 0.8021286725997925,
  "jaw_ratio_max": 0.8236141800880432,
  "smile_intensity_mean": 0.25063851475715637,
  "smile_intensity_std": 0.12985767424106598,
  "smile_intensity_median": 0.29381728172302246,
  "smile_intensity_max": 0.6474438905715942,
  "eye_contact_mean": 0.971694827079773,
  "eye_contact_std": 0.018706871196627617,
  "eye_contact_median": 0.9790549874305725,
  "eye_contact_max": 0.9992878437042236,
  "eye_openness_mean": 0.39404886960983276,
  "eye_openness_std": 0.08581598848104477,
  "eye_openness_median": 0.40779244899749756,
  "eye_openness_max": 0.5189483761787415,
  "gaze_stability_mean": 0.994709849357605,
  "gaze_stability_std": 0.006530887447297573,
  "gaze_stability_median": 0.9969379901885986,
  "gaze_stability_max": 1.0,
  "head_tilt_mean": 0.018397100269794464,
  "head_tilt_std": 0.014278835617005825,
  "head_tilt_median": 0.0159589946269989,
  "head_tilt_max": 0.08821576833724976,
  "expression_speed_mean": 0.08504847437143326,
  "expression_speed_std": 0.09643092751502991,
  "expression_speed_median": 0.037325769662857056,
  "expression_speed_max": 0.46792906522750854,
  "happy_mean": 0.4085272550582886,
  "happy_std": 0.4157494604587555,
  "happy_median": 0.19933323562145233,
  "happy_max": 0.9999993443489075,
  "neutral_mean": 0.20198702812194824,
  "neutral_std": 0.31763002276420593,
  "neutral_median": 0.023994140326976776,
  "neutral_max": 0.9976251721382141,
  "surprise_mean": 0.09868884086608887,
  "surprise_std": 0.23278871178627014,
  "surprise_median": 0.001587216043844819,
  "surprise_max": 0.9812038540840149,
  "processed_frames": 294.0,
  "video_name": "1.mp4"
}