{
  "facial_symmetry_mean": 0.8408440351486206,
  "facial_symmetry_std": 0.09892349690198898,
  "facial_symmetry_median": 0.8730618357658386,
  "facial_symmetry_max": 0.9992437958717346,
  "face_width_height_ratio_mean": 1.3208366632461548,
  "face_width_height_ratio_std": 0.13003510236740112,
  "face_width_height_ratio_median": 1.3230279684066772,
  "face_width_height_ratio_max": 1.7194753885269165,
  "eye_spacing_ratio_mean": 0.6253982782363892,
  "eye_spacing_ratio_std": 0.034742485731840134,
  "eye_spacing_ratio_median": 0.6201337575912476,
  "eye_spacing_ratio_max": 0.7993800044059753,
  "jaw_ratio_mean": 0.8013979196548462,
  "jaw_ratio_std": 0.0232265442609787,
  "jaw_ratio_median": 0.8003088235855103,
  "jaw_ratio_max": 0.8613353967666626,
  "smile_intensity_mean": 0.2193884402513504,
  "smile_intensity_std": 0.1445361077785492,
  "smile_intensity_median": 0.2578893005847931,
  "smile_intensity_max": 0.6480463743209839,
  "eye_contact_mean": 0.9635322093963623,
  "eye_contact_std": 0.043701689690351486,
  "eye_contact_median": 0.9804314970970154,
  "eye_contact_max": 0.9991110563278198,
  "eye_openness_mean": 0.5766014456748962,
  "eye_openness_std": 0.27495086193084717,
  "eye_openness_median": 0.44152238965034485,
  "eye_openness_max": 1.0,
  "gaze_stability_mean": 0.9812632203102112,
  "gaze_stability_std": 0.03549028933048248,
  "gaze_stability_median": 0.9941815733909607,
  "gaze_stability_max": 1.0,
  "head_tilt_mean": 0.07732097059488297,
  "head_tilt_std": 0.05678630620241165,
  "head_tilt_median": 0.06457701325416565,
  "head_tilt_max": 0.2438950538635254,
  "expression_speed_mean": 0.09980711340904236,
  "expression_speed_std": 0.12499500066041946,
  "expression_speed_median": 0.04258238896727562,
  "expression_speed_max": 0.7073782682418823,
  "happy_mean": 0.5053327083587646,
  "happy_std": 0.4547777473926544,
  "happy_median": 0.6856759190559387,
  "happy_max": 0.9999980330467224,
  "neutral_mean": 0.17391498386859894,
  "neutral_std": 0.2656542658805847,
  "neutral_median": 0.027607375755906105,
  "neutral_max": 0.9986922144889832,
  "surprise_mean": 0.02152271941304207,
  "surprise_std": 0.1204749271273613,
  "surprise_median": 2.3398206394631416e-05,
  "surprise_max": 0.9716597199440002,
  "processed_frames": 177.0,
  "video_name": "2.mp4"
}