{
  "facial_symmetry_mean": 0.7313918471336365,
  "facial_symmetry_std": 0.08209366351366043,
  "facial_symmetry_median": 0.7226118445396423,
  "facial_symmetry_max": 0.8752917647361755,
  "face_width_height_ratio_mean": 1.3077032566070557,
  "face_width_height_ratio_std": 0.11760913580656052,
  "face_width_height_ratio_median": 1.3294777870178223,
  "face_width_height_ratio_max": 1.463632345199585,
  "eye_spacing_ratio_mean": 0.6433273553848267,
  "eye_spacing_ratio_std": 0.024268653243780136,
  "eye_spacing_ratio_median": 0.6534436941146851,
  "eye_spacing_ratio_max": 0.6823562979698181,
  "jaw_ratio_mean": 0.7852749824523926,
  "jaw_ratio_std": 0.01766888052225113,
  "jaw_ratio_median": 0.7845780253410339,
  "jaw_ratio_max": 0.8702979683876038,
  "smile_intensity_mean": 0.15983407199382782,
  "smile_intensity_std": 0.12525075674057007,
  "smile_intensity_median": 0.21098659932613373,
  "smile_intensity_max": 0.4863387644290924,
  "eye_contact_mean": 0.952457070350647,
  "eye_contact_std": 0.03055085986852646,
  "eye_contact_median": 0.9604772925376892,
  "eye_contact_max": 0.9978465437889099,
  "eye_openness_mean": 0.7883016467094421,
  "eye_openness_std": 0.2239845246076584,
  "eye_openness_median": 0.8489498496055603,
  "eye_openness_max": 1.0,
  "gaze_stability_mean": 0.988873302936554,
  "gaze_stability_std": 0.013462257571518421,
  "gaze_stability_median": 0.9930470585823059,
  "gaze_stability_max": 1.0,
  "head_tilt_mean": 0.08358084410429001,
  "head_tilt_std": 0.05972067266702652,
  "head_tilt_median": 0.07350832223892212,
  "head_tilt_max": 0.2943817377090454,
  "expression_speed_mean": 0.1073327586054802,
  "expression_speed_std": 0.13933078944683075,
  "expression_speed_median": 0.05313609540462494,
  "expression_speed_max": 0.8398982882499695,
  "happy_mean": 0.40923386812210083,
  "happy_std": 0.46274352073669434,
  "happy_median": 0.04477350413799286,
  "happy_max": 0.9999988675117493,
  "neutral_mean": 0.21396183967590332,
  "neutral_std": 0.32692015171051025,
  "neutral_median": 0.008982152678072453,
  "neutral_max": 0.997277021408081,
  "surprise_mean": 0.00037280243122950196,
  "surprise_std": 0.0015491503290832043,
  "surprise_median": 2.2736926439392846e-06,
  "surprise_max": 0.012368227355182171,
  "processed_frames": 155.0,
  "video_name": "5.mp4"
}