{
  "facial_symmetry_mean": 0.9011254906654358,
  "facial_symmetry_std": 0.0548739992082119,
  "facial_symmetry_median": 0.9099439382553101,
  "facial_symmetry_max": 0.9952517747879028,
  "face_width_height_ratio_mean": 1.2764912843704224,
  "face_width_height_ratio_std": 0.17015376687049866,
  "face_width_height_ratio_median": 1.3189916610717773,
  "face_width_height_ratio_max": 1.536013126373291,
  "eye_spacing_ratio_mean": 0.6810929775238037,
  "eye_spacing_ratio_std": 0.012500619515776634,
  "eye_spacing_ratio_median": 0.6809380054473877,
  "eye_spacing_ratio_max": 0.708264172077179,
  "jaw_ratio_mean": 0.7602922320365906,
  "jaw_ratio_std": 0.020763467997312546,
  "jaw_ratio_median": 0.7554965019226074,
  "jaw_ratio_max": 0.8164305090904236,
  "smile_intensity_mean": 0.16700439155101776,
  "smile_intensity_std": 0.1512422114610672,
  "smile_intensity_median": 0.18166318535804749,
  "smile_intensity_max": 0.7292872667312622,
  "eye_contact_mean": 0.9820550680160522,
  "eye_contact_std": 0.01225768867880106,
  "eye_contact_median": 0.9835861921310425,
  "eye_contact_max": 0.9995092153549194,
  "eye_openness_mean": 0.691509485244751,
  "eye_openness_std": 0.2351330816745758,
  "eye_openness_median": 0.7560571432113647,
  "eye_openness_max": 1.0,
  "gaze_stability_mean": 0.992139458656311,
  "gaze_stability_std": 0.009588295593857765,
  "gaze_stability_median": 0.9952051043510437,
  "gaze_stability_max": 1.0,
  "head_tilt_mean": 0.12387816607952118,
  "head_tilt_std": 0.11046236753463745,
  "head_tilt_median": 0.1012410968542099,
  "head_tilt_max": 0.41651055216789246,
  "expression_speed_mean": 0.19005316495895386,
  "expression_speed_std": 0.18637122213840485,
  "expression_speed_median": 0.10584773123264313,
  "expression_speed_max": 0.6918327212333679,
  "happy_mean": 0.5594291090965271,
  "happy_std": 0.40822717547416687,
  "happy_median": 0.6630313992500305,
  "happy_max": 0.9999998211860657,
  "neutral_mean": 0.286124587059021,
  "neutral_std": 0.38111695647239685,
  "neutral_median": 0.04740683361887932,
  "neutral_max": 0.9984220862388611,
  "surprise_mean": 0.03594476357102394,
  "surprise_std": 0.12713296711444855,
  "surprise_median": 1.0558848771324847e-05,
  "surprise_max": 0.6778391003608704,
  "processed_frames": 88.0,
  "video_name": "6.mp4"
}