{
  "facial_symmetry_mean": 0.828421413898468,
  "facial_symmetry_std": 0.10333158820867538,
  "facial_symmetry_median": 0.8628544807434082,
  "facial_symmetry_max": 0.9823187589645386,
  "face_width_height_ratio_mean": 0.9697944521903992,
  "face_width_height_ratio_std": 0.12218760699033737,
  "face_width_height_ratio_median": 0.9949682950973511,
  "face_width_height_ratio_max": 1.177459716796875,
  "eye_spacing_ratio_mean": 0.6513504981994629,
  "eye_spacing_ratio_std": 0.03196550905704498,
  "eye_spacing_ratio_median": 0.6514348983764648,
  "eye_spacing_ratio_max": 0.7651821374893188,
  "jaw_ratio_mean": 0.7787884473800659,
  "jaw_ratio_std": 0.023168440908193588,
  "jaw_ratio_median": 0.7790464162826538,
  "jaw_ratio_max": 0.8537403345108032,
  "smile_intensity_mean": 0.18957795202732086,
  "smile_intensity_std": 0.232495978474617,
  "smile_intensity_median": 0.08216089755296707,
  "smile_intensity_max": 1.0,
  "eye_contact_mean": 0.9442468881607056,
  "eye_contact_std": 0.034304920583963394,
  "eye_contact_median": 0.9457124471664429,
  "eye_contact_max": 0.994439959526062,
  "eye_openness_mean": 0.8513566851615906,
  "eye_openness_std": 0.2552742660045624,
  "eye_openness_median": 1.0,
  "eye_openness_max": 1.0,
  "gaze_stability_mean": 0.983303427696228,
  "gaze_stability_std": 0.0263629462569952,
  "gaze_stability_median": 0.9917479157447815,
  "gaze_stability_max": 1.0,
  "head_tilt_mean": 0.10953376442193985,
  "head_tilt_std": 0.08373943716287613,
  "head_tilt_median": 0.10323226451873779,
  "head_tilt_max": 0.46215906739234924,
  "expression_speed_mean": 0.14468631148338318,
  "expression_speed_std": 0.1919335126876831,
  "expression_speed_median": 0.061117056757211685,
  "expression_speed_max": 1.0,
  "happy_mean": 0.10598256438970566,
  "happy_std": 0.2668357491493225,
  "happy_median": 0.0011164122261106968,
  "happy_max": 0.9971597194671631,
  "neutral_mean": 0.22844776511192322,
  "neutral_std": 0.32137665152549744,
  "neutral_median": 0.056243136525154114,
  "neutral_max": 0.9985010027885437,
  "surprise_mean": 0.05187831073999405,
  "surprise_std": 0.1647578477859497,
  "surprise_median": 0.000154837965965271,
  "surprise_max": 0.9577547907829285,
  "processed_frames": 160.0,
  "video_name": "7.mp4"
}