{
  "expression_speed_max": 0.7048944703170231,
  "expression_speed_mean": 0.12745391683919088,
  "expression_speed_median": 0.05969325293387685,
  "expression_speed_std": 0.1499129363468715,
  "eye_contact_max": 0.9984413640839713,
  "eye_contact_mean": 0.9624936069761004,
  "eye_contact_median": 0.972798935004643,
  "eye_contact_std": 0.03336239965366466,
  "eye_openness_max": 0.8998692291123527,
  "eye_openness_mean": 0.6772057414054871,
  "eye_openness_median": 0.7084877278123584,
  "eye_openness_std": 0.19578650061573302,
  "eye_spacing_ratio_max": 0.7265233652932304,
  "eye_spacing_ratio_mean": 0.6468501772199359,
  "eye_spacing_ratio_median": 0.6496276003973824,
  "eye_spacing_ratio_std": 0.025293828387345587,
  "face_width_height_ratio_max": 1.505070686340332,
  "face_width_height_ratio_mean": 1.2618267791611808,
  "face_width_height_ratio_median": 1.2763644456863403,
  "face_width_height_ratio_std": 0.1355122226689543,
  "facial_symmetry_max": 0.9601728320121765,
  "facial_symmetry_mean": 0.8308497837611607,
  "facial_symmetry_median": 0.8392435823168073,
  "facial_symmetry_std": 0.07194974832236767,
  "gaze_stability_max": 1.0,
  "gaze_stability_mean": 0.9858521478516715,
  "gaze_stability_median": 0.9935789959771293,
  "gaze_stability_std": 0.021906293662531034,
  "happy_max": 0.9995748230389186,
  "happy_mean": 0.3304946262921606,
  "happy_median": 0.22790551562918285,
  "happy_std": 0.3772032026733671,
  "head_tilt_max": 0.30654552578926086,
  "head_tilt_mean": 0.09534912822502,
  "head_tilt_median": 0.08147994322436196,
  "head_tilt_std": 0.0710925277588623,
  "jaw_ratio_max": 0.842298013823373,
  "jaw_ratio_mean": 0.7827896731240409,
  "jaw_ratio_median": 0.7819393447467259,
  "jaw_ratio_std": 0.0202579331983413,
  "neutral_max": 0.9980730499540057,
  "neutral_mean": 0.2546855849879129,
  "neutral_median": 0.11613989055954985,
  "neutral_std": 0.3367518825190408,
  "processed_frames": 148.71428571428572,
  "smile_intensity_max": 0.6480736604758671,
  "smile_intensity_mean": 0.1864639265196664,
  "smile_intensity_median": 0.18944384264094488,
  "smile_intensity_std": 0.1486801238996642,
  "surprise_max": 0.6269072617537209,
  "surprise_mean": 0.04083182462324787,
  "surprise_median": 0.00026536018211638157,
  "surprise_std": 0.11793204546639961,
  "video_count": 7.0,
  "valid_video_count": 7.0,
  "valid_video_ratio": 1.0,
  "total_processed_frames": 1041.0,
  "avg_processed_frames": 148.71428571428572,
  "quality_score": 0.9965714285714286,
  "person_name": "Nguyễn Ngoc Huyền"
}