{
  "facial_symmetry_mean": 0.7396256327629089,
  "facial_symmetry_std": 0.13016657531261444,
  "facial_symmetry_median": 0.7101148366928101,
  "facial_symmetry_max": 0.9960945844650269,
  "face_width_height_ratio_mean": 1.0079342126846313,
  "face_width_height_ratio_std": 0.10013929009437561,
  "face_width_height_ratio_median": 1.02109694480896,
  "face_width_height_ratio_max": 1.3270254135131836,
  "eye_spacing_ratio_mean": 0.6413384675979614,
  "eye_spacing_ratio_std": 0.034115541726350784,
  "eye_spacing_ratio_median": 0.6438618898391724,
  "eye_spacing_ratio_max": 0.7247971296310425,
  "jaw_ratio_mean": 0.7878610491752625,
  "jaw_ratio_std": 0.01887933909893036,
  "jaw_ratio_median": 0.7877776622772217,
  "jaw_ratio_max": 0.8396244049072266,
  "smile_intensity_mean": 0.3188318610191345,
  "smile_intensity_std": 0.2406149059534073,
  "smile_intensity_median": 0.33835849165916443,
  "smile_intensity_max": 1.0,
  "eye_contact_mean": 0.8978074193000793,
  "eye_contact_std": 0.07860492169857025,
  "eye_contact_median": 0.9100549221038818,
  "eye_contact_max": 0.9997916221618652,
  "eye_openness_mean": 0.9091305732727051,
  "eye_openness_std": 0.20277175307273865,
  "eye_openness_median": 1.0,
  "eye_openness_max": 1.0,
  "gaze_stability_mean": 0.957363486289978,
  "gaze_stability_std": 0.05150284990668297,
  "gaze_stability_median": 0.9784412980079651,
  "gaze_stability_max": 1.0,
  "head_tilt_mean": 0.16621872782707214,
  "head_tilt_std": 0.12145756930112839,
  "head_tilt_median": 0.14373555779457092,
  "head_tilt_max": 0.7834002375602722,
  "expression_speed_mean": 0.23682403564453125,
  "expression_speed_std": 0.23245073854923248,
  "expression_speed_median": 0.13884299993515015,
  "expression_speed_max": 1.0,
  "happy_mean": 0.25657132267951965,
  "happy_std": 0.4045266807079315,
  "happy_median": 0.001172213233076036,
  "happy_max": 1.0,
  "neutral_mean": 0.2503841817378998,
  "neutral_std": 0.37162166833877563,
  "neutral_median": 0.009969930164515972,
  "neutral_max": 0.999991774559021,
  "surprise_mean": 0.017608385533094406,
  "surprise_std": 0.08738812804222107,
  "surprise_median": 7.222370754789154e-07,
  "surprise_max": 0.6904211640357971,
  "processed_frames": 173.0,
  "video_name": "3.mp4"
}