{
  "facial_symmetry_mean": 0.8408861756324768,
  "facial_symmetry_std": 0.09462796151638031,
  "facial_symmetry_median": 0.8256672024726868,
  "facial_symmetry_max": 0.9916805624961853,
  "face_width_height_ratio_mean": 1.0166963338851929,
  "face_width_height_ratio_std": 0.07416366040706635,
  "face_width_height_ratio_median": 1.0255478620529175,
  "face_width_height_ratio_max": 1.1343350410461426,
  "eye_spacing_ratio_mean": 0.648310124874115,
  "eye_spacing_ratio_std": 0.03043627180159092,
  "eye_spacing_ratio_median": 0.6536148190498352,
  "eye_spacing_ratio_max": 0.7639546394348145,
  "jaw_ratio_mean": 0.7815975546836853,
  "jaw_ratio_std": 0.016062697395682335,
  "jaw_ratio_median": 0.7823168039321899,
  "jaw_ratio_max": 0.8325983285903931,
  "smile_intensity_mean": 0.11941631883382797,
  "smile_intensity_std": 0.1889956295490265,
  "smile_intensity_median": 0.008308551274240017,
  "smile_intensity_max": 0.6492098569869995,
  "eye_contact_mean": 0.9591922760009766,
  "eye_contact_std": 0.03577141836285591,
  "eye_contact_median": 0.9660720229148865,
  "eye_contact_max": 0.9999516010284424,
  "eye_openness_mean": 0.9136613011360168,
  "eye_openness_std": 0.14761002361774445,
  "eye_openness_median": 1.0,
  "eye_openness_max": 1.0,
  "gaze_stability_mean": 0.9876478314399719,
  "gaze_stability_std": 0.019128695130348206,
  "gaze_stability_median": 0.9956132769584656,
  "gaze_stability_max": 1.0,
  "head_tilt_mean": 0.19300957024097443,
  "head_tilt_std": 0.1510349065065384,
  "head_tilt_median": 0.14219701290130615,
  "head_tilt_max": 0.5196707248687744,
  "expression_speed_mean": 0.08831419795751572,
  "expression_speed_std": 0.15639635920524597,
  "expression_speed_median": 0.01930081471800804,
  "expression_speed_max": 0.6634766459465027,
  "happy_mean": 0.3628368675708771,
  "happy_std": 0.43061721324920654,
  "happy_median": 0.03579293563961983,
  "happy_max": 0.9997676610946655,
  "neutral_mean": 0.36521077156066895,
  "neutral_std": 0.41434919834136963,
  "neutral_median": 0.1120079755783081,
  "neutral_max": 0.9999996423721313,
  "surprise_mean": 0.00655274698510766,
  "surprise_std": 0.030480390414595604,
  "surprise_median": 3.402645631922496e-07,
  "surprise_max": 0.26132580637931824,
  "processed_frames": 95.0,
  "video_name": "4.mp4"
}