{
  "facial_symmetry_mean": 0.8811101317405701,
  "facial_symmetry_std": 0.077504001557827,
  "facial_symmetry_median": 0.8953503370285034,
  "facial_symmetry_max": 0.9933072328567505,
  "face_width_height_ratio_mean": 0.9928803443908691,
  "face_width_height_ratio_std": 0.12494529038667679,
  "face_width_height_ratio_median": 1.0136046409606934,
  "face_width_height_ratio_max": 1.1472959518432617,
  "eye_spacing_ratio_mean": 0.6344393491744995,
  "eye_spacing_ratio_std": 0.08071044832468033,
  "eye_spacing_ratio_median": 0.6664928197860718,
  "eye_spacing_ratio_max": 0.717578649520874,
  "jaw_ratio_mean": 0.7600538730621338,
  "jaw_ratio_std": 0.030753836035728455,
  "jaw_ratio_median": 0.7549363374710083,
  "jaw_ratio_max": 0.855783998966217,
  "smile_intensity_mean": 0.04313536733388901,
  "smile_intensity_std": 0.07032569497823715,
  "smile_intensity_median": 0.013772409409284592,
  "smile_intensity_max": 0.32520321011543274,
  "eye_contact_mean": 0.9542978405952454,
  "eye_contact_std": 0.03941389545798302,
  "eye_contact_median": 0.9665043950080872,
  "eye_contact_max": 0.9998011589050293,
  "eye_openness_mean": 0.5996701121330261,
  "eye_openness_std": 0.2853166162967682,
  "eye_openness_median": 0.5493143200874329,
  "eye_openness_max": 1.0,
  "gaze_stability_mean": 0.9881386756896973,
  "gaze_stability_std": 0.018950683996081352,
  "gaze_stability_median": 0.9934036731719971,
  "gaze_stability_max": 1.0,
  "head_tilt_mean": 0.19816012680530548,
  "head_tilt_std": 0.2436458021402359,
  "head_tilt_median": 0.08830100297927856,
  "head_tilt_max": 0.6639976501464844,
  "expression_speed_mean": 0.0845920592546463,
  "expression_speed_std": 0.11453182250261307,
  "expression_speed_median": 0.052704036235809326,
  "expression_speed_max": 0.6852408051490784,
  "happy_mean": 0.31910690665245056,
  "happy_std": 0.4250306785106659,
  "happy_median": 0.0005392824532464147,
  "happy_max": 0.9999984502792358,
  "neutral_mean": 0.22743482887744904,
  "neutral_std": 0.3686774969100952,
  "neutral_median": 0.014414726756513119,
  "neutral_max": 0.9994619488716125,
  "surprise_mean": 0.012380123138427734,
  "surprise_std": 0.08299160748720169,
  "surprise_median": 6.5821177486213855e-06,
  "surprise_max": 0.7154260277748108,
  "processed_frames": 74.0,
  "video_name": "5.mp4"
}