{
  "facial_symmetry_mean": 0.8435713052749634,
  "facial_symmetry_std": 0.08638197183609009,
  "facial_symmetry_median": 0.8422892689704895,
  "facial_symmetry_max": 0.9969272017478943,
  "face_width_height_ratio_mean": 1.4234135150909424,
  "face_width_height_ratio_std": 0.07931885123252869,
  "face_width_height_ratio_median": 1.4387379884719849,
  "face_width_height_ratio_max": 1.5697745084762573,
  "eye_spacing_ratio_mean": 0.6446385383605957,
  "eye_spacing_ratio_std": 0.014925635419785976,
  "eye_spacing_ratio_median": 0.6462952494621277,
  "eye_spacing_ratio_max": 0.680953323841095,
  "jaw_ratio_mean": 0.7665978670120239,
  "jaw_ratio_std": 0.015750983729958534,
  "jaw_ratio_median": 0.7654283046722412,
  "jaw_ratio_max": 0.8039652109146118,
  "smile_intensity_mean": 0.09426434338092804,
  "smile_intensity_std": 0.1103142648935318,
  "smile_intensity_median": 0.03282346576452255,
  "smile_intensity_max": 0.5293371677398682,
  "eye_contact_mean": 0.9554349780082703,
  "eye_contact_std": 0.036746084690093994,
  "eye_contact_median": 0.9659034013748169,
  "eye_contact_max": 0.9979947805404663,
  "eye_openness_mean": 0.8630635738372803,
  "eye_openness_std": 0.17817480862140656,
  "eye_openness_median": 1.0,
  "eye_openness_max": 1.0,
  "gaze_stability_mean": 0.9902341961860657,
  "gaze_stability_std": 0.014440004713833332,
  "gaze_stability_median": 0.9953648447990417,
  "gaze_stability_max": 1.0,
  "head_tilt_mean": 0.09961552172899246,
  "head_tilt_std": 0.08024464547634125,
  "head_tilt_median": 0.07212124764919281,
  "head_tilt_max": 0.258675217628479,
  "expression_speed_mean": 0.058350615203380585,
  "expression_speed_std": 0.09640579670667648,
  "expression_speed_median": 0.02443290874361992,
  "expression_speed_max": 0.7059292197227478,
  "happy_mean": 0.21820709109306335,
  "happy_std": 0.36979541182518005,
  "happy_median": 0.003194268327206373,
  "happy_max": 0.9997603297233582,
  "neutral_mean": 0.3329610824584961,
  "neutral_std": 0.33204421401023865,
  "neutral_median": 0.23726654052734375,
  "neutral_max": 0.989730179309845,
  "surprise_mean": 0.00328384293243289,
  "surprise_std": 0.014144745655357838,
  "surprise_median": 2.6372621505288407e-05,
  "surprise_max": 0.12234999239444733,
  "processed_frames": 166.0,
  "video_name": "1 (2).mp4"
}