{
  "facial_symmetry_mean": 0.7450356483459473,
  "facial_symmetry_std": 0.08028050512075424,
  "facial_symmetry_median": 0.7438366413116455,
  "facial_symmetry_max": 0.9556864500045776,
  "face_width_height_ratio_mean": 1.4412792921066284,
  "face_width_height_ratio_std": 0.11569198220968246,
  "face_width_height_ratio_median": 1.4568610191345215,
  "face_width_height_ratio_max": 1.6230531930923462,
  "eye_spacing_ratio_mean": 0.6632453799247742,
  "eye_spacing_ratio_std": 0.01842227391898632,
  "eye_spacing_ratio_median": 0.6594967842102051,
  "eye_spacing_ratio_max": 0.7273756265640259,
  "jaw_ratio_mean": 0.7659593224525452,
  "jaw_ratio_std": 0.02062736079096794,
  "jaw_ratio_median": 0.7656713724136353,
  "jaw_ratio_max": 0.812526524066925,
  "smile_intensity_mean": 0.05524377152323723,
  "smile_intensity_std": 0.0696849673986435,
  "smile_intensity_median": 0.02580634504556656,
  "smile_intensity_max": 0.2851998507976532,
  "eye_contact_mean": 0.9305441379547119,
  "eye_contact_std": 0.04108515381813049,
  "eye_contact_median": 0.9400591850280762,
  "eye_contact_max": 0.991468071937561,
  "eye_openness_mean": 0.9834905862808228,
  "eye_openness_std": 0.07121419161558151,
  "eye_openness_median": 1.0,
  "eye_openness_max": 1.0,
  "gaze_stability_mean": 0.9839853644371033,
  "gaze_stability_std": 0.024802731350064278,
  "gaze_stability_median": 0.9920760989189148,
  "gaze_stability_max": 1.0,
  "head_tilt_mean": 0.10576971620321274,
  "head_tilt_std": 0.07124641537666321,
  "head_tilt_median": 0.08343413472175598,
  "head_tilt_max": 0.23630142211914062,
  "expression_speed_mean": 0.077320896089077,
  "expression_speed_std": 0.10885484516620636,
  "expression_speed_median": 0.03140987455844879,
  "expression_speed_max": 0.5099411010742188,
  "happy_mean": 0.1376769244670868,
  "happy_std": 0.30083081126213074,
  "happy_median": 0.003565248567610979,
  "happy_max": 0.9999997615814209,
  "neutral_mean": 0.42316344380378723,
  "neutral_std": 0.4042462706565857,
  "neutral_median": 0.2783362865447998,
  "neutral_max": 0.9986735582351685,
  "surprise_mean": 0.02829969860613346,
  "surprise_std": 0.09746038168668747,
  "surprise_median": 7.562193786725402e-05,
  "surprise_max": 0.6699420809745789,
  "processed_frames": 102.0,
  "video_name": "1 (5).mp4"
}