{
  "expression_speed_max": 0.7267498288835798,
  "expression_speed_mean": 0.09790784546307155,
  "expression_speed_median": 0.03291696043951171,
  "expression_speed_std": 0.14357801313911164,
  "eye_contact_max": 0.997724541596004,
  "eye_contact_mean": 0.957778777394976,
  "eye_contact_median": 0.9652580533708844,
  "eye_contact_std": 0.030174427798816135,
  "eye_openness_max": 0.9956935559000287,
  "eye_openness_mean": 0.8932047060557774,
  "eye_openness_median": 0.9335458534104484,
  "eye_openness_std": 0.13971184406961715,
  "eye_spacing_ratio_max": 0.7106159670012338,
  "eye_spacing_ratio_mean": 0.6528677259172712,
  "eye_spacing_ratio_median": 0.6523278270448957,
  "eye_spacing_ratio_std": 0.020327253666307245,
  "face_width_height_ratio_max": 1.3208267603601729,
  "face_width_height_ratio_mean": 1.095168867281505,
  "face_width_height_ratio_median": 1.1026953203337533,
  "face_width_height_ratio_std": 0.06988871629749026,
  "facial_symmetry_max": 0.9845317091260638,
  "facial_symmetry_mean": 0.8599172915731158,
  "facial_symmetry_median": 0.861614636012486,
  "facial_symmetry_std": 0.06808910252792495,
  "gaze_stability_max": 1.0,
  "gaze_stability_mean": 0.9878615651811872,
  "gaze_stability_median": 0.993899405002594,
  "gaze_stability_std": 0.01829131626124893,
  "happy_max": 0.9002257330077035,
  "happy_mean": 0.10730196375932012,
  "happy_median": 0.0018619516797895943,
  "happy_std": 0.2418276539870671,
  "head_tilt_max": 0.3458130104201181,
  "head_tilt_mean": 0.1115718132683209,
  "head_tilt_median": 0.0905184873512813,
  "head_tilt_std": 0.0917306627546038,
  "jaw_ratio_max": 0.8070440122059414,
  "jaw_ratio_mean": 0.7668100680623736,
  "jaw_ratio_median": 0.766014644077846,
  "jaw_ratio_std": 0.01626874559691974,
  "neutral_max": 0.9971499953951154,
  "neutral_mean": 0.3809743012700762,
  "neutral_median": 0.23865339000310218,
  "neutral_std": 0.38946821859904696,
  "processed_frames": 109.0,
  "smile_intensity_max": 0.5934912455933434,
  "smile_intensity_mean": 0.10104236751794815,
  "smile_intensity_median": 0.02668133910213198,
  "smile_intensity_std": 0.14566552266478539,
  "surprise_max": 0.7748761283499854,
  "surprise_mean": 0.07091590090255652,
  "surprise_median": 0.0002217485873968274,
  "surprise_std": 0.17943480145186186,
  "video_count": 7.0,
  "valid_video_count": 7.0,
  "valid_video_ratio": 1.0,
  "total_processed_frames": 763.0,
  "avg_processed_frames": 109.0,
  "quality_score": 0.8906666666666667,
  "person_name": "Tưởng Cần Cần"
}