{
  "facial_symmetry_mean": 0.845221757888794,
  "facial_symmetry_std": 0.062225695699453354,
  "facial_symmetry_median": 0.8460068702697754,
  "facial_symmetry_max": 0.9310081601142883,
  "face_width_height_ratio_mean": 0.565768301486969,
  "face_width_height_ratio_std": 0.04890875518321991,
  "face_width_height_ratio_median": 0.5851858854293823,
  "face_width_height_ratio_max": 0.6280937194824219,
  "eye_spacing_ratio_mean": 0.6232721209526062,
  "eye_spacing_ratio_std": 0.01825745590031147,
  "eye_spacing_ratio_median": 0.6229952573776245,
  "eye_spacing_ratio_max": 0.6737896800041199,
  "jaw_ratio_mean": 0.7841931581497192,
  "jaw_ratio_std": 0.016047334298491478,
  "jaw_ratio_median": 0.7851443290710449,
  "jaw_ratio_max": 0.83281010389328,
  "smile_intensity_mean": 0.10385864228010178,
  "smile_intensity_std": 0.16925840079784393,
  "smile_intensity_median": 0.018137695267796516,
  "smile_intensity_max": 0.5203168392181396,
  "eye_contact_mean": 0.9605541229248047,
  "eye_contact_std": 0.03487515449523926,
  "eye_contact_median": 0.9665694832801819,
  "eye_contact_max": 0.9999755620956421,
  "eye_openness_mean": 0.955191969871521,
  "eye_openness_std": 0.10438401252031326,
  "eye_openness_median": 1.0,
  "eye_openness_max": 1.0,
  "gaze_stability_mean": 0.9863952994346619,
  "gaze_stability_std": 0.025285543873906136,
  "gaze_stability_median": 0.9961575269699097,
  "gaze_stability_max": 1.0,
  "head_tilt_mean": 0.05301281809806824,
  "head_tilt_std": 0.05419819429516792,
  "head_tilt_median": 0.030008330941200256,
  "head_tilt_max": 0.1787109673023224,
  "expression_speed_mean": 0.08240562677383423,
  "expression_speed_std": 0.1274147629737854,
  "expression_speed_median": 0.022384677082300186,
  "expression_speed_max": 0.5902236104011536,
  "happy_mean": 0.010374697856605053,
  "happy_std": 0.04680495336651802,
  "happy_median": 0.0009349561296403408,
  "happy_max": 0.4012174606323242,
  "neutral_mean": 0.4203300178050995,
  "neutral_std": 0.3753000795841217,
  "neutral_median": 0.2123803198337555,
  "neutral_max": 0.9981706738471985,
  "surprise_mean": 0.07871080189943314,
  "surprise_std": 0.1893635243177414,
  "surprise_median": 0.0001476886827731505,
  "surprise_max": 0.8620551228523254,
  "processed_frames": 76.0,
  "video_name": "1.1.mp4"
}