{
  "facial_symmetry_mean": 0.9303256273269653,
  "facial_symmetry_std": 0.0771322026848793,
  "facial_symmetry_median": 0.966963529586792,
  "facial_symmetry_max": 0.9998283386230469,
  "face_width_height_ratio_mean": 0.5976802706718445,
  "face_width_height_ratio_std": 0.04543955996632576,
  "face_width_height_ratio_median": 0.612640380859375,
  "face_width_height_ratio_max": 0.7005094289779663,
  "eye_spacing_ratio_mean": 0.6362433433532715,
  "eye_spacing_ratio_std": 0.023349491879343987,
  "eye_spacing_ratio_median": 0.6427171230316162,
  "eye_spacing_ratio_max": 0.7311261892318726,
  "jaw_ratio_mean": 0.7878811359405518,
  "jaw_ratio_std": 0.022898714989423752,
  "jaw_ratio_median": 0.7892115116119385,
  "jaw_ratio_max": 0.8294814825057983,
  "smile_intensity_mean": 0.46671539545059204,
  "smile_intensity_std": 0.36142048239707947,
  "smile_intensity_median": 0.6781045794487,
  "smile_intensity_max": 1.0,
  "eye_contact_mean": 0.9729958176612854,
  "eye_contact_std": 0.030729427933692932,
  "eye_contact_median": 0.9897382259368896,
  "eye_contact_max": 0.9999932050704956,
  "eye_openness_mean": 0.9488599896430969,
  "eye_openness_std": 0.10514368861913681,
  "eye_openness_median": 0.9767328500747681,
  "eye_openness_max": 1.0,
  "gaze_stability_mean": 0.9913131594657898,
  "gaze_stability_std": 0.013301128521561623,
  "gaze_stability_median": 0.9961156249046326,
  "gaze_stability_max": 1.0,
  "head_tilt_mean": 0.041351914405822754,
  "head_tilt_std": 0.049656543880701065,
  "head_tilt_median": 0.02042129635810852,
  "head_tilt_max": 0.23286476731300354,
  "expression_speed_mean": 0.15764136612415314,
  "expression_speed_std": 0.24233798682689667,
  "expression_speed_median": 0.05661816522479057,
  "expression_speed_max": 1.0,
  "happy_mean": 0.3423665761947632,
  "happy_std": 0.45705491304397583,
  "happy_median": 0.004824397619813681,
  "happy_max": 0.999999463558197,
  "neutral_mean": 0.2850845158100128,
  "neutral_std": 0.38636380434036255,
  "neutral_median": 0.011799473315477371,
  "neutral_max": 0.9999982118606567,
  "surprise_mean": 0.002087718341499567,
  "surprise_std": 0.011118208989501,
  "surprise_median": 5.348758946865928e-08,
  "surprise_max": 0.09069066494703293,
  "processed_frames": 75.0,
  "video_name": "1.4.mp4"
}