{
  "facial_symmetry_mean": 0.8427550792694092,
  "facial_symmetry_std": 0.10701499134302139,
  "facial_symmetry_median": 0.8667777180671692,
  "facial_symmetry_max": 0.9915435910224915,
  "face_width_height_ratio_mean": 0.5918391942977905,
  "face_width_height_ratio_std": 0.06020732223987579,
  "face_width_height_ratio_median": 0.6181882619857788,
  "face_width_height_ratio_max": 0.7125829458236694,
  "eye_spacing_ratio_mean": 0.6472606658935547,
  "eye_spacing_ratio_std": 0.03269573301076889,
  "eye_spacing_ratio_median": 0.6549749374389648,
  "eye_spacing_ratio_max": 0.70889812707901,
  "jaw_ratio_mean": 0.8132537603378296,
  "jaw_ratio_std": 0.022424744442105293,
  "jaw_ratio_median": 0.8106257915496826,
  "jaw_ratio_max": 0.8627058267593384,
  "smile_intensity_mean": 0.1627761721611023,
  "smile_intensity_std": 0.26888710260391235,
  "smile_intensity_median": 0.014025509357452393,
  "smile_intensity_max": 1.0,
  "eye_contact_mean": 0.9375419020652771,
  "eye_contact_std": 0.04938840866088867,
  "eye_contact_median": 0.9619448184967041,
  "eye_contact_max": 0.9976325631141663,
  "eye_openness_mean": 0.9481903314590454,
  "eye_openness_std": 0.13598591089248657,
  "eye_openness_median": 1.0,
  "eye_openness_max": 1.0,
  "gaze_stability_mean": 0.9798681735992432,
  "gaze_stability_std": 0.026556873694062233,
  "gaze_stability_median": 0.9903924465179443,
  "gaze_stability_max": 1.0,
  "head_tilt_mean": 0.1416037678718567,
  "head_tilt_std": 0.17129358649253845,
  "head_tilt_median": 0.04176255315542221,
  "head_tilt_max": 0.5172007083892822,
  "expression_speed_mean": 0.17516560852527618,
  "expression_speed_std": 0.2402234673500061,
  "expression_speed_median": 0.0675305426120758,
  "expression_speed_max": 1.0,
  "happy_mean": 0.06660046428442001,
  "happy_std": 0.22437146306037903,
  "happy_median": 0.00010424313950352371,
  "happy_max": 0.9987457394599915,
  "neutral_mean": 0.5927723050117493,
  "neutral_std": 0.4104054868221283,
  "neutral_median": 0.7694591283798218,
  "neutral_max": 0.999276340007782,
  "surprise_mean": 0.016805702820420265,
  "surprise_std": 0.07708313316106796,
  "surprise_median": 1.761321436788421e-05,
  "surprise_max": 0.5656039714813232,
  "processed_frames": 58.0,
  "video_name": "1.5.mp4"
}