{
  "facial_symmetry_mean": 0.9586320519447327,
  "facial_symmetry_std": 0.06067298725247383,
  "facial_symmetry_median": 0.9954572319984436,
  "facial_symmetry_max": 0.9999847412109375,
  "face_width_height_ratio_mean": 0.6121131181716919,
  "face_width_height_ratio_std": 0.03234587609767914,
  "face_width_height_ratio_median": 0.6147738099098206,
  "face_width_height_ratio_max": 0.7178297638893127,
  "eye_spacing_ratio_mean": 0.6601760983467102,
  "eye_spacing_ratio_std": 0.02564910240471363,
  "eye_spacing_ratio_median": 0.6751747727394104,
  "eye_spacing_ratio_max": 0.6870967149734497,
  "jaw_ratio_mean": 0.7958833575248718,
  "jaw_ratio_std": 0.013790113851428032,
  "jaw_ratio_median": 0.7952766418457031,
  "jaw_ratio_max": 0.8535313010215759,
  "smile_intensity_mean": 0.06310867518186569,
  "smile_intensity_std": 0.16633641719818115,
  "smile_intensity_median": 0.014044852927327156,
  "smile_intensity_max": 1.0,
  "eye_contact_mean": 0.9858061075210571,
  "eye_contact_std": 0.019753657281398773,
  "eye_contact_median": 0.9928587079048157,
  "eye_contact_max": 0.9999751448631287,
  "eye_openness_mean": 0.8582174181938171,
  "eye_openness_std": 0.26567956805229187,
  "eye_openness_median": 1.0,
  "eye_openness_max": 1.0,
  "gaze_stability_mean": 0.9936558604240417,
  "gaze_stability_std": 0.011718232184648514,
  "gaze_stability_median": 0.9977648258209229,
  "gaze_stability_max": 1.0,
  "head_tilt_mean": 0.03669162839651108,
  "head_tilt_std": 0.03068479895591736,
  "head_tilt_median": 0.024185962975025177,
  "head_tilt_max": 0.12679770588874817,
  "expression_speed_mean": 0.09435833990573883,
  "expression_speed_std": 0.19478833675384521,
  "expression_speed_median": 0.009368784725666046,
  "expression_speed_max": 0.9989652633666992,
  "happy_mean": 0.09360426664352417,
  "happy_std": 0.26493898034095764,
  "happy_median": 6.880532765762837e-08,
  "happy_max": 0.9998797178268433,
  "neutral_mean": 0.689501166343689,
  "neutral_std": 0.3819737732410431,
  "neutral_median": 0.9389716386795044,
  "neutral_max": 0.9992435574531555,
  "surprise_mean": 0.00574960233643651,
  "surprise_std": 0.03490275889635086,
  "surprise_median": 1.0114104866121298e-11,
  "surprise_max": 0.3227294683456421,
  "processed_frames": 110.0,
  "video_name": "1.7.mp4"
}