{
  "facial_symmetry_mean": 0.8533921241760254,
  "facial_symmetry_std": 0.0722455233335495,
  "facial_symmetry_median": 0.8329353332519531,
  "facial_symmetry_max": 0.9983809590339661,
  "face_width_height_ratio_mean": 0.64781254529953,
  "face_width_height_ratio_std": 0.12278368324041367,
  "face_width_height_ratio_median": 0.6491572260856628,
  "face_width_height_ratio_max": 0.9857051968574524,
  "eye_spacing_ratio_mean": 0.6421353220939636,
  "eye_spacing_ratio_std": 0.04361468181014061,
  "eye_spacing_ratio_median": 0.6422733068466187,
  "eye_spacing_ratio_max": 0.7455655932426453,
  "jaw_ratio_mean": 0.8223307132720947,
  "jaw_ratio_std": 0.04270021244883537,
  "jaw_ratio_median": 0.8140835165977478,
  "jaw_ratio_max": 0.9405651688575745,
  "smile_intensity_mean": 0.529104471206665,
  "smile_intensity_std": 0.3544253408908844,
  "smile_intensity_median": 0.5623660683631897,
  "smile_intensity_max": 1.0,
  "eye_contact_mean": 0.9372855424880981,
  "eye_contact_std": 0.04222384840250015,
  "eye_contact_median": 0.9490798711776733,
  "eye_contact_max": 0.9976316690444946,
  "eye_openness_mean": 0.6839134693145752,
  "eye_openness_std": 0.3296363055706024,
  "eye_openness_median": 0.9068806171417236,
  "eye_openness_max": 1.0,
  "gaze_stability_mean": 0.9777151942253113,
  "gaze_stability_std": 0.021520303562283516,
  "gaze_stability_median": 0.9826552271842957,
  "gaze_stability_max": 1.0,
  "head_tilt_mean": 0.1201552003622055,
  "head_tilt_std": 0.10678699612617493,
  "head_tilt_median": 0.08138775825500488,
  "head_tilt_max": 0.4366782307624817,
  "expression_speed_mean": 0.3246646523475647,
  "expression_speed_std": 0.28380367159843445,
  "expression_speed_median": 0.24759764969348907,
  "expression_speed_max": 0.9356949329376221,
  "happy_mean": 0.19894228875637054,
  "happy_std": 0.38324734568595886,
  "happy_median": 4.095552867511287e-05,
  "happy_max": 0.9999744296073914,
  "neutral_mean": 0.10495612025260925,
  "neutral_std": 0.23533029854297638,
  "neutral_median": 0.004089470487087965,
  "neutral_max": 0.997698187828064,
  "surprise_mean": 0.00012036782572977245,
  "surprise_std": 0.0003263006510678679,
  "surprise_median": 1.2978318864043104e-06,
  "surprise_max": 0.0017985858721658587,
  "processed_frames": 65.0,
  "video_name": "1.8.mp4"
}