{
  "expression_speed_max": 0.872055172920227,
  "expression_speed_mean": 0.15071279741823673,
  "expression_speed_median": 0.06326196831651032,
  "expression_speed_std": 0.20614131726324558,
  "eye_contact_max": 0.9989598393440247,
  "eye_contact_mean": 0.9644212797284126,
  "eye_contact_median": 0.9752477705478668,
  "eye_contact_std": 0.031923599541187286,
  "eye_openness_max": 1.0,
  "eye_openness_mean": 0.8950167521834373,
  "eye_openness_median": 0.9854516834020615,
  "eye_openness_std": 0.18416239134967327,
  "eye_spacing_ratio_max": 0.7205444350838661,
  "eye_spacing_ratio_mean": 0.6434624493122101,
  "eye_spacing_ratio_median": 0.6486525237560272,
  "eye_spacing_ratio_std": 0.028228062205016613,
  "face_width_height_ratio_max": 0.7779247313737869,
  "face_width_height_ratio_mean": 0.6359408795833588,
  "face_width_height_ratio_median": 0.6441798061132431,
  "face_width_height_ratio_std": 0.05692902998998761,
  "facial_symmetry_max": 0.9897337183356285,
  "facial_symmetry_mean": 0.8997001871466637,
  "facial_symmetry_median": 0.9147065430879593,
  "facial_symmetry_std": 0.06869695382192731,
  "gaze_stability_max": 1.0,
  "gaze_stability_mean": 0.9867315888404846,
  "gaze_stability_median": 0.993624359369278,
  "gaze_stability_std": 0.01900365704204887,
  "happy_max": 0.8008550932863727,
  "happy_mean": 0.12673468665525434,
  "happy_median": 0.002106111445983494,
  "happy_std": 0.24776818236568943,
  "head_tilt_max": 0.3660189062356949,
  "head_tilt_mean": 0.09090142231434584,
  "head_tilt_median": 0.04252220969647169,
  "head_tilt_std": 0.10090210754424334,
  "jaw_ratio_max": 0.8524343594908714,
  "jaw_ratio_mean": 0.7969189807772636,
  "jaw_ratio_median": 0.7956193760037422,
  "jaw_ratio_std": 0.02077494701370597,
  "neutral_max": 0.9982950165867805,
  "neutral_mean": 0.4630121998488903,
  "neutral_median": 0.47707749711116776,
  "neutral_std": 0.37688768096268177,
  "processed_frames": 90.75,
  "smile_intensity_max": 0.8544717505574226,
  "smile_intensity_mean": 0.2103203497827053,
  "smile_intensity_median": 0.1670951278647408,
  "smile_intensity_std": 0.23575841635465622,
  "surprise_max": 0.4072250138124218,
  "surprise_mean": 0.01913906226036488,
  "surprise_median": 2.9013029289339767e-05,
  "surprise_std": 0.06607035741399159,
  "video_count": 8.0,
  "valid_video_count": 8.0,
  "valid_video_ratio": 1.0,
  "total_processed_frames": 726.0,
  "avg_processed_frames": 90.75,
  "quality_score": 0.842,
  "person_name": "Arimura Kasumi"
}