{
  "facial_symmetry_mean": 0.8957484364509583,
  "facial_symmetry_std": 0.07262003421783447,
  "facial_symmetry_median": 0.9089626669883728,
  "facial_symmetry_max": 0.9995779991149902,
  "face_width_height_ratio_mean": 0.8196778893470764,
  "face_width_height_ratio_std": 0.04531826451420784,
  "face_width_height_ratio_median": 0.823567271232605,
  "face_width_height_ratio_max": 0.9221028685569763,
  "eye_spacing_ratio_mean": 0.6700294613838196,
  "eye_spacing_ratio_std": 0.01801874302327633,
  "eye_spacing_ratio_median": 0.671275794506073,
  "eye_spacing_ratio_max": 0.713255763053894,
  "jaw_ratio_mean": 0.7627896666526794,
  "jaw_ratio_std": 0.018707970157265663,
  "jaw_ratio_median": 0.7651570439338684,
  "jaw_ratio_max": 0.7935246229171753,
  "smile_intensity_mean": 0.10554849356412888,
  "smile_intensity_std": 0.1179550439119339,
  "smile_intensity_median": 0.055366165935993195,
  "smile_intensity_max": 0.48563528060913086,
  "eye_contact_mean": 0.96121746301651,
  "eye_contact_std": 0.0220339335501194,
  "eye_contact_median": 0.9686901569366455,
  "eye_contact_max": 0.9994630217552185,
  "eye_openness_mean": 0.7900097370147705,
  "eye_openness_std": 0.3090197443962097,
  "eye_openness_median": 1.0,
  "eye_openness_max": 1.0,
  "gaze_stability_mean": 0.9886842370033264,
  "gaze_stability_std": 0.014768339693546295,
  "gaze_stability_median": 0.9936776161193848,
  "gaze_stability_max": 1.0,
  "head_tilt_mean": 0.09169375151395798,
  "head_tilt_std": 0.11218562722206116,
  "head_tilt_median": 0.05058318376541138,
  "head_tilt_max": 0.3811405599117279,
  "expression_speed_mean": 0.10114939510822296,
  "expression_speed_std": 0.14347584545612335,
  "expression_speed_median": 0.04881056770682335,
  "expression_speed_max": 0.7748444080352783,
  "happy_mean": 0.0659312978386879,
  "happy_std": 0.19049862027168274,
  "happy_median": 0.00032304355408996344,
  "happy_max": 0.9937753081321716,
  "neutral_mean": 0.3754705488681793,
  "neutral_std": 0.3518073558807373,
  "neutral_median": 0.2862682044506073,
  "neutral_max": 0.9994514584541321,
  "surprise_mean": 0.036617811769247055,
  "surprise_std": 0.1136922538280487,
  "surprise_median": 2.8285339794820175e-05,
  "surprise_max": 0.7377871870994568,
  "processed_frames": 89.0,
  "video_name": "1.mp4"
}