{
  "facial_symmetry_mean": 0.7667356133460999,
  "facial_symmetry_std": 0.1402197629213333,
  "facial_symmetry_median": 0.755829930305481,
  "facial_symmetry_max": 0.9954027533531189,
  "face_width_height_ratio_mean": 1.0458989143371582,
  "face_width_height_ratio_std": 0.06203597038984299,
  "face_width_height_ratio_median": 1.0499904155731201,
  "face_width_height_ratio_max": 1.1624131202697754,
  "eye_spacing_ratio_mean": 0.6639252305030823,
  "eye_spacing_ratio_std": 0.024253347888588905,
  "eye_spacing_ratio_median": 0.6638173460960388,
  "eye_spacing_ratio_max": 0.715927004814148,
  "jaw_ratio_mean": 0.78000408411026,
  "jaw_ratio_std": 0.01600632630288601,
  "jaw_ratio_median": 0.782611608505249,
  "jaw_ratio_max": 0.8291401863098145,
  "smile_intensity_mean": 0.12670843303203583,
  "smile_intensity_std": 0.14442652463912964,
  "smile_intensity_median": 0.012232251465320587,
  "smile_intensity_max": 0.47209617495536804,
  "eye_contact_mean": 0.93507319688797,
  "eye_contact_std": 0.057220879942178726,
  "eye_contact_median": 0.9570905566215515,
  "eye_contact_max": 0.9992420673370361,
  "eye_openness_mean": 0.8175379037857056,
  "eye_openness_std": 0.2597811222076416,
  "eye_openness_median": 1.0,
  "eye_openness_max": 1.0,
  "gaze_stability_mean": 0.9742265343666077,
  "gaze_stability_std": 0.036820441484451294,
  "gaze_stability_median": 0.9931551814079285,
  "gaze_stability_max": 1.0,
  "head_tilt_mean": 0.16047967970371246,
  "head_tilt_std": 0.13611553609371185,
  "head_tilt_median": 0.12277394533157349,
  "head_tilt_max": 0.4472735524177551,
  "expression_speed_mean": 0.14234000444412231,
  "expression_speed_std": 0.18561609089374542,
  "expression_speed_median": 0.057456061244010925,
  "expression_speed_max": 0.7906299829483032,
  "happy_mean": 0.17344899475574493,
  "happy_std": 0.31578588485717773,
  "happy_median": 0.0012594754807651043,
  "happy_max": 0.9992348551750183,
  "neutral_mean": 0.22846345603466034,
  "neutral_std": 0.33835485577583313,
  "neutral_median": 0.03035498969256878,
  "neutral_max": 0.9711549282073975,
  "surprise_mean": 0.06236885488033295,
  "surprise_std": 0.20378197729587555,
  "surprise_median": 2.3695929485256784e-05,
  "surprise_max": 0.9949733018875122,
  "processed_frames": 71.0,
  "video_name": "3.mp4"
}