{
  "facial_symmetry_mean": 0.8602769374847412,
  "facial_symmetry_std": 0.07931572943925858,
  "facial_symmetry_median": 0.8566398620605469,
  "facial_symmetry_max": 0.9990087151527405,
  "face_width_height_ratio_mean": 0.7829722166061401,
  "face_width_height_ratio_std": 0.07442563772201538,
  "face_width_height_ratio_median": 0.7815719246864319,
  "face_width_height_ratio_max": 0.9807750582695007,
  "eye_spacing_ratio_mean": 0.6497222781181335,
  "eye_spacing_ratio_std": 0.04002869501709938,
  "eye_spacing_ratio_median": 0.6533721089363098,
  "eye_spacing_ratio_max": 0.7729527354240417,
  "jaw_ratio_mean": 0.7822011113166809,
  "jaw_ratio_std": 0.018562067300081253,
  "jaw_ratio_median": 0.7809220552444458,
  "jaw_ratio_max": 0.8432371020317078,
  "smile_intensity_mean": 0.1796906739473343,
  "smile_intensity_std": 0.16423869132995605,
  "smile_intensity_median": 0.11573371291160583,
  "smile_intensity_max": 0.4941030740737915,
  "eye_contact_mean": 0.9536590576171875,
  "eye_contact_std": 0.03568374365568161,
  "eye_contact_median": 0.9578601717948914,
  "eye_contact_max": 0.9999459981918335,
  "eye_openness_mean": 0.6570594906806946,
  "eye_openness_std": 0.35870465636253357,
  "eye_openness_median": 0.9842327833175659,
  "eye_openness_max": 1.0,
  "gaze_stability_mean": 0.9810861945152283,
  "gaze_stability_std": 0.02677290514111519,
  "gaze_stability_median": 0.990548849105835,
  "gaze_stability_max": 1.0,
  "head_tilt_mean": 0.16504207253456116,
  "head_tilt_std": 0.1281990110874176,
  "head_tilt_median": 0.15727296471595764,
  "head_tilt_max": 0.47702789306640625,
  "expression_speed_mean": 0.14687632024288177,
  "expression_speed_std": 0.22580863535404205,
  "expression_speed_median": 0.054595574736595154,
  "expression_speed_max": 0.9192898869514465,
  "happy_mean": 0.10894069075584412,
  "happy_std": 0.2687208652496338,
  "happy_median": 5.1526025345083326e-05,
  "happy_max": 1.0,
  "neutral_mean": 0.33087530732154846,
  "neutral_std": 0.38009992241859436,
  "neutral_median": 0.1624961644411087,
  "neutral_max": 0.9999282360076904,
  "surprise_mean": 0.043314170092344284,
  "surprise_std": 0.1530759632587433,
  "surprise_median": 3.858200216200203e-06,
  "surprise_max": 0.9615172147750854,
  "processed_frames": 101.0,
  "video_name": "4.mp4"
}