{
  "facial_symmetry_mean": 0.9009697437286377,
  "facial_symmetry_std": 0.05262802541255951,
  "facial_symmetry_median": 0.9143665432929993,
  "facial_symmetry_max": 0.9983339309692383,
  "face_width_height_ratio_mean": 0.5919481515884399,
  "face_width_height_ratio_std": 0.05659470334649086,
  "face_width_height_ratio_median": 0.61064213514328,
  "face_width_height_ratio_max": 0.6750810742378235,
  "eye_spacing_ratio_mean": 0.6471057534217834,
  "eye_spacing_ratio_std": 0.03939422219991684,
  "eye_spacing_ratio_median": 0.6502169370651245,
  "eye_spacing_ratio_max": 0.703055202960968,
  "jaw_ratio_mean": 0.7725927233695984,
  "jaw_ratio_std": 0.018681557849049568,
  "jaw_ratio_median": 0.7728831171989441,
  "jaw_ratio_max": 0.8050038814544678,
  "smile_intensity_mean": 0.19402873516082764,
  "smile_intensity_std": 0.294645756483078,
  "smile_intensity_median": 0.030722931027412415,
  "smile_intensity_max": 1.0,
  "eye_contact_mean": 0.9607998728752136,
  "eye_contact_std": 0.027154715731739998,
  "eye_contact_median": 0.9695227742195129,
  "eye_contact_max": 0.9955069422721863,
  "eye_openness_mean": 0.6879985332489014,
  "eye_openness_std": 0.3061482310295105,
  "eye_openness_median": 0.7115729451179504,
  "eye_openness_max": 1.0,
  "gaze_stability_mean": 0.9848052859306335,
  "gaze_stability_std": 0.01821722649037838,
  "gaze_stability_median": 0.9929743409156799,
  "gaze_stability_max": 1.0,
  "head_tilt_mean": 0.0817357525229454,
  "head_tilt_std": 0.06045323610305786,
  "head_tilt_median": 0.05888238549232483,
  "head_tilt_max": 0.24331137537956238,
  "expression_speed_mean": 0.31032121181488037,
  "expression_speed_std": 0.29319724440574646,
  "expression_speed_median": 0.22391407191753387,
  "expression_speed_max": 1.0,
  "happy_mean": 0.2741154134273529,
  "happy_std": 0.417464017868042,
  "happy_median": 0.0017903175903484225,
  "happy_max": 0.9999908208847046,
  "neutral_mean": 0.1209784671664238,
  "neutral_std": 0.2370990812778473,
  "neutral_median": 0.007298167794942856,
  "neutral_max": 0.9961051940917969,
  "surprise_mean": 0.0004224299336783588,
  "surprise_std": 0.0020841280929744244,
  "surprise_median": 1.3495869097823743e-06,
  "surprise_max": 0.01546863280236721,
  "processed_frames": 55.0,
  "video_name": "5.mp4"
}