{
  "expression_speed_max": 0.8206883158002581,
  "expression_speed_mean": 0.15680945877517974,
  "expression_speed_median": 0.08037640846201352,
  "expression_speed_std": 0.18879625626972743,
  "eye_contact_max": 0.9987987705639431,
  "eye_contact_mean": 0.9548676609992981,
  "eye_contact_median": 0.9638524736676898,
  "eye_contact_std": 0.03376937098801136,
  "eye_openness_max": 1.0,
  "eye_openness_mean": 0.778190587248121,
  "eye_openness_median": 0.9349779997553144,
  "eye_openness_std": 0.27281342233930317,
  "eye_spacing_ratio_max": 0.7358585255486625,
  "eye_spacing_ratio_mean": 0.6564392447471619,
  "eye_spacing_ratio_median": 0.6589722292763847,
  "eye_spacing_ratio_std": 0.030963136415396417,
  "face_width_height_ratio_max": 1.0329151068414961,
  "face_width_height_ratio_mean": 0.8778982843671527,
  "face_width_height_ratio_median": 0.8814111437116351,
  "face_width_height_ratio_std": 0.070015479943582,
  "facial_symmetry_max": 0.9986196160316467,
  "facial_symmetry_mean": 0.8616844160216195,
  "facial_symmetry_median": 0.8621937377112252,
  "facial_symmetry_std": 0.08673026306288582,
  "gaze_stability_max": 1.0,
  "gaze_stability_mean": 0.9838473285947528,
  "gaze_stability_median": 0.9933298826217651,
  "gaze_stability_std": 0.023454924513186728,
  "happy_max": 0.9956134387425014,
  "happy_mean": 0.15093649817364557,
  "happy_median": 0.0015650360718219808,
  "happy_std": 0.29810280885015217,
  "head_tilt_max": 0.3771036224705832,
  "head_tilt_mean": 0.12066639108317238,
  "head_tilt_median": 0.09213843515941075,
  "head_tilt_std": 0.10715890250035695,
  "jaw_ratio_max": 0.8367885691779,
  "jaw_ratio_mean": 0.7778883916991097,
  "jaw_ratio_median": 0.777884202344077,
  "jaw_ratio_std": 0.019255501085094044,
  "neutral_max": 0.9942249315125602,
  "neutral_mean": 0.29561077803373337,
  "neutral_median": 0.17470340563782624,
  "neutral_std": 0.33787944487162996,
  "processed_frames": 96.42857142857143,
  "smile_intensity_max": 0.5808652596814292,
  "smile_intensity_mean": 0.13355290038245066,
  "smile_intensity_median": 0.04482198027627809,
  "smile_intensity_std": 0.16501259910208838,
  "surprise_max": 0.6638347173907927,
  "surprise_mean": 0.03324132415166657,
  "surprise_median": 2.157225240547892e-05,
  "surprise_std": 0.11372875734897596,
  "video_count": 7.0,
  "valid_video_count": 7.0,
  "valid_video_ratio": 1.0,
  "total_processed_frames": 675.0,
  "avg_processed_frames": 96.42857142857143,
  "quality_score": 0.8571428571428572,
  "person_name": "Mai Davika"
}