{
  "facial_symmetry_mean": 0.7488109469413757,
  "facial_symmetry_std": 0.14531533420085907,
  "facial_symmetry_median": 0.7480284571647644,
  "facial_symmetry_max": 0.956488311290741,
  "face_width_height_ratio_mean": 1.4065479040145874,
  "face_width_height_ratio_std": 0.1395455002784729,
  "face_width_height_ratio_median": 1.4309749603271484,
  "face_width_height_ratio_max": 1.854454755783081,
  "eye_spacing_ratio_mean": 0.6439439058303833,
  "eye_spacing_ratio_std": 0.030368298292160034,
  "eye_spacing_ratio_median": 0.6455739736557007,
  "eye_spacing_ratio_max": 0.8181299567222595,
  "jaw_ratio_mean": 0.7875062227249146,
  "jaw_ratio_std": 0.022940481081604958,
  "jaw_ratio_median": 0.7810962200164795,
  "jaw_ratio_max": 0.8669445514678955,
  "smile_intensity_mean": 0.1473756581544876,
  "smile_intensity_std": 0.12735073268413544,
  "smile_intensity_median": 0.14478498697280884,
  "smile_intensity_max": 0.6389757394790649,
  "eye_contact_mean": 0.9382045269012451,
  "eye_contact_std": 0.05497315153479576,
  "eye_contact_median": 0.9514411687850952,
  "eye_contact_max": 0.9996845722198486,
  "eye_openness_mean": 0.8750357627868652,
  "eye_openness_std": 0.21862229704856873,
  "eye_openness_median": 1.0,
  "eye_openness_max": 1.0,
  "gaze_stability_mean": 0.9737970232963562,
  "gaze_stability_std": 0.038745321333408356,
  "gaze_stability_median": 0.9898157715797424,
  "gaze_stability_max": 1.0,
  "head_tilt_mean": 0.08838563412427902,
  "head_tilt_std": 0.08825496584177017,
  "head_tilt_median": 0.06926015019416809,
  "head_tilt_max": 0.41273221373558044,
  "expression_speed_mean": 0.14744405448436737,
  "expression_speed_std": 0.1626063585281372,
  "expression_speed_median": 0.06938467919826508,
  "expression_speed_max": 0.6011656522750854,
  "happy_mean": 0.29188334941864014,
  "happy_std": 0.4288232922554016,
  "happy_median": 0.0012096392456442118,
  "happy_max": 0.9999936819076538,
  "neutral_mean": 0.31792035698890686,
  "neutral_std": 0.3925338089466095,
  "neutral_median": 0.08084993064403534,
  "neutral_max": 0.9996148347854614,
  "surprise_mean": 0.061504948884248734,
  "surprise_std": 0.2195645123720169,
  "surprise_median": 1.3892216884414665e-05,
  "surprise_max": 0.9891765117645264,
  "processed_frames": 84.0,
  "video_name": "1 (1).mp4"
}