{
  "facial_symmetry_mean": 0.9019871950149536,
  "facial_symmetry_std": 0.06435324251651764,
  "facial_symmetry_median": 0.8903268575668335,
  "facial_symmetry_max": 0.9995419979095459,
  "face_width_height_ratio_mean": 0.83628249168396,
  "face_width_height_ratio_std": 0.07079683244228363,
  "face_width_height_ratio_median": 0.8528255820274353,
  "face_width_height_ratio_max": 0.8986561298370361,
  "eye_spacing_ratio_mean": 0.6390511393547058,
  "eye_spacing_ratio_std": 0.029075151309370995,
  "eye_spacing_ratio_median": 0.6443654298782349,
  "eye_spacing_ratio_max": 0.7003500461578369,
  "jaw_ratio_mean": 0.7742692828178406,
  "jaw_ratio_std": 0.022402064874768257,
  "jaw_ratio_median": 0.7756552696228027,
  "jaw_ratio_max": 0.8197653293609619,
  "smile_intensity_mean": 0.31220054626464844,
  "smile_intensity_std": 0.22885309159755707,
  "smile_intensity_median": 0.3545099198818207,
  "smile_intensity_max": 1.0,
  "eye_contact_mean": 0.9727030992507935,
  "eye_contact_std": 0.020087486132979393,
  "eye_contact_median": 0.9725551009178162,
  "eye_contact_max": 0.9997988343238831,
  "eye_openness_mean": 0.9875430464744568,
  "eye_openness_std": 0.06735867261886597,
  "eye_openness_median": 1.0,
  "eye_openness_max": 1.0,
  "gaze_stability_mean": 0.9901235103607178,
  "gaze_stability_std": 0.01329007837921381,
  "gaze_stability_median": 0.9933406114578247,
  "gaze_stability_max": 1.0,
  "head_tilt_mean": 0.14171317219734192,
  "head_tilt_std": 0.12002789974212646,
  "head_tilt_median": 0.11850714683532715,
  "head_tilt_max": 0.45266449451446533,
  "expression_speed_mean": 0.12383658438920975,
  "expression_speed_std": 0.22228160500526428,
  "expression_speed_median": 0.03582786023616791,
  "expression_speed_max": 0.9948163032531738,
  "happy_mean": 0.41781172156333923,
  "happy_std": 0.42564862966537476,
  "happy_median": 0.37302565574645996,
  "happy_max": 0.9999068379402161,
  "neutral_mean": 0.08537977188825607,
  "neutral_std": 0.12957057356834412,
  "neutral_median": 0.028155704960227013,
  "neutral_max": 0.6377019286155701,
  "surprise_mean": 0.0028800673317164183,
  "surprise_std": 0.012962100096046925,
  "surprise_median": 3.881071097566746e-05,
  "surprise_max": 0.09556788951158524,
  "processed_frames": 61.0,
  "video_name": "1 (2).mp4"
}