{
  "facial_symmetry_mean": 0.9060244560241699,
  "facial_symmetry_std": 0.07249899953603745,
  "facial_symmetry_median": 0.9216983318328857,
  "facial_symmetry_max": 0.9994075894355774,
  "face_width_height_ratio_mean": 0.6223424673080444,
  "face_width_height_ratio_std": 0.05542708933353424,
  "face_width_height_ratio_median": 0.6216061115264893,
  "face_width_height_ratio_max": 0.8705804347991943,
  "eye_spacing_ratio_mean": 0.6435511112213135,
  "eye_spacing_ratio_std": 0.02020319737493992,
  "eye_spacing_ratio_median": 0.6423096656799316,
  "eye_spacing_ratio_max": 0.7030842900276184,
  "jaw_ratio_mean": 0.7704014778137207,
  "jaw_ratio_std": 0.020940985530614853,
  "jaw_ratio_median": 0.7728244662284851,
  "jaw_ratio_max": 0.840026319026947,
  "smile_intensity_mean": 0.3927461504936218,
  "smile_intensity_std": 0.3154241442680359,
  "smile_intensity_median": 0.378559410572052,
  "smile_intensity_max": 1.0,
  "eye_contact_mean": 0.9859417080879211,
  "eye_contact_std": 0.013967270962893963,
  "eye_contact_median": 0.9904665946960449,
  "eye_contact_max": 0.9997856020927429,
  "eye_openness_mean": 0.9075559377670288,
  "eye_openness_std": 0.1571895033121109,
  "eye_openness_median": 1.0,
  "eye_openness_max": 1.0,
  "gaze_stability_mean": 0.9895968437194824,
  "gaze_stability_std": 0.013236901722848415,
  "gaze_stability_median": 0.9948407411575317,
  "gaze_stability_max": 1.0,
  "head_tilt_mean": 0.10291647911071777,
  "head_tilt_std": 0.09114518761634827,
  "head_tilt_median": 0.08127138018608093,
  "head_tilt_max": 0.4127180576324463,
  "expression_speed_mean": 0.18564309179782867,
  "expression_speed_std": 0.22088558971881866,
  "expression_speed_median": 0.08922238647937775,
  "expression_speed_max": 0.8673295378684998,
  "happy_mean": 0.20680466294288635,
  "happy_std": 0.38401272892951965,
  "happy_median": 0.0007204237044788897,
  "happy_max": 0.9999753832817078,
  "neutral_mean": 0.24956834316253662,
  "neutral_std": 0.35346999764442444,
  "neutral_median": 0.030862974002957344,
  "neutral_max": 0.996840238571167,
  "surprise_mean": 0.004173335153609514,
  "surprise_std": 0.01806478016078472,
  "surprise_median": 1.6923200973906205e-06,
  "surprise_max": 0.11834350973367691,
  "processed_frames": 83.0,
  "video_name": "1 (5).mp4"
}