{
  "facial_symmetry_mean": 0.8936474323272705,
  "facial_symmetry_std": 0.08149098604917526,
  "facial_symmetry_median": 0.9008122086524963,
  "facial_symmetry_max": 0.9997661709785461,
  "face_width_height_ratio_mean": 0.691550076007843,
  "face_width_height_ratio_std": 0.03523142635822296,
  "face_width_height_ratio_median": 0.6989104747772217,
  "face_width_height_ratio_max": 0.7777601480484009,
  "eye_spacing_ratio_mean": 0.6437397003173828,
  "eye_spacing_ratio_std": 0.01247074082493782,
  "eye_spacing_ratio_median": 0.6440087556838989,
  "eye_spacing_ratio_max": 0.6763747930526733,
  "jaw_ratio_mean": 0.7797992825508118,
  "jaw_ratio_std": 0.021938065066933632,
  "jaw_ratio_median": 0.7776837348937988,
  "jaw_ratio_max": 0.8641983866691589,
  "smile_intensity_mean": 0.39670732617378235,
  "smile_intensity_std": 0.257892370223999,
  "smile_intensity_median": 0.4395869970321655,
  "smile_intensity_max": 0.9829057455062866,
  "eye_contact_mean": 0.9707455039024353,
  "eye_contact_std": 0.02367846667766571,
  "eye_contact_median": 0.9780606627464294,
  "eye_contact_max": 0.999906063079834,
  "eye_openness_mean": 0.9918944239616394,
  "eye_openness_std": 0.05658433213829994,
  "eye_openness_median": 1.0,
  "eye_openness_max": 1.0,
  "gaze_stability_mean": 0.9927338361740112,
  "gaze_stability_std": 0.01145469956099987,
  "gaze_stability_median": 0.9962266087532043,
  "gaze_stability_max": 1.0,
  "head_tilt_mean": 0.21211817860603333,
  "head_tilt_std": 0.13305579125881195,
  "head_tilt_median": 0.22260837256908417,
  "head_tilt_max": 0.4462552070617676,
  "expression_speed_mean": 0.08428485691547394,
  "expression_speed_std": 0.1130991205573082,
  "expression_speed_median": 0.0445505753159523,
  "expression_speed_max": 0.6772152185440063,
  "happy_mean": 0.5288375616073608,
  "happy_std": 0.42680659890174866,
  "happy_median": 0.6571515202522278,
  "happy_max": 0.9998599886894226,
  "neutral_mean": 0.15546701848506927,
  "neutral_std": 0.2559088170528412,
  "neutral_median": 0.008571694605052471,
  "neutral_max": 0.9969785213470459,
  "surprise_mean": 0.024668119847774506,
  "surprise_std": 0.10629741102457047,
  "surprise_median": 4.558347791316919e-05,
  "surprise_max": 0.9004931449890137,
  "processed_frames": 134.0,
  "video_name": "1 (6).mp4"
}