{
  "facial_symmetry_mean": 0.9145068526268005,
  "facial_symmetry_std": 0.09499357640743256,
  "facial_symmetry_median": 0.9523329734802246,
  "facial_symmetry_max": 0.9995023012161255,
  "face_width_height_ratio_mean": 0.5996469855308533,
  "face_width_height_ratio_std": 0.0621427483856678,
  "face_width_height_ratio_median": 0.6153895258903503,
  "face_width_height_ratio_max": 0.6937293410301208,
  "eye_spacing_ratio_mean": 0.6243579983711243,
  "eye_spacing_ratio_std": 0.028275499120354652,
  "eye_spacing_ratio_median": 0.6319769620895386,
  "eye_spacing_ratio_max": 0.6771706938743591,
  "jaw_ratio_mean": 0.7886832356452942,
  "jaw_ratio_std": 0.027568113058805466,
  "jaw_ratio_median": 0.7914922833442688,
  "jaw_ratio_max": 0.8657483458518982,
  "smile_intensity_mean": 0.474295973777771,
  "smile_intensity_std": 0.3664340078830719,
  "smile_intensity_median": 0.47102877497673035,
  "smile_intensity_max": 1.0,
  "eye_contact_mean": 0.9760172963142395,
  "eye_contact_std": 0.03268488124012947,
  "eye_contact_median": 0.9907653331756592,
  "eye_contact_max": 0.9998829364776611,
  "eye_openness_mean": 0.8987144827842712,
  "eye_openness_std": 0.18843558430671692,
  "eye_openness_median": 1.0,
  "eye_openness_max": 1.0,
  "gaze_stability_mean": 0.9892205595970154,
  "gaze_stability_std": 0.017187392339110374,
  "gaze_stability_median": 0.9957333207130432,
  "gaze_stability_max": 1.0,
  "head_tilt_mean": 0.08383271843194962,
  "head_tilt_std": 0.07119718939065933,
  "head_tilt_median": 0.059882551431655884,
  "head_tilt_max": 0.29232531785964966,
  "expression_speed_mean": 0.2689412832260132,
  "expression_speed_std": 0.28704237937927246,
  "expression_speed_median": 0.1412516087293625,
  "expression_speed_max": 1.0,
  "happy_mean": 0.11197081953287125,
  "happy_std": 0.26127341389656067,
  "happy_median": 0.001752851763740182,
  "happy_max": 0.9979857206344604,
  "neutral_mean": 0.19866842031478882,
  "neutral_std": 0.29540619254112244,
  "neutral_median": 0.032864950597286224,
  "neutral_max": 0.9947706460952759,
  "surprise_mean": 0.0762869268655777,
  "surprise_std": 0.2235763669013977,
  "surprise_median": 0.0001421848137397319,
  "surprise_max": 0.9902903437614441,
  "processed_frames": 131.0,
  "video_name": "1 (7).mp4"
}