{
  "facial_symmetry_mean": 0.9069410562515259,
  "facial_symmetry_std": 0.04954143986105919,
  "facial_symmetry_median": 0.9177373647689819,
  "facial_symmetry_max": 0.995562732219696,
  "face_width_height_ratio_mean": 0.6435571908950806,
  "face_width_height_ratio_std": 0.041408900171518326,
  "face_width_height_ratio_median": 0.6383364200592041,
  "face_width_height_ratio_max": 0.7630923390388489,
  "eye_spacing_ratio_mean": 0.6539279222488403,
  "eye_spacing_ratio_std": 0.02540557086467743,
  "eye_spacing_ratio_median": 0.6503307223320007,
  "eye_spacing_ratio_max": 0.7196287512779236,
  "jaw_ratio_mean": 0.7628108263015747,
  "jaw_ratio_std": 0.024303380399942398,
  "jaw_ratio_median": 0.7693246603012085,
  "jaw_ratio_max": 0.8203219175338745,
  "smile_intensity_mean": 0.2615061402320862,
  "smile_intensity_std": 0.2473491132259369,
  "smile_intensity_median": 0.1623929738998413,
  "smile_intensity_max": 0.7529363632202148,
  "eye_contact_mean": 0.9845854043960571,
  "eye_contact_std": 0.012108446098864079,
  "eye_contact_median": 0.9861040115356445,
  "eye_contact_max": 0.999884307384491,
  "eye_openness_mean": 0.9980905652046204,
  "eye_openness_std": 0.011924211867153645,
  "eye_openness_median": 1.0,
  "eye_openness_max": 1.0,
  "gaze_stability_mean": 0.9898920059204102,
  "gaze_stability_std": 0.009890171699225903,
  "gaze_stability_median": 0.9937771558761597,
  "gaze_stability_max": 1.0,
  "head_tilt_mean": 0.1852802336215973,
  "head_tilt_std": 0.1351272165775299,
  "head_tilt_median": 0.1746872067451477,
  "head_tilt_max": 0.5758750438690186,
  "expression_speed_mean": 0.14395423233509064,
  "expression_speed_std": 0.1645510494709015,
  "expression_speed_median": 0.07452318072319031,
  "expression_speed_max": 0.5948246121406555,
  "happy_mean": 0.26991087198257446,
  "happy_std": 0.3969593644142151,
  "happy_median": 0.036336563527584076,
  "happy_max": 0.9999537467956543,
  "neutral_mean": 0.25496092438697815,
  "neutral_std": 0.31986650824546814,
  "neutral_median": 0.08651316910982132,
  "neutral_max": 0.9302994608879089,
  "surprise_mean": 0.08113136142492294,
  "surprise_std": 0.23421576619148254,
  "surprise_median": 8.840632654028013e-05,
  "surprise_max": 0.9957464933395386,
  "processed_frames": 40.0,
  "video_name": "1 (8).mp4"
}