{
  "facial_symmetry_mean": 0.8848499655723572,
  "facial_symmetry_std": 0.07247060537338257,
  "facial_symmetry_median": 0.8859777450561523,
  "facial_symmetry_max": 0.9964852333068848,
  "face_width_height_ratio_mean": 0.8273856043815613,
  "face_width_height_ratio_std": 0.06428186595439911,
  "face_width_height_ratio_median": 0.8342825174331665,
  "face_width_height_ratio_max": 1.0441982746124268,
  "eye_spacing_ratio_mean": 0.6505613327026367,
  "eye_spacing_ratio_std": 0.023875948041677475,
  "eye_spacing_ratio_median": 0.6536006927490234,
  "eye_spacing_ratio_max": 0.7376425266265869,
  "jaw_ratio_mean": 0.7848096489906311,
  "jaw_ratio_std": 0.028801554813981056,
  "jaw_ratio_median": 0.7825049161911011,
  "jaw_ratio_max": 0.8361520171165466,
  "smile_intensity_mean": 0.4308956265449524,
  "smile_intensity_std": 0.24506473541259766,
  "smile_intensity_median": 0.41203707456588745,
  "smile_intensity_max": 1.0,
  "eye_contact_mean": 0.9633316993713379,
  "eye_contact_std": 0.025622444227337837,
  "eye_contact_median": 0.9695737361907959,
  "eye_contact_max": 0.998960018157959,
  "eye_openness_mean": 0.8933987617492676,
  "eye_openness_std": 0.17496410012245178,
  "eye_openness_median": 1.0,
  "eye_openness_max": 1.0,
  "gaze_stability_mean": 0.9833760857582092,
  "gaze_stability_std": 0.02034369856119156,
  "gaze_stability_median": 0.9912638664245605,
  "gaze_stability_max": 1.0,
  "head_tilt_mean": 0.18023157119750977,
  "head_tilt_std": 0.2202458679676056,
  "head_tilt_median": 0.12566648423671722,
  "head_tilt_max": 1.0,
  "expression_speed_mean": 0.22601163387298584,
  "expression_speed_std": 0.25274863839149475,
  "expression_speed_median": 0.12210750579833984,
  "expression_speed_max": 1.0,
  "happy_mean": 0.2689370810985565,
  "happy_std": 0.3899134695529938,
  "happy_median": 0.0033957185223698616,
  "happy_max": 0.9998395442962646,
  "neutral_mean": 0.15689639747142792,
  "neutral_std": 0.2974710166454315,
  "neutral_median": 0.0060853539034724236,
  "neutral_max": 0.980178952217102,
  "surprise_mean": 0.021075990051031113,
  "surprise_std": 0.11027373373508453,
  "surprise_median": 1.8238031771034002e-05,
  "surprise_max": 0.9176869988441467,
  "processed_frames": 70.0,
  "video_name": "1 (2).mp4"
}