{
  "facial_symmetry_mean": 0.9084516167640686,
  "facial_symmetry_std": 0.07487645000219345,
  "facial_symmetry_median": 0.9105461835861206,
  "facial_symmetry_max": 0.9995128512382507,
  "face_width_height_ratio_mean": 0.6831482648849487,
  "face_width_height_ratio_std": 0.047127615660429,
  "face_width_height_ratio_median": 0.6706933975219727,
  "face_width_height_ratio_max": 0.864922046661377,
  "eye_spacing_ratio_mean": 0.6640027761459351,
  "eye_spacing_ratio_std": 0.021467238664627075,
  "eye_spacing_ratio_median": 0.6640989184379578,
  "eye_spacing_ratio_max": 0.7050052881240845,
  "jaw_ratio_mean": 0.790816068649292,
  "jaw_ratio_std": 0.023932896554470062,
  "jaw_ratio_median": 0.7981224060058594,
  "jaw_ratio_max": 0.8346779942512512,
  "smile_intensity_mean": 0.38138285279273987,
  "smile_intensity_std": 0.34836336970329285,
  "smile_intensity_median": 0.3740491271018982,
  "smile_intensity_max": 1.0,
  "eye_contact_mean": 0.9682024121284485,
  "eye_contact_std": 0.024091845378279686,
  "eye_contact_median": 0.9744560718536377,
  "eye_contact_max": 0.999242901802063,
  "eye_openness_mean": 0.7762535214424133,
  "eye_openness_std": 0.2858368158340454,
  "eye_openness_median": 0.9861992001533508,
  "eye_openness_max": 1.0,
  "gaze_stability_mean": 0.9888274073600769,
  "gaze_stability_std": 0.01190128643065691,
  "gaze_stability_median": 0.9932377338409424,
  "gaze_stability_max": 1.0,
  "head_tilt_mean": 0.21846115589141846,
  "head_tilt_std": 0.18361800909042358,
  "head_tilt_median": 0.1612323522567749,
  "head_tilt_max": 0.715595006942749,
  "expression_speed_mean": 0.23101255297660828,
  "expression_speed_std": 0.2735060155391693,
  "expression_speed_median": 0.08899617195129395,
  "expression_speed_max": 1.0,
  "happy_mean": 0.1857178509235382,
  "happy_std": 0.34739598631858826,
  "happy_median": 0.00032337967422790825,
  "happy_max": 0.9970348477363586,
  "neutral_mean": 0.26866719126701355,
  "neutral_std": 0.3441663682460785,
  "neutral_median": 0.05642387270927429,
  "neutral_max": 0.9946123957633972,
  "surprise_mean": 0.028634002432227135,
  "surprise_std": 0.10802138596773148,
  "surprise_median": 0.0001100039662560448,
  "surprise_max": 0.6933141946792603,
  "processed_frames": 89.0,
  "video_name": "1 (3).mp4"
}