{
  "facial_symmetry_mean": 0.9035890102386475,
  "facial_symmetry_std": 0.06887832283973694,
  "facial_symmetry_median": 0.9076392650604248,
  "facial_symmetry_max": 0.9998483657836914,
  "face_width_height_ratio_mean": 1.4084486961364746,
  "face_width_height_ratio_std": 0.0918668732047081,
  "face_width_height_ratio_median": 1.4246361255645752,
  "face_width_height_ratio_max": 1.617378830909729,
  "eye_spacing_ratio_mean": 0.6454311609268188,
  "eye_spacing_ratio_std": 0.03688491880893707,
  "eye_spacing_ratio_median": 0.6525226831436157,
  "eye_spacing_ratio_max": 0.7018224596977234,
  "jaw_ratio_mean": 0.7981894016265869,
  "jaw_ratio_std": 0.020639533177018166,
  "jaw_ratio_median": 0.7962523698806763,
  "jaw_ratio_max": 0.8473301529884338,
  "smile_intensity_mean": 0.2851630747318268,
  "smile_intensity_std": 0.21859963238239288,
  "smile_intensity_median": 0.30872297286987305,
  "smile_intensity_max": 1.0,
  "eye_contact_mean": 0.9677281975746155,
  "eye_contact_std": 0.023714188486337662,
  "eye_contact_median": 0.9735325574874878,
  "eye_contact_max": 0.999737024307251,
  "eye_openness_mean": 0.5006463527679443,
  "eye_openness_std": 0.2278573364019394,
  "eye_openness_median": 0.4425262212753296,
  "eye_openness_max": 1.0,
  "gaze_stability_mean": 0.9834176898002625,
  "gaze_stability_std": 0.018836790695786476,
  "gaze_stability_median": 0.9903455376625061,
  "gaze_stability_max": 1.0,
  "head_tilt_mean": 0.08787771314382553,
  "head_tilt_std": 0.07963012903928757,
  "head_tilt_median": 0.06577406078577042,
  "head_tilt_max": 0.4040958881378174,
  "expression_speed_mean": 0.1616966426372528,
  "expression_speed_std": 0.16223876178264618,
  "expression_speed_median": 0.1117040291428566,
  "expression_speed_max": 1.0,
  "happy_mean": 0.40396565198898315,
  "happy_std": 0.44711339473724365,
  "happy_median": 0.11219065636396408,
  "happy_max": 1.0,
  "neutral_mean": 0.1470896601676941,
  "neutral_std": 0.29705291986465454,
  "neutral_median": 0.0009572209091857076,
  "neutral_max": 0.9948182106018066,
  "surprise_mean": 0.01742536760866642,
  "surprise_std": 0.11302746832370758,
  "surprise_median": 8.069946488831192e-07,
  "surprise_max": 0.9863522052764893,
  "processed_frames": 124.0,
  "video_name": "1 (5).mp4"
}