{
  "facial_symmetry_mean": 0.9303572773933411,
  "facial_symmetry_std": 0.04289344698190689,
  "facial_symmetry_median": 0.9330869913101196,
  "facial_symmetry_max": 0.9995530247688293,
  "face_width_height_ratio_mean": 0.4758591651916504,
  "face_width_height_ratio_std": 0.028012242168188095,
  "face_width_height_ratio_median": 0.47850245237350464,
  "face_width_height_ratio_max": 0.5517210364341736,
  "eye_spacing_ratio_mean": 0.6453827619552612,
  "eye_spacing_ratio_std": 0.02450144663453102,
  "eye_spacing_ratio_median": 0.642195463180542,
  "eye_spacing_ratio_max": 0.755264401435852,
  "jaw_ratio_mean": 0.8000673055648804,
  "jaw_ratio_std": 0.019358426332473755,
  "jaw_ratio_median": 0.8027554154396057,
  "jaw_ratio_max": 0.8595148324966431,
  "smile_intensity_mean": 0.5805811882019043,
  "smile_intensity_std": 0.40977051854133606,
  "smile_intensity_median": 0.7055028676986694,
  "smile_intensity_max": 1.0,
  "eye_contact_mean": 0.9770478010177612,
  "eye_contact_std": 0.020739315077662468,
  "eye_contact_median": 0.9841850996017456,
  "eye_contact_max": 0.9993484020233154,
  "eye_openness_mean": 0.687369167804718,
  "eye_openness_std": 0.3092602491378784,
  "eye_openness_median": 0.7793084383010864,
  "eye_openness_max": 1.0,
  "gaze_stability_mean": 0.9931451678276062,
  "gaze_stability_std": 0.008792312815785408,
  "gaze_stability_median": 0.9959332346916199,
  "gaze_stability_max": 1.0,
  "head_tilt_mean": 0.1095377653837204,
  "head_tilt_std": 0.06833592057228088,
  "head_tilt_median": 0.10308556258678436,
  "head_tilt_max": 0.2886714041233063,
  "expression_speed_mean": 0.17506861686706543,
  "expression_speed_std": 0.2330872118473053,
  "expression_speed_median": 0.08035603165626526,
  "expression_speed_max": 1.0,
  "happy_mean": 0.5450663566589355,
  "happy_std": 0.47165295481681824,
  "happy_median": 0.8529658317565918,
  "happy_max": 1.0,
  "neutral_mean": 0.2827133238315582,
  "neutral_std": 0.39721307158470154,
  "neutral_median": 0.011435105465352535,
  "neutral_max": 0.9999997019767761,
  "surprise_mean": 0.006059596315026283,
  "surprise_std": 0.07275087386369705,
  "surprise_median": 3.858619948005071e-07,
  "surprise_max": 0.9233443140983582,
  "processed_frames": 160.0,
  "video_name": "1 (6).mp4"
}