{
  "facial_symmetry_mean": 0.8557433485984802,
  "facial_symmetry_std": 0.1327453851699829,
  "facial_symmetry_median": 0.8876357078552246,
  "facial_symmetry_max": 0.9998756051063538,
  "face_width_height_ratio_mean": 0.8710582256317139,
  "face_width_height_ratio_std": 0.0736657902598381,
  "face_width_height_ratio_median": 0.8535564541816711,
  "face_width_height_ratio_max": 1.0539833307266235,
  "eye_spacing_ratio_mean": 0.6514009833335876,
  "eye_spacing_ratio_std": 0.029769057407975197,
  "eye_spacing_ratio_median": 0.649991512298584,
  "eye_spacing_ratio_max": 0.7116686105728149,
  "jaw_ratio_mean": 0.7691358923912048,
  "jaw_ratio_std": 0.024660473689436913,
  "jaw_ratio_median": 0.7628086805343628,
  "jaw_ratio_max": 0.8341596722602844,
  "smile_intensity_mean": 0.23730140924453735,
  "smile_intensity_std": 0.22905009984970093,
  "smile_intensity_median": 0.11342864483594894,
  "smile_intensity_max": 0.9637210965156555,
  "eye_contact_mean": 0.9659886956214905,
  "eye_contact_std": 0.0352676697075367,
  "eye_contact_median": 0.9790122509002686,
  "eye_contact_max": 0.9999179840087891,
  "eye_openness_mean": 0.8857602477073669,
  "eye_openness_std": 0.19544950127601624,
  "eye_openness_median": 1.0,
  "eye_openness_max": 1.0,
  "gaze_stability_mean": 0.9784417748451233,
  "gaze_stability_std": 0.02435607649385929,
  "gaze_stability_median": 0.9910776019096375,
  "gaze_stability_max": 1.0,
  "head_tilt_mean": 0.33007633686065674,
  "head_tilt_std": 0.3906261920928955,
  "head_tilt_median": 0.11532053351402283,
  "head_tilt_max": 1.0,
  "expression_speed_mean": 0.206843763589859,
  "expression_speed_std": 0.2185462862253189,
  "expression_speed_median": 0.11186136305332184,
  "expression_speed_max": 0.9214253425598145,
  "happy_mean": 0.3459950387477875,
  "happy_std": 0.4210951030254364,
  "happy_median": 0.051597170531749725,
  "happy_max": 0.9964836239814758,
  "neutral_mean": 0.17872227728366852,
  "neutral_std": 0.31116825342178345,
  "neutral_median": 0.0394146665930748,
  "neutral_max": 0.9994579553604126,
  "surprise_mean": 0.046733275055885315,
  "surprise_std": 0.14905531704425812,
  "surprise_median": 0.00020782310457434505,
  "surprise_max": 0.7983191013336182,
  "processed_frames": 44.0,
  "video_name": "1 (8).mp4"
}