{
  "facial_symmetry_mean": 0.8971519470214844,
  "facial_symmetry_std": 0.08151977509260178,
  "facial_symmetry_median": 0.9248969554901123,
  "facial_symmetry_max": 0.9986391663551331,
  "face_width_height_ratio_mean": 0.6188050508499146,
  "face_width_height_ratio_std": 0.05480822175741196,
  "face_width_height_ratio_median": 0.6311173439025879,
  "face_width_height_ratio_max": 0.7572362422943115,
  "eye_spacing_ratio_mean": 0.6498965620994568,
  "eye_spacing_ratio_std": 0.025606360286474228,
  "eye_spacing_ratio_median": 0.6542744636535645,
  "eye_spacing_ratio_max": 0.7325758934020996,
  "jaw_ratio_mean": 0.8038924336433411,
  "jaw_ratio_std": 0.01616831310093403,
  "jaw_ratio_median": 0.8034911155700684,
  "jaw_ratio_max": 0.8413597345352173,
  "smile_intensity_mean": 0.3292232155799866,
  "smile_intensity_std": 0.31308528780937195,
  "smile_intensity_median": 0.1982300579547882,
  "smile_intensity_max": 1.0,
  "eye_contact_mean": 0.9622315168380737,
  "eye_contact_std": 0.03372901305556297,
  "eye_contact_median": 0.9664349555969238,
  "eye_contact_max": 0.9999972581863403,
  "eye_openness_mean": 0.7759847640991211,
  "eye_openness_std": 0.18664905428886414,
  "eye_openness_median": 0.7785149216651917,
  "eye_openness_max": 1.0,
  "gaze_stability_mean": 0.9839218854904175,
  "gaze_stability_std": 0.020916277542710304,
  "gaze_stability_median": 0.9925028085708618,
  "gaze_stability_max": 1.0,
  "head_tilt_mean": 0.15876980125904083,
  "head_tilt_std": 0.20031946897506714,
  "head_tilt_median": 0.08211806416511536,
  "head_tilt_max": 0.8815162181854248,
  "expression_speed_mean": 0.19434869289398193,
  "expression_speed_std": 0.19201375544071198,
  "expression_speed_median": 0.11263979971408844,
  "expression_speed_max": 0.8895187973976135,
  "happy_mean": 0.35642093420028687,
  "happy_std": 0.42074134945869446,
  "happy_median": 0.14254418015480042,
  "happy_max": 0.9999979734420776,
  "neutral_mean": 0.2700914144515991,
  "neutral_std": 0.35870280861854553,
  "neutral_median": 0.04187578707933426,
  "neutral_max": 0.9991834759712219,
  "surprise_mean": 0.004689517896622419,
  "surprise_std": 0.02736259438097477,
  "surprise_median": 1.0546295015956275e-05,
  "surprise_max": 0.2464587688446045,
  "processed_frames": 82.0,
  "video_name": "1.mp4"
}