{
  "facial_symmetry_mean": 0.9084841012954712,
  "facial_symmetry_std": 0.03909171000123024,
  "facial_symmetry_median": 0.8972131609916687,
  "facial_symmetry_max": 0.9994205832481384,
  "face_width_height_ratio_mean": 0.6439293026924133,
  "face_width_height_ratio_std": 0.06088923290371895,
  "face_width_height_ratio_median": 0.653660774230957,
  "face_width_height_ratio_max": 0.8222126960754395,
  "eye_spacing_ratio_mean": 0.6463767886161804,
  "eye_spacing_ratio_std": 0.02541082352399826,
  "eye_spacing_ratio_median": 0.6518852710723877,
  "eye_spacing_ratio_max": 0.7527412176132202,
  "jaw_ratio_mean": 0.784512460231781,
  "jaw_ratio_std": 0.009884954430162907,
  "jaw_ratio_median": 0.7874652743339539,
  "jaw_ratio_max": 0.7990456819534302,
  "smile_intensity_mean": 0.0365544855594635,
  "smile_intensity_std": 0.07592279464006424,
  "smile_intensity_median": 0.014028701931238174,
  "smile_intensity_max": 0.40049540996551514,
  "eye_contact_mean": 0.9465571045875549,
  "eye_contact_std": 0.027428125962615013,
  "eye_contact_median": 0.9344367980957031,
  "eye_contact_max": 0.9997731447219849,
  "eye_openness_mean": 0.9417208433151245,
  "eye_openness_std": 0.12058478593826294,
  "eye_openness_median": 1.0,
  "eye_openness_max": 1.0,
  "gaze_stability_mean": 0.9900400042533875,
  "gaze_stability_std": 0.016319066286087036,
  "gaze_stability_median": 0.9956263303756714,
  "gaze_stability_max": 1.0,
  "head_tilt_mean": 0.10138306766748428,
  "head_tilt_std": 0.06992866843938828,
  "head_tilt_median": 0.07277704775333405,
  "head_tilt_max": 0.24130553007125854,
  "expression_speed_mean": 0.07758653908967972,
  "expression_speed_std": 0.13166619837284088,
  "expression_speed_median": 0.021164923906326294,
  "expression_speed_max": 0.6122441291809082,
  "happy_mean": 0.1194620132446289,
  "happy_std": 0.2762379050254822,
  "happy_median": 0.0032011643052101135,
  "happy_max": 0.99651700258255,
  "neutral_mean": 0.33468982577323914,
  "neutral_std": 0.2869047522544861,
  "neutral_median": 0.26772502064704895,
  "neutral_max": 0.9076327085494995,
  "surprise_mean": 0.03449557349085808,
  "surprise_std": 0.09690520912408829,
  "surprise_median": 0.002176054287701845,
  "surprise_max": 0.6407577991485596,
  "processed_frames": 76.0,
  "video_name": "1.mp4"
}