{
  "facial_symmetry_mean": 0.8427093029022217,
  "facial_symmetry_std": 0.05918563902378082,
  "facial_symmetry_median": 0.8254085183143616,
  "facial_symmetry_max": 0.9345871806144714,
  "face_width_height_ratio_mean": 0.7932502031326294,
  "face_width_height_ratio_std": 0.02567620761692524,
  "face_width_height_ratio_median": 0.8007923364639282,
  "face_width_height_ratio_max": 0.8542250394821167,
  "eye_spacing_ratio_mean": 0.6383569836616516,
  "eye_spacing_ratio_std": 0.01355754490941763,
  "eye_spacing_ratio_median": 0.6355018615722656,
  "eye_spacing_ratio_max": 0.6860254406929016,
  "jaw_ratio_mean": 0.7797273397445679,
  "jaw_ratio_std": 0.009541324339807034,
  "jaw_ratio_median": 0.782012939453125,
  "jaw_ratio_max": 0.8053039908409119,
  "smile_intensity_mean": 0.41227954626083374,
  "smile_intensity_std": 0.19671455025672913,
  "smile_intensity_median": 0.4737895131111145,
  "smile_intensity_max": 0.8403685092926025,
  "eye_contact_mean": 0.9757903814315796,
  "eye_contact_std": 0.012215415015816689,
  "eye_contact_median": 0.9788854122161865,
  "eye_contact_max": 0.9940323829650879,
  "eye_openness_mean": 0.886247992515564,
  "eye_openness_std": 0.1831933706998825,
  "eye_openness_median": 1.0,
  "eye_openness_max": 1.0,
  "gaze_stability_mean": 0.9934183359146118,
  "gaze_stability_std": 0.009248532354831696,
  "gaze_stability_median": 0.9967454671859741,
  "gaze_stability_max": 1.0,
  "head_tilt_mean": 0.17795822024345398,
  "head_tilt_std": 0.08810017257928848,
  "head_tilt_median": 0.14944806694984436,
  "head_tilt_max": 0.3268498182296753,
  "expression_speed_mean": 0.11707910895347595,
  "expression_speed_std": 0.14174988865852356,
  "expression_speed_median": 0.06686699390411377,
  "expression_speed_max": 0.7112746238708496,
  "happy_mean": 0.11152230203151703,
  "happy_std": 0.25316840410232544,
  "happy_median": 0.009955577552318573,
  "happy_max": 0.9959410429000854,
  "neutral_mean": 0.1958005577325821,
  "neutral_std": 0.3497740924358368,
  "neutral_median": 0.005519929341971874,
  "neutral_max": 0.9967372417449951,
  "surprise_mean": 0.0007062508375383914,
  "surprise_std": 0.003577406285330653,
  "surprise_median": 1.3129312037563068e-06,
  "surprise_max": 0.02537395991384983,
  "processed_frames": 50.0,
  "video_name": "4.mp4"
}