{
  "facial_symmetry_mean": 0.6959413290023804,
  "facial_symmetry_std": 0.06521131843328476,
  "facial_symmetry_median": 0.6961548924446106,
  "facial_symmetry_max": 0.8984651565551758,
  "face_width_height_ratio_mean": 0.8219598531723022,
  "face_width_height_ratio_std": 0.11849071830511093,
  "face_width_height_ratio_median": 0.7898492217063904,
  "face_width_height_ratio_max": 1.2021857500076294,
  "eye_spacing_ratio_mean": 0.6115670204162598,
  "eye_spacing_ratio_std": 0.05499803647398949,
  "eye_spacing_ratio_median": 0.6231074333190918,
  "eye_spacing_ratio_max": 0.6924041509628296,
  "jaw_ratio_mean": 0.8139962553977966,
  "jaw_ratio_std": 0.027578243985772133,
  "jaw_ratio_median": 0.8098240494728088,
  "jaw_ratio_max": 0.8746836185455322,
  "smile_intensity_mean": 0.06552157551050186,
  "smile_intensity_std": 0.07192157953977585,
  "smile_intensity_median": 0.03780440241098404,
  "smile_intensity_max": 0.2850339412689209,
  "eye_contact_mean": 0.8917074799537659,
  "eye_contact_std": 0.06538649648427963,
  "eye_contact_median": 0.8961848020553589,
  "eye_contact_max": 0.9943481683731079,
  "eye_openness_mean": 0.8587359189987183,
  "eye_openness_std": 0.16328789293766022,
  "eye_openness_median": 0.959274172782898,
  "eye_openness_max": 1.0,
  "gaze_stability_mean": 0.9695974588394165,
  "gaze_stability_std": 0.02931261993944645,
  "gaze_stability_median": 0.9788690209388733,
  "gaze_stability_max": 1.0,
  "head_tilt_mean": 0.34184613823890686,
  "head_tilt_std": 0.129312202334404,
  "head_tilt_median": 0.2751465141773224,
  "head_tilt_max": 0.5362929105758667,
  "expression_speed_mean": 0.13134652376174927,
  "expression_speed_std": 0.15021853148937225,
  "expression_speed_median": 0.08918122202157974,
  "expression_speed_max": 0.6395663022994995,
  "happy_mean": 0.03604414314031601,
  "happy_std": 0.1625804901123047,
  "happy_median": 1.0280344895363669e-06,
  "happy_max": 0.910997748374939,
  "neutral_mean": 0.14725860953330994,
  "neutral_std": 0.27860164642333984,
  "neutral_median": 0.0008111590868793428,
  "neutral_max": 0.9157705307006836,
  "surprise_mean": 0.00032701014424674213,
  "surprise_std": 0.0017775786109268665,
  "surprise_median": 4.334999026411879e-09,
  "surprise_max": 0.011821184307336807,
  "processed_frames": 43.0,
  "video_name": "5.mp4"
}