{
  "facial_symmetry_mean": 0.7322642207145691,
  "facial_symmetry_std": 0.1378592699766159,
  "facial_symmetry_median": 0.7270146608352661,
  "facial_symmetry_max": 0.9979773163795471,
  "face_width_height_ratio_mean": 1.273269534111023,
  "face_width_height_ratio_std": 0.14747527241706848,
  "face_width_height_ratio_median": 1.2533204555511475,
  "face_width_height_ratio_max": 1.6231554746627808,
  "eye_spacing_ratio_mean": 0.6274462342262268,
  "eye_spacing_ratio_std": 0.03553392365574837,
  "eye_spacing_ratio_median": 0.6274688243865967,
  "eye_spacing_ratio_max": 0.720596432685852,
  "jaw_ratio_mean": 0.7894586324691772,
  "jaw_ratio_std": 0.0257091224193573,
  "jaw_ratio_median": 0.7923288345336914,
  "jaw_ratio_max": 0.8402993083000183,
  "smile_intensity_mean": 0.07622017711400986,
  "smile_intensity_std": 0.11000073701143265,
  "smile_intensity_median": 0.03172682225704193,
  "smile_intensity_max": 0.6355335116386414,
  "eye_contact_mean": 0.9214851260185242,
  "eye_contact_std": 0.045616645365953445,
  "eye_contact_median": 0.9268006086349487,
  "eye_contact_max": 0.9972424507141113,
  "eye_openness_mean": 0.8241500854492188,
  "eye_openness_std": 0.2154877930879593,
  "eye_openness_median": 0.9147614240646362,
  "eye_openness_max": 1.0,
  "gaze_stability_mean": 0.9729457497596741,
  "gaze_stability_std": 0.031378310173749924,
  "gaze_stability_median": 0.9824668169021606,
  "gaze_stability_max": 1.0,
  "head_tilt_mean": 0.16552968323230743,
  "head_tilt_std": 0.11725638806819916,
  "head_tilt_median": 0.17770610749721527,
  "head_tilt_max": 0.398406982421875,
  "expression_speed_mean": 0.12693843245506287,
  "expression_speed_std": 0.13311555981636047,
  "expression_speed_median": 0.06823667883872986,
  "expression_speed_max": 0.6314273476600647,
  "happy_mean": 0.137884721159935,
  "happy_std": 0.3168416917324066,
  "happy_median": 0.00011075065413024276,
  "happy_max": 0.9999890923500061,
  "neutral_mean": 0.22117668390274048,
  "neutral_std": 0.3399064242839813,
  "neutral_median": 0.000972219742834568,
  "neutral_max": 0.9966509342193604,
  "surprise_mean": 0.003696904983371496,
  "surprise_std": 0.027020886540412903,
  "surprise_median": 1.9302779818985982e-08,
  "surprise_max": 0.30633729696273804,
  "processed_frames": 142.0,
  "video_name": "6.mp4"
}