{
  "expression_speed_max": 0.6723170777161916,
  "expression_speed_mean": 0.11376227686802547,
  "expression_speed_median": 0.06530525783697765,
  "expression_speed_std": 0.13407461593548456,
  "eye_contact_max": 0.9972689747810364,
  "eye_contact_mean": 0.9181418915589651,
  "eye_contact_median": 0.9213184217611948,
  "eye_contact_std": 0.05072487828632196,
  "eye_openness_max": 1.0,
  "eye_openness_mean": 0.831577330827713,
  "eye_openness_median": 0.917318214972814,
  "eye_openness_std": 0.17903299878040949,
  "eye_spacing_ratio_max": 0.733603854974111,
  "eye_spacing_ratio_mean": 0.6363721887270609,
  "eye_spacing_ratio_median": 0.6423649489879608,
  "eye_spacing_ratio_std": 0.03525175107643008,
  "face_width_height_ratio_max": 1.3021392424901326,
  "face_width_height_ratio_mean": 0.9887915352980295,
  "face_width_height_ratio_median": 0.970184991757075,
  "face_width_height_ratio_std": 0.13957168130824962,
  "facial_symmetry_max": 0.9712386131286621,
  "facial_symmetry_mean": 0.7849302093187968,
  "facial_symmetry_median": 0.7862052917480469,
  "facial_symmetry_std": 0.09571408418317635,
  "gaze_stability_max": 1.0,
  "gaze_stability_mean": 0.9786491394042969,
  "gaze_stability_median": 0.9878228306770325,
  "gaze_stability_std": 0.02598914069434007,
  "happy_max": 0.9839072724183401,
  "happy_mean": 0.15358726804455122,
  "happy_median": 0.003530328041942236,
  "happy_std": 0.29616208374500275,
  "head_tilt_max": 0.3725565920273463,
  "head_tilt_mean": 0.17625674729545912,
  "head_tilt_median": 0.16527369618415833,
  "head_tilt_std": 0.09188827065130074,
  "jaw_ratio_max": 0.8509602248668671,
  "jaw_ratio_mean": 0.7887174785137177,
  "jaw_ratio_median": 0.7884933352470398,
  "jaw_ratio_std": 0.0232667267943422,
  "neutral_max": 0.9694649875164032,
  "neutral_mean": 0.25801103562116623,
  "neutral_median": 0.06350456045280832,
  "neutral_std": 0.3444608151912689,
  "processed_frames": 119.0,
  "smile_intensity_max": 0.5980081756909689,
  "smile_intensity_mean": 0.13999964917699495,
  "smile_intensity_median": 0.1132084137449662,
  "smile_intensity_std": 0.12836317718029022,
  "surprise_max": 0.31176179243872565,
  "surprise_mean": 0.0079046080209082,
  "surprise_median": 0.00036292284015214653,
  "surprise_std": 0.032291123061440885,
  "video_count": 6.0,
  "valid_video_count": 6.0,
  "valid_video_ratio": 1.0,
  "total_processed_frames": 714.0,
  "avg_processed_frames": 119.0,
  "quality_score": 0.9173333333333333,
  "person_name": "Lý Uyển Đát"
}