{
  "facial_symmetry_mean": 0.9266666769981384,
  "facial_symmetry_std": 0.04301124066114426,
  "facial_symmetry_median": 0.9318286180496216,
  "facial_symmetry_max": 0.9975866079330444,
  "face_width_height_ratio_mean": 0.8209178447723389,
  "face_width_height_ratio_std": 0.07192403078079224,
  "face_width_height_ratio_median": 0.8140106797218323,
  "face_width_height_ratio_max": 1.0305842161178589,
  "eye_spacing_ratio_mean": 0.6551732420921326,
  "eye_spacing_ratio_std": 0.026580706238746643,
  "eye_spacing_ratio_median": 0.6503303050994873,
  "eye_spacing_ratio_max": 0.7311884760856628,
  "jaw_ratio_mean": 0.8005960583686829,
  "jaw_ratio_std": 0.018801528960466385,
  "jaw_ratio_median": 0.8039109110832214,
  "jaw_ratio_max": 0.8390702605247498,
  "smile_intensity_mean": 0.42029526829719543,
  "smile_intensity_std": 0.32458391785621643,
  "smile_intensity_median": 0.46093448996543884,
  "smile_intensity_max": 0.9765920639038086,
  "eye_contact_mean": 0.9803078770637512,
  "eye_contact_std": 0.018426649272441864,
  "eye_contact_median": 0.9859030246734619,
  "eye_contact_max": 0.9996262788772583,
  "eye_openness_mean": 0.578845739364624,
  "eye_openness_std": 0.1844760626554489,
  "eye_openness_median": 0.5266688466072083,
  "eye_openness_max": 1.0,
  "gaze_stability_mean": 0.9872984290122986,
  "gaze_stability_std": 0.014124793000519276,
  "gaze_stability_median": 0.9909595847129822,
  "gaze_stability_max": 1.0,
  "head_tilt_mean": 0.16037066280841827,
  "head_tilt_std": 0.11820038408041,
  "head_tilt_median": 0.13185545802116394,
  "head_tilt_max": 0.4834134876728058,
  "expression_speed_mean": 0.335226446390152,
  "expression_speed_std": 0.2768504321575165,
  "expression_speed_median": 0.28437039256095886,
  "expression_speed_max": 1.0,
  "happy_mean": 0.4935396611690521,
  "happy_std": 0.48217111825942993,
  "happy_median": 0.783880889415741,
  "happy_max": 0.9999999403953552,
  "neutral_mean": 0.08950301259756088,
  "neutral_std": 0.24121946096420288,
  "neutral_median": 0.00161799939814955,
  "neutral_max": 0.974225640296936,
  "surprise_mean": 0.027188057079911232,
  "surprise_std": 0.11727011948823929,
  "surprise_median": 0.0003655782202258706,
  "surprise_max": 0.7299020290374756,
  "processed_frames": 39.0,
  "video_name": "2.mp4"
}