{
  "facial_symmetry_mean": 0.8837929964065552,
  "facial_symmetry_std": 0.08605165034532547,
  "facial_symmetry_median": 0.8808939456939697,
  "facial_symmetry_max": 0.9996817708015442,
  "face_width_height_ratio_mean": 1.3985464572906494,
  "face_width_height_ratio_std": 0.17657344043254852,
  "face_width_height_ratio_median": 1.420013189315796,
  "face_width_height_ratio_max": 1.9505780935287476,
  "eye_spacing_ratio_mean": 0.6526581645011902,
  "eye_spacing_ratio_std": 0.027114732190966606,
  "eye_spacing_ratio_median": 0.652443528175354,
  "eye_spacing_ratio_max": 0.7857959866523743,
  "jaw_ratio_mean": 0.789219856262207,
  "jaw_ratio_std": 0.023177960887551308,
  "jaw_ratio_median": 0.7910355925559998,
  "jaw_ratio_max": 0.865042507648468,
  "smile_intensity_mean": 0.13492189347743988,
  "smile_intensity_std": 0.14786942303180695,
  "smile_intensity_median": 0.09819263964891434,
  "smile_intensity_max": 0.9686939716339111,
  "eye_contact_mean": 0.9665296077728271,
  "eye_contact_std": 0.026921385899186134,
  "eye_contact_median": 0.9733743667602539,
  "eye_contact_max": 0.9999451637268066,
  "eye_openness_mean": 0.6174497604370117,
  "eye_openness_std": 0.2712278664112091,
  "eye_openness_median": 0.6036096215248108,
  "eye_openness_max": 1.0,
  "gaze_stability_mean": 0.9829223155975342,
  "gaze_stability_std": 0.020466599613428116,
  "gaze_stability_median": 0.9906119108200073,
  "gaze_stability_max": 1.0,
  "head_tilt_mean": 0.1067129597067833,
  "head_tilt_std": 0.10889679938554764,
  "head_tilt_median": 0.06993874907493591,
  "head_tilt_max": 0.5107593536376953,
  "expression_speed_mean": 0.15119534730911255,
  "expression_speed_std": 0.1591769903898239,
  "expression_speed_median": 0.08526262640953064,
  "expression_speed_max": 1.0,
  "happy_mean": 0.2614561915397644,
  "happy_std": 0.39909884333610535,
  "happy_median": 0.0017071639886125922,
  "happy_max": 0.9999809861183167,
  "neutral_mean": 0.20961666107177734,
  "neutral_std": 0.3259693682193756,
  "neutral_median": 0.017919696867465973,
  "neutral_max": 0.9999711513519287,
  "surprise_mean": 0.009003451094031334,
  "surprise_std": 0.06359285861253738,
  "surprise_median": 5.311903805704787e-06,
  "surprise_max": 0.8783078193664551,
  "processed_frames": 327.0,
  "video_name": "3.mp4"
}