{
  "facial_symmetry_mean": 0.9101813435554504,
  "facial_symmetry_std": 0.060586556792259216,
  "facial_symmetry_median": 0.8880051374435425,
  "facial_symmetry_max": 0.9999237656593323,
  "face_width_height_ratio_mean": 0.739814817905426,
  "face_width_height_ratio_std": 0.10193182528018951,
  "face_width_height_ratio_median": 0.7392350435256958,
  "face_width_height_ratio_max": 0.9519766569137573,
  "eye_spacing_ratio_mean": 0.6242391467094421,
  "eye_spacing_ratio_std": 0.03154434263706207,
  "eye_spacing_ratio_median": 0.6265460252761841,
  "eye_spacing_ratio_max": 0.7122191786766052,
  "jaw_ratio_mean": 0.7925988435745239,
  "jaw_ratio_std": 0.015097353607416153,
  "jaw_ratio_median": 0.7942164540290833,
  "jaw_ratio_max": 0.834439218044281,
  "smile_intensity_mean": 0.5150078535079956,
  "smile_intensity_std": 0.3611625134944916,
  "smile_intensity_median": 0.5470908880233765,
  "smile_intensity_max": 1.0,
  "eye_contact_mean": 0.9715191721916199,
  "eye_contact_std": 0.022296536713838577,
  "eye_contact_median": 0.9750025272369385,
  "eye_contact_max": 0.9993965029716492,
  "eye_openness_mean": 0.4943409562110901,
  "eye_openness_std": 0.2086721509695053,
  "eye_openness_median": 0.43598079681396484,
  "eye_openness_max": 0.9061383008956909,
  "gaze_stability_mean": 0.9849521517753601,
  "gaze_stability_std": 0.016057267785072327,
  "gaze_stability_median": 0.9899617433547974,
  "gaze_stability_max": 1.0,
  "head_tilt_mean": 0.1108628585934639,
  "head_tilt_std": 0.07917264103889465,
  "head_tilt_median": 0.08012708276510239,
  "head_tilt_max": 0.2957974374294281,
  "expression_speed_mean": 0.3091248571872711,
  "expression_speed_std": 0.22391365468502045,
  "expression_speed_median": 0.27641916275024414,
  "expression_speed_max": 1.0,
  "happy_mean": 0.18502216041088104,
  "happy_std": 0.32424384355545044,
  "happy_median": 0.00048490031622350216,
  "happy_max": 0.9991997480392456,
  "neutral_mean": 0.3209195137023926,
  "neutral_std": 0.3648868799209595,
  "neutral_median": 0.1363099366426468,
  "neutral_max": 0.9748952984809875,
  "surprise_mean": 0.02259010821580887,
  "surprise_std": 0.12376105040311813,
  "surprise_median": 0.00010266763274557889,
  "surprise_max": 0.7745451927185059,
  "processed_frames": 38.0,
  "video_name": "5.mp4"
}