{
  "expression_speed_max": 0.9456643462181091,
  "expression_speed_mean": 0.23179442584514617,
  "expression_speed_median": 0.1809284806251526,
  "expression_speed_std": 0.20037622451782228,
  "eye_contact_max": 0.9992820024490356,
  "eye_contact_mean": 0.9717533946037292,
  "eye_contact_median": 0.9773335337638855,
  "eye_contact_std": 0.023901331052184106,
  "eye_openness_max": 0.9812276601791382,
  "eye_openness_mean": 0.5602238178253174,
  "eye_openness_median": 0.5336408495903016,
  "eye_openness_std": 0.22393918633461,
  "eye_spacing_ratio_max": 0.7356596708297729,
  "eye_spacing_ratio_mean": 0.6439374208450317,
  "eye_spacing_ratio_median": 0.6438374876976013,
  "eye_spacing_ratio_std": 0.028209818154573442,
  "face_width_height_ratio_max": 1.3807344913482666,
  "face_width_height_ratio_mean": 1.038788414001465,
  "face_width_height_ratio_median": 1.0399297952651978,
  "face_width_height_ratio_std": 0.12502020373940467,
  "facial_symmetry_max": 0.9933305740356445,
  "facial_symmetry_mean": 0.897522795200348,
  "facial_symmetry_median": 0.8957159519195557,
  "facial_symmetry_std": 0.06261762082576752,
  "gaze_stability_max": 1.0,
  "gaze_stability_mean": 0.9845214724540711,
  "gaze_stability_median": 0.9908080697059631,
  "gaze_stability_std": 0.018477345071732997,
  "happy_max": 0.9961545586585998,
  "happy_mean": 0.24055858552455903,
  "happy_median": 0.15743161835998762,
  "happy_std": 0.3591313511133194,
  "head_tilt_max": 0.5163030743598938,
  "head_tilt_mean": 0.12528326511383056,
  "head_tilt_median": 0.08662756532430649,
  "head_tilt_std": 0.11554535925388336,
  "jaw_ratio_max": 0.8513487815856934,
  "jaw_ratio_mean": 0.7937597870826721,
  "jaw_ratio_median": 0.7955754399299622,
  "jaw_ratio_std": 0.02037825435400009,
  "neutral_max": 0.9811811208724975,
  "neutral_mean": 0.21947238296270372,
  "neutral_median": 0.03974247120786458,
  "neutral_std": 0.32209556102752684,
  "processed_frames": 116.6,
  "smile_intensity_max": 0.860900056362152,
  "smile_intensity_mean": 0.28204665184020994,
  "smile_intensity_median": 0.2553226873278618,
  "smile_intensity_std": 0.2386018842458725,
  "surprise_max": 0.5023901484906673,
  "surprise_mean": 0.012512633041478694,
  "surprise_median": 0.00010766641134978272,
  "surprise_std": 0.06406728783622384,
  "video_count": 5.0,
  "valid_video_count": 5.0,
  "valid_video_ratio": 1.0,
  "total_processed_frames": 583.0,
  "avg_processed_frames": 116.6,
  "quality_score": 0.9109333333333334,
  "person_name": "Blake Lively"
}