{
  "facial_symmetry_mean": 0.8672577142715454,
  "facial_symmetry_std": 0.09169942885637283,
  "facial_symmetry_median": 0.8924726247787476,
  "facial_symmetry_max": 0.9894870519638062,
  "face_width_height_ratio_mean": 1.3434449434280396,
  "face_width_height_ratio_std": 0.097435861825943,
  "face_width_height_ratio_median": 1.3346279859542847,
  "face_width_height_ratio_max": 1.5354299545288086,
  "eye_spacing_ratio_mean": 0.6630476117134094,
  "eye_spacing_ratio_std": 0.025347206741571426,
  "eye_spacing_ratio_median": 0.6682261228561401,
  "eye_spacing_ratio_max": 0.7156316637992859,
  "jaw_ratio_mean": 0.8100040555000305,
  "jaw_ratio_std": 0.019607432186603546,
  "jaw_ratio_median": 0.8079114556312561,
  "jaw_ratio_max": 0.8829146027565002,
  "smile_intensity_mean": 0.14824290573596954,
  "smile_intensity_std": 0.1414511650800705,
  "smile_intensity_median": 0.12284548580646515,
  "smile_intensity_max": 0.47666534781455994,
  "eye_contact_mean": 0.9663988947868347,
  "eye_contact_std": 0.03725133091211319,
  "eye_contact_median": 0.9835934042930603,
  "eye_contact_max": 0.9994108080863953,
  "eye_openness_mean": 0.723354697227478,
  "eye_openness_std": 0.22665293514728546,
  "eye_openness_median": 0.7486051321029663,
  "eye_openness_max": 1.0,
  "gaze_stability_mean": 0.9729567170143127,
  "gaze_stability_std": 0.03121018409729004,
  "gaze_stability_median": 0.9853492975234985,
  "gaze_stability_max": 1.0,
  "head_tilt_mean": 0.11968445032835007,
  "head_tilt_std": 0.11518131196498871,
  "head_tilt_median": 0.07483787834644318,
  "head_tilt_max": 0.373651385307312,
  "expression_speed_mean": 0.21336223185062408,
  "expression_speed_std": 0.14655530452728271,
  "expression_speed_median": 0.17389196157455444,
  "expression_speed_max": 0.6894615888595581,
  "happy_mean": 0.19652879238128662,
  "happy_std": 0.3559701144695282,
  "happy_median": 0.0034509473480284214,
  "happy_max": 0.9995790719985962,
  "neutral_mean": 0.1618710458278656,
  "neutral_std": 0.2880364656448364,
  "neutral_median": 0.01663142442703247,
  "neutral_max": 0.9555871486663818,
  "surprise_mean": 0.02557050995528698,
  "surprise_std": 0.10064530372619629,
  "surprise_median": 0.0001658951659919694,
  "surprise_max": 0.6147408485412598,
  "processed_frames": 46.0,
  "video_name": "1.mp4"
}