{
  "facial_symmetry_mean": 0.8352758884429932,
  "facial_symmetry_std": 0.09522750973701477,
  "facial_symmetry_median": 0.8425943851470947,
  "facial_symmetry_max": 0.996643602848053,
  "face_width_height_ratio_mean": 0.7846612334251404,
  "face_width_height_ratio_std": 0.06999944150447845,
  "face_width_height_ratio_median": 0.789709210395813,
  "face_width_height_ratio_max": 0.9195449352264404,
  "eye_spacing_ratio_mean": 0.6425226926803589,
  "eye_spacing_ratio_std": 0.030404409393668175,
  "eye_spacing_ratio_median": 0.6473294496536255,
  "eye_spacing_ratio_max": 0.7080574035644531,
  "jaw_ratio_mean": 0.8013510704040527,
  "jaw_ratio_std": 0.0161778312176466,
  "jaw_ratio_median": 0.799229621887207,
  "jaw_ratio_max": 0.8663427829742432,
  "smile_intensity_mean": 0.23971298336982727,
  "smile_intensity_std": 0.27756887674331665,
  "smile_intensity_median": 0.11210328340530396,
  "smile_intensity_max": 1.0,
  "eye_contact_mean": 0.9429072141647339,
  "eye_contact_std": 0.048463836312294006,
  "eye_contact_median": 0.9593248963356018,
  "eye_contact_max": 0.9995410442352295,
  "eye_openness_mean": 0.7871070504188538,
  "eye_openness_std": 0.20636843144893646,
  "eye_openness_median": 0.7968275547027588,
  "eye_openness_max": 1.0,
  "gaze_stability_mean": 0.983799934387207,
  "gaze_stability_std": 0.017960622906684875,
  "gaze_stability_median": 0.989544153213501,
  "gaze_stability_max": 1.0,
  "head_tilt_mean": 0.12240775674581528,
  "head_tilt_std": 0.11436203122138977,
  "head_tilt_median": 0.08402489125728607,
  "head_tilt_max": 0.4599297046661377,
  "expression_speed_mean": 0.2282211035490036,
  "expression_speed_std": 0.2577807605266571,
  "expression_speed_median": 0.11978602409362793,
  "expression_speed_max": 1.0,
  "happy_mean": 0.11766253411769867,
  "happy_std": 0.26741844415664673,
  "happy_median": 0.0034583171363919973,
  "happy_max": 0.9978872537612915,
  "neutral_mean": 0.3509571850299835,
  "neutral_std": 0.3541644811630249,
  "neutral_median": 0.19223931431770325,
  "neutral_max": 0.9925908446311951,
  "surprise_mean": 0.01838226430118084,
  "surprise_std": 0.08470002561807632,
  "surprise_median": 0.0001458095939597115,
  "surprise_max": 0.5771165490150452,
  "processed_frames": 72.0,
  "video_name": "2.mp4"
}