{
  "facial_symmetry_mean": 0.8843786120414734,
  "facial_symmetry_std": 0.05863935127854347,
  "facial_symmetry_median": 0.8751160502433777,
  "facial_symmetry_max": 0.9989238977432251,
  "face_width_height_ratio_mean": 0.8061518669128418,
  "face_width_height_ratio_std": 0.08021173626184464,
  "face_width_height_ratio_median": 0.7997670769691467,
  "face_width_height_ratio_max": 0.9616332650184631,
  "eye_spacing_ratio_mean": 0.6520289778709412,
  "eye_spacing_ratio_std": 0.03899510204792023,
  "eye_spacing_ratio_median": 0.6508659720420837,
  "eye_spacing_ratio_max": 0.7586393356323242,
  "jaw_ratio_mean": 0.7991905808448792,
  "jaw_ratio_std": 0.01769394427537918,
  "jaw_ratio_median": 0.797211229801178,
  "jaw_ratio_max": 0.8787615299224854,
  "smile_intensity_mean": 0.24492983520030975,
  "smile_intensity_std": 0.2513141334056854,
  "smile_intensity_median": 0.16982313990592957,
  "smile_intensity_max": 1.0,
  "eye_contact_mean": 0.9772335886955261,
  "eye_contact_std": 0.011968398466706276,
  "eye_contact_median": 0.9771245121955872,
  "eye_contact_max": 0.9998340606689453,
  "eye_openness_mean": 0.7137452363967896,
  "eye_openness_std": 0.2512088716030121,
  "eye_openness_median": 0.8262035250663757,
  "eye_openness_max": 1.0,
  "gaze_stability_mean": 0.9902102947235107,
  "gaze_stability_std": 0.010308128781616688,
  "gaze_stability_median": 0.9942943453788757,
  "gaze_stability_max": 1.0,
  "head_tilt_mean": 0.09458658844232559,
  "head_tilt_std": 0.07640694081783295,
  "head_tilt_median": 0.08769296109676361,
  "head_tilt_max": 0.30211925506591797,
  "expression_speed_mean": 0.2516013979911804,
  "expression_speed_std": 0.24448516964912415,
  "expression_speed_median": 0.16463421285152435,
  "expression_speed_max": 0.8981310129165649,
  "happy_mean": 0.28363513946533203,
  "happy_std": 0.40982118248939514,
  "happy_median": 0.0014157695695757866,
  "happy_max": 0.9999925494194031,
  "neutral_mean": 0.34941548109054565,
  "neutral_std": 0.4102793335914612,
  "neutral_median": 0.057749222964048386,
  "neutral_max": 0.9989475607872009,
  "surprise_mean": 0.003815283300355077,
  "surprise_std": 0.01508756447583437,
  "surprise_median": 4.917085789202247e-06,
  "surprise_max": 0.10662489384412766,
  "processed_frames": 83.0,
  "video_name": "3.mp4"
}