{
  "facial_symmetry_mean": 0.8999423980712891,
  "facial_symmetry_std": 0.05602625012397766,
  "facial_symmetry_median": 0.8847723603248596,
  "facial_symmetry_max": 0.9992800951004028,
  "face_width_height_ratio_mean": 0.8048651218414307,
  "face_width_height_ratio_std": 0.05558079481124878,
  "face_width_height_ratio_median": 0.8042458295822144,
  "face_width_height_ratio_max": 1.04989755153656,
  "eye_spacing_ratio_mean": 0.6550683379173279,
  "eye_spacing_ratio_std": 0.02595842070877552,
  "eye_spacing_ratio_median": 0.6552404761314392,
  "eye_spacing_ratio_max": 0.73136305809021,
  "jaw_ratio_mean": 0.7970370054244995,
  "jaw_ratio_std": 0.01670914702117443,
  "jaw_ratio_median": 0.7983123064041138,
  "jaw_ratio_max": 0.838450014591217,
  "smile_intensity_mean": 0.31783702969551086,
  "smile_intensity_std": 0.35476723313331604,
  "smile_intensity_median": 0.17176683247089386,
  "smile_intensity_max": 1.0,
  "eye_contact_mean": 0.9799709916114807,
  "eye_contact_std": 0.014274558052420616,
  "eye_contact_median": 0.9792430400848389,
  "eye_contact_max": 0.9997137188911438,
  "eye_openness_mean": 0.5853322744369507,
  "eye_openness_std": 0.24877648055553436,
  "eye_openness_median": 0.6378409266471863,
  "eye_openness_max": 0.8871070146560669,
  "gaze_stability_mean": 0.9925892949104309,
  "gaze_stability_std": 0.010164305567741394,
  "gaze_stability_median": 0.995345950126648,
  "gaze_stability_max": 1.0,
  "head_tilt_mean": 0.1368228644132614,
  "head_tilt_std": 0.15274029970169067,
  "head_tilt_median": 0.036409664899110794,
  "head_tilt_max": 0.45654043555259705,
  "expression_speed_mean": 0.20634962618350983,
  "expression_speed_std": 0.23064535856246948,
  "expression_speed_median": 0.12565787136554718,
  "expression_speed_max": 1.0,
  "happy_mean": 0.1516575813293457,
  "happy_std": 0.3274177610874176,
  "happy_median": 0.0017985292943194509,
  "happy_max": 0.9999969601631165,
  "neutral_mean": 0.21942086517810822,
  "neutral_std": 0.2801916301250458,
  "neutral_median": 0.08199682831764221,
  "neutral_max": 0.9748688340187073,
  "surprise_mean": 0.02289520762860775,
  "surprise_std": 0.0821283757686615,
  "surprise_median": 0.00017523212591186166,
  "surprise_max": 0.5743355751037598,
  "processed_frames": 66.0,
  "video_name": "4.mp4"
}