{
  "expression_speed_max": 0.8968981504440308,
  "expression_speed_mean": 0.22488358989357948,
  "expression_speed_median": 0.14599251747131348,
  "expression_speed_std": 0.21986664831638336,
  "eye_contact_max": 0.9996249079704285,
  "eye_contact_mean": 0.9666276723146439,
  "eye_contact_median": 0.974821463227272,
  "eye_contact_std": 0.027989530935883522,
  "eye_openness_max": 0.9717767536640167,
  "eye_openness_mean": 0.702384814620018,
  "eye_openness_median": 0.7523692846298218,
  "eye_openness_std": 0.2332516796886921,
  "eye_spacing_ratio_max": 0.7284228652715683,
  "eye_spacing_ratio_mean": 0.6531669050455093,
  "eye_spacing_ratio_median": 0.6554155051708221,
  "eye_spacing_ratio_std": 0.030176284722983837,
  "face_width_height_ratio_max": 1.116626426577568,
  "face_width_height_ratio_mean": 0.9347807914018631,
  "face_width_height_ratio_median": 0.9320875257253647,
  "face_width_height_ratio_std": 0.07580695860087872,
  "facial_symmetry_max": 0.9960836619138718,
  "facial_symmetry_mean": 0.8717136532068253,
  "facial_symmetry_median": 0.8737388551235199,
  "facial_symmetry_std": 0.07539813499897718,
  "gaze_stability_max": 1.0,
  "gaze_stability_mean": 0.9848890602588654,
  "gaze_stability_median": 0.9911334365606308,
  "gaze_stability_std": 0.01741081033833325,
  "happy_max": 0.9993639588356018,
  "happy_mean": 0.18737101182341576,
  "happy_median": 0.002530890837078914,
  "happy_std": 0.3401568755507469,
  "head_tilt_max": 0.3980601951479912,
  "head_tilt_mean": 0.11837541498243809,
  "head_tilt_median": 0.07074134889990091,
  "head_tilt_std": 0.11467264592647552,
  "jaw_ratio_max": 0.8666172325611115,
  "jaw_ratio_mean": 0.8018956780433655,
  "jaw_ratio_median": 0.8006661534309387,
  "jaw_ratio_std": 0.01754708867520094,
  "neutral_max": 0.9804985970258713,
  "neutral_mean": 0.27041614428162575,
  "neutral_median": 0.08715419750660658,
  "neutral_std": 0.33316797763109207,
  "processed_frames": 66.75,
  "smile_intensity_max": 0.86916633695364,
  "smile_intensity_mean": 0.23768068850040436,
  "smile_intensity_median": 0.14413468539714813,
  "smile_intensity_std": 0.25627535209059715,
  "surprise_max": 0.4682044666260481,
  "surprise_mean": 0.01766581629635766,
  "surprise_median": 0.0001229634929131862,
  "surprise_std": 0.07064031739719212,
  "video_count": 4.0,
  "valid_video_count": 4.0,
  "valid_video_ratio": 1.0,
  "total_processed_frames": 267.0,
  "avg_processed_frames": 66.75,
  "quality_score": 0.778,
  "person_name": "Rebecca Ferguson"
}