{
  "facial_symmetry_mean": 0.7915411591529846,
  "facial_symmetry_std": 0.12883777916431427,
  "facial_symmetry_median": 0.825900137424469,
  "facial_symmetry_max": 0.9963791966438293,
  "face_width_height_ratio_mean": 1.4274789094924927,
  "face_width_height_ratio_std": 0.14650465548038483,
  "face_width_height_ratio_median": 1.4105626344680786,
  "face_width_height_ratio_max": 1.8017680644989014,
  "eye_spacing_ratio_mean": 0.6174798011779785,
  "eye_spacing_ratio_std": 0.044587671756744385,
  "eye_spacing_ratio_median": 0.6268284320831299,
  "eye_spacing_ratio_max": 0.7224571108818054,
  "jaw_ratio_mean": 0.7907392382621765,
  "jaw_ratio_std": 0.019842594861984253,
  "jaw_ratio_median": 0.7868478298187256,
  "jaw_ratio_max": 0.8461118936538696,
  "smile_intensity_mean": 0.17089760303497314,
  "smile_intensity_std": 0.14892825484275818,
  "smile_intensity_median": 0.16733288764953613,
  "smile_intensity_max": 0.4537774324417114,
  "eye_contact_mean": 0.938825786113739,
  "eye_contact_std": 0.04521525651216507,
  "eye_contact_median": 0.9476346969604492,
  "eye_contact_max": 0.9983953237533569,
  "eye_openness_mean": 0.8710483908653259,
  "eye_openness_std": 0.19466067850589752,
  "eye_openness_median": 1.0,
  "eye_openness_max": 1.0,
  "gaze_stability_mean": 0.9748385548591614,
  "gaze_stability_std": 0.034746427088975906,
  "gaze_stability_median": 0.9877201318740845,
  "gaze_stability_max": 1.0,
  "head_tilt_mean": 0.056839846074581146,
  "head_tilt_std": 0.05591259151697159,
  "head_tilt_median": 0.03693714737892151,
  "head_tilt_max": 0.20010873675346375,
  "expression_speed_mean": 0.14079134166240692,
  "expression_speed_std": 0.1712399125099182,
  "expression_speed_median": 0.06392602622509003,
  "expression_speed_max": 0.6843043565750122,
  "happy_mean": 0.16546161472797394,
  "happy_std": 0.32748186588287354,
  "happy_median": 0.0009417292312718928,
  "happy_max": 0.9959565997123718,
  "neutral_mean": 0.412050724029541,
  "neutral_std": 0.4119110703468323,
  "neutral_median": 0.31168997287750244,
  "neutral_max": 0.9998564720153809,
  "surprise_mean": 0.004889213014394045,
  "surprise_std": 0.025457965210080147,
  "surprise_median": 5.025269160796597e-07,
  "surprise_max": 0.19558024406433105,
  "processed_frames": 59.0,
  "video_name": "1 (4).mp4"
}