{
  "facial_symmetry_mean": 0.8477859497070312,
  "facial_symmetry_std": 0.18138831853866577,
  "facial_symmetry_median": 0.893812358379364,
  "facial_symmetry_max": 0.9913095831871033,
  "face_width_height_ratio_mean": 0.6193971633911133,
  "face_width_height_ratio_std": 0.05896647647023201,
  "face_width_height_ratio_median": 0.6235975027084351,
  "face_width_height_ratio_max": 0.7800585627555847,
  "eye_spacing_ratio_mean": 0.6317471861839294,
  "eye_spacing_ratio_std": 0.05311477556824684,
  "eye_spacing_ratio_median": 0.6338810324668884,
  "eye_spacing_ratio_max": 0.795137345790863,
  "jaw_ratio_mean": 0.7918259501457214,
  "jaw_ratio_std": 0.02057648077607155,
  "jaw_ratio_median": 0.7915478944778442,
  "jaw_ratio_max": 0.834399938583374,
  "smile_intensity_mean": 0.5099194645881653,
  "smile_intensity_std": 0.309605211019516,
  "smile_intensity_median": 0.5511486530303955,
  "smile_intensity_max": 1.0,
  "eye_contact_mean": 0.967974841594696,
  "eye_contact_std": 0.04764627665281296,
  "eye_contact_median": 0.9806727170944214,
  "eye_contact_max": 0.9998145699501038,
  "eye_openness_mean": 0.9222715497016907,
  "eye_openness_std": 0.18377265334129333,
  "eye_openness_median": 1.0,
  "eye_openness_max": 1.0,
  "gaze_stability_mean": 0.9843676090240479,
  "gaze_stability_std": 0.025832511484622955,
  "gaze_stability_median": 0.9945341944694519,
  "gaze_stability_max": 1.0,
  "head_tilt_mean": 0.11648827791213989,
  "head_tilt_std": 0.11221764236688614,
  "head_tilt_median": 0.08127044886350632,
  "head_tilt_max": 0.41128402948379517,
  "expression_speed_mean": 0.19761593639850616,
  "expression_speed_std": 0.23559512197971344,
  "expression_speed_median": 0.09679274260997772,
  "expression_speed_max": 1.0,
  "happy_mean": 0.11343659460544586,
  "happy_std": 0.2805005609989166,
  "happy_median": 0.00015683003584854305,
  "happy_max": 0.9978320002555847,
  "neutral_mean": 0.24686221778392792,
  "neutral_std": 0.3623853921890259,
  "neutral_median": 0.011346648447215557,
  "neutral_max": 0.9999999403953552,
  "surprise_mean": 0.08330943435430527,
  "surprise_std": 0.2539631724357605,
  "surprise_median": 2.0722942281281576e-05,
  "surprise_max": 0.9994071125984192,
  "processed_frames": 90.0,
  "video_name": "1 (5).mp4"
}