{
  "facial_symmetry_mean": 0.8919960260391235,
  "facial_symmetry_std": 0.08037440478801727,
  "facial_symmetry_median": 0.9034448266029358,
  "facial_symmetry_max": 0.9997321963310242,
  "face_width_height_ratio_mean": 0.6390859484672546,
  "face_width_height_ratio_std": 0.04997168481349945,
  "face_width_height_ratio_median": 0.6534676551818848,
  "face_width_height_ratio_max": 0.7872040271759033,
  "eye_spacing_ratio_mean": 0.632097601890564,
  "eye_spacing_ratio_std": 0.02940133400261402,
  "eye_spacing_ratio_median": 0.6285257339477539,
  "eye_spacing_ratio_max": 0.6992407441139221,
  "jaw_ratio_mean": 0.7814283967018127,
  "jaw_ratio_std": 0.01634436473250389,
  "jaw_ratio_median": 0.7806357145309448,
  "jaw_ratio_max": 0.8293682336807251,
  "smile_intensity_mean": 0.4527713656425476,
  "smile_intensity_std": 0.3179952800273895,
  "smile_intensity_median": 0.4956852197647095,
  "smile_intensity_max": 1.0,
  "eye_contact_mean": 0.965916097164154,
  "eye_contact_std": 0.033234741538763046,
  "eye_contact_median": 0.9769793152809143,
  "eye_contact_max": 0.9999525547027588,
  "eye_openness_mean": 0.9106857776641846,
  "eye_openness_std": 0.1675199717283249,
  "eye_openness_median": 1.0,
  "eye_openness_max": 1.0,
  "gaze_stability_mean": 0.9828916788101196,
  "gaze_stability_std": 0.02866882085800171,
  "gaze_stability_median": 0.9925391674041748,
  "gaze_stability_max": 1.0,
  "head_tilt_mean": 0.10539209097623825,
  "head_tilt_std": 0.11650241166353226,
  "head_tilt_median": 0.051722824573516846,
  "head_tilt_max": 0.45235738158226013,
  "expression_speed_mean": 0.1693187803030014,
  "expression_speed_std": 0.2014155387878418,
  "expression_speed_median": 0.11099693924188614,
  "expression_speed_max": 1.0,
  "happy_mean": 0.06118271127343178,
  "happy_std": 0.19962525367736816,
  "happy_median": 0.0001437429600628093,
  "happy_max": 0.989741861820221,
  "neutral_mean": 0.3976137042045593,
  "neutral_std": 0.41950953006744385,
  "neutral_median": 0.14102137088775635,
  "neutral_max": 0.9999849796295166,
  "surprise_mean": 0.02929486148059368,
  "surprise_std": 0.1223180815577507,
  "surprise_median": 8.956621059041936e-06,
  "surprise_max": 0.903084397315979,
  "processed_frames": 88.0,
  "video_name": "1 (6).mp4"
}