{
  "facial_symmetry_mean": 0.8682202696800232,
  "facial_symmetry_std": 0.057501789182424545,
  "facial_symmetry_median": 0.8613783717155457,
  "facial_symmetry_max": 0.9545347690582275,
  "face_width_height_ratio_mean": 0.5425127744674683,
  "face_width_height_ratio_std": 0.12301521748304367,
  "face_width_height_ratio_median": 0.5254319906234741,
  "face_width_height_ratio_max": 0.7740525603294373,
  "eye_spacing_ratio_mean": 0.6312910914421082,
  "eye_spacing_ratio_std": 0.05146276205778122,
  "eye_spacing_ratio_median": 0.6367781758308411,
  "eye_spacing_ratio_max": 0.751377284526825,
  "jaw_ratio_mean": 0.7906389832496643,
  "jaw_ratio_std": 0.031141672283411026,
  "jaw_ratio_median": 0.7841544151306152,
  "jaw_ratio_max": 0.8577751517295837,
  "smile_intensity_mean": 0.4815092384815216,
  "smile_intensity_std": 0.41346681118011475,
  "smile_intensity_median": 0.458339661359787,
  "smile_intensity_max": 1.0,
  "eye_contact_mean": 0.9439021944999695,
  "eye_contact_std": 0.048706457018852234,
  "eye_contact_median": 0.9530706405639648,
  "eye_contact_max": 0.9998742341995239,
  "eye_openness_mean": 0.6780079007148743,
  "eye_openness_std": 0.3015296459197998,
  "eye_openness_median": 0.7610113620758057,
  "eye_openness_max": 1.0,
  "gaze_stability_mean": 0.9837214350700378,
  "gaze_stability_std": 0.019863715395331383,
  "gaze_stability_median": 0.990371584892273,
  "gaze_stability_max": 1.0,
  "head_tilt_mean": 0.256879061460495,
  "head_tilt_std": 0.29996344447135925,
  "head_tilt_median": 0.13470351696014404,
  "head_tilt_max": 0.927167534828186,
  "expression_speed_mean": 0.23709388077259064,
  "expression_speed_std": 0.28862181305885315,
  "expression_speed_median": 0.11440517008304596,
  "expression_speed_max": 1.0,
  "happy_mean": 0.07335958629846573,
  "happy_std": 0.20577117800712585,
  "happy_median": 0.0005207712529227138,
  "happy_max": 0.9915003180503845,
  "neutral_mean": 0.10776593536138535,
  "neutral_std": 0.24397528171539307,
  "neutral_median": 0.0037124650552868843,
  "neutral_max": 0.9869483709335327,
  "surprise_mean": 0.0362217053771019,
  "surprise_std": 0.13276994228363037,
  "surprise_median": 6.482611934188753e-05,
  "surprise_max": 0.940053403377533,
  "processed_frames": 74.0,
  "video_name": "1 (7).mp4"
}