{
  "facial_symmetry_mean": 0.889858603477478,
  "facial_symmetry_std": 0.051792651414871216,
  "facial_symmetry_median": 0.8833472728729248,
  "facial_symmetry_max": 0.9973053336143494,
  "face_width_height_ratio_mean": 0.6433226466178894,
  "face_width_height_ratio_std": 0.06888474524021149,
  "face_width_height_ratio_median": 0.6370213031768799,
  "face_width_height_ratio_max": 0.8349608778953552,
  "eye_spacing_ratio_mean": 0.636602520942688,
  "eye_spacing_ratio_std": 0.030621305108070374,
  "eye_spacing_ratio_median": 0.6305408477783203,
  "eye_spacing_ratio_max": 0.7376477718353271,
  "jaw_ratio_mean": 0.7832731008529663,
  "jaw_ratio_std": 0.027007125318050385,
  "jaw_ratio_median": 0.783306896686554,
  "jaw_ratio_max": 0.835595965385437,
  "smile_intensity_mean": 0.3234822154045105,
  "smile_intensity_std": 0.29915642738342285,
  "smile_intensity_median": 0.2696855068206787,
  "smile_intensity_max": 1.0,
  "eye_contact_mean": 0.9738794565200806,
  "eye_contact_std": 0.020300712436437607,
  "eye_contact_median": 0.9792736172676086,
  "eye_contact_max": 0.9999743700027466,
  "eye_openness_mean": 0.8560191988945007,
  "eye_openness_std": 0.17498396337032318,
  "eye_openness_median": 1.0,
  "eye_openness_max": 1.0,
  "gaze_stability_mean": 0.9865091443061829,
  "gaze_stability_std": 0.014849592931568623,
  "gaze_stability_median": 0.9920253157615662,
  "gaze_stability_max": 1.0,
  "head_tilt_mean": 0.130814790725708,
  "head_tilt_std": 0.10726572573184967,
  "head_tilt_median": 0.09239062666893005,
  "head_tilt_max": 0.39798304438591003,
  "expression_speed_mean": 0.2225075662136078,
  "expression_speed_std": 0.22724376618862152,
  "expression_speed_median": 0.1440335512161255,
  "expression_speed_max": 1.0,
  "happy_mean": 0.13146086037158966,
  "happy_std": 0.28821808099746704,
  "happy_median": 0.001188990194350481,
  "happy_max": 0.9997146725654602,
  "neutral_mean": 0.3728380799293518,
  "neutral_std": 0.35439392924308777,
  "neutral_median": 0.3223802149295807,
  "neutral_max": 0.9993562698364258,
  "surprise_mean": 0.03562835603952408,
  "surprise_std": 0.1027388796210289,
  "surprise_median": 9.487294300924987e-05,
  "surprise_max": 0.5168880224227905,
  "processed_frames": 80.0,
  "video_name": "1.mp4"
}