{
  "expression_speed_max": 0.9505520377840314,
  "expression_speed_mean": 0.19700319852147782,
  "expression_speed_median": 0.10757189350468772,
  "expression_speed_std": 0.22631216262068068,
  "eye_contact_max": 0.9993585433278765,
  "eye_contact_mean": 0.9525180203574044,
  "eye_contact_median": 0.9687280058860779,
  "eye_contact_std": 0.04413457214832306,
  "eye_openness_max": 1.0,
  "eye_openness_mean": 0.8600578308105469,
  "eye_openness_median": 0.9484763741493225,
  "eye_openness_std": 0.19429446011781693,
  "eye_spacing_ratio_max": 0.7334599835532052,
  "eye_spacing_ratio_mean": 0.6258819443838937,
  "eye_spacing_ratio_median": 0.6303973283086505,
  "eye_spacing_ratio_std": 0.04334123991429806,
  "face_width_height_ratio_max": 0.9639736584254673,
  "face_width_height_ratio_mean": 0.7593088490622384,
  "face_width_height_ratio_median": 0.7519268052918571,
  "face_width_height_ratio_std": 0.08759313449263573,
  "facial_symmetry_max": 0.9900267464773995,
  "facial_symmetry_mean": 0.8489036815507072,
  "facial_symmetry_median": 0.8601211479731968,
  "facial_symmetry_std": 0.11179095453449658,
  "gaze_stability_max": 1.0,
  "gaze_stability_mean": 0.9804197209221976,
  "gaze_stability_median": 0.9909381696156093,
  "gaze_stability_std": 0.027691360163901533,
  "happy_max": 0.9803573063441685,
  "happy_mean": 0.11546482358660017,
  "happy_median": 0.0004353549803844154,
  "happy_std": 0.2655762540442603,
  "head_tilt_max": 0.5531885411058154,
  "head_tilt_mean": 0.17210270251546586,
  "head_tilt_median": 0.1154970218028341,
  "head_tilt_std": 0.1592301864709173,
  "jaw_ratio_max": 0.8441911935806274,
  "jaw_ratio_mean": 0.7920640451567513,
  "jaw_ratio_median": 0.7900811518941607,
  "jaw_ratio_std": 0.023431014003498212,
  "neutral_max": 0.9937025053160531,
  "neutral_mean": 0.2748991261635508,
  "neutral_median": 0.12017750962903458,
  "neutral_std": 0.3462395114558084,
  "processed_frames": 76.85714285714286,
  "smile_intensity_max": 0.9219682046345302,
  "smile_intensity_mean": 0.4055547160761697,
  "smile_intensity_median": 0.3777288517781666,
  "smile_intensity_std": 0.29590593917029245,
  "surprise_max": 0.5251917167167578,
  "surprise_mean": 0.02793010949348432,
  "surprise_median": 2.736100250493629e-05,
  "surprise_std": 0.09400602180643805,
  "video_count": 7.0,
  "valid_video_count": 7.0,
  "valid_video_ratio": 1.0,
  "total_processed_frames": 538.0,
  "avg_processed_frames": 76.85714285714286,
  "quality_score": 0.804952380952381,
  "person_name": "Nicole Kidman"
}