{
  "facial_symmetry_mean": 0.7570537328720093,
  "facial_symmetry_std": 0.1505052149295807,
  "facial_symmetry_median": 0.7720261812210083,
  "facial_symmetry_max": 0.997998833656311,
  "face_width_height_ratio_mean": 1.197580099105835,
  "face_width_height_ratio_std": 0.2420654147863388,
  "face_width_height_ratio_median": 1.135172963142395,
  "face_width_height_ratio_max": 1.6154454946517944,
  "eye_spacing_ratio_mean": 0.6565772891044617,
  "eye_spacing_ratio_std": 0.04993284121155739,
  "eye_spacing_ratio_median": 0.6694093942642212,
  "eye_spacing_ratio_max": 0.7892553210258484,
  "jaw_ratio_mean": 0.7962081432342529,
  "jaw_ratio_std": 0.02906736359000206,
  "jaw_ratio_median": 0.7995392084121704,
  "jaw_ratio_max": 0.8450201153755188,
  "smile_intensity_mean": 0.1682518720626831,
  "smile_intensity_std": 0.1847657859325409,
  "smile_intensity_median": 0.09026947617530823,
  "smile_intensity_max": 0.7796390056610107,
  "eye_contact_mean": 0.9150738716125488,
  "eye_contact_std": 0.0637488067150116,
  "eye_contact_median": 0.9110259413719177,
  "eye_contact_max": 0.9984773993492126,
  "eye_openness_mean": 0.6911813616752625,
  "eye_openness_std": 0.257441908121109,
  "eye_openness_median": 0.754473090171814,
  "eye_openness_max": 1.0,
  "gaze_stability_mean": 0.9764039516448975,
  "gaze_stability_std": 0.022942515090107918,
  "gaze_stability_median": 0.9839567542076111,
  "gaze_stability_max": 1.0,
  "head_tilt_mean": 0.11186382919549942,
  "head_tilt_std": 0.06356756389141083,
  "head_tilt_median": 0.10145112872123718,
  "head_tilt_max": 0.3420746922492981,
  "expression_speed_mean": 0.14702743291854858,
  "expression_speed_std": 0.1682254523038864,
  "expression_speed_median": 0.07784400135278702,
  "expression_speed_max": 0.7876904606819153,
  "happy_mean": 0.12456658482551575,
  "happy_std": 0.30240151286125183,
  "happy_median": 2.5556191758369096e-05,
  "happy_max": 0.9999580383300781,
  "neutral_mean": 0.11633491516113281,
  "neutral_std": 0.30855798721313477,
  "neutral_median": 4.092576273251325e-05,
  "neutral_max": 0.9946486353874207,
  "surprise_mean": 3.652702071121894e-05,
  "surprise_std": 0.00015078431169968098,
  "surprise_median": 1.0012207729559464e-10,
  "surprise_max": 0.0008895614882931113,
  "processed_frames": 73.0,
  "video_name": "2.mp4"
}