{
  "facial_symmetry_mean": 0.9061442613601685,
  "facial_symmetry_std": 0.06268054991960526,
  "facial_symmetry_median": 0.9095984697341919,
  "facial_symmetry_max": 0.999248206615448,
  "face_width_height_ratio_mean": 0.8444178700447083,
  "face_width_height_ratio_std": 0.07250091433525085,
  "face_width_height_ratio_median": 0.8531436920166016,
  "face_width_height_ratio_max": 1.1661931276321411,
  "eye_spacing_ratio_mean": 0.6487297415733337,
  "eye_spacing_ratio_std": 0.02788708731532097,
  "eye_spacing_ratio_median": 0.6506524682044983,
  "eye_spacing_ratio_max": 0.7185639142990112,
  "jaw_ratio_mean": 0.7525730729103088,
  "jaw_ratio_std": 0.028369594365358353,
  "jaw_ratio_median": 0.7458065152168274,
  "jaw_ratio_max": 0.8441275954246521,
  "smile_intensity_mean": 0.10008438676595688,
  "smile_intensity_std": 0.1358220875263214,
  "smile_intensity_median": 0.024507418274879456,
  "smile_intensity_max": 0.8404159545898438,
  "eye_contact_mean": 0.9698682427406311,
  "eye_contact_std": 0.023630820214748383,
  "eye_contact_median": 0.9684780240058899,
  "eye_contact_max": 0.9997552037239075,
  "eye_openness_mean": 0.7939060926437378,
  "eye_openness_std": 0.26159730553627014,
  "eye_openness_median": 0.8975182771682739,
  "eye_openness_max": 1.0,
  "gaze_stability_mean": 0.9877337217330933,
  "gaze_stability_std": 0.01714739203453064,
  "gaze_stability_median": 0.9948159456253052,
  "gaze_stability_max": 1.0,
  "head_tilt_mean": 0.054783571511507034,
  "head_tilt_std": 0.052451614290475845,
  "head_tilt_median": 0.0395386666059494,
  "head_tilt_max": 0.20293235778808594,
  "expression_speed_mean": 0.1488972157239914,
  "expression_speed_std": 0.18341253697872162,
  "expression_speed_median": 0.05545803904533386,
  "expression_speed_max": 0.8309587836265564,
  "happy_mean": 0.15152311325073242,
  "happy_std": 0.2806365191936493,
  "happy_median": 0.001675214502029121,
  "happy_max": 0.9996846318244934,
  "neutral_mean": 0.2466922104358673,
  "neutral_std": 0.356253981590271,
  "neutral_median": 0.02375495247542858,
  "neutral_max": 0.9999799132347107,
  "surprise_mean": 0.07526203989982605,
  "surprise_std": 0.18612897396087646,
  "surprise_median": 0.00011052750051021576,
  "surprise_max": 0.8761552572250366,
  "processed_frames": 102.0,
  "video_name": "4.mp4"
}