{
  "expression_speed_max": 0.8378840804100036,
  "expression_speed_mean": 0.1536511152982712,
  "expression_speed_median": 0.07726127728819847,
  "expression_speed_std": 0.17874765396118164,
  "eye_contact_max": 0.9989971399307251,
  "eye_contact_mean": 0.9491573095321655,
  "eye_contact_median": 0.9528533577919006,
  "eye_contact_std": 0.038728578761219976,
  "eye_openness_max": 1.0,
  "eye_openness_mean": 0.7122516751289367,
  "eye_openness_median": 0.7803070783615113,
  "eye_openness_std": 0.2475924551486969,
  "eye_spacing_ratio_max": 0.7359310746192932,
  "eye_spacing_ratio_mean": 0.6501978516578675,
  "eye_spacing_ratio_median": 0.6555097222328186,
  "eye_spacing_ratio_std": 0.036343146860599515,
  "face_width_height_ratio_max": 1.5840313673019408,
  "face_width_height_ratio_mean": 1.1743385195732117,
  "face_width_height_ratio_median": 1.1956462621688844,
  "face_width_height_ratio_std": 0.18704597353935243,
  "facial_symmetry_max": 0.9961049079895019,
  "facial_symmetry_mean": 0.8595084428787232,
  "facial_symmetry_median": 0.8681084394454956,
  "facial_symmetry_std": 0.09155133664608002,
  "gaze_stability_max": 1.0,
  "gaze_stability_mean": 0.9810501575469971,
  "gaze_stability_median": 0.9893444776535034,
  "gaze_stability_std": 0.02159157581627369,
  "happy_max": 0.9991033554077149,
  "happy_mean": 0.12782095596194268,
  "happy_median": 0.0012529810428532073,
  "happy_std": 0.28205095529556273,
  "head_tilt_max": 0.4487872779369354,
  "head_tilt_mean": 0.07656658962368965,
  "head_tilt_median": 0.05565088242292404,
  "head_tilt_std": 0.08095058426260948,
  "jaw_ratio_max": 0.8507295966148376,
  "jaw_ratio_mean": 0.7694468140602112,
  "jaw_ratio_median": 0.7637379765510559,
  "jaw_ratio_std": 0.029126202687621117,
  "neutral_max": 0.9942079186439514,
  "neutral_mean": 0.22445396184921265,
  "neutral_median": 0.03734560584707651,
  "neutral_std": 0.337539142370224,
  "processed_frames": 78.6,
  "smile_intensity_max": 0.6672220170497895,
  "smile_intensity_mean": 0.1280704379081726,
  "smile_intensity_median": 0.06531549543142319,
  "smile_intensity_std": 0.148894365131855,
  "surprise_max": 0.6620094819692894,
  "surprise_mean": 0.06628254849274526,
  "surprise_median": 0.00040423273241420034,
  "surprise_std": 0.15034726996382233,
  "video_count": 5.0,
  "valid_video_count": 5.0,
  "valid_video_ratio": 1.0,
  "total_processed_frames": 393.0,
  "avg_processed_frames": 78.6,
  "quality_score": 0.8096,
  "person_name": "Ân Đào"
}