{
  "facial_symmetry_mean": 0.9118430018424988,
  "facial_symmetry_std": 0.0562857910990715,
  "facial_symmetry_median": 0.9234447479248047,
  "facial_symmetry_max": 0.9918684959411621,
  "face_width_height_ratio_mean": 0.6073418855667114,
  "face_width_height_ratio_std": 0.04217712953686714,
  "face_width_height_ratio_median": 0.6149816513061523,
  "face_width_height_ratio_max": 0.7201401591300964,
  "eye_spacing_ratio_mean": 0.6544961929321289,
  "eye_spacing_ratio_std": 0.022865518927574158,
  "eye_spacing_ratio_median": 0.6565065383911133,
  "eye_spacing_ratio_max": 0.6969079375267029,
  "jaw_ratio_mean": 0.7865615487098694,
  "jaw_ratio_std": 0.020386800169944763,
  "jaw_ratio_median": 0.7879725694656372,
  "jaw_ratio_max": 0.8408771753311157,
  "smile_intensity_mean": 0.3781498968601227,
  "smile_intensity_std": 0.36209961771965027,
  "smile_intensity_median": 0.38006412982940674,
  "smile_intensity_max": 1.0,
  "eye_contact_mean": 0.9662739634513855,
  "eye_contact_std": 0.0319804921746254,
  "eye_contact_median": 0.9749481678009033,
  "eye_contact_max": 0.9981886148452759,
  "eye_openness_mean": 0.8355143070220947,
  "eye_openness_std": 0.2370077520608902,
  "eye_openness_median": 1.0,
  "eye_openness_max": 1.0,
  "gaze_stability_mean": 0.9845811128616333,
  "gaze_stability_std": 0.024356000125408173,
  "gaze_stability_median": 0.9945652484893799,
  "gaze_stability_max": 1.0,
  "head_tilt_mean": 0.09567441791296005,
  "head_tilt_std": 0.09637746214866638,
  "head_tilt_median": 0.053534358739852905,
  "head_tilt_max": 0.38290202617645264,
  "expression_speed_mean": 0.1770557165145874,
  "expression_speed_std": 0.22481626272201538,
  "expression_speed_median": 0.07369139790534973,
  "expression_speed_max": 0.8615108132362366,
  "happy_mean": 0.057390786707401276,
  "happy_std": 0.16006700694561005,
  "happy_median": 0.0002251769765280187,
  "happy_max": 0.9980081915855408,
  "neutral_mean": 0.5781210064888,
  "neutral_std": 0.35527297854423523,
  "neutral_median": 0.6625792384147644,
  "neutral_max": 0.9999911189079285,
  "surprise_mean": 0.004049540963023901,
  "surprise_std": 0.01727718487381935,
  "surprise_median": 9.603225407772698e-06,
  "surprise_max": 0.12214689701795578,
  "processed_frames": 66.0,
  "video_name": "1.mp4"
}