{
  "expression_speed_max": 0.7612652267728534,
  "expression_speed_mean": 0.1591415618147169,
  "expression_speed_median": 0.08317865803837776,
  "expression_speed_std": 0.1784405963761466,
  "eye_contact_max": 0.998855573790414,
  "eye_contact_mean": 0.9570973345211574,
  "eye_contact_median": 0.9643175261361259,
  "eye_contact_std": 0.03620400519243309,
  "eye_openness_max": 0.9260734149387905,
  "eye_openness_mean": 0.7322190701961517,
  "eye_openness_median": 0.7948139224733625,
  "eye_openness_std": 0.1899267105119569,
  "eye_spacing_ratio_max": 0.727998001234872,
  "eye_spacing_ratio_mean": 0.6567214386803764,
  "eye_spacing_ratio_median": 0.6585310782705035,
  "eye_spacing_ratio_std": 0.032455766307456155,
  "face_width_height_ratio_max": 1.5440745098250253,
  "face_width_height_ratio_mean": 1.2113929646355766,
  "face_width_height_ratio_median": 1.2131123202187675,
  "face_width_height_ratio_std": 0.12315118366054126,
  "facial_symmetry_max": 0.9762455906186785,
  "facial_symmetry_mean": 0.8536928381238665,
  "facial_symmetry_median": 0.8570096918514797,
  "facial_symmetry_std": 0.07497455073254448,
  "gaze_stability_max": 1.0,
  "gaze_stability_mean": 0.9807689445359367,
  "gaze_stability_median": 0.9913379549980164,
  "gaze_stability_std": 0.027491065407437936,
  "happy_max": 0.9574149165834699,
  "happy_mean": 0.19823975062796048,
  "happy_median": 0.010231515673305174,
  "happy_std": 0.307959367121969,
  "head_tilt_max": 0.3398333064147404,
  "head_tilt_mean": 0.10009507888129779,
  "head_tilt_median": 0.06326922348567418,
  "head_tilt_std": 0.09161276317068509,
  "jaw_ratio_max": 0.8509231976100377,
  "jaw_ratio_mean": 0.7901371462004525,
  "jaw_ratio_median": 0.7897003803934369,
  "jaw_ratio_std": 0.021759352779814174,
  "neutral_max": 0.9994341560772487,
  "neutral_mean": 0.3539995551109314,
  "neutral_median": 0.2571967254209864,
  "neutral_std": 0.3515361547470093,
  "processed_frames": 80.85714285714286,
  "smile_intensity_max": 0.7274792449814933,
  "smile_intensity_mean": 0.18964906675474985,
  "smile_intensity_median": 0.11849835355366979,
  "smile_intensity_std": 0.20109002717903682,
  "surprise_max": 0.5135460586420127,
  "surprise_mean": 0.022293763401518975,
  "surprise_median": 2.668451675650171e-05,
  "surprise_std": 0.08611387759447098,
  "video_count": 7.0,
  "valid_video_count": 7.0,
  "valid_video_ratio": 1.0,
  "total_processed_frames": 566.0,
  "avg_processed_frames": 80.85714285714286,
  "quality_score": 0.8156190476190477,
  "person_name": "Anne Hathaway"
}