{
  "facial_symmetry_mean": 0.8375749588012695,
  "facial_symmetry_std": 0.10038391500711441,
  "facial_symmetry_median": 0.8416991233825684,
  "facial_symmetry_max": 0.998661994934082,
  "face_width_height_ratio_mean": 1.286836862564087,
  "face_width_height_ratio_std": 0.12685246765613556,
  "face_width_height_ratio_median": 1.3110674619674683,
  "face_width_height_ratio_max": 1.762306809425354,
  "eye_spacing_ratio_mean": 0.6515883803367615,
  "eye_spacing_ratio_std": 0.020410720258951187,
  "eye_spacing_ratio_median": 0.6546593904495239,
  "eye_spacing_ratio_max": 0.6914991140365601,
  "jaw_ratio_mean": 0.7547618746757507,
  "jaw_ratio_std": 0.01503810752183199,
  "jaw_ratio_median": 0.7547308206558228,
  "jaw_ratio_max": 0.830312192440033,
  "smile_intensity_mean": 0.17857423424720764,
  "smile_intensity_std": 0.12220983952283859,
  "smile_intensity_median": 0.1741575449705124,
  "smile_intensity_max": 0.7069995999336243,
  "eye_contact_mean": 0.9362742900848389,
  "eye_contact_std": 0.035141993314027786,
  "eye_contact_median": 0.9423075914382935,
  "eye_contact_max": 0.9997004270553589,
  "eye_openness_mean": 0.8807699084281921,
  "eye_openness_std": 0.18213103711605072,
  "eye_openness_median": 0.9675860404968262,
  "eye_openness_max": 1.0,
  "gaze_stability_mean": 0.9856767058372498,
  "gaze_stability_std": 0.02044309303164482,
  "gaze_stability_median": 0.9924252033233643,
  "gaze_stability_max": 1.0,
  "head_tilt_mean": 0.1549195647239685,
  "head_tilt_std": 0.1235254555940628,
  "head_tilt_median": 0.11007130146026611,
  "head_tilt_max": 0.5223889350891113,
  "expression_speed_mean": 0.09670669585466385,
  "expression_speed_std": 0.1264234036207199,
  "expression_speed_median": 0.05325955152511597,
  "expression_speed_max": 0.7217845916748047,
  "happy_mean": 0.07804592698812485,
  "happy_std": 0.22281970083713531,
  "happy_median": 6.321813998511061e-05,
  "happy_max": 0.9999821782112122,
  "neutral_mean": 0.2853844463825226,
  "neutral_std": 0.3714548945426941,
  "neutral_median": 0.04868493601679802,
  "neutral_max": 0.9999979138374329,
  "surprise_mean": 0.059421051293611526,
  "surprise_std": 0.18374092876911163,
  "surprise_median": 3.175636322794162e-07,
  "surprise_max": 0.9706785082817078,
  "processed_frames": 188.0,
  "video_name": "1.0.mp4"
}