{
  "facial_symmetry_mean": 0.851506233215332,
  "facial_symmetry_std": 0.07907174527645111,
  "facial_symmetry_median": 0.8471571207046509,
  "facial_symmetry_max": 0.9857458472251892,
  "face_width_height_ratio_mean": 1.1048760414123535,
  "face_width_height_ratio_std": 0.17814627289772034,
  "face_width_height_ratio_median": 1.13260018825531,
  "face_width_height_ratio_max": 1.358818531036377,
  "eye_spacing_ratio_mean": 0.643997848033905,
  "eye_spacing_ratio_std": 0.02534209005534649,
  "eye_spacing_ratio_median": 0.6449384689331055,
  "eye_spacing_ratio_max": 0.741905152797699,
  "jaw_ratio_mean": 0.7762373089790344,
  "jaw_ratio_std": 0.0291105005890131,
  "jaw_ratio_median": 0.768164336681366,
  "jaw_ratio_max": 0.8671848773956299,
  "smile_intensity_mean": 0.08778931200504303,
  "smile_intensity_std": 0.08072564005851746,
  "smile_intensity_median": 0.061637431383132935,
  "smile_intensity_max": 0.3604702055454254,
  "eye_contact_mean": 0.9619140625,
  "eye_contact_std": 0.03707857057452202,
  "eye_contact_median": 0.9682289361953735,
  "eye_contact_max": 0.9996922612190247,
  "eye_openness_mean": 0.6171969175338745,
  "eye_openness_std": 0.2437771111726761,
  "eye_openness_median": 0.7005087733268738,
  "eye_openness_max": 1.0,
  "gaze_stability_mean": 0.9843347072601318,
  "gaze_stability_std": 0.018702059984207153,
  "gaze_stability_median": 0.99387526512146,
  "gaze_stability_max": 1.0,
  "head_tilt_mean": 0.1106695756316185,
  "head_tilt_std": 0.0882362350821495,
  "head_tilt_median": 0.0950806587934494,
  "head_tilt_max": 0.44989973306655884,
  "expression_speed_mean": 0.13063178956508636,
  "expression_speed_std": 0.18328025937080383,
  "expression_speed_median": 0.049371927976608276,
  "expression_speed_max": 0.8204585909843445,
  "happy_mean": 0.04458608850836754,
  "happy_std": 0.13014912605285645,
  "happy_median": 0.0006170689594000578,
  "happy_max": 0.98818439245224,
  "neutral_mean": 0.34577327966690063,
  "neutral_std": 0.38232526183128357,
  "neutral_median": 0.11737626045942307,
  "neutral_max": 0.9983309507369995,
  "surprise_mean": 0.027571190148591995,
  "surprise_std": 0.08584155142307281,
  "surprise_median": 6.528670928673819e-05,
  "surprise_max": 0.4259112477302551,
  "processed_frames": 85.0,
  "video_name": "1.1.mp4"
}