{
  "facial_symmetry_mean": 0.7896583080291748,
  "facial_symmetry_std": 0.10692739486694336,
  "facial_symmetry_median": 0.7930965423583984,
  "facial_symmetry_max": 0.9796037673950195,
  "face_width_height_ratio_mean": 1.3279176950454712,
  "face_width_height_ratio_std": 0.14322365820407867,
  "face_width_height_ratio_median": 1.327031135559082,
  "face_width_height_ratio_max": 1.6289290189743042,
  "eye_spacing_ratio_mean": 0.6412935256958008,
  "eye_spacing_ratio_std": 0.01849840208888054,
  "eye_spacing_ratio_median": 0.6431868076324463,
  "eye_spacing_ratio_max": 0.6769497394561768,
  "jaw_ratio_mean": 0.7784748077392578,
  "jaw_ratio_std": 0.02584856189787388,
  "jaw_ratio_median": 0.7779532670974731,
  "jaw_ratio_max": 0.8360824584960938,
  "smile_intensity_mean": 0.13268567621707916,
  "smile_intensity_std": 0.13824094831943512,
  "smile_intensity_median": 0.056298743933439255,
  "smile_intensity_max": 0.4480070471763611,
  "eye_contact_mean": 0.9709739089012146,
  "eye_contact_std": 0.027769889682531357,
  "eye_contact_median": 0.9832097291946411,
  "eye_contact_max": 0.9999569058418274,
  "eye_openness_mean": 0.8123139142990112,
  "eye_openness_std": 0.23467282950878143,
  "eye_openness_median": 0.9431452751159668,
  "eye_openness_max": 1.0,
  "gaze_stability_mean": 0.9873178005218506,
  "gaze_stability_std": 0.013202661648392677,
  "gaze_stability_median": 0.9918877482414246,
  "gaze_stability_max": 1.0,
  "head_tilt_mean": 0.12029588967561722,
  "head_tilt_std": 0.12060489505529404,
  "head_tilt_median": 0.08867934346199036,
  "head_tilt_max": 0.474042147397995,
  "expression_speed_mean": 0.11470162123441696,
  "expression_speed_std": 0.1211995929479599,
  "expression_speed_median": 0.07529040426015854,
  "expression_speed_max": 0.514228105545044,
  "happy_mean": 0.15618273615837097,
  "happy_std": 0.3205386996269226,
  "happy_median": 0.00019624271953944117,
  "happy_max": 0.9980003237724304,
  "neutral_mean": 0.22320769727230072,
  "neutral_std": 0.36237832903862,
  "neutral_median": 0.008018163964152336,
  "neutral_max": 0.9808851480484009,
  "surprise_mean": 0.03121340647339821,
  "surprise_std": 0.1487070471048355,
  "surprise_median": 4.719749995274469e-06,
  "surprise_max": 0.9999947547912598,
  "processed_frames": 95.0,
  "video_name": "1.2.mp4"
}