{
  "facial_symmetry_mean": 0.8783470988273621,
  "facial_symmetry_std": 0.10491593927145004,
  "facial_symmetry_median": 0.8790178894996643,
  "facial_symmetry_max": 0.9983454346656799,
  "face_width_height_ratio_mean": 0.7639053463935852,
  "face_width_height_ratio_std": 0.08112551271915436,
  "face_width_height_ratio_median": 0.7881954908370972,
  "face_width_height_ratio_max": 0.9098471999168396,
  "eye_spacing_ratio_mean": 0.6409380435943604,
  "eye_spacing_ratio_std": 0.03100394830107689,
  "eye_spacing_ratio_median": 0.6464055180549622,
  "eye_spacing_ratio_max": 0.7061731815338135,
  "jaw_ratio_mean": 0.7769340872764587,
  "jaw_ratio_std": 0.026494883000850677,
  "jaw_ratio_median": 0.7764145731925964,
  "jaw_ratio_max": 0.8452529311180115,
  "smile_intensity_mean": 0.0378066822886467,
  "smile_intensity_std": 0.04659395292401314,
  "smile_intensity_median": 0.024428172037005424,
  "smile_intensity_max": 0.32321563363075256,
  "eye_contact_mean": 0.953317403793335,
  "eye_contact_std": 0.06453033536672592,
  "eye_contact_median": 0.9732360243797302,
  "eye_contact_max": 0.9994895458221436,
  "eye_openness_mean": 0.7919812798500061,
  "eye_openness_std": 0.23127269744873047,
  "eye_openness_median": 0.912439227104187,
  "eye_openness_max": 1.0,
  "gaze_stability_mean": 0.982801616191864,
  "gaze_stability_std": 0.03614141419529915,
  "gaze_stability_median": 0.9956842064857483,
  "gaze_stability_max": 1.0,
  "head_tilt_mean": 0.08685708791017532,
  "head_tilt_std": 0.08152282238006592,
  "head_tilt_median": 0.07062241435050964,
  "head_tilt_max": 0.39630159735679626,
  "expression_speed_mean": 0.11770809441804886,
  "expression_speed_std": 0.16204364597797394,
  "expression_speed_median": 0.031091948971152306,
  "expression_speed_max": 0.7576690316200256,
  "happy_mean": 0.028227543458342552,
  "happy_std": 0.12390139698982239,
  "happy_median": 0.001570773427374661,
  "happy_max": 0.9768880009651184,
  "neutral_mean": 0.381732314825058,
  "neutral_std": 0.4195648729801178,
  "neutral_median": 0.09827841073274612,
  "neutral_max": 0.9998172521591187,
  "surprise_mean": 0.035589735954999924,
  "surprise_std": 0.14141324162483215,
  "surprise_median": 7.225742592709139e-05,
  "surprise_max": 0.951932430267334,
  "processed_frames": 67.0,
  "video_name": "1.4.mp4"
}