{
  "facial_symmetry_mean": 0.900678813457489,
  "facial_symmetry_std": 0.06997688114643097,
  "facial_symmetry_median": 0.9367024898529053,
  "facial_symmetry_max": 0.9956727027893066,
  "face_width_height_ratio_mean": 1.0672082901000977,
  "face_width_height_ratio_std": 0.08159954845905304,
  "face_width_height_ratio_median": 1.0969367027282715,
  "face_width_height_ratio_max": 1.1385127305984497,
  "eye_spacing_ratio_mean": 0.662649929523468,
  "eye_spacing_ratio_std": 0.015227426774799824,
  "eye_spacing_ratio_median": 0.660791277885437,
  "eye_spacing_ratio_max": 0.6987162828445435,
  "jaw_ratio_mean": 0.7688727974891663,
  "jaw_ratio_std": 0.01063466351479292,
  "jaw_ratio_median": 0.7699109315872192,
  "jaw_ratio_max": 0.8152223825454712,
  "smile_intensity_mean": 0.023554369807243347,
  "smile_intensity_std": 0.05042056739330292,
  "smile_intensity_median": 0.00615027267485857,
  "smile_intensity_max": 0.2729429006576538,
  "eye_contact_mean": 0.9868438839912415,
  "eye_contact_std": 0.01819465681910515,
  "eye_contact_median": 0.993821382522583,
  "eye_contact_max": 0.9999518394470215,
  "eye_openness_mean": 0.9594834446907043,
  "eye_openness_std": 0.09790334105491638,
  "eye_openness_median": 1.0,
  "eye_openness_max": 1.0,
  "gaze_stability_mean": 0.992733359336853,
  "gaze_stability_std": 0.012302868068218231,
  "gaze_stability_median": 0.9963514804840088,
  "gaze_stability_max": 1.0,
  "head_tilt_mean": 0.05350056290626526,
  "head_tilt_std": 0.06199371814727783,
  "head_tilt_median": 0.028277263045310974,
  "head_tilt_max": 0.30413344502449036,
  "expression_speed_mean": 0.07003950327634811,
  "expression_speed_std": 0.11275022476911545,
  "expression_speed_median": 0.022336002439260483,
  "expression_speed_max": 0.5442190170288086,
  "happy_mean": 0.10848217457532883,
  "happy_std": 0.1682785302400589,
  "happy_median": 0.026826880872249603,
  "happy_max": 0.7178581953048706,
  "neutral_mean": 0.6859864592552185,
  "neutral_std": 0.3251681625843048,
  "neutral_median": 0.823602557182312,
  "neutral_max": 0.9999898672103882,
  "surprise_mean": 0.023629823699593544,
  "surprise_std": 0.0753433033823967,
  "surprise_median": 7.899256888777018e-05,
  "surprise_max": 0.46273085474967957,
  "processed_frames": 92.0,
  "video_name": "1.5.mp4"
}