{
  "facial_symmetry_mean": 0.7374993562698364,
  "facial_symmetry_std": 0.1680901050567627,
  "facial_symmetry_median": 0.6723122000694275,
  "facial_symmetry_max": 0.9760432243347168,
  "face_width_height_ratio_mean": 1.3705525398254395,
  "face_width_height_ratio_std": 0.11117434501647949,
  "face_width_height_ratio_median": 1.349913477897644,
  "face_width_height_ratio_max": 1.5562270879745483,
  "eye_spacing_ratio_mean": 0.6377282738685608,
  "eye_spacing_ratio_std": 0.02296515367925167,
  "eye_spacing_ratio_median": 0.6366020441055298,
  "eye_spacing_ratio_max": 0.737149715423584,
  "jaw_ratio_mean": 0.7755702137947083,
  "jaw_ratio_std": 0.015054292045533657,
  "jaw_ratio_median": 0.7722368836402893,
  "jaw_ratio_max": 0.8180919289588928,
  "smile_intensity_mean": 0.19089153409004211,
  "smile_intensity_std": 0.14119064807891846,
  "smile_intensity_median": 0.1915968358516693,
  "smile_intensity_max": 0.4674845337867737,
  "eye_contact_mean": 0.9398030638694763,
  "eye_contact_std": 0.048383865505456924,
  "eye_contact_median": 0.9556576013565063,
  "eye_contact_max": 0.9982720613479614,
  "eye_openness_mean": 0.7540493607521057,
  "eye_openness_std": 0.175168976187706,
  "eye_openness_median": 0.7195007801055908,
  "eye_openness_max": 1.0,
  "gaze_stability_mean": 0.9769261479377747,
  "gaze_stability_std": 0.03242262080311775,
  "gaze_stability_median": 0.9923070669174194,
  "gaze_stability_max": 1.0,
  "head_tilt_mean": 0.07848218083381653,
  "head_tilt_std": 0.05133581534028053,
  "head_tilt_median": 0.06275251507759094,
  "head_tilt_max": 0.19029974937438965,
  "expression_speed_mean": 0.14134882390499115,
  "expression_speed_std": 0.1696161925792694,
  "expression_speed_median": 0.07576106488704681,
  "expression_speed_max": 0.7393312454223633,
  "happy_mean": 0.42890065908432007,
  "happy_std": 0.4348906874656677,
  "happy_median": 0.24517595767974854,
  "happy_max": 1.0,
  "neutral_mean": 0.24933263659477234,
  "neutral_std": 0.37288910150527954,
  "neutral_median": 0.011813212186098099,
  "neutral_max": 0.9991471767425537,
  "surprise_mean": 0.014162978157401085,
  "surprise_std": 0.05944357439875603,
  "surprise_median": 9.118233492699801e-07,
  "surprise_max": 0.3515945374965668,
  "processed_frames": 52.0,
  "video_name": "1.6.mp4"
}