{
  "expression_speed_max": 0.6908525398799351,
  "expression_speed_mean": 0.11747642074312482,
  "expression_speed_median": 0.059882522959794314,
  "expression_speed_std": 0.14459547506911413,
  "eye_contact_max": 0.9995306730270386,
  "eye_contact_mean": 0.9572332671710423,
  "eye_contact_median": 0.9694551825523376,
  "eye_contact_std": 0.03942106344870159,
  "eye_openness_max": 1.0,
  "eye_openness_mean": 0.7834612727165222,
  "eye_openness_median": 0.839928959097181,
  "eye_openness_std": 0.19822904467582703,
  "eye_spacing_ratio_max": 0.7133230907576424,
  "eye_spacing_ratio_mean": 0.6456683533532279,
  "eye_spacing_ratio_median": 0.6465223176138741,
  "eye_spacing_ratio_std": 0.02236174965011222,
  "face_width_height_ratio_max": 1.4227791258266993,
  "face_width_height_ratio_mean": 1.1951774954795837,
  "face_width_height_ratio_median": 1.2093559844153268,
  "face_width_height_ratio_std": 0.11524006405047008,
  "facial_symmetry_max": 0.9904580371720451,
  "facial_symmetry_mean": 0.8412203107561383,
  "facial_symmetry_median": 0.8429724999836513,
  "facial_symmetry_std": 0.10432294117552894,
  "gaze_stability_max": 1.0,
  "gaze_stability_mean": 0.9841165883200509,
  "gaze_stability_median": 0.9930184994425092,
  "gaze_stability_std": 0.022397341206669807,
  "happy_max": 0.9542279073170253,
  "happy_mean": 0.13697132920580252,
  "happy_median": 0.03959057361706592,
  "happy_std": 0.23873798762048995,
  "head_tilt_max": 0.37923620854105267,
  "head_tilt_mean": 0.09711511645998273,
  "head_tilt_median": 0.07120715720312935,
  "head_tilt_std": 0.08723886470709528,
  "jaw_ratio_max": 0.8414108753204346,
  "jaw_ratio_mean": 0.7746940936361041,
  "jaw_ratio_median": 0.7720147200993129,
  "jaw_ratio_std": 0.022019331875656332,
  "neutral_max": 0.9968811784471784,
  "neutral_mean": 0.3757062277623585,
  "neutral_median": 0.2076086995324918,
  "neutral_std": 0.37872388107436045,
  "processed_frames": 98.85714285714286,
  "smile_intensity_max": 0.4864290697234018,
  "smile_intensity_mean": 0.11559811340911048,
  "smile_intensity_median": 0.08427091887486833,
  "smile_intensity_std": 0.10917262679764203,
  "surprise_max": 0.7355020216533116,
  "surprise_mean": 0.03384271476949964,
  "surprise_median": 3.590212733683984e-05,
  "surprise_std": 0.1243855468928814,
  "video_count": 7.0,
  "valid_video_count": 7.0,
  "valid_video_ratio": 1.0,
  "total_processed_frames": 692.0,
  "avg_processed_frames": 98.85714285714286,
  "quality_score": 0.8636190476190476,
  "person_name": "Cổ Lực Na Trát"
}