{
  "facial_symmetry_mean": 0.899761438369751,
  "facial_symmetry_std": 0.12987324595451355,
  "facial_symmetry_median": 0.9509537220001221,
  "facial_symmetry_max": 0.9995205998420715,
  "face_width_height_ratio_mean": 1.5891048908233643,
  "face_width_height_ratio_std": 0.11658723652362823,
  "face_width_height_ratio_median": 1.6085693836212158,
  "face_width_height_ratio_max": 1.831741213798523,
  "eye_spacing_ratio_mean": 0.632904589176178,
  "eye_spacing_ratio_std": 0.01845410466194153,
  "eye_spacing_ratio_median": 0.6304007768630981,
  "eye_spacing_ratio_max": 0.6809577941894531,
  "jaw_ratio_mean": 0.7665231227874756,
  "jaw_ratio_std": 0.016206683591008186,
  "jaw_ratio_median": 0.7642902135848999,
  "jaw_ratio_max": 0.821638286113739,
  "smile_intensity_mean": 0.037365831434726715,
  "smile_intensity_std": 0.08262301236391068,
  "smile_intensity_median": 0.006018516607582569,
  "smile_intensity_max": 0.46079930663108826,
  "eye_contact_mean": 0.9633004665374756,
  "eye_contact_std": 0.039659034460783005,
  "eye_contact_median": 0.9807643294334412,
  "eye_contact_max": 0.9985072612762451,
  "eye_openness_mean": 0.6308154463768005,
  "eye_openness_std": 0.21806387603282928,
  "eye_openness_median": 0.6748147010803223,
  "eye_openness_max": 1.0,
  "gaze_stability_mean": 0.9798465967178345,
  "gaze_stability_std": 0.02985367923974991,
  "gaze_stability_median": 0.9933018684387207,
  "gaze_stability_max": 1.0,
  "head_tilt_mean": 0.08692842721939087,
  "head_tilt_std": 0.06528253853321075,
  "head_tilt_median": 0.06265603005886078,
  "head_tilt_max": 0.24947792291641235,
  "expression_speed_mean": 0.15252865850925446,
  "expression_speed_std": 0.13696785271167755,
  "expression_speed_median": 0.09805963933467865,
  "expression_speed_max": 0.5628321766853333,
  "happy_mean": 0.132994145154953,
  "happy_std": 0.29627618193626404,
  "happy_median": 0.0008683310588821769,
  "happy_max": 0.9999564290046692,
  "neutral_mean": 0.4558776617050171,
  "neutral_std": 0.3551340699195862,
  "neutral_median": 0.42553824186325073,
  "neutral_max": 0.9989781975746155,
  "surprise_mean": 0.006429558619856834,
  "surprise_std": 0.03244458884000778,
  "surprise_median": 5.255150426819455e-06,
  "surprise_max": 0.1889759600162506,
  "processed_frames": 58.0,
  "video_name": "2.mp4"
}