{
  "facial_symmetry_mean": 0.8888981342315674,
  "facial_symmetry_std": 0.09853754937648773,
  "facial_symmetry_median": 0.9169651865959167,
  "facial_symmetry_max": 0.9973655939102173,
  "face_width_height_ratio_mean": 1.1605080366134644,
  "face_width_height_ratio_std": 0.09095361828804016,
  "face_width_height_ratio_median": 1.1651954650878906,
  "face_width_height_ratio_max": 1.4369854927062988,
  "eye_spacing_ratio_mean": 0.6428897976875305,
  "eye_spacing_ratio_std": 0.028394170105457306,
  "eye_spacing_ratio_median": 0.6419577598571777,
  "eye_spacing_ratio_max": 0.7529646754264832,
  "jaw_ratio_mean": 0.7652279734611511,
  "jaw_ratio_std": 0.026509324088692665,
  "jaw_ratio_median": 0.763275146484375,
  "jaw_ratio_max": 0.8384692072868347,
  "smile_intensity_mean": 0.16921065747737885,
  "smile_intensity_std": 0.2006564736366272,
  "smile_intensity_median": 0.08457701653242111,
  "smile_intensity_max": 0.8695120215415955,
  "eye_contact_mean": 0.9678133130073547,
  "eye_contact_std": 0.02639801800251007,
  "eye_contact_median": 0.9689443707466125,
  "eye_contact_max": 0.9990464448928833,
  "eye_openness_mean": 0.8001417517662048,
  "eye_openness_std": 0.19592541456222534,
  "eye_openness_median": 0.8688130378723145,
  "eye_openness_max": 1.0,
  "gaze_stability_mean": 0.982344925403595,
  "gaze_stability_std": 0.0220313910394907,
  "gaze_stability_median": 0.9898964166641235,
  "gaze_stability_max": 1.0,
  "head_tilt_mean": 0.1297280639410019,
  "head_tilt_std": 0.14429542422294617,
  "head_tilt_median": 0.08407250046730042,
  "head_tilt_max": 0.5480976104736328,
  "expression_speed_mean": 0.1981813609600067,
  "expression_speed_std": 0.17341743409633636,
  "expression_speed_median": 0.1456798017024994,
  "expression_speed_max": 0.8914308547973633,
  "happy_mean": 0.060877617448568344,
  "happy_std": 0.204697847366333,
  "happy_median": 8.6733911302872e-05,
  "happy_max": 0.9965035915374756,
  "neutral_mean": 0.2369658201932907,
  "neutral_std": 0.31279122829437256,
  "neutral_median": 0.09541517496109009,
  "neutral_max": 0.9999904036521912,
  "surprise_mean": 0.10251108556985855,
  "surprise_std": 0.2692795693874359,
  "surprise_median": 2.3739539756206796e-05,
  "surprise_max": 0.9976980686187744,
  "processed_frames": 84.0,
  "video_name": "3.mp4"
}