{
  "facial_symmetry_mean": 0.9028228521347046,
  "facial_symmetry_std": 0.07692994177341461,
  "facial_symmetry_median": 0.920269787311554,
  "facial_symmetry_max": 0.9996936321258545,
  "face_width_height_ratio_mean": 0.8644677996635437,
  "face_width_height_ratio_std": 0.05533264949917793,
  "face_width_height_ratio_median": 0.8728671669960022,
  "face_width_height_ratio_max": 1.0239825248718262,
  "eye_spacing_ratio_mean": 0.6425633430480957,
  "eye_spacing_ratio_std": 0.02608419954776764,
  "eye_spacing_ratio_median": 0.6374295353889465,
  "eye_spacing_ratio_max": 0.7470065355300903,
  "jaw_ratio_mean": 0.7736257910728455,
  "jaw_ratio_std": 0.02085769921541214,
  "jaw_ratio_median": 0.773124098777771,
  "jaw_ratio_max": 0.8332280516624451,
  "smile_intensity_mean": 0.25017327070236206,
  "smile_intensity_std": 0.2149961143732071,
  "smile_intensity_median": 0.2749157249927521,
  "smile_intensity_max": 1.0,
  "eye_contact_mean": 0.9694569706916809,
  "eye_contact_std": 0.02664933167397976,
  "eye_contact_median": 0.979351282119751,
  "eye_contact_max": 0.9998728632926941,
  "eye_openness_mean": 0.8777934312820435,
  "eye_openness_std": 0.2278718650341034,
  "eye_openness_median": 1.0,
  "eye_openness_max": 1.0,
  "gaze_stability_mean": 0.9896124005317688,
  "gaze_stability_std": 0.01392586249858141,
  "gaze_stability_median": 0.9945905208587646,
  "gaze_stability_max": 1.0,
  "head_tilt_mean": 0.12967298924922943,
  "head_tilt_std": 0.08338169008493423,
  "head_tilt_median": 0.12504257261753082,
  "head_tilt_max": 0.4558163285255432,
  "expression_speed_mean": 0.2162599414587021,
  "expression_speed_std": 0.2251981943845749,
  "expression_speed_median": 0.1147032156586647,
  "expression_speed_max": 0.8994580507278442,
  "happy_mean": 0.22457526624202728,
  "happy_std": 0.356208860874176,
  "happy_median": 0.014147364534437656,
  "happy_max": 0.9999976754188538,
  "neutral_mean": 0.33183351159095764,
  "neutral_std": 0.3779008984565735,
  "neutral_median": 0.11563953757286072,
  "neutral_max": 0.9999982714653015,
  "surprise_mean": 0.023799926042556763,
  "surprise_std": 0.1020008772611618,
  "surprise_median": 3.3201678888872266e-05,
  "surprise_max": 0.9119130969047546,
  "processed_frames": 355.0,
  "video_name": "4.mp4"
}