{
  "facial_symmetry_mean": 0.9218141436576843,
  "facial_symmetry_std": 0.050679657608270645,
  "facial_symmetry_median": 0.9300608038902283,
  "facial_symmetry_max": 0.9922833442687988,
  "face_width_height_ratio_mean": 0.87202388048172,
  "face_width_height_ratio_std": 0.09521990269422531,
  "face_width_height_ratio_median": 0.8738049268722534,
  "face_width_height_ratio_max": 1.0092183351516724,
  "eye_spacing_ratio_mean": 0.6515987515449524,
  "eye_spacing_ratio_std": 0.02556975558400154,
  "eye_spacing_ratio_median": 0.6435819864273071,
  "eye_spacing_ratio_max": 0.7133421301841736,
  "jaw_ratio_mean": 0.7713154554367065,
  "jaw_ratio_std": 0.03396027162671089,
  "jaw_ratio_median": 0.7711139917373657,
  "jaw_ratio_max": 0.887234091758728,
  "smile_intensity_mean": 0.37088388204574585,
  "smile_intensity_std": 0.2727239727973938,
  "smile_intensity_median": 0.4029453694820404,
  "smile_intensity_max": 1.0,
  "eye_contact_mean": 0.9680909514427185,
  "eye_contact_std": 0.03227613493800163,
  "eye_contact_median": 0.9757351279258728,
  "eye_contact_max": 0.9996606111526489,
  "eye_openness_mean": 0.7889417409896851,
  "eye_openness_std": 0.18814678490161896,
  "eye_openness_median": 0.8218461871147156,
  "eye_openness_max": 1.0,
  "gaze_stability_mean": 0.9827732443809509,
  "gaze_stability_std": 0.022761370986700058,
  "gaze_stability_median": 0.9915777444839478,
  "gaze_stability_max": 1.0,
  "head_tilt_mean": 0.1402464210987091,
  "head_tilt_std": 0.1339683085680008,
  "head_tilt_median": 0.09316891431808472,
  "head_tilt_max": 0.5590550899505615,
  "expression_speed_mean": 0.21767836809158325,
  "expression_speed_std": 0.19943569600582123,
  "expression_speed_median": 0.16484037041664124,
  "expression_speed_max": 1.0,
  "happy_mean": 0.4749091863632202,
  "happy_std": 0.4708772599697113,
  "happy_median": 0.18383213877677917,
  "happy_max": 1.0,
  "neutral_mean": 0.1047062948346138,
  "neutral_std": 0.19175241887569427,
  "neutral_median": 0.0015516015700995922,
  "neutral_max": 0.894018828868866,
  "surprise_mean": 0.06571833044290543,
  "surprise_std": 0.20482204854488373,
  "surprise_median": 4.332676689955406e-05,
  "surprise_max": 0.9938387870788574,
  "processed_frames": 57.0,
  "video_name": "5.mp4"
}