{
  "expression_speed_max": 0.905459829739162,
  "expression_speed_mean": 0.22051527883325303,
  "expression_speed_median": 0.14155606925487518,
  "expression_speed_std": 0.21639794536999293,
  "eye_contact_max": 0.9994976946285793,
  "eye_contact_mean": 0.9697271159717015,
  "eye_contact_median": 0.9784399356160846,
  "eye_contact_std": 0.02934120568845953,
  "eye_openness_max": 1.0,
  "eye_openness_mean": 0.7815167903900146,
  "eye_openness_median": 0.8815824559756688,
  "eye_openness_std": 0.23637371403830393,
  "eye_spacing_ratio_max": 0.7127534747123718,
  "eye_spacing_ratio_mean": 0.6469534465244838,
  "eye_spacing_ratio_median": 0.6451148220470974,
  "eye_spacing_ratio_std": 0.024431722770844187,
  "face_width_height_ratio_max": 1.043066109929766,
  "face_width_height_ratio_mean": 0.8637536764144897,
  "face_width_height_ratio_median": 0.8703186001096453,
  "face_width_height_ratio_std": 0.07284006103873253,
  "facial_symmetry_max": 0.9980710659708295,
  "facial_symmetry_mean": 0.9099577835627964,
  "facial_symmetry_median": 0.9246688910893032,
  "facial_symmetry_std": 0.07552982281361308,
  "gaze_stability_max": 1.0,
  "gaze_stability_mean": 0.9853921702929905,
  "gaze_stability_median": 0.9928902728216988,
  "gaze_stability_std": 0.01998051887910281,
  "happy_max": 0.9993794560432434,
  "happy_mean": 0.21255269912736757,
  "happy_median": 0.03135956973034938,
  "happy_std": 0.32705491355487276,
  "head_tilt_max": 0.47883450984954834,
  "head_tilt_mean": 0.11452331713267735,
  "head_tilt_median": 0.08884403961045402,
  "head_tilt_std": 0.1060114832861083,
  "jaw_ratio_max": 0.8519758071218219,
  "jaw_ratio_mean": 0.7778043576649257,
  "jaw_ratio_median": 0.7759180665016174,
  "jaw_ratio_std": 0.023515193057911738,
  "neutral_max": 0.9800358159201485,
  "neutral_mean": 0.24838133369173324,
  "neutral_median": 0.10600651311688125,
  "neutral_std": 0.30591246272836414,
  "processed_frames": 115.14285714285714,
  "smile_intensity_max": 0.9024462231567928,
  "smile_intensity_mean": 0.30486310699156355,
  "smile_intensity_median": 0.2477458179263132,
  "smile_intensity_std": 0.26751026830502916,
  "surprise_max": 0.585223063826561,
  "surprise_mean": 0.03339110780507326,
  "surprise_median": 1.7304279854865206e-05,
  "surprise_std": 0.10791728273034096,
  "video_count": 7.0,
  "valid_video_count": 7.0,
  "valid_video_ratio": 1.0,
  "total_processed_frames": 806.0,
  "avg_processed_frames": 115.14285714285714,
  "quality_score": 0.9070476190476191,
  "person_name": "Ayaka Konno"
}