{
  "facial_symmetry_mean": 0.9400460720062256,
  "facial_symmetry_std": 0.04253118857741356,
  "facial_symmetry_median": 0.9448003768920898,
  "facial_symmetry_max": 0.9994831681251526,
  "face_width_height_ratio_mean": 1.226332426071167,
  "face_width_height_ratio_std": 0.1334754377603531,
  "face_width_height_ratio_median": 1.2521823644638062,
  "face_width_height_ratio_max": 1.4909855127334595,
  "eye_spacing_ratio_mean": 0.6504504084587097,
  "eye_spacing_ratio_std": 0.030019791796803474,
  "eye_spacing_ratio_median": 0.6548733115196228,
  "eye_spacing_ratio_max": 0.7213549613952637,
  "jaw_ratio_mean": 0.7695761919021606,
  "jaw_ratio_std": 0.03408388793468475,
  "jaw_ratio_median": 0.7621835470199585,
  "jaw_ratio_max": 0.8803789615631104,
  "smile_intensity_mean": 0.184470534324646,
  "smile_intensity_std": 0.14938560128211975,
  "smile_intensity_median": 0.22832757234573364,
  "smile_intensity_max": 0.5639398694038391,
  "eye_contact_mean": 0.9774771332740784,
  "eye_contact_std": 0.0222049281001091,
  "eye_contact_median": 0.9818251729011536,
  "eye_contact_max": 0.9991743564605713,
  "eye_openness_mean": 0.4091678261756897,
  "eye_openness_std": 0.10659138858318329,
  "eye_openness_median": 0.41586557030677795,
  "eye_openness_max": 0.5816112756729126,
  "gaze_stability_mean": 0.9809291958808899,
  "gaze_stability_std": 0.027433939278125763,
  "gaze_stability_median": 0.9908326864242554,
  "gaze_stability_max": 1.0,
  "head_tilt_mean": 0.12186772376298904,
  "head_tilt_std": 0.04714050516486168,
  "head_tilt_median": 0.12327734380960464,
  "head_tilt_max": 0.23504704236984253,
  "expression_speed_mean": 0.1830117255449295,
  "expression_speed_std": 0.13402405381202698,
  "expression_speed_median": 0.17033319175243378,
  "expression_speed_max": 0.6471512317657471,
  "happy_mean": 0.30454373359680176,
  "happy_std": 0.41720521450042725,
  "happy_median": 0.011587725020945072,
  "happy_max": 0.9999995231628418,
  "neutral_mean": 0.09845560789108276,
  "neutral_std": 0.25681400299072266,
  "neutral_median": 0.002744259312748909,
  "neutral_max": 0.9884589910507202,
  "surprise_mean": 0.05194453150033951,
  "surprise_std": 0.17860370874404907,
  "surprise_median": 5.925603545620106e-07,
  "surprise_max": 0.9783638119697571,
  "processed_frames": 68.0,
  "video_name": "1.mp4"
}