{
  "facial_symmetry_mean": 0.9547961950302124,
  "facial_symmetry_std": 0.041763562709093094,
  "facial_symmetry_median": 0.964246392250061,
  "facial_symmetry_max": 0.9999222755432129,
  "face_width_height_ratio_mean": 1.52073335647583,
  "face_width_height_ratio_std": 0.17543578147888184,
  "face_width_height_ratio_median": 1.5613198280334473,
  "face_width_height_ratio_max": 1.7366749048233032,
  "eye_spacing_ratio_mean": 0.6613505482673645,
  "eye_spacing_ratio_std": 0.031259685754776,
  "eye_spacing_ratio_median": 0.6650604009628296,
  "eye_spacing_ratio_max": 0.7267256379127502,
  "jaw_ratio_mean": 0.778350830078125,
  "jaw_ratio_std": 0.022795310243964195,
  "jaw_ratio_median": 0.7746198177337646,
  "jaw_ratio_max": 0.8997927308082581,
  "smile_intensity_mean": 0.11716322600841522,
  "smile_intensity_std": 0.18332414329051971,
  "smile_intensity_median": 0.029954133555293083,
  "smile_intensity_max": 1.0,
  "eye_contact_mean": 0.9788751006126404,
  "eye_contact_std": 0.023724857717752457,
  "eye_contact_median": 0.9848580360412598,
  "eye_contact_max": 0.9988789558410645,
  "eye_openness_mean": 0.44895216822624207,
  "eye_openness_std": 0.10732489824295044,
  "eye_openness_median": 0.48034757375717163,
  "eye_openness_max": 0.7128053903579712,
  "gaze_stability_mean": 0.9889802932739258,
  "gaze_stability_std": 0.018737846985459328,
  "gaze_stability_median": 0.9948208928108215,
  "gaze_stability_max": 1.0,
  "head_tilt_mean": 0.031943660229444504,
  "head_tilt_std": 0.032932013273239136,
  "head_tilt_median": 0.020490214228630066,
  "head_tilt_max": 0.17437033355236053,
  "expression_speed_mean": 0.10567326843738556,
  "expression_speed_std": 0.14699500799179077,
  "expression_speed_median": 0.04540383815765381,
  "expression_speed_max": 1.0,
  "happy_mean": 0.08596939593553543,
  "happy_std": 0.24801796674728394,
  "happy_median": 0.00046631734585389495,
  "happy_max": 0.9999996423721313,
  "neutral_mean": 0.03790796175599098,
  "neutral_std": 0.14534646272659302,
  "neutral_median": 0.001179365674033761,
  "neutral_max": 0.8858023881912231,
  "surprise_mean": 0.06238962337374687,
  "surprise_std": 0.21216581761837006,
  "surprise_median": 0.00029750156681984663,
  "surprise_max": 0.9998056888580322,
  "processed_frames": 120.0,
  "video_name": "5.mp4"
}