{
  "facial_symmetry_mean": 0.9522078037261963,
  "facial_symmetry_std": 0.03473428636789322,
  "facial_symmetry_median": 0.9593285322189331,
  "facial_symmetry_max": 0.9956128001213074,
  "face_width_height_ratio_mean": 1.2708468437194824,
  "face_width_height_ratio_std": 0.1808824986219406,
  "face_width_height_ratio_median": 1.3104053735733032,
  "face_width_height_ratio_max": 1.7652109861373901,
  "eye_spacing_ratio_mean": 0.6610098481178284,
  "eye_spacing_ratio_std": 0.04634881764650345,
  "eye_spacing_ratio_median": 0.6629843711853027,
  "eye_spacing_ratio_max": 0.7853177785873413,
  "jaw_ratio_mean": 0.7944326996803284,
  "jaw_ratio_std": 0.030263274908065796,
  "jaw_ratio_median": 0.7927382588386536,
  "jaw_ratio_max": 0.8625579476356506,
  "smile_intensity_mean": 0.25027209520339966,
  "smile_intensity_std": 0.20133833587169647,
  "smile_intensity_median": 0.3062002658843994,
  "smile_intensity_max": 0.7077624201774597,
  "eye_contact_mean": 0.9789889454841614,
  "eye_contact_std": 0.021505428478121758,
  "eye_contact_median": 0.9860690832138062,
  "eye_contact_max": 0.9999107718467712,
  "eye_openness_mean": 0.32358303666114807,
  "eye_openness_std": 0.08807873725891113,
  "eye_openness_median": 0.3308793008327484,
  "eye_openness_max": 0.4689745604991913,
  "gaze_stability_mean": 0.9792735576629639,
  "gaze_stability_std": 0.02022498846054077,
  "gaze_stability_median": 0.9838973879814148,
  "gaze_stability_max": 1.0,
  "head_tilt_mean": 0.03536217659711838,
  "head_tilt_std": 0.028897689655423164,
  "head_tilt_median": 0.028279423713684082,
  "head_tilt_max": 0.11101067066192627,
  "expression_speed_mean": 0.2990792989730835,
  "expression_speed_std": 0.16436637938022614,
  "expression_speed_median": 0.29424870014190674,
  "expression_speed_max": 0.7702184915542603,
  "happy_mean": 0.3510846495628357,
  "happy_std": 0.40584132075309753,
  "happy_median": 0.10618957877159119,
  "happy_max": 0.9999998807907104,
  "neutral_mean": 0.3567498028278351,
  "neutral_std": 0.415021687746048,
  "neutral_median": 0.04295185208320618,
  "neutral_max": 0.999501645565033,
  "surprise_mean": 0.09684620052576065,
  "surprise_std": 0.24675823748111725,
  "surprise_median": 0.0004540580848697573,
  "surprise_max": 0.9955039620399475,
  "processed_frames": 51.0,
  "video_name": "6.mp4"
}