{
  "facial_symmetry_mean": 0.8797975182533264,
  "facial_symmetry_std": 0.06824013590812683,
  "facial_symmetry_median": 0.8615946769714355,
  "facial_symmetry_max": 0.9965400695800781,
  "face_width_height_ratio_mean": 1.330729603767395,
  "face_width_height_ratio_std": 0.16077953577041626,
  "face_width_height_ratio_median": 1.3119544982910156,
  "face_width_height_ratio_max": 1.558457851409912,
  "eye_spacing_ratio_mean": 0.6098774671554565,
  "eye_spacing_ratio_std": 0.04459122195839882,
  "eye_spacing_ratio_median": 0.6226420998573303,
  "eye_spacing_ratio_max": 0.6624553203582764,
  "jaw_ratio_mean": 0.798270046710968,
  "jaw_ratio_std": 0.03019728511571884,
  "jaw_ratio_median": 0.7917215824127197,
  "jaw_ratio_max": 0.8613940477371216,
  "smile_intensity_mean": 0.18789264559745789,
  "smile_intensity_std": 0.1193937212228775,
  "smile_intensity_median": 0.1908615231513977,
  "smile_intensity_max": 0.3845923840999603,
  "eye_contact_mean": 0.9522572755813599,
  "eye_contact_std": 0.021094229072332382,
  "eye_contact_median": 0.946987509727478,
  "eye_contact_max": 0.9973331689834595,
  "eye_openness_mean": 0.39714089035987854,
  "eye_openness_std": 0.12786801159381866,
  "eye_openness_median": 0.4120061695575714,
  "eye_openness_max": 0.607538640499115,
  "gaze_stability_mean": 0.9830456376075745,
  "gaze_stability_std": 0.017140459269285202,
  "gaze_stability_median": 0.9886962175369263,
  "gaze_stability_max": 1.0,
  "head_tilt_mean": 0.028445983305573463,
  "head_tilt_std": 0.023907551541924477,
  "head_tilt_median": 0.01910516992211342,
  "head_tilt_max": 0.09107284247875214,
  "expression_speed_mean": 0.14858925342559814,
  "expression_speed_std": 0.10858958959579468,
  "expression_speed_median": 0.13305041193962097,
  "expression_speed_max": 0.47477036714553833,
  "happy_mean": 0.1226440891623497,
  "happy_std": 0.27590277791023254,
  "happy_median": 0.0023904298432171345,
  "happy_max": 0.9999604225158691,
  "neutral_mean": 0.2657642960548401,
  "neutral_std": 0.3686767816543579,
  "neutral_median": 0.002313874661922455,
  "neutral_max": 0.9983301758766174,
  "surprise_mean": 0.002201375551521778,
  "surprise_std": 0.010632259771227837,
  "surprise_median": 1.6443809158772638e-07,
  "surprise_max": 0.07774697244167328,
  "processed_frames": 54.0,
  "video_name": "7.mp4"
}