{
  "expression_speed_max": 0.5891670627253396,
  "expression_speed_mean": 0.15574885266167776,
  "expression_speed_median": 0.12691215478948184,
  "expression_speed_std": 0.12283173842089516,
  "eye_contact_max": 0.9986955523490906,
  "eye_contact_mean": 0.9774682096072606,
  "eye_contact_median": 0.9799911805561611,
  "eye_contact_std": 0.01680074685386249,
  "eye_openness_max": 0.6586550516741616,
  "eye_openness_mean": 0.4460594185761043,
  "eye_openness_median": 0.45328942792756216,
  "eye_openness_std": 0.12388689177376884,
  "eye_spacing_ratio_max": 0.719495245388576,
  "eye_spacing_ratio_mean": 0.6500195775713239,
  "eye_spacing_ratio_median": 0.6545121840068272,
  "eye_spacing_ratio_std": 0.031922715449971814,
  "face_width_height_ratio_max": 1.5863427434648787,
  "face_width_height_ratio_mean": 1.2868660347802299,
  "face_width_height_ratio_median": 1.294493658202035,
  "face_width_height_ratio_std": 0.14914289702262198,
  "facial_symmetry_max": 0.9960517372403827,
  "facial_symmetry_mean": 0.9370941860335213,
  "facial_symmetry_median": 0.9389800429344177,
  "facial_symmetry_std": 0.037448850593396595,
  "gaze_stability_max": 1.0,
  "gaze_stability_mean": 0.9872418216296605,
  "gaze_stability_median": 0.992016111101423,
  "gaze_stability_std": 0.015145870590848582,
  "happy_max": 0.9995175855500358,
  "happy_mean": 0.2181313165596553,
  "happy_median": 0.025492055487770164,
  "happy_std": 0.3473503461905888,
  "head_tilt_max": 0.16123915357249125,
  "head_tilt_mean": 0.06792626609759671,
  "head_tilt_median": 0.06368062591978482,
  "head_tilt_std": 0.0375080228384052,
  "jaw_ratio_max": 0.8595921652657645,
  "jaw_ratio_mean": 0.781371431691306,
  "jaw_ratio_median": 0.7788102541651044,
  "jaw_ratio_std": 0.02546725861196007,
  "neutral_max": 0.9683675680841718,
  "neutral_mean": 0.3012368844023773,
  "neutral_median": 0.26652050563799484,
  "neutral_std": 0.3195697452340807,
  "processed_frames": 74.42857142857143,
  "smile_intensity_max": 0.559615529009274,
  "smile_intensity_mean": 0.162143169769219,
  "smile_intensity_median": 0.1592465184096779,
  "smile_intensity_std": 0.14341696883950913,
  "surprise_max": 0.5032298788428307,
  "surprise_mean": 0.032794170713584335,
  "surprise_median": 0.00011678233840127308,
  "surprise_std": 0.10262839230043548,
  "video_count": 7.0,
  "valid_video_count": 7.0,
  "valid_video_ratio": 1.0,
  "total_processed_frames": 521.0,
  "avg_processed_frames": 74.42857142857143,
  "quality_score": 0.7984761904761905,
  "person_name": "Lee Ju Eun"
}