{
  "facial_symmetry_mean": 0.909254789352417,
  "facial_symmetry_std": 0.07184098660945892,
  "facial_symmetry_median": 0.9271240234375,
  "facial_symmetry_max": 0.9938859939575195,
  "face_width_height_ratio_mean": 1.0653334856033325,
  "face_width_height_ratio_std": 0.08363630622625351,
  "face_width_height_ratio_median": 1.0567245483398438,
  "face_width_height_ratio_max": 1.2767201662063599,
  "eye_spacing_ratio_mean": 0.673312246799469,
  "eye_spacing_ratio_std": 0.03235252574086189,
  "eye_spacing_ratio_median": 0.6672201156616211,
  "eye_spacing_ratio_max": 0.7604959607124329,
  "jaw_ratio_mean": 0.7743101716041565,
  "jaw_ratio_std": 0.019635679200291634,
  "jaw_ratio_median": 0.7781513929367065,
  "jaw_ratio_max": 0.8166170716285706,
  "smile_intensity_mean": 0.14131835103034973,
  "smile_intensity_std": 0.1737065613269806,
  "smile_intensity_median": 0.038129135966300964,
  "smile_intensity_max": 0.5929490923881531,
  "eye_contact_mean": 0.9679768681526184,
  "eye_contact_std": 0.03961033374071121,
  "eye_contact_median": 0.9876313805580139,
  "eye_contact_max": 0.99936842918396,
  "eye_openness_mean": 0.9576759934425354,
  "eye_openness_std": 0.09978634119033813,
  "eye_openness_median": 1.0,
  "eye_openness_max": 1.0,
  "gaze_stability_mean": 0.9738187789916992,
  "gaze_stability_std": 0.034283772110939026,
  "gaze_stability_median": 0.9909290671348572,
  "gaze_stability_max": 1.0,
  "head_tilt_mean": 0.14103125035762787,
  "head_tilt_std": 0.13135410845279694,
  "head_tilt_median": 0.10073252022266388,
  "head_tilt_max": 0.5484341382980347,
  "expression_speed_mean": 0.24462588131427765,
  "expression_speed_std": 0.18809044361114502,
  "expression_speed_median": 0.24423730373382568,
  "expression_speed_max": 0.6317293643951416,
  "happy_mean": 0.4559294879436493,
  "happy_std": 0.4612647294998169,
  "happy_median": 0.2647903561592102,
  "happy_max": 1.0,
  "neutral_mean": 0.265316903591156,
  "neutral_std": 0.3986774981021881,
  "neutral_median": 0.012290257960557938,
  "neutral_max": 0.9890504479408264,
  "surprise_mean": 0.0018052286468446255,
  "surprise_std": 0.004068759270012379,
  "surprise_median": 1.0313166058040224e-05,
  "surprise_max": 0.015936896204948425,
  "processed_frames": 52.0,
  "video_name": "1 (2).mp4"
}