{
  "facial_symmetry_mean": 0.8115795850753784,
  "facial_symmetry_std": 0.09140999615192413,
  "facial_symmetry_median": 0.8106251358985901,
  "facial_symmetry_max": 0.9918221235275269,
  "face_width_height_ratio_mean": 1.074906826019287,
  "face_width_height_ratio_std": 0.0950796902179718,
  "face_width_height_ratio_median": 1.0807161331176758,
  "face_width_height_ratio_max": 1.3828340768814087,
  "eye_spacing_ratio_mean": 0.6620909571647644,
  "eye_spacing_ratio_std": 0.0312032587826252,
  "eye_spacing_ratio_median": 0.6582486629486084,
  "eye_spacing_ratio_max": 0.7662753462791443,
  "jaw_ratio_mean": 0.7687487006187439,
  "jaw_ratio_std": 0.0173107348382473,
  "jaw_ratio_median": 0.7694393992424011,
  "jaw_ratio_max": 0.8338814973831177,
  "smile_intensity_mean": 0.1255975365638733,
  "smile_intensity_std": 0.18420231342315674,
  "smile_intensity_median": 0.03527776524424553,
  "smile_intensity_max": 0.8525141477584839,
  "eye_contact_mean": 0.9431416988372803,
  "eye_contact_std": 0.04565943032503128,
  "eye_contact_median": 0.9471590518951416,
  "eye_contact_max": 0.999903678894043,
  "eye_openness_mean": 0.8922528028488159,
  "eye_openness_std": 0.18948884308338165,
  "eye_openness_median": 1.0,
  "eye_openness_max": 1.0,
  "gaze_stability_mean": 0.978672444820404,
  "gaze_stability_std": 0.035215113312006,
  "gaze_stability_median": 0.9922484755516052,
  "gaze_stability_max": 1.0,
  "head_tilt_mean": 0.1170380711555481,
  "head_tilt_std": 0.09725943207740784,
  "head_tilt_median": 0.0913982093334198,
  "head_tilt_max": 0.47827765345573425,
  "expression_speed_mean": 0.13337622582912445,
  "expression_speed_std": 0.1704578548669815,
  "expression_speed_median": 0.06260474026203156,
  "expression_speed_max": 0.8416946530342102,
  "happy_mean": 0.32497814297676086,
  "happy_std": 0.41522976756095886,
  "happy_median": 0.02123437076807022,
  "happy_max": 0.9999998211860657,
  "neutral_mean": 0.21509157121181488,
  "neutral_std": 0.31072109937667847,
  "neutral_median": 0.040475718677043915,
  "neutral_max": 0.9889194965362549,
  "surprise_mean": 0.030812731012701988,
  "surprise_std": 0.1331220418214798,
  "surprise_median": 0.00023788923863321543,
  "surprise_max": 0.9816128015518188,
  "processed_frames": 165.0,
  "video_name": "1 (4).mp4"
}