{
  "facial_symmetry_mean": 0.8118715286254883,
  "facial_symmetry_std": 0.11041963845491409,
  "facial_symmetry_median": 0.8345112800598145,
  "facial_symmetry_max": 0.9960694313049316,
  "face_width_height_ratio_mean": 1.1184015274047852,
  "face_width_height_ratio_std": 0.05488409474492073,
  "face_width_height_ratio_median": 1.1313949823379517,
  "face_width_height_ratio_max": 1.2320196628570557,
  "eye_spacing_ratio_mean": 0.6545804142951965,
  "eye_spacing_ratio_std": 0.01677056960761547,
  "eye_spacing_ratio_median": 0.6532788276672363,
  "eye_spacing_ratio_max": 0.6894232630729675,
  "jaw_ratio_mean": 0.7704886198043823,
  "jaw_ratio_std": 0.013675985857844353,
  "jaw_ratio_median": 0.7701010704040527,
  "jaw_ratio_max": 0.8078782558441162,
  "smile_intensity_mean": 0.18327154219150543,
  "smile_intensity_std": 0.16513291001319885,
  "smile_intensity_median": 0.2164652943611145,
  "smile_intensity_max": 0.8311822414398193,
  "eye_contact_mean": 0.9382680654525757,
  "eye_contact_std": 0.030177069827914238,
  "eye_contact_median": 0.9379853010177612,
  "eye_contact_max": 0.9981368780136108,
  "eye_openness_mean": 0.9936960935592651,
  "eye_openness_std": 0.035073161125183105,
  "eye_openness_median": 1.0,
  "eye_openness_max": 1.0,
  "gaze_stability_mean": 0.9856555461883545,
  "gaze_stability_std": 0.018797187134623528,
  "gaze_stability_median": 0.9928094744682312,
  "gaze_stability_max": 1.0,
  "head_tilt_mean": 0.11031578481197357,
  "head_tilt_std": 0.09893139451742172,
  "head_tilt_median": 0.06370022892951965,
  "head_tilt_max": 0.2986826002597809,
  "expression_speed_mean": 0.07354996353387833,
  "expression_speed_std": 0.1003163605928421,
  "expression_speed_median": 0.031183715909719467,
  "expression_speed_max": 0.46995609998703003,
  "happy_mean": 0.08811818063259125,
  "happy_std": 0.21141311526298523,
  "happy_median": 0.012328285723924637,
  "happy_max": 0.9964556694030762,
  "neutral_mean": 0.4631056487560272,
  "neutral_std": 0.41203492879867554,
  "neutral_median": 0.34974968433380127,
  "neutral_max": 0.9999757409095764,
  "surprise_mean": 0.10165781527757645,
  "surprise_std": 0.24036403000354767,
  "surprise_median": 0.0006642937660217285,
  "surprise_max": 0.9918311238288879,
  "processed_frames": 103.0,
  "video_name": "1 (5).mp4"
}