{
  "facial_symmetry_mean": 0.9142819046974182,
  "facial_symmetry_std": 0.08790311962366104,
  "facial_symmetry_median": 0.9451904892921448,
  "facial_symmetry_max": 0.9994919300079346,
  "face_width_height_ratio_mean": 0.647744357585907,
  "face_width_height_ratio_std": 0.050818052142858505,
  "face_width_height_ratio_median": 0.6475510597229004,
  "face_width_height_ratio_max": 0.7892054319381714,
  "eye_spacing_ratio_mean": 0.6583737134933472,
  "eye_spacing_ratio_std": 0.026333380490541458,
  "eye_spacing_ratio_median": 0.6568636298179626,
  "eye_spacing_ratio_max": 0.7465547919273376,
  "jaw_ratio_mean": 0.7858508229255676,
  "jaw_ratio_std": 0.019641784951090813,
  "jaw_ratio_median": 0.7840157747268677,
  "jaw_ratio_max": 0.8425438404083252,
  "smile_intensity_mean": 0.2747707664966583,
  "smile_intensity_std": 0.2952020764350891,
  "smile_intensity_median": 0.15866155922412872,
  "smile_intensity_max": 1.0,
  "eye_contact_mean": 0.9709035754203796,
  "eye_contact_std": 0.030197376385331154,
  "eye_contact_median": 0.9801077842712402,
  "eye_contact_max": 0.9999455213546753,
  "eye_openness_mean": 0.8731781244277954,
  "eye_openness_std": 0.20543304085731506,
  "eye_openness_median": 1.0,
  "eye_openness_max": 1.0,
  "gaze_stability_mean": 0.9902525544166565,
  "gaze_stability_std": 0.012118839658796787,
  "gaze_stability_median": 0.9940257668495178,
  "gaze_stability_max": 1.0,
  "head_tilt_mean": 0.14932753145694733,
  "head_tilt_std": 0.15705645084381104,
  "head_tilt_median": 0.08516594767570496,
  "head_tilt_max": 0.8145403861999512,
  "expression_speed_mean": 0.15977755188941956,
  "expression_speed_std": 0.20765569806098938,
  "expression_speed_median": 0.0729251280426979,
  "expression_speed_max": 1.0,
  "happy_mean": 0.3357774615287781,
  "happy_std": 0.4396188259124756,
  "happy_median": 0.010693853721022606,
  "happy_max": 0.9999997019767761,
  "neutral_mean": 0.31402918696403503,
  "neutral_std": 0.3942629098892212,
  "neutral_median": 0.05562392249703407,
  "neutral_max": 0.996853768825531,
  "surprise_mean": 0.014657406136393547,
  "surprise_std": 0.06792071461677551,
  "surprise_median": 1.1926586921617854e-05,
  "surprise_max": 0.6251466274261475,
  "processed_frames": 125.0,
  "video_name": "1 (7).mp4"
}