{
  "facial_symmetry_mean": 0.9375210404396057,
  "facial_symmetry_std": 0.05532389506697655,
  "facial_symmetry_median": 0.9589122533798218,
  "facial_symmetry_max": 0.9987642765045166,
  "face_width_height_ratio_mean": 0.721966564655304,
  "face_width_height_ratio_std": 0.05634187534451485,
  "face_width_height_ratio_median": 0.7329578995704651,
  "face_width_height_ratio_max": 0.896523118019104,
  "eye_spacing_ratio_mean": 0.6568534970283508,
  "eye_spacing_ratio_std": 0.019549038261175156,
  "eye_spacing_ratio_median": 0.6602315306663513,
  "eye_spacing_ratio_max": 0.6946550011634827,
  "jaw_ratio_mean": 0.7859535217285156,
  "jaw_ratio_std": 0.015046343207359314,
  "jaw_ratio_median": 0.7857019901275635,
  "jaw_ratio_max": 0.8369688987731934,
  "smile_intensity_mean": 0.3245851397514343,
  "smile_intensity_std": 0.26645341515541077,
  "smile_intensity_median": 0.40796446800231934,
  "smile_intensity_max": 0.9766536355018616,
  "eye_contact_mean": 0.9766651391983032,
  "eye_contact_std": 0.033260174095630646,
  "eye_contact_median": 0.9882278442382812,
  "eye_contact_max": 0.9999008178710938,
  "eye_openness_mean": 0.8989514112472534,
  "eye_openness_std": 0.21083861589431763,
  "eye_openness_median": 1.0,
  "eye_openness_max": 1.0,
  "gaze_stability_mean": 0.9852128028869629,
  "gaze_stability_std": 0.03454170748591423,
  "gaze_stability_median": 0.9945266842842102,
  "gaze_stability_max": 1.0,
  "head_tilt_mean": 0.09454676508903503,
  "head_tilt_std": 0.10333611816167831,
  "head_tilt_median": 0.05747444927692413,
  "head_tilt_max": 0.4516114294528961,
  "expression_speed_mean": 0.1706995666027069,
  "expression_speed_std": 0.24015596508979797,
  "expression_speed_median": 0.054303113371133804,
  "expression_speed_max": 0.9360523223876953,
  "happy_mean": 0.6048681735992432,
  "happy_std": 0.461686909198761,
  "happy_median": 0.9782177805900574,
  "happy_max": 1.0,
  "neutral_mean": 0.16316933929920197,
  "neutral_std": 0.31401821970939636,
  "neutral_median": 0.0013712613144889474,
  "neutral_max": 0.9876728057861328,
  "surprise_mean": 0.004024526569992304,
  "surprise_std": 0.01632700301706791,
  "surprise_median": 3.045105145815796e-08,
  "surprise_max": 0.10559585690498352,
  "processed_frames": 92.0,
  "video_name": "1 (8).mp4"
}