{
  "expression_speed_max": 0.7807934060692787,
  "expression_speed_mean": 0.15304171200841665,
  "expression_speed_median": 0.08460189588367939,
  "expression_speed_std": 0.17814595438539982,
  "eye_contact_max": 0.9994428977370262,
  "eye_contact_mean": 0.9629154205322266,
  "eye_contact_median": 0.9714044854044914,
  "eye_contact_std": 0.03365267417393625,
  "eye_openness_max": 1.0,
  "eye_openness_mean": 0.8827500641345978,
  "eye_openness_median": 0.9458750560879707,
  "eye_openness_std": 0.16779620293527842,
  "eye_spacing_ratio_max": 0.7381505519151688,
  "eye_spacing_ratio_mean": 0.660016305744648,
  "eye_spacing_ratio_median": 0.6578466817736626,
  "eye_spacing_ratio_std": 0.024512359872460365,
  "face_width_height_ratio_max": 1.108663648366928,
  "face_width_height_ratio_mean": 0.9391482844948769,
  "face_width_height_ratio_median": 0.9442566633224487,
  "face_width_height_ratio_std": 0.06059931265190244,
  "facial_symmetry_max": 0.996903769671917,
  "facial_symmetry_mean": 0.8921212926506996,
  "facial_symmetry_median": 0.909055158495903,
  "facial_symmetry_std": 0.07113801734521985,
  "gaze_stability_max": 1.0,
  "gaze_stability_mean": 0.9842436835169792,
  "gaze_stability_median": 0.9931413680315018,
  "gaze_stability_std": 0.024374015047214925,
  "happy_max": 0.999552771449089,
  "happy_mean": 0.37457819655537605,
  "happy_median": 0.2749686373863369,
  "happy_std": 0.40556491911411285,
  "head_tilt_max": 0.46297163888812065,
  "head_tilt_mean": 0.11135489773005247,
  "head_tilt_median": 0.07249845191836357,
  "head_tilt_std": 0.10713612847030163,
  "jaw_ratio_max": 0.8293561935424805,
  "jaw_ratio_mean": 0.7810200974345207,
  "jaw_ratio_median": 0.7807348296046257,
  "jaw_ratio_std": 0.017063300940208137,
  "neutral_max": 0.9950621426105499,
  "neutral_mean": 0.2755818013101816,
  "neutral_median": 0.1318504546507029,
  "neutral_std": 0.35002274811267853,
  "processed_frames": 106.125,
  "smile_intensity_max": 0.7980400249361992,
  "smile_intensity_mean": 0.24346593767404556,
  "smile_intensity_median": 0.23602727754041553,
  "smile_intensity_std": 0.21566141117364168,
  "surprise_max": 0.6224092971533537,
  "surprise_mean": 0.030620760982856154,
  "surprise_median": 0.00012732407597981776,
  "surprise_std": 0.10089205380063504,
  "video_count": 8.0,
  "valid_video_count": 8.0,
  "valid_video_ratio": 1.0,
  "total_processed_frames": 849.0,
  "avg_processed_frames": 106.125,
  "quality_score": 0.883,
  "person_name": "Sasaki Nozomi"
}