{
  "facial_symmetry_mean": 0.8993601202964783,
  "facial_symmetry_std": 0.0692901685833931,
  "facial_symmetry_median": 0.9151935577392578,
  "facial_symmetry_max": 0.9938517212867737,
  "face_width_height_ratio_mean": 0.8546294569969177,
  "face_width_height_ratio_std": 0.0523785836994648,
  "face_width_height_ratio_median": 0.8465147614479065,
  "face_width_height_ratio_max": 1.066617727279663,
  "eye_spacing_ratio_mean": 0.6581486463546753,
  "eye_spacing_ratio_std": 0.02246064879000187,
  "eye_spacing_ratio_median": 0.6592413783073425,
  "eye_spacing_ratio_max": 0.730026125907898,
  "jaw_ratio_mean": 0.7800920605659485,
  "jaw_ratio_std": 0.013663011603057384,
  "jaw_ratio_median": 0.779806911945343,
  "jaw_ratio_max": 0.8266924023628235,
  "smile_intensity_mean": 0.14985667169094086,
  "smile_intensity_std": 0.17041121423244476,
  "smile_intensity_median": 0.04008406028151512,
  "smile_intensity_max": 0.6368274688720703,
  "eye_contact_mean": 0.9693916440010071,
  "eye_contact_std": 0.02333284355700016,
  "eye_contact_median": 0.9765355587005615,
  "eye_contact_max": 0.9999951124191284,
  "eye_openness_mean": 0.9668026566505432,
  "eye_openness_std": 0.11923062056303024,
  "eye_openness_median": 1.0,
  "eye_openness_max": 1.0,
  "gaze_stability_mean": 0.9888803958892822,
  "gaze_stability_std": 0.01630328595638275,
  "gaze_stability_median": 0.9942624568939209,
  "gaze_stability_max": 1.0,
  "head_tilt_mean": 0.09275466948747635,
  "head_tilt_std": 0.08993592113256454,
  "head_tilt_median": 0.04869207739830017,
  "head_tilt_max": 0.29024600982666016,
  "expression_speed_mean": 0.0942012295126915,
  "expression_speed_std": 0.13341736793518066,
  "expression_speed_median": 0.03953418508172035,
  "expression_speed_max": 0.6776334643363953,
  "happy_mean": 0.0017307341331616044,
  "happy_std": 0.006733946036547422,
  "happy_median": 0.00013573774776887149,
  "happy_max": 0.05667091906070709,
  "neutral_mean": 0.6000508069992065,
  "neutral_std": 0.2947461009025574,
  "neutral_median": 0.6516181230545044,
  "neutral_max": 0.9984838366508484,
  "surprise_mean": 0.0007398116285912693,
  "surprise_std": 0.0029622307047247887,
  "surprise_median": 9.420627065992448e-06,
  "surprise_max": 0.019804373383522034,
  "processed_frames": 87.0,
  "video_name": "1.mp4"
}