{
  "facial_symmetry_mean": 0.9062917232513428,
  "facial_symmetry_std": 0.06682230532169342,
  "facial_symmetry_median": 0.9312869310379028,
  "facial_symmetry_max": 0.9837539792060852,
  "face_width_height_ratio_mean": 1.7851866483688354,
  "face_width_height_ratio_std": 0.1859455406665802,
  "face_width_height_ratio_median": 1.8264915943145752,
  "face_width_height_ratio_max": 2.2591512203216553,
  "eye_spacing_ratio_mean": 0.6567304730415344,
  "eye_spacing_ratio_std": 0.029831770807504654,
  "eye_spacing_ratio_median": 0.6503030061721802,
  "eye_spacing_ratio_max": 0.8963195085525513,
  "jaw_ratio_mean": 0.7746777534484863,
  "jaw_ratio_std": 0.011741911061108112,
  "jaw_ratio_median": 0.773687481880188,
  "jaw_ratio_max": 0.8246628642082214,
  "smile_intensity_mean": 0.02544671855866909,
  "smile_intensity_std": 0.039512425661087036,
  "smile_intensity_median": 0.006346375681459904,
  "smile_intensity_max": 0.16562074422836304,
  "eye_contact_mean": 0.9773050546646118,
  "eye_contact_std": 0.01460059080272913,
  "eye_contact_median": 0.9801563024520874,
  "eye_contact_max": 0.9998937845230103,
  "eye_openness_mean": 0.49647000432014465,
  "eye_openness_std": 0.20909422636032104,
  "eye_openness_median": 0.5004265904426575,
  "eye_openness_max": 0.8279757499694824,
  "gaze_stability_mean": 0.9943828582763672,
  "gaze_stability_std": 0.005790002178400755,
  "gaze_stability_median": 0.9958517551422119,
  "gaze_stability_max": 1.0,
  "head_tilt_mean": 0.05754469707608223,
  "head_tilt_std": 0.04895646497607231,
  "head_tilt_median": 0.048638805747032166,
  "head_tilt_max": 0.20919933915138245,
  "expression_speed_mean": 0.04679548367857933,
  "expression_speed_std": 0.07502524554729462,
  "expression_speed_median": 0.02087549865245819,
  "expression_speed_max": 0.49307170510292053,
  "happy_mean": 0.0269355196505785,
  "happy_std": 0.08750898391008377,
  "happy_median": 0.0005950543563812971,
  "happy_max": 0.527084469795227,
  "neutral_mean": 0.6011620163917542,
  "neutral_std": 0.31736069917678833,
  "neutral_median": 0.6926742792129517,
  "neutral_max": 0.9957139492034912,
  "surprise_mean": 0.0040633585304021835,
  "surprise_std": 0.01431396696716547,
  "surprise_median": 1.4339286281028762e-05,
  "surprise_max": 0.08603665232658386,
  "processed_frames": 92.0,
  "video_name": "2.mp4"
}