{
  "facial_symmetry_mean": 0.8241420984268188,
  "facial_symmetry_std": 0.07835900038480759,
  "facial_symmetry_median": 0.8272539973258972,
  "facial_symmetry_max": 0.98649662733078,
  "face_width_height_ratio_mean": 0.8366027474403381,
  "face_width_height_ratio_std": 0.09786415845155716,
  "face_width_height_ratio_median": 0.862505316734314,
  "face_width_height_ratio_max": 1.0252894163131714,
  "eye_spacing_ratio_mean": 0.6188598871231079,
  "eye_spacing_ratio_std": 0.04196019098162651,
  "eye_spacing_ratio_median": 0.6288783550262451,
  "eye_spacing_ratio_max": 0.6837906241416931,
  "jaw_ratio_mean": 0.784637451171875,
  "jaw_ratio_std": 0.016292540356516838,
  "jaw_ratio_median": 0.7823127508163452,
  "jaw_ratio_max": 0.8280560374259949,
  "smile_intensity_mean": 0.19549313187599182,
  "smile_intensity_std": 0.2712402641773224,
  "smile_intensity_median": 0.01234834548085928,
  "smile_intensity_max": 1.0,
  "eye_contact_mean": 0.9444034695625305,
  "eye_contact_std": 0.04473795369267464,
  "eye_contact_median": 0.9500178098678589,
  "eye_contact_max": 0.9960615634918213,
  "eye_openness_mean": 0.8359732627868652,
  "eye_openness_std": 0.253383606672287,
  "eye_openness_median": 1.0,
  "eye_openness_max": 1.0,
  "gaze_stability_mean": 0.9796463251113892,
  "gaze_stability_std": 0.029184924438595772,
  "gaze_stability_median": 0.9902253746986389,
  "gaze_stability_max": 1.0,
  "head_tilt_mean": 0.147335484623909,
  "head_tilt_std": 0.07089923322200775,
  "head_tilt_median": 0.1574862003326416,
  "head_tilt_max": 0.30741214752197266,
  "expression_speed_mean": 0.21621932089328766,
  "expression_speed_std": 0.25385555624961853,
  "expression_speed_median": 0.09137561917304993,
  "expression_speed_max": 1.0,
  "happy_mean": 0.15246495604515076,
  "happy_std": 0.2713809907436371,
  "happy_median": 0.0264673363417387,
  "happy_max": 0.9977779984474182,
  "neutral_mean": 0.3519813120365143,
  "neutral_std": 0.33402347564697266,
  "neutral_median": 0.2697916030883789,
  "neutral_max": 0.9723710417747498,
  "surprise_mean": 0.005832637194544077,
  "surprise_std": 0.049347955733537674,
  "surprise_median": 5.7178123824996874e-05,
  "surprise_max": 0.5120161771774292,
  "processed_frames": 108.0,
  "video_name": "4.mp4"
}