{
  "facial_symmetry_mean": 0.8896073698997498,
  "facial_symmetry_std": 0.07112166285514832,
  "facial_symmetry_median": 0.8718403577804565,
  "facial_symmetry_max": 0.9982055425643921,
  "face_width_height_ratio_mean": 1.4799485206604004,
  "face_width_height_ratio_std": 0.11708451062440872,
  "face_width_height_ratio_median": 1.494206428527832,
  "face_width_height_ratio_max": 1.9668577909469604,
  "eye_spacing_ratio_mean": 0.6554495692253113,
  "eye_spacing_ratio_std": 0.01843508519232273,
  "eye_spacing_ratio_median": 0.6525281667709351,
  "eye_spacing_ratio_max": 0.7241336703300476,
  "jaw_ratio_mean": 0.7823140621185303,
  "jaw_ratio_std": 0.01726536452770233,
  "jaw_ratio_median": 0.7862571477890015,
  "jaw_ratio_max": 0.813773512840271,
  "smile_intensity_mean": 0.058632127940654755,
  "smile_intensity_std": 0.09285682439804077,
  "smile_intensity_median": 0.008686386048793793,
  "smile_intensity_max": 0.2647106349468231,
  "eye_contact_mean": 0.9706255793571472,
  "eye_contact_std": 0.03289045765995979,
  "eye_contact_median": 0.9849680662155151,
  "eye_contact_max": 0.9999247789382935,
  "eye_openness_mean": 0.771259605884552,
  "eye_openness_std": 0.21302278339862823,
  "eye_openness_median": 0.7543181777000427,
  "eye_openness_max": 1.0,
  "gaze_stability_mean": 0.9846181273460388,
  "gaze_stability_std": 0.022052021697163582,
  "gaze_stability_median": 0.9934078454971313,
  "gaze_stability_max": 1.0,
  "head_tilt_mean": 0.10347568243741989,
  "head_tilt_std": 0.10877768695354462,
  "head_tilt_median": 0.05676388740539551,
  "head_tilt_max": 0.401318222284317,
  "expression_speed_mean": 0.11647780984640121,
  "expression_speed_std": 0.14717674255371094,
  "expression_speed_median": 0.04751072824001312,
  "expression_speed_max": 0.6886201500892639,
  "happy_mean": 0.13522978127002716,
  "happy_std": 0.25666627287864685,
  "happy_median": 0.000754465872887522,
  "happy_max": 0.9624936580657959,
  "neutral_mean": 0.5849548578262329,
  "neutral_std": 0.3442530632019043,
  "neutral_median": 0.6927629709243774,
  "neutral_max": 0.9989922046661377,
  "surprise_mean": 0.00044496238115243614,
  "surprise_std": 0.0012542344629764557,
  "surprise_median": 1.4142151485430077e-05,
  "surprise_max": 0.006806018762290478,
  "processed_frames": 60.0,
  "video_name": "6.mp4"
}