{
  "expression_speed_max": 0.7876401791969935,
  "expression_speed_mean": 0.14063113617400327,
  "expression_speed_median": 0.06658156774938107,
  "expression_speed_std": 0.17253531515598297,
  "eye_contact_max": 0.9992532432079315,
  "eye_contact_mean": 0.9624133706092834,
  "eye_contact_median": 0.9720535178979238,
  "eye_contact_std": 0.032128849842896066,
  "eye_openness_max": 0.9713292916615804,
  "eye_openness_mean": 0.7670289824406306,
  "eye_openness_median": 0.8241252104441324,
  "eye_openness_std": 0.21297779555122057,
  "eye_spacing_ratio_max": 0.7455995281537374,
  "eye_spacing_ratio_mean": 0.6493536134560903,
  "eye_spacing_ratio_median": 0.6502117117245992,
  "eye_spacing_ratio_std": 0.027242633514106274,
  "face_width_height_ratio_max": 1.487062434355418,
  "face_width_height_ratio_mean": 1.1593457857767742,
  "face_width_height_ratio_median": 1.1695544123649597,
  "face_width_height_ratio_std": 0.10769418068230152,
  "facial_symmetry_max": 0.992670863866806,
  "facial_symmetry_mean": 0.8709398110707601,
  "facial_symmetry_median": 0.8785566886266073,
  "facial_symmetry_std": 0.08416389177242915,
  "gaze_stability_max": 1.0,
  "gaze_stability_mean": 0.9834760824839274,
  "gaze_stability_median": 0.9916999737421671,
  "gaze_stability_std": 0.02167128670650224,
  "happy_max": 0.7415227815508842,
  "happy_mean": 0.08226709124088909,
  "happy_median": 0.005031622575188521,
  "happy_std": 0.18112715325939158,
  "head_tilt_max": 0.370488961537679,
  "head_tilt_mean": 0.10899334711333115,
  "head_tilt_median": 0.08097875863313675,
  "head_tilt_std": 0.09402403421700001,
  "jaw_ratio_max": 0.8326378762722015,
  "jaw_ratio_mean": 0.7844619750976562,
  "jaw_ratio_median": 0.7835230231285095,
  "jaw_ratio_std": 0.016925328100721043,
  "neutral_max": 0.9939537346363068,
  "neutral_mean": 0.4882285495599111,
  "neutral_median": 0.48898204136639833,
  "neutral_std": 0.34210411707560223,
  "processed_frames": 77.66666666666667,
  "smile_intensity_max": 0.5891785869995753,
  "smile_intensity_mean": 0.10054346080869436,
  "smile_intensity_median": 0.01765879864494006,
  "smile_intensity_std": 0.14356371387839317,
  "surprise_max": 0.31336889959250885,
  "surprise_mean": 0.008805820082974,
  "surprise_median": 2.60770227479649e-05,
  "surprise_std": 0.04306012143691381,
  "video_count": 6.0,
  "valid_video_count": 6.0,
  "valid_video_ratio": 1.0,
  "total_processed_frames": 466.0,
  "avg_processed_frames": 77.66666666666667,
  "quality_score": 0.8071111111111111,
  "person_name": "Diana Kruger"
}