{
  "facial_symmetry_mean": 0.887674868106842,
  "facial_symmetry_std": 0.1524830013513565,
  "facial_symmetry_median": 0.9545348882675171,
  "facial_symmetry_max": 0.9993257522583008,
  "face_width_height_ratio_mean": 1.5236891508102417,
  "face_width_height_ratio_std": 0.14251580834388733,
  "face_width_height_ratio_median": 1.5356411933898926,
  "face_width_height_ratio_max": 1.8756965398788452,
  "eye_spacing_ratio_mean": 0.6389762163162231,
  "eye_spacing_ratio_std": 0.030686819925904274,
  "eye_spacing_ratio_median": 0.6315532922744751,
  "eye_spacing_ratio_max": 0.7059839963912964,
  "jaw_ratio_mean": 0.7672993540763855,
  "jaw_ratio_std": 0.021588467061519623,
  "jaw_ratio_median": 0.7614502906799316,
  "jaw_ratio_max": 0.8380665183067322,
  "smile_intensity_mean": 0.10185135155916214,
  "smile_intensity_std": 0.09973257780075073,
  "smile_intensity_median": 0.06527312099933624,
  "smile_intensity_max": 0.4057787358760834,
  "eye_contact_mean": 0.9715983867645264,
  "eye_contact_std": 0.04061054065823555,
  "eye_contact_median": 0.985291600227356,
  "eye_contact_max": 0.9997711181640625,
  "eye_openness_mean": 0.8513336181640625,
  "eye_openness_std": 0.19642162322998047,
  "eye_openness_median": 0.9086692333221436,
  "eye_openness_max": 1.0,
  "gaze_stability_mean": 0.983971893787384,
  "gaze_stability_std": 0.029152806848287582,
  "gaze_stability_median": 0.9937257766723633,
  "gaze_stability_max": 1.0,
  "head_tilt_mean": 0.0676451250910759,
  "head_tilt_std": 0.06836477667093277,
  "head_tilt_median": 0.05870752036571503,
  "head_tilt_max": 0.36928266286849976,
  "expression_speed_mean": 0.24016350507736206,
  "expression_speed_std": 0.2171461582183838,
  "expression_speed_median": 0.1626720130443573,
  "expression_speed_max": 0.8666607141494751,
  "happy_mean": 0.08358404040336609,
  "happy_std": 0.23155806958675385,
  "happy_median": 0.0021815025247633457,
  "happy_max": 0.9787388443946838,
  "neutral_mean": 0.18288974463939667,
  "neutral_std": 0.29929763078689575,
  "neutral_median": 0.022248752415180206,
  "neutral_max": 0.9999970197677612,
  "surprise_mean": 0.18500882387161255,
  "surprise_std": 0.3083464205265045,
  "surprise_median": 0.006275133695453405,
  "surprise_max": 0.9601907730102539,
  "processed_frames": 54.0,
  "video_name": "4.mp4"
}