{
  "facial_symmetry_mean": 0.9335618019104004,
  "facial_symmetry_std": 0.06718029081821442,
  "facial_symmetry_median": 0.9628349542617798,
  "facial_symmetry_max": 0.9966888427734375,
  "face_width_height_ratio_mean": 0.8214632868766785,
  "face_width_height_ratio_std": 0.12078076601028442,
  "face_width_height_ratio_median": 0.8614757061004639,
  "face_width_height_ratio_max": 0.9835655093193054,
  "eye_spacing_ratio_mean": 0.6397109031677246,
  "eye_spacing_ratio_std": 0.02792362868785858,
  "eye_spacing_ratio_median": 0.644996166229248,
  "eye_spacing_ratio_max": 0.7177198529243469,
  "jaw_ratio_mean": 0.7718285918235779,
  "jaw_ratio_std": 0.024549074470996857,
  "jaw_ratio_median": 0.7733126282691956,
  "jaw_ratio_max": 0.8600963950157166,
  "smile_intensity_mean": 0.3765140473842621,
  "smile_intensity_std": 0.22829848527908325,
  "smile_intensity_median": 0.3738275170326233,
  "smile_intensity_max": 0.8437716960906982,
  "eye_contact_mean": 0.9848116040229797,
  "eye_contact_std": 0.02048736996948719,
  "eye_contact_median": 0.9929784536361694,
  "eye_contact_max": 0.9997888207435608,
  "eye_openness_mean": 0.8206409215927124,
  "eye_openness_std": 0.17202959954738617,
  "eye_openness_median": 0.8451645374298096,
  "eye_openness_max": 1.0,
  "gaze_stability_mean": 0.9907211661338806,
  "gaze_stability_std": 0.017015840858221054,
  "gaze_stability_median": 0.9965877532958984,
  "gaze_stability_max": 1.0,
  "head_tilt_mean": 0.18640822172164917,
  "head_tilt_std": 0.09222368150949478,
  "head_tilt_median": 0.1928948611021042,
  "head_tilt_max": 0.37776947021484375,
  "expression_speed_mean": 0.21051116287708282,
  "expression_speed_std": 0.22190512716770172,
  "expression_speed_median": 0.08580876886844635,
  "expression_speed_max": 0.752453625202179,
  "happy_mean": 0.24832089245319366,
  "happy_std": 0.39488333463668823,
  "happy_median": 0.002685822546482086,
  "happy_max": 0.9995239973068237,
  "neutral_mean": 0.22694791853427887,
  "neutral_std": 0.3453942537307739,
  "neutral_median": 0.025090962648391724,
  "neutral_max": 0.999737024307251,
  "surprise_mean": 0.03859588876366615,
  "surprise_std": 0.14033855497837067,
  "surprise_median": 5.015881470171735e-05,
  "surprise_max": 0.8490676283836365,
  "processed_frames": 58.0,
  "video_name": "5.mp4"
}