{
  "facial_symmetry_mean": 0.7870833873748779,
  "facial_symmetry_std": 0.09720096737146378,
  "facial_symmetry_median": 0.7784150838851929,
  "facial_symmetry_max": 0.9889453649520874,
  "face_width_height_ratio_mean": 1.2375611066818237,
  "face_width_height_ratio_std": 0.15011440217494965,
  "face_width_height_ratio_median": 1.2440749406814575,
  "face_width_height_ratio_max": 1.5664292573928833,
  "eye_spacing_ratio_mean": 0.6760959625244141,
  "eye_spacing_ratio_std": 0.021755188703536987,
  "eye_spacing_ratio_median": 0.6792580485343933,
  "eye_spacing_ratio_max": 0.7849956750869751,
  "jaw_ratio_mean": 0.7483701705932617,
  "jaw_ratio_std": 0.025743216276168823,
  "jaw_ratio_median": 0.7449394464492798,
  "jaw_ratio_max": 0.8128560185432434,
  "smile_intensity_mean": 0.14194928109645844,
  "smile_intensity_std": 0.1458524465560913,
  "smile_intensity_median": 0.05736997723579407,
  "smile_intensity_max": 0.5941132307052612,
  "eye_contact_mean": 0.9853594303131104,
  "eye_contact_std": 0.021858973428606987,
  "eye_contact_median": 0.9901419281959534,
  "eye_contact_max": 0.9998779296875,
  "eye_openness_mean": 0.9700062870979309,
  "eye_openness_std": 0.09242631494998932,
  "eye_openness_median": 1.0,
  "eye_openness_max": 1.0,
  "gaze_stability_mean": 0.9883793592453003,
  "gaze_stability_std": 0.023662419989705086,
  "gaze_stability_median": 0.9952857494354248,
  "gaze_stability_max": 1.0,
  "head_tilt_mean": 0.14950111508369446,
  "head_tilt_std": 0.09877932071685791,
  "head_tilt_median": 0.1403322070837021,
  "head_tilt_max": 0.34145504236221313,
  "expression_speed_mean": 0.1388162225484848,
  "expression_speed_std": 0.13495296239852905,
  "expression_speed_median": 0.10045492649078369,
  "expression_speed_max": 0.6571856141090393,
  "happy_mean": 0.26712673902511597,
  "happy_std": 0.38528957962989807,
  "happy_median": 0.009087149053812027,
  "happy_max": 0.9999528527259827,
  "neutral_mean": 0.26655352115631104,
  "neutral_std": 0.3705900311470032,
  "neutral_median": 0.014822790399193764,
  "neutral_max": 0.9997169375419617,
  "surprise_mean": 0.062197670340538025,
  "surprise_std": 0.167335644364357,
  "surprise_median": 0.0001281967997783795,
  "surprise_max": 0.9852790832519531,
  "processed_frames": 72.0,
  "video_name": "6.mp4"
}