{
  "facial_symmetry_mean": 0.9117273688316345,
  "facial_symmetry_std": 0.06373869627714157,
  "facial_symmetry_median": 0.9160168170928955,
  "facial_symmetry_max": 0.9994257688522339,
  "face_width_height_ratio_mean": 0.6505421996116638,
  "face_width_height_ratio_std": 0.128770649433136,
  "face_width_height_ratio_median": 0.6260123252868652,
  "face_width_height_ratio_max": 1.1772685050964355,
  "eye_spacing_ratio_mean": 0.6570406556129456,
  "eye_spacing_ratio_std": 0.03604952245950699,
  "eye_spacing_ratio_median": 0.6589196920394897,
  "eye_spacing_ratio_max": 0.7544562220573425,
  "jaw_ratio_mean": 0.7727423906326294,
  "jaw_ratio_std": 0.024196289479732513,
  "jaw_ratio_median": 0.7653594017028809,
  "jaw_ratio_max": 0.8591784834861755,
  "smile_intensity_mean": 0.1784084588289261,
  "smile_intensity_std": 0.2762233018875122,
  "smile_intensity_median": 0.019684351980686188,
  "smile_intensity_max": 1.0,
  "eye_contact_mean": 0.9604921340942383,
  "eye_contact_std": 0.02863939106464386,
  "eye_contact_median": 0.965667188167572,
  "eye_contact_max": 0.999953031539917,
  "eye_openness_mean": 0.9312875270843506,
  "eye_openness_std": 0.1428205668926239,
  "eye_openness_median": 1.0,
  "eye_openness_max": 1.0,
  "gaze_stability_mean": 0.984870433807373,
  "gaze_stability_std": 0.020117728039622307,
  "gaze_stability_median": 0.9921845197677612,
  "gaze_stability_max": 1.0,
  "head_tilt_mean": 0.20251086354255676,
  "head_tilt_std": 0.24387776851654053,
  "head_tilt_median": 0.10968782007694244,
  "head_tilt_max": 1.0,
  "expression_speed_mean": 0.19300368428230286,
  "expression_speed_std": 0.2237137258052826,
  "expression_speed_median": 0.10527867078781128,
  "expression_speed_max": 0.9981992244720459,
  "happy_mean": 0.24785253405570984,
  "happy_std": 0.36835554242134094,
  "happy_median": 0.00544917955994606,
  "happy_max": 0.9999775886535645,
  "neutral_mean": 0.42977577447891235,
  "neutral_std": 0.407978355884552,
  "neutral_median": 0.2634733319282532,
  "neutral_max": 0.9999927878379822,
  "surprise_mean": 0.029815606772899628,
  "surprise_std": 0.13002042472362518,
  "surprise_median": 1.5408847957587568e-06,
  "surprise_max": 0.901056706905365,
  "processed_frames": 115.0,
  "video_name": "2.mp4"
}