{
  "facial_symmetry_mean": 0.7504451870918274,
  "facial_symmetry_std": 0.1311705857515335,
  "facial_symmetry_median": 0.7371238470077515,
  "facial_symmetry_max": 0.9976721405982971,
  "face_width_height_ratio_mean": 1.3350635766983032,
  "face_width_height_ratio_std": 0.18837325274944305,
  "face_width_height_ratio_median": 1.364142894744873,
  "face_width_height_ratio_max": 1.7002148628234863,
  "eye_spacing_ratio_mean": 0.6730717420578003,
  "eye_spacing_ratio_std": 0.03289056196808815,
  "eye_spacing_ratio_median": 0.6636300086975098,
  "eye_spacing_ratio_max": 0.73410964012146,
  "jaw_ratio_mean": 0.77540123462677,
  "jaw_ratio_std": 0.031312037259340286,
  "jaw_ratio_median": 0.7669596076011658,
  "jaw_ratio_max": 0.8636700510978699,
  "smile_intensity_mean": 0.05182955786585808,
  "smile_intensity_std": 0.09395884722471237,
  "smile_intensity_median": 0.012145101092755795,
  "smile_intensity_max": 0.5842860341072083,
  "eye_contact_mean": 0.8926621675491333,
  "eye_contact_std": 0.0708986446261406,
  "eye_contact_median": 0.894087553024292,
  "eye_contact_max": 0.9938100576400757,
  "eye_openness_mean": 0.9230769276618958,
  "eye_openness_std": 0.1486404836177826,
  "eye_openness_median": 1.0,
  "eye_openness_max": 1.0,
  "gaze_stability_mean": 0.9475782513618469,
  "gaze_stability_std": 0.05207417532801628,
  "gaze_stability_median": 0.9705132246017456,
  "gaze_stability_max": 1.0,
  "head_tilt_mean": 0.2534714639186859,
  "head_tilt_std": 0.21405725181102753,
  "head_tilt_median": 0.2105342596769333,
  "head_tilt_max": 1.0,
  "expression_speed_mean": 0.1954626441001892,
  "expression_speed_std": 0.196046382188797,
  "expression_speed_median": 0.09600380808115005,
  "expression_speed_max": 0.6563740372657776,
  "happy_mean": 0.2916546165943146,
  "happy_std": 0.40038275718688965,
  "happy_median": 0.006950540468096733,
  "happy_max": 0.9997546672821045,
  "neutral_mean": 0.18951421976089478,
  "neutral_std": 0.30367642641067505,
  "neutral_median": 0.0010751232039183378,
  "neutral_max": 0.9998735785484314,
  "surprise_mean": 0.032280489802360535,
  "surprise_std": 0.174212247133255,
  "surprise_median": 5.908900391204952e-08,
  "surprise_max": 0.9993163347244263,
  "processed_frames": 62.0,
  "video_name": "4.mp4"
}