{
  "facial_symmetry_mean": 0.8456652760505676,
  "facial_symmetry_std": 0.12046780437231064,
  "facial_symmetry_median": 0.8849621415138245,
  "facial_symmetry_max": 0.9931477308273315,
  "face_width_height_ratio_mean": 1.1368590593338013,
  "face_width_height_ratio_std": 0.10277614742517471,
  "face_width_height_ratio_median": 1.1469632387161255,
  "face_width_height_ratio_max": 1.5269745588302612,
  "eye_spacing_ratio_mean": 0.6545433402061462,
  "eye_spacing_ratio_std": 0.02143910899758339,
  "eye_spacing_ratio_median": 0.653634250164032,
  "eye_spacing_ratio_max": 0.7535556554794312,
  "jaw_ratio_mean": 0.7818163633346558,
  "jaw_ratio_std": 0.021358652040362358,
  "jaw_ratio_median": 0.777345597743988,
  "jaw_ratio_max": 0.8328553438186646,
  "smile_intensity_mean": 0.08627232164144516,
  "smile_intensity_std": 0.11386790871620178,
  "smile_intensity_median": 0.0180771816521883,
  "smile_intensity_max": 0.3972751498222351,
  "eye_contact_mean": 0.9349048733711243,
  "eye_contact_std": 0.04832085222005844,
  "eye_contact_median": 0.9428645372390747,
  "eye_contact_max": 0.9999117851257324,
  "eye_openness_mean": 0.8731449246406555,
  "eye_openness_std": 0.16639955341815948,
  "eye_openness_median": 1.0,
  "eye_openness_max": 1.0,
  "gaze_stability_mean": 0.978611171245575,
  "gaze_stability_std": 0.03040585108101368,
  "gaze_stability_median": 0.9908307194709778,
  "gaze_stability_max": 1.0,
  "head_tilt_mean": 0.055851712822914124,
  "head_tilt_std": 0.04635925590991974,
  "head_tilt_median": 0.043438225984573364,
  "head_tilt_max": 0.2509540319442749,
  "expression_speed_mean": 0.12532126903533936,
  "expression_speed_std": 0.14812859892845154,
  "expression_speed_median": 0.05996936932206154,
  "expression_speed_max": 0.9235137104988098,
  "happy_mean": 0.1608889251947403,
  "happy_std": 0.3360344469547272,
  "happy_median": 0.0027505524922162294,
  "happy_max": 0.9999900460243225,
  "neutral_mean": 0.4444108009338379,
  "neutral_std": 0.40290018916130066,
  "neutral_median": 0.4138428866863251,
  "neutral_max": 0.9999488592147827,
  "surprise_mean": 0.01598864421248436,
  "surprise_std": 0.04500298947095871,
  "surprise_median": 3.0447461540461518e-05,
  "surprise_max": 0.2545173764228821,
  "processed_frames": 121.0,
  "video_name": "5.mp4"
}