{
  "facial_symmetry_mean": 0.8893011212348938,
  "facial_symmetry_std": 0.08490414917469025,
  "facial_symmetry_median": 0.928510308265686,
  "facial_symmetry_max": 0.9996926784515381,
  "face_width_height_ratio_mean": 0.5868245959281921,
  "face_width_height_ratio_std": 0.04401040077209473,
  "face_width_height_ratio_median": 0.5942504405975342,
  "face_width_height_ratio_max": 0.7000865936279297,
  "eye_spacing_ratio_mean": 0.6623542308807373,
  "eye_spacing_ratio_std": 0.02669440023601055,
  "eye_spacing_ratio_median": 0.6624150276184082,
  "eye_spacing_ratio_max": 0.7214646935462952,
  "jaw_ratio_mean": 0.7998327612876892,
  "jaw_ratio_std": 0.01441480778157711,
  "jaw_ratio_median": 0.7995750904083252,
  "jaw_ratio_max": 0.8483824729919434,
  "smile_intensity_mean": 0.33338287472724915,
  "smile_intensity_std": 0.3111858665943146,
  "smile_intensity_median": 0.34048032760620117,
  "smile_intensity_max": 1.0,
  "eye_contact_mean": 0.9532771706581116,
  "eye_contact_std": 0.044755641371011734,
  "eye_contact_median": 0.9706560373306274,
  "eye_contact_max": 0.9982852935791016,
  "eye_openness_mean": 0.8938305974006653,
  "eye_openness_std": 0.2079969346523285,
  "eye_openness_median": 1.0,
  "eye_openness_max": 1.0,
  "gaze_stability_mean": 0.9781473875045776,
  "gaze_stability_std": 0.028742769733071327,
  "gaze_stability_median": 0.9884985089302063,
  "gaze_stability_max": 1.0,
  "head_tilt_mean": 0.17047522962093353,
  "head_tilt_std": 0.1667499542236328,
  "head_tilt_median": 0.10244421660900116,
  "head_tilt_max": 0.7653577327728271,
  "expression_speed_mean": 0.238658607006073,
  "expression_speed_std": 0.2694556415081024,
  "expression_speed_median": 0.11534580588340759,
  "expression_speed_max": 1.0,
  "happy_mean": 0.4937207102775574,
  "happy_std": 0.4377259314060211,
  "happy_median": 0.5181329250335693,
  "happy_max": 0.9999998211860657,
  "neutral_mean": 0.13952340185642242,
  "neutral_std": 0.24730554223060608,
  "neutral_median": 0.009930877014994621,
  "neutral_max": 0.9997308850288391,
  "surprise_mean": 0.015852225944399834,
  "surprise_std": 0.08145543932914734,
  "surprise_median": 1.3467331882566214e-05,
  "surprise_max": 0.6199103593826294,
  "processed_frames": 78.0,
  "video_name": "6.mp4"
}