{
  "expression_speed_max": 0.8396699726581573,
  "expression_speed_mean": 0.15700077886382738,
  "expression_speed_median": 0.07618110626935959,
  "expression_speed_std": 0.18227575967709223,
  "eye_contact_max": 0.998288094997406,
  "eye_contact_mean": 0.9416974385579427,
  "eye_contact_median": 0.9491457839806875,
  "eye_contact_std": 0.04220596825083097,
  "eye_openness_max": 1.0,
  "eye_openness_mean": 0.918068399031957,
  "eye_openness_median": 1.0,
  "eye_openness_std": 0.16197885697086653,
  "eye_spacing_ratio_max": 0.7598507006963094,
  "eye_spacing_ratio_mean": 0.6657420098781586,
  "eye_spacing_ratio_median": 0.6624038020769755,
  "eye_spacing_ratio_std": 0.031189315021038055,
  "face_width_height_ratio_max": 1.1486912369728088,
  "face_width_height_ratio_mean": 0.8283723791440328,
  "face_width_height_ratio_median": 0.8300099670886993,
  "face_width_height_ratio_std": 0.10004988374809425,
  "facial_symmetry_max": 0.9952828089396158,
  "facial_symmetry_mean": 0.8663570185502371,
  "facial_symmetry_median": 0.8808415234088898,
  "facial_symmetry_std": 0.08289858947197597,
  "gaze_stability_max": 1.0,
  "gaze_stability_mean": 0.9771806995073954,
  "gaze_stability_median": 0.988289455572764,
  "gaze_stability_std": 0.028063389317442972,
  "happy_max": 0.999942829211553,
  "happy_mean": 0.2956164553761482,
  "happy_median": 0.09218385835022976,
  "happy_std": 0.39175844192504883,
  "head_tilt_max": 0.7601726055145264,
  "head_tilt_mean": 0.19845603903134665,
  "head_tilt_median": 0.15334265679121017,
  "head_tilt_std": 0.17648635059595108,
  "jaw_ratio_max": 0.8525278170903524,
  "jaw_ratio_mean": 0.7782937089602152,
  "jaw_ratio_median": 0.7736756503582001,
  "jaw_ratio_std": 0.022853570369382698,
  "neutral_max": 0.999816099802653,
  "neutral_mean": 0.2865353027979533,
  "neutral_median": 0.12121080789559831,
  "neutral_std": 0.35097984969615936,
  "processed_frames": 104.5,
  "smile_intensity_max": 0.6737711032231649,
  "smile_intensity_mean": 0.13131701884170374,
  "smile_intensity_median": 0.07054809279118975,
  "smile_intensity_std": 0.17032805954416594,
  "surprise_max": 0.7098514139652252,
  "surprise_mean": 0.02417297599216302,
  "surprise_median": 1.0339745195153682e-05,
  "surprise_std": 0.10809704040487607,
  "video_count": 6.0,
  "valid_video_count": 6.0,
  "valid_video_ratio": 1.0,
  "total_processed_frames": 627.0,
  "avg_processed_frames": 104.5,
  "quality_score": 0.8786666666666667,
  "person_name": "Bạch Băng"
}