{
  "facial_symmetry_mean": 0.8865585327148438,
  "facial_symmetry_std": 0.06902354210615158,
  "facial_symmetry_median": 0.8762326240539551,
  "facial_symmetry_max": 0.9976100325584412,
  "face_width_height_ratio_mean": 1.3859550952911377,
  "face_width_height_ratio_std": 0.09774773567914963,
  "face_width_height_ratio_median": 1.3999779224395752,
  "face_width_height_ratio_max": 1.5868257284164429,
  "eye_spacing_ratio_mean": 0.6509721279144287,
  "eye_spacing_ratio_std": 0.028651632368564606,
  "eye_spacing_ratio_median": 0.6552791595458984,
  "eye_spacing_ratio_max": 0.7121079564094543,
  "jaw_ratio_mean": 0.7814711928367615,
  "jaw_ratio_std": 0.0170053169131279,
  "jaw_ratio_median": 0.7806907892227173,
  "jaw_ratio_max": 0.8223282098770142,
  "smile_intensity_mean": 0.23051290214061737,
  "smile_intensity_std": 0.1348516345024109,
  "smile_intensity_median": 0.25149619579315186,
  "smile_intensity_max": 0.5829219818115234,
  "eye_contact_mean": 0.9546085000038147,
  "eye_contact_std": 0.025292573496699333,
  "eye_contact_median": 0.9604830741882324,
  "eye_contact_max": 0.999184250831604,
  "eye_openness_mean": 0.44595760107040405,
  "eye_openness_std": 0.16151972115039825,
  "eye_openness_median": 0.45073792338371277,
  "eye_openness_max": 0.8886869549751282,
  "gaze_stability_mean": 0.9901443123817444,
  "gaze_stability_std": 0.012641150504350662,
  "gaze_stability_median": 0.9957954287528992,
  "gaze_stability_max": 1.0,
  "head_tilt_mean": 0.0638270303606987,
  "head_tilt_std": 0.06019579619169235,
  "head_tilt_median": 0.036360472440719604,
  "head_tilt_max": 0.21422773599624634,
  "expression_speed_mean": 0.11801781505346298,
  "expression_speed_std": 0.14675037562847137,
  "expression_speed_median": 0.04651143029332161,
  "expression_speed_max": 0.635918140411377,
  "happy_mean": 0.6405515074729919,
  "happy_std": 0.40516963601112366,
  "happy_median": 0.9064953923225403,
  "happy_max": 0.9999937415122986,
  "neutral_mean": 0.1097000390291214,
  "neutral_std": 0.24712634086608887,
  "neutral_median": 0.010818276554346085,
  "neutral_max": 0.9967550039291382,
  "surprise_mean": 0.03990872949361801,
  "surprise_std": 0.15962040424346924,
  "surprise_median": 2.8803938221244607e-06,
  "surprise_max": 0.9671778082847595,
  "processed_frames": 92.0,
  "video_name": "2.mp4"
}