{
  "facial_symmetry_mean": 0.870538055896759,
  "facial_symmetry_std": 0.06823383271694183,
  "facial_symmetry_median": 0.8773252964019775,
  "facial_symmetry_max": 0.9742642045021057,
  "face_width_height_ratio_mean": 0.569804847240448,
  "face_width_height_ratio_std": 0.06242266669869423,
  "face_width_height_ratio_median": 0.5888649821281433,
  "face_width_height_ratio_max": 0.6286656856536865,
  "eye_spacing_ratio_mean": 0.6524183750152588,
  "eye_spacing_ratio_std": 0.036049824208021164,
  "eye_spacing_ratio_median": 0.6504259705543518,
  "eye_spacing_ratio_max": 0.8510869145393372,
  "jaw_ratio_mean": 0.7905606627464294,
  "jaw_ratio_std": 0.02912387065589428,
  "jaw_ratio_median": 0.7864909768104553,
  "jaw_ratio_max": 0.890700101852417,
  "smile_intensity_mean": 0.27935314178466797,
  "smile_intensity_std": 0.30738258361816406,
  "smile_intensity_median": 0.08770566433668137,
  "smile_intensity_max": 1.0,
  "eye_contact_mean": 0.9605628848075867,
  "eye_contact_std": 0.027664897963404655,
  "eye_contact_median": 0.966992974281311,
  "eye_contact_max": 0.9985744953155518,
  "eye_openness_mean": 0.8732689619064331,
  "eye_openness_std": 0.23101484775543213,
  "eye_openness_median": 1.0,
  "eye_openness_max": 1.0,
  "gaze_stability_mean": 0.992031991481781,
  "gaze_stability_std": 0.012990506365895271,
  "gaze_stability_median": 0.9969800710678101,
  "gaze_stability_max": 1.0,
  "head_tilt_mean": 0.164261132478714,
  "head_tilt_std": 0.11632700264453888,
  "head_tilt_median": 0.15744701027870178,
  "head_tilt_max": 0.5258306860923767,
  "expression_speed_mean": 0.09383217990398407,
  "expression_speed_std": 0.1416572481393814,
  "expression_speed_median": 0.03484191372990608,
  "expression_speed_max": 0.7155597805976868,
  "happy_mean": 0.21896222233772278,
  "happy_std": 0.39123088121414185,
  "happy_median": 1.0573459803708829e-05,
  "happy_max": 0.9955959320068359,
  "neutral_mean": 0.12723539769649506,
  "neutral_std": 0.2096521258354187,
  "neutral_median": 0.03173874691128731,
  "neutral_max": 0.8974980115890503,
  "surprise_mean": 0.0993255078792572,
  "surprise_std": 0.277869313955307,
  "surprise_median": 1.3065411621937528e-05,
  "surprise_max": 0.9943140745162964,
  "processed_frames": 99.0,
  "video_name": "3.mp4"
}