{
  "facial_symmetry_mean": 0.9294827580451965,
  "facial_symmetry_std": 0.04618068411946297,
  "facial_symmetry_median": 0.9336069822311401,
  "facial_symmetry_max": 0.9988750219345093,
  "face_width_height_ratio_mean": 1.42253839969635,
  "face_width_height_ratio_std": 0.10293922573328018,
  "face_width_height_ratio_median": 1.4522733688354492,
  "face_width_height_ratio_max": 1.5263980627059937,
  "eye_spacing_ratio_mean": 0.6454535126686096,
  "eye_spacing_ratio_std": 0.03246312215924263,
  "eye_spacing_ratio_median": 0.6534730792045593,
  "eye_spacing_ratio_max": 0.6920639276504517,
  "jaw_ratio_mean": 0.7584834694862366,
  "jaw_ratio_std": 0.0110757602378726,
  "jaw_ratio_median": 0.7593222856521606,
  "jaw_ratio_max": 0.784829318523407,
  "smile_intensity_mean": 0.10244648158550262,
  "smile_intensity_std": 0.11840245127677917,
  "smile_intensity_median": 0.02077043429017067,
  "smile_intensity_max": 0.3659355044364929,
  "eye_contact_mean": 0.974763035774231,
  "eye_contact_std": 0.018490510061383247,
  "eye_contact_median": 0.980787992477417,
  "eye_contact_max": 0.9983301162719727,
  "eye_openness_mean": 0.4307740330696106,
  "eye_openness_std": 0.07983144372701645,
  "eye_openness_median": 0.44747522473335266,
  "eye_openness_max": 0.5560451149940491,
  "gaze_stability_mean": 0.9949098229408264,
  "gaze_stability_std": 0.0069988807663321495,
  "gaze_stability_median": 0.9969119429588318,
  "gaze_stability_max": 1.0,
  "head_tilt_mean": 0.023271843791007996,
  "head_tilt_std": 0.023801207542419434,
  "head_tilt_median": 0.016621723771095276,
  "head_tilt_max": 0.10916680097579956,
  "expression_speed_mean": 0.06559278070926666,
  "expression_speed_std": 0.08742313086986542,
  "expression_speed_median": 0.02709680050611496,
  "expression_speed_max": 0.4019432067871094,
  "happy_mean": 0.29762089252471924,
  "happy_std": 0.34336572885513306,
  "happy_median": 0.11163712292909622,
  "happy_max": 0.9959037899971008,
  "neutral_mean": 0.462448388338089,
  "neutral_std": 0.31865552067756653,
  "neutral_median": 0.5515575408935547,
  "neutral_max": 0.9379160404205322,
  "surprise_mean": 0.02971166931092739,
  "surprise_std": 0.15280839800834656,
  "surprise_median": 0.0008834644104354084,
  "surprise_max": 0.9747068285942078,
  "processed_frames": 105.0,
  "video_name": "5.mp4"
}