{
  "expression_speed_max": 0.5542456984519959,
  "expression_speed_mean": 0.09177237302064896,
  "expression_speed_median": 0.0423360675573349,
  "expression_speed_std": 0.11678973883390427,
  "eye_contact_max": 0.9948595762252808,
  "eye_contact_mean": 0.9598894953727722,
  "eye_contact_median": 0.9685657978057861,
  "eye_contact_std": 0.02997063808143139,
  "eye_openness_max": 0.8889464139938354,
  "eye_openness_mean": 0.6475786566734314,
  "eye_openness_median": 0.6776171207427979,
  "eye_openness_std": 0.15914572328329085,
  "eye_spacing_ratio_max": 0.7349041700363159,
  "eye_spacing_ratio_mean": 0.6460564255714416,
  "eye_spacing_ratio_median": 0.6478969693183899,
  "eye_spacing_ratio_std": 0.030550638772547246,
  "face_width_height_ratio_max": 1.228080952167511,
  "face_width_height_ratio_mean": 1.0940403938293457,
  "face_width_height_ratio_median": 1.1169232964515685,
  "face_width_height_ratio_std": 0.0849591501057148,
  "facial_symmetry_max": 0.9737300634384155,
  "facial_symmetry_mean": 0.8744964241981507,
  "facial_symmetry_median": 0.8857175588607789,
  "facial_symmetry_std": 0.06312964409589768,
  "gaze_stability_max": 1.0,
  "gaze_stability_mean": 0.9917832732200622,
  "gaze_stability_median": 0.9961713194847107,
  "gaze_stability_std": 0.014081101305782795,
  "happy_max": 0.9972436189651489,
  "happy_mean": 0.2968528211116791,
  "happy_median": 0.20424030859321646,
  "happy_std": 0.35563123822212217,
  "head_tilt_max": 0.2505907863378525,
  "head_tilt_mean": 0.08871889635920524,
  "head_tilt_median": 0.08209607899188995,
  "head_tilt_std": 0.05969632938504219,
  "jaw_ratio_max": 0.8401498556137085,
  "jaw_ratio_mean": 0.7830249190330505,
  "jaw_ratio_median": 0.7802637934684753,
  "jaw_ratio_std": 0.020265832915902136,
  "neutral_max": 0.9662153840065002,
  "neutral_mean": 0.29601486027240753,
  "neutral_median": 0.2550199627876282,
  "neutral_std": 0.3051897168159485,
  "processed_frames": 94.6,
  "smile_intensity_max": 0.647895073890686,
  "smile_intensity_mean": 0.24707375168800355,
  "smile_intensity_median": 0.19890685752034187,
  "smile_intensity_std": 0.15687598139047623,
  "surprise_max": 0.8025127217173577,
  "surprise_mean": 0.05298487797845155,
  "surprise_median": 0.00018194595613749698,
  "surprise_std": 0.1722589135169983,
  "video_count": 5.0,
  "valid_video_count": 5.0,
  "valid_video_ratio": 1.0,
  "total_processed_frames": 473.0,
  "avg_processed_frames": 94.6,
  "quality_score": 0.8522666666666666,
  "person_name": "Diệp Bảo Ngọc"
}