{
  "facial_symmetry_mean": 0.8466392159461975,
  "facial_symmetry_std": 0.07840396463871002,
  "facial_symmetry_median": 0.8401533961296082,
  "facial_symmetry_max": 0.9995365142822266,
  "face_width_height_ratio_mean": 0.7598576545715332,
  "face_width_height_ratio_std": 0.08731110394001007,
  "face_width_height_ratio_median": 0.7799882888793945,
  "face_width_height_ratio_max": 0.9612568020820618,
  "eye_spacing_ratio_mean": 0.6446402072906494,
  "eye_spacing_ratio_std": 0.028920840471982956,
  "eye_spacing_ratio_median": 0.6491885781288147,
  "eye_spacing_ratio_max": 0.7308610081672668,
  "jaw_ratio_mean": 0.7819346785545349,
  "jaw_ratio_std": 0.028779467567801476,
  "jaw_ratio_median": 0.7776657342910767,
  "jaw_ratio_max": 0.9297842979431152,
  "smile_intensity_mean": 0.21465201675891876,
  "smile_intensity_std": 0.2567920982837677,
  "smile_intensity_median": 0.08220048248767853,
  "smile_intensity_max": 1.0,
  "eye_contact_mean": 0.9395623803138733,
  "eye_contact_std": 0.04167066514492035,
  "eye_contact_median": 0.9409925937652588,
  "eye_contact_max": 0.9974862337112427,
  "eye_openness_mean": 0.765101432800293,
  "eye_openness_std": 0.29643189907073975,
  "eye_openness_median": 0.922359824180603,
  "eye_openness_max": 1.0,
  "gaze_stability_mean": 0.9821727871894836,
  "gaze_stability_std": 0.02595476619899273,
  "gaze_stability_median": 0.9931216239929199,
  "gaze_stability_max": 1.0,
  "head_tilt_mean": 0.12320791929960251,
  "head_tilt_std": 0.1095249280333519,
  "head_tilt_median": 0.10133109986782074,
  "head_tilt_max": 0.6202855706214905,
  "expression_speed_mean": 0.2370493859052658,
  "expression_speed_std": 0.2510114908218384,
  "expression_speed_median": 0.1387830674648285,
  "expression_speed_max": 1.0,
  "happy_mean": 0.19466239213943481,
  "happy_std": 0.33767813444137573,
  "happy_median": 0.003210885915905237,
  "happy_max": 0.9999988675117493,
  "neutral_mean": 0.29057568311691284,
  "neutral_std": 0.35383716225624084,
  "neutral_median": 0.09275040030479431,
  "neutral_max": 0.9991573691368103,
  "surprise_mean": 0.041486240923404694,
  "surprise_std": 0.16364149749279022,
  "surprise_median": 7.707159966230392e-05,
  "surprise_max": 0.9985795617103577,
  "processed_frames": 214.0,
  "video_name": "1 (1).mp4"
}