{
  "facial_symmetry_mean": 0.8663334846496582,
  "facial_symmetry_std": 0.07656170427799225,
  "facial_symmetry_median": 0.8500924110412598,
  "facial_symmetry_max": 0.9994444847106934,
  "face_width_height_ratio_mean": 1.3250832557678223,
  "face_width_height_ratio_std": 0.17077191174030304,
  "face_width_height_ratio_median": 1.3768794536590576,
  "face_width_height_ratio_max": 1.6609572172164917,
  "eye_spacing_ratio_mean": 0.6421413421630859,
  "eye_spacing_ratio_std": 0.03054770454764366,
  "eye_spacing_ratio_median": 0.6461242437362671,
  "eye_spacing_ratio_max": 0.7272482514381409,
  "jaw_ratio_mean": 0.7817760109901428,
  "jaw_ratio_std": 0.028393270447850227,
  "jaw_ratio_median": 0.7775309681892395,
  "jaw_ratio_max": 0.8735561966896057,
  "smile_intensity_mean": 0.14240993559360504,
  "smile_intensity_std": 0.16220338642597198,
  "smile_intensity_median": 0.09416064620018005,
  "smile_intensity_max": 0.9185793399810791,
  "eye_contact_mean": 0.9530228972434998,
  "eye_contact_std": 0.036982208490371704,
  "eye_contact_median": 0.9618367552757263,
  "eye_contact_max": 0.9995041489601135,
  "eye_openness_mean": 0.5120346546173096,
  "eye_openness_std": 0.18182489275932312,
  "eye_openness_median": 0.5136009454727173,
  "eye_openness_max": 1.0,
  "gaze_stability_mean": 0.9851516485214233,
  "gaze_stability_std": 0.018411051481962204,
  "gaze_stability_median": 0.992117702960968,
  "gaze_stability_max": 1.0,
  "head_tilt_mean": 0.0964122861623764,
  "head_tilt_std": 0.08303294330835342,
  "head_tilt_median": 0.06637588143348694,
  "head_tilt_max": 0.3546157479286194,
  "expression_speed_mean": 0.1315700262784958,
  "expression_speed_std": 0.14319144189357758,
  "expression_speed_median": 0.07349269837141037,
  "expression_speed_max": 0.7346637845039368,
  "happy_mean": 0.29366567730903625,
  "happy_std": 0.39810362458229065,
  "happy_median": 0.013756243512034416,
  "happy_max": 0.9999969005584717,
  "neutral_mean": 0.3015606701374054,
  "neutral_std": 0.35185706615448,
  "neutral_median": 0.10534186661243439,
  "neutral_max": 0.997019350528717,
  "surprise_mean": 0.025518018752336502,
  "surprise_std": 0.11081082373857498,
  "surprise_median": 1.4482659935310949e-05,
  "surprise_max": 0.9981732964515686,
  "processed_frames": 188.0,
  "video_name": "1 (2).mp4"
}