{
  "facial_symmetry_mean": 0.9284777045249939,
  "facial_symmetry_std": 0.06199841946363449,
  "facial_symmetry_median": 0.9389734268188477,
  "facial_symmetry_max": 0.9999085068702698,
  "face_width_height_ratio_mean": 0.4480983316898346,
  "face_width_height_ratio_std": 0.030156517401337624,
  "face_width_height_ratio_median": 0.4527639150619507,
  "face_width_height_ratio_max": 0.5869745016098022,
  "eye_spacing_ratio_mean": 0.6561137437820435,
  "eye_spacing_ratio_std": 0.028656136244535446,
  "eye_spacing_ratio_median": 0.657345175743103,
  "eye_spacing_ratio_max": 0.7347000241279602,
  "jaw_ratio_mean": 0.7859202027320862,
  "jaw_ratio_std": 0.022668438032269478,
  "jaw_ratio_median": 0.7859028577804565,
  "jaw_ratio_max": 0.8830940127372742,
  "smile_intensity_mean": 0.357318252325058,
  "smile_intensity_std": 0.3544527292251587,
  "smile_intensity_median": 0.16024422645568848,
  "smile_intensity_max": 1.0,
  "eye_contact_mean": 0.9738039374351501,
  "eye_contact_std": 0.032288987189531326,
  "eye_contact_median": 0.9875725507736206,
  "eye_contact_max": 0.9998717904090881,
  "eye_openness_mean": 0.8877868056297302,
  "eye_openness_std": 0.24690969288349152,
  "eye_openness_median": 1.0,
  "eye_openness_max": 1.0,
  "gaze_stability_mean": 0.991240382194519,
  "gaze_stability_std": 0.01616709679365158,
  "gaze_stability_median": 0.9963177442550659,
  "gaze_stability_max": 1.0,
  "head_tilt_mean": 0.07361117750406265,
  "head_tilt_std": 0.05615147203207016,
  "head_tilt_median": 0.05586773157119751,
  "head_tilt_max": 0.23238688707351685,
  "expression_speed_mean": 0.14844970405101776,
  "expression_speed_std": 0.21592189371585846,
  "expression_speed_median": 0.05357168987393379,
  "expression_speed_max": 1.0,
  "happy_mean": 0.21632921695709229,
  "happy_std": 0.36475950479507446,
  "happy_median": 0.00958806462585926,
  "happy_max": 0.9999998807907104,
  "neutral_mean": 0.3663826882839203,
  "neutral_std": 0.40682685375213623,
  "neutral_median": 0.09091062843799591,
  "neutral_max": 0.9997367262840271,
  "surprise_mean": 0.0498359352350235,
  "surprise_std": 0.1711292564868927,
  "surprise_median": 1.860237171058543e-05,
  "surprise_max": 0.9598391056060791,
  "processed_frames": 196.0,
  "video_name": "1 (3).mp4"
}