{
  "facial_symmetry_mean": 0.7403067946434021,
  "facial_symmetry_std": 0.06196613609790802,
  "facial_symmetry_median": 0.7594759464263916,
  "facial_symmetry_max": 0.9743114709854126,
  "face_width_height_ratio_mean": 0.555008053779602,
  "face_width_height_ratio_std": 0.028116054832935333,
  "face_width_height_ratio_median": 0.5514522790908813,
  "face_width_height_ratio_max": 0.6248112320899963,
  "eye_spacing_ratio_mean": 0.6416094899177551,
  "eye_spacing_ratio_std": 0.030898304656147957,
  "eye_spacing_ratio_median": 0.6367800235748291,
  "eye_spacing_ratio_max": 0.8180776238441467,
  "jaw_ratio_mean": 0.7995052933692932,
  "jaw_ratio_std": 0.01977311260998249,
  "jaw_ratio_median": 0.7983191013336182,
  "jaw_ratio_max": 0.8476558923721313,
  "smile_intensity_mean": 0.057565510272979736,
  "smile_intensity_std": 0.09765634685754776,
  "smile_intensity_median": 0.026159074157476425,
  "smile_intensity_max": 0.5884650945663452,
  "eye_contact_mean": 0.8996216058731079,
  "eye_contact_std": 0.036830268800258636,
  "eye_contact_median": 0.8984189629554749,
  "eye_contact_max": 0.9972715377807617,
  "eye_openness_mean": 0.9378455281257629,
  "eye_openness_std": 0.15013347566127777,
  "eye_openness_median": 1.0,
  "eye_openness_max": 1.0,
  "gaze_stability_mean": 0.985510528087616,
  "gaze_stability_std": 0.016415050253272057,
  "gaze_stability_median": 0.9899454116821289,
  "gaze_stability_max": 1.0,
  "head_tilt_mean": 0.1813921183347702,
  "head_tilt_std": 0.10520371049642563,
  "head_tilt_median": 0.14897853136062622,
  "head_tilt_max": 0.42256563901901245,
  "expression_speed_mean": 0.07926944643259048,
  "expression_speed_std": 0.11651691794395447,
  "expression_speed_median": 0.03132156282663345,
  "expression_speed_max": 0.638045608997345,
  "happy_mean": 0.19674867391586304,
  "happy_std": 0.3213212490081787,
  "happy_median": 0.0069134836085140705,
  "happy_max": 0.9998846054077148,
  "neutral_mean": 0.1791214644908905,
  "neutral_std": 0.32767191529273987,
  "neutral_median": 0.003533911658450961,
  "neutral_max": 0.9988101124763489,
  "surprise_mean": 0.007150975521653891,
  "surprise_std": 0.06438145041465759,
  "surprise_median": 9.090594943472752e-10,
  "surprise_max": 0.8671471476554871,
  "processed_frames": 196.0,
  "video_name": "1 (4).mp4"
}