{
  "facial_symmetry_mean": 0.8561348915100098,
  "facial_symmetry_std": 0.11187000572681427,
  "facial_symmetry_median": 0.8802711963653564,
  "facial_symmetry_max": 0.9977284073829651,
  "face_width_height_ratio_mean": 1.0518293380737305,
  "face_width_height_ratio_std": 0.11280495673418045,
  "face_width_height_ratio_median": 1.054128646850586,
  "face_width_height_ratio_max": 1.215943694114685,
  "eye_spacing_ratio_mean": 0.6291357278823853,
  "eye_spacing_ratio_std": 0.042677756398916245,
  "eye_spacing_ratio_median": 0.6414240598678589,
  "eye_spacing_ratio_max": 0.7268375158309937,
  "jaw_ratio_mean": 0.775801420211792,
  "jaw_ratio_std": 0.02278629131615162,
  "jaw_ratio_median": 0.7759612202644348,
  "jaw_ratio_max": 0.8250083327293396,
  "smile_intensity_mean": 0.1341123729944229,
  "smile_intensity_std": 0.22049230337142944,
  "smile_intensity_median": 0.01814444176852703,
  "smile_intensity_max": 1.0,
  "eye_contact_mean": 0.9515008926391602,
  "eye_contact_std": 0.042538121342659,
  "eye_contact_median": 0.9696558117866516,
  "eye_contact_max": 0.9981304407119751,
  "eye_openness_mean": 0.6507024168968201,
  "eye_openness_std": 0.3239622712135315,
  "eye_openness_median": 0.6258542537689209,
  "eye_openness_max": 1.0,
  "gaze_stability_mean": 0.9828618764877319,
  "gaze_stability_std": 0.025292715057730675,
  "gaze_stability_median": 0.9953300356864929,
  "gaze_stability_max": 1.0,
  "head_tilt_mean": 0.06852922588586807,
  "head_tilt_std": 0.06942049413919449,
  "head_tilt_median": 0.04460558295249939,
  "head_tilt_max": 0.2632930874824524,
  "expression_speed_mean": 0.13980942964553833,
  "expression_speed_std": 0.18807044625282288,
  "expression_speed_median": 0.054484885185956955,
  "expression_speed_max": 0.8184625506401062,
  "happy_mean": 0.19207540154457092,
  "happy_std": 0.37119579315185547,
  "happy_median": 0.0022839331068098545,
  "happy_max": 0.9999979138374329,
  "neutral_mean": 0.24635353684425354,
  "neutral_std": 0.35479477047920227,
  "neutral_median": 0.027272939682006836,
  "neutral_max": 0.9962717294692993,
  "surprise_mean": 0.020327599719166756,
  "surprise_std": 0.11485246568918228,
  "surprise_median": 3.182110049237963e-06,
  "surprise_max": 0.8431013822555542,
  "processed_frames": 103.0,
  "video_name": "1 (5).mp4"
}