{
  "facial_symmetry_mean": 0.8953741192817688,
  "facial_symmetry_std": 0.10533829778432846,
  "facial_symmetry_median": 0.9301706552505493,
  "facial_symmetry_max": 0.9994499683380127,
  "face_width_height_ratio_mean": 1.0584101676940918,
  "face_width_height_ratio_std": 0.07677338272333145,
  "face_width_height_ratio_median": 1.0790581703186035,
  "face_width_height_ratio_max": 1.1713311672210693,
  "eye_spacing_ratio_mean": 0.6437181234359741,
  "eye_spacing_ratio_std": 0.019178548827767372,
  "eye_spacing_ratio_median": 0.6405918598175049,
  "eye_spacing_ratio_max": 0.7108639478683472,
  "jaw_ratio_mean": 0.7685530185699463,
  "jaw_ratio_std": 0.025260113179683685,
  "jaw_ratio_median": 0.7619489431381226,
  "jaw_ratio_max": 0.8422806859016418,
  "smile_intensity_mean": 0.21320740878582,
  "smile_intensity_std": 0.18710829317569733,
  "smile_intensity_median": 0.19465193152427673,
  "smile_intensity_max": 1.0,
  "eye_contact_mean": 0.9736858010292053,
  "eye_contact_std": 0.039185818284749985,
  "eye_contact_median": 0.9895882606506348,
  "eye_contact_max": 0.9999967813491821,
  "eye_openness_mean": 0.7143173217773438,
  "eye_openness_std": 0.22068028151988983,
  "eye_openness_median": 0.7323185205459595,
  "eye_openness_max": 1.0,
  "gaze_stability_mean": 0.990612804889679,
  "gaze_stability_std": 0.019119178876280785,
  "gaze_stability_median": 0.9965640306472778,
  "gaze_stability_max": 1.0,
  "head_tilt_mean": 0.017860474064946175,
  "head_tilt_std": 0.017369771376252174,
  "head_tilt_median": 0.008930638432502747,
  "head_tilt_max": 0.06762728095054626,
  "expression_speed_mean": 0.1388392150402069,
  "expression_speed_std": 0.16648004949092865,
  "expression_speed_median": 0.07866764068603516,
  "expression_speed_max": 0.9119605422019958,
  "happy_mean": 0.01675719954073429,
  "happy_std": 0.10660240799188614,
  "happy_median": 0.00015444643213413656,
  "happy_max": 0.9995775818824768,
  "neutral_mean": 0.30420321226119995,
  "neutral_std": 0.36853981018066406,
  "neutral_median": 0.08810503780841827,
  "neutral_max": 0.9978031516075134,
  "surprise_mean": 0.05362556129693985,
  "surprise_std": 0.1275721788406372,
  "surprise_median": 0.0002974321832880378,
  "surprise_max": 0.5339502692222595,
  "processed_frames": 92.0,
  "video_name": "1 (6).mp4"
}