{
  "facial_symmetry_mean": 0.8505023717880249,
  "facial_symmetry_std": 0.1235283836722374,
  "facial_symmetry_median": 0.9123455286026001,
  "facial_symmetry_max": 0.9983457326889038,
  "face_width_height_ratio_mean": 1.0097931623458862,
  "face_width_height_ratio_std": 0.0776987373828888,
  "face_width_height_ratio_median": 1.0196424722671509,
  "face_width_height_ratio_max": 1.1714768409729004,
  "eye_spacing_ratio_mean": 0.6361212730407715,
  "eye_spacing_ratio_std": 0.012345465831458569,
  "eye_spacing_ratio_median": 0.6355171799659729,
  "eye_spacing_ratio_max": 0.6781537532806396,
  "jaw_ratio_mean": 0.7573149800300598,
  "jaw_ratio_std": 0.014677103608846664,
  "jaw_ratio_median": 0.7564601302146912,
  "jaw_ratio_max": 0.792319118976593,
  "smile_intensity_mean": 0.1136065274477005,
  "smile_intensity_std": 0.14332833886146545,
  "smile_intensity_median": 0.016238151118159294,
  "smile_intensity_max": 0.6254947185516357,
  "eye_contact_mean": 0.9603689908981323,
  "eye_contact_std": 0.034729965031147,
  "eye_contact_median": 0.9731752872467041,
  "eye_contact_max": 0.9997900724411011,
  "eye_openness_mean": 0.9954919815063477,
  "eye_openness_std": 0.0521838553249836,
  "eye_openness_median": 1.0,
  "eye_openness_max": 1.0,
  "gaze_stability_mean": 0.9901130795478821,
  "gaze_stability_std": 0.01368733961135149,
  "gaze_stability_median": 0.9957688450813293,
  "gaze_stability_max": 1.0,
  "head_tilt_mean": 0.061725229024887085,
  "head_tilt_std": 0.04557870328426361,
  "head_tilt_median": 0.06099894642829895,
  "head_tilt_max": 0.17303243279457092,
  "expression_speed_mean": 0.06913432478904724,
  "expression_speed_std": 0.12280871719121933,
  "expression_speed_median": 0.02311771549284458,
  "expression_speed_max": 0.7912971377372742,
  "happy_mean": 0.23231691122055054,
  "happy_std": 0.36437687277793884,
  "happy_median": 0.010175155475735664,
  "happy_max": 0.9999951720237732,
  "neutral_mean": 0.557032585144043,
  "neutral_std": 0.40928027033805847,
  "neutral_median": 0.7383078932762146,
  "neutral_max": 0.9999814033508301,
  "surprise_mean": 0.017005354166030884,
  "surprise_std": 0.08272922784090042,
  "surprise_median": 5.855855761183193e-06,
  "surprise_max": 0.6950664520263672,
  "processed_frames": 135.0,
  "video_name": "1 (8).mp4"
}