{
  "facial_symmetry_mean": 0.8651260733604431,
  "facial_symmetry_std": 0.095728799700737,
  "facial_symmetry_median": 0.840408205986023,
  "facial_symmetry_max": 0.9994733929634094,
  "face_width_height_ratio_mean": 1.3593248128890991,
  "face_width_height_ratio_std": 0.12042476236820221,
  "face_width_height_ratio_median": 1.4001715183258057,
  "face_width_height_ratio_max": 1.57205069065094,
  "eye_spacing_ratio_mean": 0.644701361656189,
  "eye_spacing_ratio_std": 0.04775504767894745,
  "eye_spacing_ratio_median": 0.6461800336837769,
  "eye_spacing_ratio_max": 0.775215208530426,
  "jaw_ratio_mean": 0.794078528881073,
  "jaw_ratio_std": 0.01835886389017105,
  "jaw_ratio_median": 0.798319399356842,
  "jaw_ratio_max": 0.8559905290603638,
  "smile_intensity_mean": 0.07975758612155914,
  "smile_intensity_std": 0.11108162254095078,
  "smile_intensity_median": 0.01514623686671257,
  "smile_intensity_max": 0.41696709394454956,
  "eye_contact_mean": 0.9635124206542969,
  "eye_contact_std": 0.03905816003680229,
  "eye_contact_median": 0.9837929606437683,
  "eye_contact_max": 0.9999901056289673,
  "eye_openness_mean": 0.5361389517784119,
  "eye_openness_std": 0.20959720015525818,
  "eye_openness_median": 0.4966551661491394,
  "eye_openness_max": 1.0,
  "gaze_stability_mean": 0.988311767578125,
  "gaze_stability_std": 0.01674564927816391,
  "gaze_stability_median": 0.9956479668617249,
  "gaze_stability_max": 1.0,
  "head_tilt_mean": 0.05803591012954712,
  "head_tilt_std": 0.06447362899780273,
  "head_tilt_median": 0.04430733621120453,
  "head_tilt_max": 0.39345622062683105,
  "expression_speed_mean": 0.059905074536800385,
  "expression_speed_std": 0.08736660331487656,
  "expression_speed_median": 0.03157150745391846,
  "expression_speed_max": 0.7015678882598877,
  "happy_mean": 0.4157395362854004,
  "happy_std": 0.4452934265136719,
  "happy_median": 0.12743200361728668,
  "happy_max": 0.9999973773956299,
  "neutral_mean": 0.2430395483970642,
  "neutral_std": 0.3504754602909088,
  "neutral_median": 0.025753265246748924,
  "neutral_max": 0.9997932314872742,
  "surprise_mean": 0.007933352142572403,
  "surprise_std": 0.07422099262475967,
  "surprise_median": 8.656008503749035e-06,
  "surprise_max": 0.9445096254348755,
  "processed_frames": 164.0,
  "video_name": "1 (9).mp4"
}