{
  "expression_speed_max": 0.8439997235933939,
  "expression_speed_mean": 0.13627644876639047,
  "expression_speed_median": 0.06591782905161381,
  "expression_speed_std": 0.17225361863772073,
  "eye_contact_max": 0.9991126192940606,
  "eye_contact_mean": 0.9547248813841078,
  "eye_contact_median": 0.9652281867133247,
  "eye_contact_std": 0.03585444059636858,
  "eye_openness_max": 1.0,
  "eye_openness_mean": 0.754366033607059,
  "eye_openness_median": 0.7927169932259454,
  "eye_openness_std": 0.21253331046965387,
  "eye_spacing_ratio_max": 0.7379715310202705,
  "eye_spacing_ratio_mean": 0.6435952583948771,
  "eye_spacing_ratio_median": 0.6448714137077332,
  "eye_spacing_ratio_std": 0.0290087696371807,
  "face_width_height_ratio_max": 1.0845847924550374,
  "face_width_height_ratio_mean": 0.9069604178269705,
  "face_width_height_ratio_median": 0.9226120577918159,
  "face_width_height_ratio_std": 0.08312517466644447,
  "facial_symmetry_max": 0.9963333540492587,
  "facial_symmetry_mean": 0.8642737335628934,
  "facial_symmetry_median": 0.8757529523637559,
  "facial_symmetry_std": 0.08453677180740568,
  "gaze_stability_max": 1.0,
  "gaze_stability_mean": 0.9875578019354079,
  "gaze_stability_median": 0.994607170422872,
  "gaze_stability_std": 0.018204646702441905,
  "happy_max": 0.9999386999342177,
  "happy_mean": 0.21010576954318416,
  "happy_median": 0.019564767041528184,
  "happy_std": 0.3318413603636954,
  "head_tilt_max": 0.32643429107136196,
  "head_tilt_mean": 0.08378864762683709,
  "head_tilt_median": 0.06437219679355621,
  "head_tilt_std": 0.06955036293301317,
  "jaw_ratio_max": 0.8632308575842116,
  "jaw_ratio_mean": 0.780684855249193,
  "jaw_ratio_median": 0.7791018353568183,
  "jaw_ratio_std": 0.022351508132285543,
  "neutral_max": 0.9987259109814962,
  "neutral_mean": 0.3048420084847344,
  "neutral_median": 0.13817612855281267,
  "neutral_std": 0.36168084541956586,
  "processed_frames": 212.33333333333334,
  "smile_intensity_max": 0.8388340274492899,
  "smile_intensity_mean": 0.1803382072183821,
  "smile_intensity_median": 0.0749397919409805,
  "smile_intensity_std": 0.21022161841392517,
  "surprise_max": 0.8707797792222765,
  "surprise_mean": 0.02768478061382969,
  "surprise_median": 5.350065870126899e-05,
  "surprise_std": 0.11482402516735925,
  "video_count": 9.0,
  "valid_video_count": 9.0,
  "valid_video_ratio": 1.0,
  "total_processed_frames": 1911.0,
  "avg_processed_frames": 212.33333333333334,
  "quality_score": 1.0,
  "person_name": "Tần Lam"
}