{
  "facial_symmetry_mean": 0.8742380142211914,
  "facial_symmetry_std": 0.10463234782218933,
  "facial_symmetry_median": 0.9055590033531189,
  "facial_symmetry_max": 0.9999292492866516,
  "face_width_height_ratio_mean": 1.385288953781128,
  "face_width_height_ratio_std": 0.20634855329990387,
  "face_width_height_ratio_median": 1.4034085273742676,
  "face_width_height_ratio_max": 1.894684076309204,
  "eye_spacing_ratio_mean": 0.6518762111663818,
  "eye_spacing_ratio_std": 0.03793240338563919,
  "eye_spacing_ratio_median": 0.6537410616874695,
  "eye_spacing_ratio_max": 0.759323239326477,
  "jaw_ratio_mean": 0.7837772369384766,
  "jaw_ratio_std": 0.02180486172437668,
  "jaw_ratio_median": 0.7819268703460693,
  "jaw_ratio_max": 0.8344047665596008,
  "smile_intensity_mean": 0.2007439136505127,
  "smile_intensity_std": 0.1956711858510971,
  "smile_intensity_median": 0.14427563548088074,
  "smile_intensity_max": 0.7143325209617615,
  "eye_contact_mean": 0.9520626068115234,
  "eye_contact_std": 0.04958435148000717,
  "eye_contact_median": 0.9717904925346375,
  "eye_contact_max": 0.999909520149231,
  "eye_openness_mean": 0.522946298122406,
  "eye_openness_std": 0.2732568383216858,
  "eye_openness_median": 0.4679625630378723,
  "eye_openness_max": 0.9868090748786926,
  "gaze_stability_mean": 0.9838558435440063,
  "gaze_stability_std": 0.019626950845122337,
  "gaze_stability_median": 0.9919518232345581,
  "gaze_stability_max": 1.0,
  "head_tilt_mean": 0.05847954377532005,
  "head_tilt_std": 0.0559479258954525,
  "head_tilt_median": 0.032062828540802,
  "head_tilt_max": 0.21380573511123657,
  "expression_speed_mean": 0.13392969965934753,
  "expression_speed_std": 0.12714706361293793,
  "expression_speed_median": 0.09624417126178741,
  "expression_speed_max": 0.6133360266685486,
  "happy_mean": 0.3317956030368805,
  "happy_std": 0.3974950313568115,
  "happy_median": 0.04075440391898155,
  "happy_max": 0.9997318387031555,
  "neutral_mean": 0.257781058549881,
  "neutral_std": 0.33068063855171204,
  "neutral_median": 0.05811768397688866,
  "neutral_max": 0.994293212890625,
  "surprise_mean": 0.016001541167497635,
  "surprise_std": 0.07472572475671768,
  "surprise_median": 1.402407815476181e-05,
  "surprise_max": 0.768000066280365,
  "processed_frames": 131.0,
  "video_name": "2.mp4"
}