{
  "facial_symmetry_mean": 0.8872045278549194,
  "facial_symmetry_std": 0.10284432023763657,
  "facial_symmetry_median": 0.9233188629150391,
  "facial_symmetry_max": 0.9996708035469055,
  "face_width_height_ratio_mean": 1.3938372135162354,
  "face_width_height_ratio_std": 0.17024970054626465,
  "face_width_height_ratio_median": 1.4577734470367432,
  "face_width_height_ratio_max": 1.8132038116455078,
  "eye_spacing_ratio_mean": 0.6412947177886963,
  "eye_spacing_ratio_std": 0.028749575838446617,
  "eye_spacing_ratio_median": 0.6451425552368164,
  "eye_spacing_ratio_max": 0.7141634225845337,
  "jaw_ratio_mean": 0.8003308773040771,
  "jaw_ratio_std": 0.023215165361762047,
  "jaw_ratio_median": 0.8009471893310547,
  "jaw_ratio_max": 0.8926681280136108,
  "smile_intensity_mean": 0.5158957839012146,
  "smile_intensity_std": 0.24742375314235687,
  "smile_intensity_median": 0.5160863995552063,
  "smile_intensity_max": 1.0,
  "eye_contact_mean": 0.9699666500091553,
  "eye_contact_std": 0.04541124030947685,
  "eye_contact_median": 0.9907996654510498,
  "eye_contact_max": 0.9999275207519531,
  "eye_openness_mean": 0.5126109719276428,
  "eye_openness_std": 0.19727633893489838,
  "eye_openness_median": 0.5399667620658875,
  "eye_openness_max": 1.0,
  "gaze_stability_mean": 0.989332377910614,
  "gaze_stability_std": 0.016916681081056595,
  "gaze_stability_median": 0.9950851202011108,
  "gaze_stability_max": 1.0,
  "head_tilt_mean": 0.055887576192617416,
  "head_tilt_std": 0.07160022854804993,
  "head_tilt_median": 0.029814094305038452,
  "head_tilt_max": 0.3584898114204407,
  "expression_speed_mean": 0.2391522079706192,
  "expression_speed_std": 0.18391689658164978,
  "expression_speed_median": 0.17691972851753235,
  "expression_speed_max": 1.0,
  "happy_mean": 0.42037639021873474,
  "happy_std": 0.422705739736557,
  "happy_median": 0.2384212762117386,
  "happy_max": 0.9999994039535522,
  "neutral_mean": 0.13153208792209625,
  "neutral_std": 0.23607340455055237,
  "neutral_median": 0.026480888947844505,
  "neutral_max": 0.9982128143310547,
  "surprise_mean": 0.03887505829334259,
  "surprise_std": 0.14272278547286987,
  "surprise_median": 0.0004276501131244004,
  "surprise_max": 0.9994287490844727,
  "processed_frames": 329.0,
  "video_name": "3.mp4"
}