{
  "expression_speed_max": 0.9033340066671371,
  "expression_speed_mean": 0.16104986146092415,
  "expression_speed_median": 0.09304317133501172,
  "expression_speed_std": 0.17074046283960342,
  "eye_contact_max": 0.9998843222856522,
  "eye_contact_mean": 0.9673367291688919,
  "eye_contact_median": 0.9797551482915878,
  "eye_contact_std": 0.035388648975640535,
  "eye_openness_max": 0.9967022687196732,
  "eye_openness_mean": 0.6011495143175125,
  "eye_openness_median": 0.639923706650734,
  "eye_openness_std": 0.24970732256770134,
  "eye_spacing_ratio_max": 0.7539908736944199,
  "eye_spacing_ratio_mean": 0.6531834453344345,
  "eye_spacing_ratio_median": 0.6578888893127441,
  "eye_spacing_ratio_std": 0.034704295452684164,
  "face_width_height_ratio_max": 1.6548560857772827,
  "face_width_height_ratio_mean": 1.2143533378839493,
  "face_width_height_ratio_median": 1.2507937252521515,
  "face_width_height_ratio_std": 0.1808195449411869,
  "facial_symmetry_max": 0.9996564239263535,
  "facial_symmetry_mean": 0.9044169336557388,
  "facial_symmetry_median": 0.9290015697479248,
  "facial_symmetry_std": 0.08112982474267483,
  "gaze_stability_max": 1.0,
  "gaze_stability_mean": 0.9888904690742493,
  "gaze_stability_median": 0.9942227303981781,
  "gaze_stability_std": 0.015151856234297156,
  "happy_max": 0.9994134604930878,
  "happy_mean": 0.2657470293343067,
  "happy_median": 0.07103371110133594,
  "happy_std": 0.3551431857049465,
  "head_tilt_max": 0.48355603218078613,
  "head_tilt_mean": 0.06824941746890545,
  "head_tilt_median": 0.03689765930175781,
  "head_tilt_std": 0.09300559666007757,
  "jaw_ratio_max": 0.8576830327510834,
  "jaw_ratio_mean": 0.7877349704504013,
  "jaw_ratio_median": 0.7855792492628098,
  "jaw_ratio_std": 0.021283603738993406,
  "neutral_max": 0.9980591088533401,
  "neutral_mean": 0.24659427255392075,
  "neutral_median": 0.09279692964628339,
  "neutral_std": 0.30972394347190857,
  "processed_frames": 229.0,
  "smile_intensity_max": 0.9285831302404404,
  "smile_intensity_mean": 0.2884361930191517,
  "smile_intensity_median": 0.22018859907984734,
  "smile_intensity_std": 0.2477414719760418,
  "surprise_max": 0.8062008693814278,
  "surprise_mean": 0.025470143067650497,
  "surprise_median": 0.00012094388461036942,
  "surprise_std": 0.10746920388191938,
  "video_count": 4.0,
  "valid_video_count": 4.0,
  "valid_video_ratio": 1.0,
  "total_processed_frames": 916.0,
  "avg_processed_frames": 229.0,
  "quality_score": 1.0,
  "person_name": "Okada Nana"
}