{
  "facial_symmetry_mean": 0.7795729637145996,
  "facial_symmetry_std": 0.025914529338479042,
  "facial_symmetry_median": 0.7806211709976196,
  "facial_symmetry_max": 0.8251168727874756,
  "face_width_height_ratio_mean": 1.0276412963867188,
  "face_width_height_ratio_std": 0.0790296271443367,
  "face_width_height_ratio_median": 1.0500500202178955,
  "face_width_height_ratio_max": 1.116513729095459,
  "eye_spacing_ratio_mean": 0.6228788495063782,
  "eye_spacing_ratio_std": 0.012365247122943401,
  "eye_spacing_ratio_median": 0.626296877861023,
  "eye_spacing_ratio_max": 0.6425155401229858,
  "jaw_ratio_mean": 0.7683007121086121,
  "jaw_ratio_std": 0.007352043408900499,
  "jaw_ratio_median": 0.767223596572876,
  "jaw_ratio_max": 0.8015948534011841,
  "smile_intensity_mean": 0.08031506091356277,
  "smile_intensity_std": 0.1502879112958908,
  "smile_intensity_median": 0.009526653215289116,
  "smile_intensity_max": 0.7368623614311218,
  "eye_contact_mean": 0.9839450120925903,
  "eye_contact_std": 0.027534322813153267,
  "eye_contact_median": 0.9908306002616882,
  "eye_contact_max": 0.9999033212661743,
  "eye_openness_mean": 0.9444479942321777,
  "eye_openness_std": 0.08263128250837326,
  "eye_openness_median": 0.9611219167709351,
  "eye_openness_max": 1.0,
  "gaze_stability_mean": 0.9956550002098083,
  "gaze_stability_std": 0.007538317237049341,
  "gaze_stability_median": 0.9978294372558594,
  "gaze_stability_max": 1.0,
  "head_tilt_mean": 0.06968154013156891,
  "head_tilt_std": 0.02404305897653103,
  "head_tilt_median": 0.06342075765132904,
  "head_tilt_max": 0.14133155345916748,
  "expression_speed_mean": 0.02754632756114006,
  "expression_speed_std": 0.04597003012895584,
  "expression_speed_median": 0.012296278029680252,
  "expression_speed_max": 0.35829779505729675,
  "happy_mean": 0.13451862335205078,
  "happy_std": 0.26168733835220337,
  "happy_median": 0.0020636809058487415,
  "happy_max": 0.9522581100463867,
  "neutral_mean": 0.3449367582798004,
  "neutral_std": 0.28736597299575806,
  "neutral_median": 0.24835920333862305,
  "neutral_max": 0.99378901720047,
  "surprise_mean": 0.008681339211761951,
  "surprise_std": 0.022392554208636284,
  "surprise_median": 0.0015561264008283615,
  "surprise_max": 0.17663802206516266,
  "processed_frames": 196.0,
  "video_name": "1 (2).mp4"
}