{
  "facial_symmetry_mean": 0.8622045516967773,
  "facial_symmetry_std": 0.08913023769855499,
  "facial_symmetry_median": 0.8697996735572815,
  "facial_symmetry_max": 0.9975062012672424,
  "face_width_height_ratio_mean": 0.812035322189331,
  "face_width_height_ratio_std": 0.089103564620018,
  "face_width_height_ratio_median": 0.8015396595001221,
  "face_width_height_ratio_max": 1.070918083190918,
  "eye_spacing_ratio_mean": 0.6547214984893799,
  "eye_spacing_ratio_std": 0.02892357110977173,
  "eye_spacing_ratio_median": 0.6468912959098816,
  "eye_spacing_ratio_max": 0.7521092295646667,
  "jaw_ratio_mean": 0.7820589542388916,
  "jaw_ratio_std": 0.020968599244952202,
  "jaw_ratio_median": 0.7800306081771851,
  "jaw_ratio_max": 0.8620268106460571,
  "smile_intensity_mean": 0.185628280043602,
  "smile_intensity_std": 0.2172953486442566,
  "smile_intensity_median": 0.0658499151468277,
  "smile_intensity_max": 1.0,
  "eye_contact_mean": 0.9676214456558228,
  "eye_contact_std": 0.028687192127108574,
  "eye_contact_median": 0.9793237447738647,
  "eye_contact_max": 0.9998793601989746,
  "eye_openness_mean": 0.9316410422325134,
  "eye_openness_std": 0.1593712568283081,
  "eye_openness_median": 1.0,
  "eye_openness_max": 1.0,
  "gaze_stability_mean": 0.9758753180503845,
  "gaze_stability_std": 0.024813182651996613,
  "gaze_stability_median": 0.9873419404029846,
  "gaze_stability_max": 1.0,
  "head_tilt_mean": 0.16082507371902466,
  "head_tilt_std": 0.14843282103538513,
  "head_tilt_median": 0.12397542595863342,
  "head_tilt_max": 0.6695520281791687,
  "expression_speed_mean": 0.23314985632896423,
  "expression_speed_std": 0.2260657548904419,
  "expression_speed_median": 0.16857638955116272,
  "expression_speed_max": 0.8385385274887085,
  "happy_mean": 0.05321768298745155,
  "happy_std": 0.13805276155471802,
  "happy_median": 0.0029270420782268047,
  "happy_max": 0.7386322021484375,
  "neutral_mean": 0.414218008518219,
  "neutral_std": 0.4144948124885559,
  "neutral_median": 0.21861675381660461,
  "neutral_max": 0.9889451861381531,
  "surprise_mean": 0.052966099232435226,
  "surprise_std": 0.16546879708766937,
  "surprise_median": 1.8630271370057017e-05,
  "surprise_max": 0.8384423851966858,
  "processed_frames": 52.0,
  "video_name": "1 (3).mp4"
}