{
  "facial_symmetry_mean": 0.8618723154067993,
  "facial_symmetry_std": 0.04619809612631798,
  "facial_symmetry_median": 0.8518466353416443,
  "facial_symmetry_max": 0.99373859167099,
  "face_width_height_ratio_mean": 1.0793769359588623,
  "face_width_height_ratio_std": 0.04551592096686363,
  "face_width_height_ratio_median": 1.0776227712631226,
  "face_width_height_ratio_max": 1.2101770639419556,
  "eye_spacing_ratio_mean": 0.6476789116859436,
  "eye_spacing_ratio_std": 0.02552211657166481,
  "eye_spacing_ratio_median": 0.6399664878845215,
  "eye_spacing_ratio_max": 0.7302166223526001,
  "jaw_ratio_mean": 0.7828275561332703,
  "jaw_ratio_std": 0.018376100808382034,
  "jaw_ratio_median": 0.7796016931533813,
  "jaw_ratio_max": 0.8245680332183838,
  "smile_intensity_mean": 0.3165818452835083,
  "smile_intensity_std": 0.17136608064174652,
  "smile_intensity_median": 0.3556864261627197,
  "smile_intensity_max": 0.5777279734611511,
  "eye_contact_mean": 0.9531111717224121,
  "eye_contact_std": 0.01915663294494152,
  "eye_contact_median": 0.9552621841430664,
  "eye_contact_max": 0.998726487159729,
  "eye_openness_mean": 0.6363479495048523,
  "eye_openness_std": 0.16840390861034393,
  "eye_openness_median": 0.6213700771331787,
  "eye_openness_max": 0.9289548397064209,
  "gaze_stability_mean": 0.9861442446708679,
  "gaze_stability_std": 0.01780039444565773,
  "gaze_stability_median": 0.9957266449928284,
  "gaze_stability_max": 1.0,
  "head_tilt_mean": 0.0579112246632576,
  "head_tilt_std": 0.056172847747802734,
  "head_tilt_median": 0.041835904121398926,
  "head_tilt_max": 0.16466841101646423,
  "expression_speed_mean": 0.1370009481906891,
  "expression_speed_std": 0.1519177407026291,
  "expression_speed_median": 0.07377458363771439,
  "expression_speed_max": 0.5717815160751343,
  "happy_mean": 0.39178723096847534,
  "happy_std": 0.46342673897743225,
  "happy_median": 0.06342208385467529,
  "happy_max": 0.9998940825462341,
  "neutral_mean": 0.2827184200286865,
  "neutral_std": 0.3808252513408661,
  "neutral_median": 0.014115733094513416,
  "neutral_max": 0.9949250817298889,
  "surprise_mean": 0.0023467212449759245,
  "surprise_std": 0.009559506550431252,
  "surprise_median": 8.952654297900153e-07,
  "surprise_max": 0.06469593197107315,
  "processed_frames": 46.0,
  "video_name": "1 (5).mp4"
}