{
  "expression_speed_max": 0.6598647584517797,
  "expression_speed_mean": 0.1363150098671516,
  "expression_speed_median": 0.07661245142420132,
  "expression_speed_std": 0.15757527078191438,
  "eye_contact_max": 0.9994824926058451,
  "eye_contact_mean": 0.9712397456169128,
  "eye_contact_median": 0.9760920703411102,
  "eye_contact_std": 0.020682106881091993,
  "eye_openness_max": 0.9040461579958597,
  "eye_openness_mean": 0.7301413615544637,
  "eye_openness_median": 0.7463209728399912,
  "eye_openness_std": 0.14148851111531258,
  "eye_spacing_ratio_max": 0.7067424952983856,
  "eye_spacing_ratio_mean": 0.6437978943188986,
  "eye_spacing_ratio_median": 0.6409287949403127,
  "eye_spacing_ratio_std": 0.02119248096520702,
  "face_width_height_ratio_max": 1.228241890668869,
  "face_width_height_ratio_mean": 1.0326129794120789,
  "face_width_height_ratio_median": 1.0399635632832844,
  "face_width_height_ratio_std": 0.07759563873211543,
  "facial_symmetry_max": 0.9681998491287231,
  "facial_symmetry_mean": 0.8731443881988525,
  "facial_symmetry_median": 0.8748428026835123,
  "facial_symmetry_std": 0.04904843339075645,
  "gaze_stability_max": 1.0,
  "gaze_stability_mean": 0.9881141483783722,
  "gaze_stability_median": 0.9948168794314066,
  "gaze_stability_std": 0.01548760438648363,
  "happy_max": 0.9484446048736572,
  "happy_mean": 0.22909834794700146,
  "happy_median": 0.02465447544818744,
  "happy_std": 0.3328218807776769,
  "head_tilt_max": 0.2564195692539215,
  "head_tilt_mean": 0.07456600417693456,
  "head_tilt_median": 0.057085889081160225,
  "head_tilt_std": 0.062036944863696895,
  "jaw_ratio_max": 0.8344668547312418,
  "jaw_ratio_mean": 0.778096874554952,
  "jaw_ratio_median": 0.7759077350298563,
  "jaw_ratio_std": 0.017710539900387328,
  "neutral_max": 0.9952514469623566,
  "neutral_mean": 0.36323408285776776,
  "neutral_median": 0.18025274326403937,
  "neutral_std": 0.38237157464027405,
  "processed_frames": 86.0,
  "smile_intensity_max": 0.8122769594192505,
  "smile_intensity_mean": 0.2211208480099837,
  "smile_intensity_median": 0.15382979779193798,
  "smile_intensity_std": 0.19626736144224802,
  "surprise_max": 0.3837443138472736,
  "surprise_mean": 0.016584489242328953,
  "surprise_median": 0.0002729520290548256,
  "surprise_std": 0.06001202925108373,
  "video_count": 6.0,
  "valid_video_count": 6.0,
  "valid_video_ratio": 1.0,
  "total_processed_frames": 516.0,
  "avg_processed_frames": 86.0,
  "quality_score": 0.8293333333333334,
  "person_name": "Tsuyu"
}