{
  "facial_symmetry_mean": 0.8422439098358154,
  "facial_symmetry_std": 0.10351424664258957,
  "facial_symmetry_median": 0.8805772066116333,
  "facial_symmetry_max": 0.9994568228721619,
  "face_width_height_ratio_mean": 0.6172376275062561,
  "face_width_height_ratio_std": 0.04929254576563835,
  "face_width_height_ratio_median": 0.6199230551719666,
  "face_width_height_ratio_max": 0.7338472604751587,
  "eye_spacing_ratio_mean": 0.6452605724334717,
  "eye_spacing_ratio_std": 0.029605437070131302,
  "eye_spacing_ratio_median": 0.657194972038269,
  "eye_spacing_ratio_max": 0.6887682676315308,
  "jaw_ratio_mean": 0.799091637134552,
  "jaw_ratio_std": 0.014331607148051262,
  "jaw_ratio_median": 0.8012747764587402,
  "jaw_ratio_max": 0.8247334361076355,
  "smile_intensity_mean": 0.3173907995223999,
  "smile_intensity_std": 0.3006187379360199,
  "smile_intensity_median": 0.3361121714115143,
  "smile_intensity_max": 0.9078858494758606,
  "eye_contact_mean": 0.9611465930938721,
  "eye_contact_std": 0.04566684737801552,
  "eye_contact_median": 0.9826126098632812,
  "eye_contact_max": 0.9996028542518616,
  "eye_openness_mean": 0.9075289964675903,
  "eye_openness_std": 0.15439307689666748,
  "eye_openness_median": 1.0,
  "eye_openness_max": 1.0,
  "gaze_stability_mean": 0.9885357618331909,
  "gaze_stability_std": 0.019148454070091248,
  "gaze_stability_median": 0.9959059953689575,
  "gaze_stability_max": 1.0,
  "head_tilt_mean": 0.1996787190437317,
  "head_tilt_std": 0.1809120625257492,
  "head_tilt_median": 0.13115808367729187,
  "head_tilt_max": 0.7740551233291626,
  "expression_speed_mean": 0.10224270820617676,
  "expression_speed_std": 0.16150140762329102,
  "expression_speed_median": 0.04115576297044754,
  "expression_speed_max": 0.911073625087738,
  "happy_mean": 0.3324700593948364,
  "happy_std": 0.43777814507484436,
  "happy_median": 0.0032400647178292274,
  "happy_max": 1.0,
  "neutral_mean": 0.20539678633213043,
  "neutral_std": 0.33104467391967773,
  "neutral_median": 0.019989529624581337,
  "neutral_max": 0.9988853335380554,
  "surprise_mean": 0.01262978557497263,
  "surprise_std": 0.07156402617692947,
  "surprise_median": 3.235174688143161e-07,
  "surprise_max": 0.7629365921020508,
  "processed_frames": 144.0,
  "video_name": "1 (3).mp4"
}