{
  "facial_symmetry_mean": 0.8001522421836853,
  "facial_symmetry_std": 0.14264041185379028,
  "facial_symmetry_median": 0.7843652963638306,
  "facial_symmetry_max": 0.999939501285553,
  "face_width_height_ratio_mean": 0.755094587802887,
  "face_width_height_ratio_std": 0.11495751142501831,
  "face_width_height_ratio_median": 0.755781888961792,
  "face_width_height_ratio_max": 1.095234990119934,
  "eye_spacing_ratio_mean": 0.6564489603042603,
  "eye_spacing_ratio_std": 0.048920147120952606,
  "eye_spacing_ratio_median": 0.6673191785812378,
  "eye_spacing_ratio_max": 0.762788712978363,
  "jaw_ratio_mean": 0.8032415509223938,
  "jaw_ratio_std": 0.034797776490449905,
  "jaw_ratio_median": 0.7960695028305054,
  "jaw_ratio_max": 0.9579431414604187,
  "smile_intensity_mean": 0.27843454480171204,
  "smile_intensity_std": 0.25123199820518494,
  "smile_intensity_median": 0.19196274876594543,
  "smile_intensity_max": 0.8002219796180725,
  "eye_contact_mean": 0.9519596695899963,
  "eye_contact_std": 0.04743179678916931,
  "eye_contact_median": 0.9685967564582825,
  "eye_contact_max": 0.9987779855728149,
  "eye_openness_mean": 0.7712525129318237,
  "eye_openness_std": 0.2759476900100708,
  "eye_openness_median": 0.9075448513031006,
  "eye_openness_max": 1.0,
  "gaze_stability_mean": 0.9763662815093994,
  "gaze_stability_std": 0.032314807176589966,
  "gaze_stability_median": 0.989050030708313,
  "gaze_stability_max": 1.0,
  "head_tilt_mean": 0.41832056641578674,
  "head_tilt_std": 0.38895297050476074,
  "head_tilt_median": 0.2663152813911438,
  "head_tilt_max": 1.0,
  "expression_speed_mean": 0.17801623046398163,
  "expression_speed_std": 0.17655973136425018,
  "expression_speed_median": 0.10931682586669922,
  "expression_speed_max": 0.8030943274497986,
  "happy_mean": 0.13711972534656525,
  "happy_std": 0.30157285928726196,
  "happy_median": 0.0014507635496556759,
  "happy_max": 0.9762281179428101,
  "neutral_mean": 0.3072281777858734,
  "neutral_std": 0.4215228855609894,
  "neutral_median": 0.0199686698615551,
  "neutral_max": 0.9996802806854248,
  "surprise_mean": 0.022738423198461533,
  "surprise_std": 0.14138482511043549,
  "surprise_median": 4.161588549322914e-06,
  "surprise_max": 0.9785263538360596,
  "processed_frames": 92.0,
  "video_name": "1 (4).mp4"
}