{
  "facial_symmetry_mean": 0.8492351770401001,
  "facial_symmetry_std": 0.0756206065416336,
  "facial_symmetry_median": 0.8342605829238892,
  "facial_symmetry_max": 0.9961264729499817,
  "face_width_height_ratio_mean": 0.790889322757721,
  "face_width_height_ratio_std": 0.11131370812654495,
  "face_width_height_ratio_median": 0.8040268421173096,
  "face_width_height_ratio_max": 1.0857223272323608,
  "eye_spacing_ratio_mean": 0.6360556483268738,
  "eye_spacing_ratio_std": 0.06146252527832985,
  "eye_spacing_ratio_median": 0.6589959859848022,
  "eye_spacing_ratio_max": 0.7278628945350647,
  "jaw_ratio_mean": 0.7972936034202576,
  "jaw_ratio_std": 0.02228398807346821,
  "jaw_ratio_median": 0.7973688840866089,
  "jaw_ratio_max": 0.8494995832443237,
  "smile_intensity_mean": 0.12591195106506348,
  "smile_intensity_std": 0.2097853273153305,
  "smile_intensity_median": 0.02626863680779934,
  "smile_intensity_max": 0.8234966993331909,
  "eye_contact_mean": 0.9345985651016235,
  "eye_contact_std": 0.04218905419111252,
  "eye_contact_median": 0.9296786785125732,
  "eye_contact_max": 0.9988296627998352,
  "eye_openness_mean": 0.7711807489395142,
  "eye_openness_std": 0.23219020664691925,
  "eye_openness_median": 0.870185136795044,
  "eye_openness_max": 1.0,
  "gaze_stability_mean": 0.9793552756309509,
  "gaze_stability_std": 0.02281145378947258,
  "gaze_stability_median": 0.9872597455978394,
  "gaze_stability_max": 1.0,
  "head_tilt_mean": 0.09841828048229218,
  "head_tilt_std": 0.055216386914253235,
  "head_tilt_median": 0.10725781321525574,
  "head_tilt_max": 0.20897984504699707,
  "expression_speed_mean": 0.1568334996700287,
  "expression_speed_std": 0.18456001579761505,
  "expression_speed_median": 0.06980898976325989,
  "expression_speed_max": 0.6756871938705444,
  "happy_mean": 0.031157713383436203,
  "happy_std": 0.05216262489557266,
  "happy_median": 0.004131698980927467,
  "happy_max": 0.18637290596961975,
  "neutral_mean": 0.34439560770988464,
  "neutral_std": 0.38687416911125183,
  "neutral_median": 0.1797899305820465,
  "neutral_max": 0.9997612833976746,
  "surprise_mean": 0.006592712365090847,
  "surprise_std": 0.023913893848657608,
  "surprise_median": 5.873678674106486e-06,
  "surprise_max": 0.13847681879997253,
  "processed_frames": 52.0,
  "video_name": "1 (5).mp4"
}