{
  "facial_symmetry_mean": 0.8907703161239624,
  "facial_symmetry_std": 0.09282351285219193,
  "facial_symmetry_median": 0.9244713187217712,
  "facial_symmetry_max": 0.996116578578949,
  "face_width_height_ratio_mean": 0.8513702154159546,
  "face_width_height_ratio_std": 0.047521207481622696,
  "face_width_height_ratio_median": 0.8556954860687256,
  "face_width_height_ratio_max": 1.0869426727294922,
  "eye_spacing_ratio_mean": 0.66748046875,
  "eye_spacing_ratio_std": 0.030171800404787064,
  "eye_spacing_ratio_median": 0.669669508934021,
  "eye_spacing_ratio_max": 0.7434186935424805,
  "jaw_ratio_mean": 0.788220226764679,
  "jaw_ratio_std": 0.017724622040987015,
  "jaw_ratio_median": 0.7859010696411133,
  "jaw_ratio_max": 0.8575925827026367,
  "smile_intensity_mean": 0.13593989610671997,
  "smile_intensity_std": 0.2715710699558258,
  "smile_intensity_median": 0.013638133183121681,
  "smile_intensity_max": 1.0,
  "eye_contact_mean": 0.9669650197029114,
  "eye_contact_std": 0.04103126749396324,
  "eye_contact_median": 0.9793746471405029,
  "eye_contact_max": 0.9994714260101318,
  "eye_openness_mean": 0.8917432427406311,
  "eye_openness_std": 0.16304711997509003,
  "eye_openness_median": 0.9469258189201355,
  "eye_openness_max": 1.0,
  "gaze_stability_mean": 0.9816389679908752,
  "gaze_stability_std": 0.03429539129137993,
  "gaze_stability_median": 0.9941588044166565,
  "gaze_stability_max": 1.0,
  "head_tilt_mean": 0.1124662384390831,
  "head_tilt_std": 0.1235741600394249,
  "head_tilt_median": 0.053054094314575195,
  "head_tilt_max": 0.4400967061519623,
  "expression_speed_mean": 0.14121899008750916,
  "expression_speed_std": 0.22363555431365967,
  "expression_speed_median": 0.048168785870075226,
  "expression_speed_max": 1.0,
  "happy_mean": 0.17218023538589478,
  "happy_std": 0.3538827896118164,
  "happy_median": 0.0003149270487483591,
  "happy_max": 0.9996277689933777,
  "neutral_mean": 0.4478345513343811,
  "neutral_std": 0.38387542963027954,
  "neutral_median": 0.37894660234451294,
  "neutral_max": 0.9951508641242981,
  "surprise_mean": 0.008789503946900368,
  "surprise_std": 0.038962945342063904,
  "surprise_median": 1.599960887688212e-05,
  "surprise_max": 0.2822495996952057,
  "processed_frames": 71.0,
  "video_name": "1 (7).mp4"
}