{
  "facial_symmetry_mean": 0.8824599981307983,
  "facial_symmetry_std": 0.07900750637054443,
  "facial_symmetry_median": 0.8858479857444763,
  "facial_symmetry_max": 0.9989907741546631,
  "face_width_height_ratio_mean": 0.6499412059783936,
  "face_width_height_ratio_std": 0.06732616573572159,
  "face_width_height_ratio_median": 0.6415016651153564,
  "face_width_height_ratio_max": 0.8436059355735779,
  "eye_spacing_ratio_mean": 0.6492201685905457,
  "eye_spacing_ratio_std": 0.034021176397800446,
  "eye_spacing_ratio_median": 0.6567792892456055,
  "eye_spacing_ratio_max": 0.7228642106056213,
  "jaw_ratio_mean": 0.7943399548530579,
  "jaw_ratio_std": 0.016898585483431816,
  "jaw_ratio_median": 0.7936336994171143,
  "jaw_ratio_max": 0.8323761224746704,
  "smile_intensity_mean": 0.5565824508666992,
  "smile_intensity_std": 0.3037819564342499,
  "smile_intensity_median": 0.578039288520813,
  "smile_intensity_max": 1.0,
  "eye_contact_mean": 0.9415377974510193,
  "eye_contact_std": 0.04293113201856613,
  "eye_contact_median": 0.9466648101806641,
  "eye_contact_max": 0.9991166591644287,
  "eye_openness_mean": 0.8129258751869202,
  "eye_openness_std": 0.2739962935447693,
  "eye_openness_median": 1.0,
  "eye_openness_max": 1.0,
  "gaze_stability_mean": 0.9827708005905151,
  "gaze_stability_std": 0.01942700333893299,
  "gaze_stability_median": 0.9903053045272827,
  "gaze_stability_max": 1.0,
  "head_tilt_mean": 0.2133215069770813,
  "head_tilt_std": 0.2223263382911682,
  "head_tilt_median": 0.13434968888759613,
  "head_tilt_max": 1.0,
  "expression_speed_mean": 0.24450688064098358,
  "expression_speed_std": 0.24218697845935822,
  "expression_speed_median": 0.14407072961330414,
  "expression_speed_max": 1.0,
  "happy_mean": 0.26119324564933777,
  "happy_std": 0.41042762994766235,
  "happy_median": 0.0008307143580168486,
  "happy_max": 0.9999993443489075,
  "neutral_mean": 0.3016803562641144,
  "neutral_std": 0.38092008233070374,
  "neutral_median": 0.05778414011001587,
  "neutral_max": 0.9979061484336853,
  "surprise_mean": 0.01095937192440033,
  "surprise_std": 0.09269189834594727,
  "surprise_median": 3.19909247536998e-07,
  "surprise_max": 0.8963660597801208,
  "processed_frames": 94.0,
  "video_name": "1 (8).mp4"
}