{
  "facial_symmetry_mean": 0.7718830108642578,
  "facial_symmetry_std": 0.147101029753685,
  "facial_symmetry_median": 0.7747817039489746,
  "facial_symmetry_max": 0.9997640252113342,
  "face_width_height_ratio_mean": 1.397451400756836,
  "face_width_height_ratio_std": 0.1665865182876587,
  "face_width_height_ratio_median": 1.4428651332855225,
  "face_width_height_ratio_max": 1.8249386548995972,
  "eye_spacing_ratio_mean": 0.652897298336029,
  "eye_spacing_ratio_std": 0.02780047059059143,
  "eye_spacing_ratio_median": 0.6544296741485596,
  "eye_spacing_ratio_max": 0.8066002726554871,
  "jaw_ratio_mean": 0.8058704137802124,
  "jaw_ratio_std": 0.021932702511548996,
  "jaw_ratio_median": 0.8062347173690796,
  "jaw_ratio_max": 0.8701352477073669,
  "smile_intensity_mean": 0.26887959241867065,
  "smile_intensity_std": 0.1572106033563614,
  "smile_intensity_median": 0.2999776601791382,
  "smile_intensity_max": 0.7023342847824097,
  "eye_contact_mean": 0.9155259728431702,
  "eye_contact_std": 0.06048014760017395,
  "eye_contact_median": 0.9238897562026978,
  "eye_contact_max": 0.9982467889785767,
  "eye_openness_mean": 0.75990891456604,
  "eye_openness_std": 0.2674366533756256,
  "eye_openness_median": 0.9119988679885864,
  "eye_openness_max": 1.0,
  "gaze_stability_mean": 0.9662584662437439,
  "gaze_stability_std": 0.04882703721523285,
  "gaze_stability_median": 0.9807823896408081,
  "gaze_stability_max": 1.0,
  "head_tilt_mean": 0.18371811509132385,
  "head_tilt_std": 0.15200087428092957,
  "head_tilt_median": 0.1379561424255371,
  "head_tilt_max": 0.5158860683441162,
  "expression_speed_mean": 0.1735667586326599,
  "expression_speed_std": 0.17486533522605896,
  "expression_speed_median": 0.10003761947154999,
  "expression_speed_max": 0.75242680311203,
  "happy_mean": 0.49055349826812744,
  "happy_std": 0.47405633330345154,
  "happy_median": 0.29308420419692993,
  "happy_max": 1.0,
  "neutral_mean": 0.21467910706996918,
  "neutral_std": 0.3621021807193756,
  "neutral_median": 0.002287384355440736,
  "neutral_max": 0.9999905824661255,
  "surprise_mean": 0.011636931449174881,
  "surprise_std": 0.08708842098712921,
  "surprise_median": 5.100039288663538e-07,
  "surprise_max": 0.99875408411026,
  "processed_frames": 176.0,
  "video_name": "1 (9).mp4"
}