{
  "facial_symmetry_mean": 0.8763424754142761,
  "facial_symmetry_std": 0.07017601281404495,
  "facial_symmetry_median": 0.8853647708892822,
  "facial_symmetry_max": 0.9970070123672485,
  "face_width_height_ratio_mean": 0.8515848517417908,
  "face_width_height_ratio_std": 0.08271186798810959,
  "face_width_height_ratio_median": 0.8730285167694092,
  "face_width_height_ratio_max": 1.1225017309188843,
  "eye_spacing_ratio_mean": 0.6495973467826843,
  "eye_spacing_ratio_std": 0.03749912977218628,
  "eye_spacing_ratio_median": 0.6559169292449951,
  "eye_spacing_ratio_max": 0.7569064497947693,
  "jaw_ratio_mean": 0.791595458984375,
  "jaw_ratio_std": 0.014721391722559929,
  "jaw_ratio_median": 0.7887899875640869,
  "jaw_ratio_max": 0.8380311131477356,
  "smile_intensity_mean": 0.06150783970952034,
  "smile_intensity_std": 0.1509419083595276,
  "smile_intensity_median": 0.00877094455063343,
  "smile_intensity_max": 0.6551105976104736,
  "eye_contact_mean": 0.9500817656517029,
  "eye_contact_std": 0.04981881380081177,
  "eye_contact_median": 0.9675441980361938,
  "eye_contact_max": 0.9995821714401245,
  "eye_openness_mean": 0.7768183946609497,
  "eye_openness_std": 0.21180737018585205,
  "eye_openness_median": 0.8834277987480164,
  "eye_openness_max": 1.0,
  "gaze_stability_mean": 0.9714964628219604,
  "gaze_stability_std": 0.03176702931523323,
  "gaze_stability_median": 0.9789416193962097,
  "gaze_stability_max": 1.0,
  "head_tilt_mean": 0.07185705006122589,
  "head_tilt_std": 0.04513752833008766,
  "head_tilt_median": 0.061186403036117554,
  "head_tilt_max": 0.16800284385681152,
  "expression_speed_mean": 0.19454534351825714,
  "expression_speed_std": 0.18251919746398926,
  "expression_speed_median": 0.11416354030370712,
  "expression_speed_max": 0.7726473212242126,
  "happy_mean": 0.1570599228143692,
  "happy_std": 0.33385542035102844,
  "happy_median": 0.00024301171652041376,
  "happy_max": 0.9998088479042053,
  "neutral_mean": 0.21556244790554047,
  "neutral_std": 0.2833138704299927,
  "neutral_median": 0.05699170380830765,
  "neutral_max": 0.9611309170722961,
  "surprise_mean": 0.0004537038621492684,
  "surprise_std": 0.0011964797740802169,
  "surprise_median": 1.0714342352002859e-05,
  "surprise_max": 0.006549151614308357,
  "processed_frames": 70.0,
  "video_name": "1.mp4"
}