{
  "expression_speed_max": 0.8125677042537265,
  "expression_speed_mean": 0.1612861305475235,
  "expression_speed_median": 0.08497228018111652,
  "expression_speed_std": 0.18474093079566956,
  "eye_contact_max": 0.9989578458997939,
  "eye_contact_mean": 0.9465251631206937,
  "eye_contact_median": 0.9591135912471347,
  "eye_contact_std": 0.04740826413035393,
  "eye_openness_max": 1.0,
  "eye_openness_mean": 0.8162878619299995,
  "eye_openness_median": 0.9199689891603258,
  "eye_openness_std": 0.22037318348884583,
  "eye_spacing_ratio_max": 0.7473237580723233,
  "eye_spacing_ratio_mean": 0.6550302571720548,
  "eye_spacing_ratio_median": 0.6627981000476413,
  "eye_spacing_ratio_std": 0.036699899989697665,
  "face_width_height_ratio_max": 1.097953153981103,
  "face_width_height_ratio_mean": 0.856129977438185,
  "face_width_height_ratio_median": 0.8672883709271749,
  "face_width_height_ratio_std": 0.08665536468227704,
  "facial_symmetry_max": 0.9981114135848151,
  "facial_symmetry_mean": 0.8493135571479797,
  "facial_symmetry_median": 0.8684607545534769,
  "facial_symmetry_std": 0.10753958258363935,
  "gaze_stability_max": 1.0,
  "gaze_stability_mean": 0.9787737594710456,
  "gaze_stability_median": 0.9886928465631273,
  "gaze_stability_std": 0.029520951625373628,
  "happy_max": 0.9068905413150787,
  "happy_mean": 0.23929332403673065,
  "happy_median": 0.08811986585108873,
  "happy_std": 0.3425438246793217,
  "head_tilt_max": 0.6148177219761742,
  "head_tilt_mean": 0.17852526903152466,
  "head_tilt_median": 0.12352300352520412,
  "head_tilt_std": 0.16485905191964573,
  "jaw_ratio_max": 0.859121753109826,
  "jaw_ratio_mean": 0.7978093425432841,
  "jaw_ratio_median": 0.7966861857308282,
  "jaw_ratio_std": 0.020091106080346637,
  "neutral_max": 0.994451277785831,
  "neutral_mean": 0.292477332883411,
  "neutral_median": 0.1211574492820849,
  "neutral_std": 0.35572270552317303,
  "processed_frames": 98.33333333333333,
  "smile_intensity_max": 0.8166197571489546,
  "smile_intensity_mean": 0.2618386418455177,
  "smile_intensity_median": 0.23033960680994722,
  "smile_intensity_std": 0.2280376073386934,
  "surprise_max": 0.46249301033094525,
  "surprise_mean": 0.008459805766405124,
  "surprise_median": 5.050876644140266e-06,
  "surprise_std": 0.05203623810666613,
  "video_count": 9.0,
  "valid_video_count": 9.0,
  "valid_video_ratio": 1.0,
  "total_processed_frames": 885.0,
  "avg_processed_frames": 98.33333333333333,
  "quality_score": 0.8622222222222222,
  "person_name": "Komatsu Nana"
}