{
  "facial_symmetry_mean": 0.870056688785553,
  "facial_symmetry_std": 0.10582760721445084,
  "facial_symmetry_median": 0.8906832933425903,
  "facial_symmetry_max": 0.9969432353973389,
  "face_width_height_ratio_mean": 1.0672167539596558,
  "face_width_height_ratio_std": 0.12196826934814453,
  "face_width_height_ratio_median": 1.07880437374115,
  "face_width_height_ratio_max": 1.3425936698913574,
  "eye_spacing_ratio_mean": 0.6532517075538635,
  "eye_spacing_ratio_std": 0.03525105118751526,
  "eye_spacing_ratio_median": 0.6566385626792908,
  "eye_spacing_ratio_max": 0.7603945136070251,
  "jaw_ratio_mean": 0.7690746188163757,
  "jaw_ratio_std": 0.024397168308496475,
  "jaw_ratio_median": 0.7691371440887451,
  "jaw_ratio_max": 0.8771822452545166,
  "smile_intensity_mean": 0.1457533836364746,
  "smile_intensity_std": 0.20057690143585205,
  "smile_intensity_median": 0.04350779950618744,
  "smile_intensity_max": 1.0,
  "eye_contact_mean": 0.9530758261680603,
  "eye_contact_std": 0.047112464904785156,
  "eye_contact_median": 0.9721131324768066,
  "eye_contact_max": 0.9998623132705688,
  "eye_openness_mean": 0.739982545375824,
  "eye_openness_std": 0.2567153871059418,
  "eye_openness_median": 0.8413051962852478,
  "eye_openness_max": 1.0,
  "gaze_stability_mean": 0.9837697744369507,
  "gaze_stability_std": 0.0222970899194479,
  "gaze_stability_median": 0.9925894737243652,
  "gaze_stability_max": 1.0,
  "head_tilt_mean": 0.09110710024833679,
  "head_tilt_std": 0.07031523436307907,
  "head_tilt_median": 0.08619815111160278,
  "head_tilt_max": 0.3012697398662567,
  "expression_speed_mean": 0.18606415390968323,
  "expression_speed_std": 0.20531287789344788,
  "expression_speed_median": 0.08821116387844086,
  "expression_speed_max": 0.907368004322052,
  "happy_mean": 0.28284794092178345,
  "happy_std": 0.3903229236602783,
  "happy_median": 0.018379656597971916,
  "happy_max": 1.0,
  "neutral_mean": 0.3861353397369385,
  "neutral_std": 0.39228975772857666,
  "neutral_median": 0.17207258939743042,
  "neutral_max": 0.9996481537818909,
  "surprise_mean": 0.00827778410166502,
  "surprise_std": 0.040261656045913696,
  "surprise_median": 6.170228516566567e-06,
  "surprise_max": 0.39406073093414307,
  "processed_frames": 113.0,
  "video_name": "1 (2).mp4"
}