{
  "facial_symmetry_mean": 0.6929377317428589,
  "facial_symmetry_std": 0.08377011120319366,
  "facial_symmetry_median": 0.6681911945343018,
  "facial_symmetry_max": 0.9262455701828003,
  "face_width_height_ratio_mean": 0.9673917889595032,
  "face_width_height_ratio_std": 0.06198294088244438,
  "face_width_height_ratio_median": 0.9494900107383728,
  "face_width_height_ratio_max": 1.1095341444015503,
  "eye_spacing_ratio_mean": 0.6192958950996399,
  "eye_spacing_ratio_std": 0.02112787961959839,
  "eye_spacing_ratio_median": 0.6165125370025635,
  "eye_spacing_ratio_max": 0.6577567458152771,
  "jaw_ratio_mean": 0.7670055031776428,
  "jaw_ratio_std": 0.009870322421193123,
  "jaw_ratio_median": 0.7657826542854309,
  "jaw_ratio_max": 0.8067747354507446,
  "smile_intensity_mean": 0.029803210869431496,
  "smile_intensity_std": 0.02310825139284134,
  "smile_intensity_median": 0.023937277495861053,
  "smile_intensity_max": 0.13439275324344635,
  "eye_contact_mean": 0.9140636324882507,
  "eye_contact_std": 0.03397372364997864,
  "eye_contact_median": 0.903993546962738,
  "eye_contact_max": 0.996107816696167,
  "eye_openness_mean": 0.9960174560546875,
  "eye_openness_std": 0.031856290996074677,
  "eye_openness_median": 1.0,
  "eye_openness_max": 1.0,
  "gaze_stability_mean": 0.9883229732513428,
  "gaze_stability_std": 0.012982891872525215,
  "gaze_stability_median": 0.991955578327179,
  "gaze_stability_max": 1.0,
  "head_tilt_mean": 0.05221198499202728,
  "head_tilt_std": 0.09171667695045471,
  "head_tilt_median": 0.02418532967567444,
  "head_tilt_max": 0.39106056094169617,
  "expression_speed_mean": 0.033616114407777786,
  "expression_speed_std": 0.04561112821102142,
  "expression_speed_median": 0.023383721709251404,
  "expression_speed_max": 0.314858078956604,
  "happy_mean": 0.06200425699353218,
  "happy_std": 0.1670665591955185,
  "happy_median": 0.0002313778386451304,
  "happy_max": 0.9755518436431885,
  "neutral_mean": 0.34037256240844727,
  "neutral_std": 0.390594482421875,
  "neutral_median": 0.07735632359981537,
  "neutral_max": 0.9997715950012207,
  "surprise_mean": 0.0031964508816599846,
  "surprise_std": 0.018790796399116516,
  "surprise_median": 7.020793873380171e-06,
  "surprise_max": 0.16177937388420105,
  "processed_frames": 89.0,
  "video_name": "1 (3).mp4"
}