{
  "facial_symmetry_mean": 0.5368462204933167,
  "facial_symmetry_std": 0.018072592094540596,
  "facial_symmetry_median": 0.5302087068557739,
  "facial_symmetry_max": 0.5779341459274292,
  "face_width_height_ratio_mean": 1.1627159118652344,
  "face_width_height_ratio_std": 0.06002359464764595,
  "face_width_height_ratio_median": 1.164734125137329,
  "face_width_height_ratio_max": 1.247083306312561,
  "eye_spacing_ratio_mean": 0.6370077133178711,
  "eye_spacing_ratio_std": 0.014480999670922756,
  "eye_spacing_ratio_median": 0.6329261064529419,
  "eye_spacing_ratio_max": 0.6857423186302185,
  "jaw_ratio_mean": 0.7844766974449158,
  "jaw_ratio_std": 0.020063413307070732,
  "jaw_ratio_median": 0.7796192169189453,
  "jaw_ratio_max": 0.8139183521270752,
  "smile_intensity_mean": 0.38305428624153137,
  "smile_intensity_std": 0.08761454373598099,
  "smile_intensity_median": 0.34733837842941284,
  "smile_intensity_max": 0.5423708558082581,
  "eye_contact_mean": 0.8220747113227844,
  "eye_contact_std": 0.024236682802438736,
  "eye_contact_median": 0.8177595138549805,
  "eye_contact_max": 0.8797050714492798,
  "eye_openness_mean": 0.9750056862831116,
  "eye_openness_std": 0.06502076983451843,
  "eye_openness_median": 1.0,
  "eye_openness_max": 1.0,
  "gaze_stability_mean": 0.9840666651725769,
  "gaze_stability_std": 0.01835133321583271,
  "gaze_stability_median": 0.9908370971679688,
  "gaze_stability_max": 1.0,
  "head_tilt_mean": 0.12091467529535294,
  "head_tilt_std": 0.08927267789840698,
  "head_tilt_median": 0.10741390287876129,
  "head_tilt_max": 0.29270172119140625,
  "expression_speed_mean": 0.05466330051422119,
  "expression_speed_std": 0.06969258189201355,
  "expression_speed_median": 0.029591206461191177,
  "expression_speed_max": 0.3426157236099243,
  "happy_mean": 0.11564073711633682,
  "happy_std": 0.2827247381210327,
  "happy_median": 8.00614452600712e-06,
  "happy_max": 0.9998946785926819,
  "neutral_mean": 0.35498663783073425,
  "neutral_std": 0.4254113733768463,
  "neutral_median": 0.07746836543083191,
  "neutral_max": 0.9988874197006226,
  "surprise_mean": 4.1917437556548975e-06,
  "surprise_std": 2.1356021534302272e-05,
  "surprise_median": 1.749777753246029e-11,
  "surprise_max": 0.0001330054656136781,
  "processed_frames": 56.0,
  "video_name": "1 (4).mp4"
}