{
  "facial_symmetry_mean": 0.8091803789138794,
  "facial_symmetry_std": 0.17352892458438873,
  "facial_symmetry_median": 0.8752157688140869,
  "facial_symmetry_max": 0.9987413287162781,
  "face_width_height_ratio_mean": 1.025012731552124,
  "face_width_height_ratio_std": 0.10502810776233673,
  "face_width_height_ratio_median": 1.0459833145141602,
  "face_width_height_ratio_max": 1.4880965948104858,
  "eye_spacing_ratio_mean": 0.6459295153617859,
  "eye_spacing_ratio_std": 0.02527851052582264,
  "eye_spacing_ratio_median": 0.6479262113571167,
  "eye_spacing_ratio_max": 0.6998540759086609,
  "jaw_ratio_mean": 0.7678585052490234,
  "jaw_ratio_std": 0.020851781591773033,
  "jaw_ratio_median": 0.7705260515213013,
  "jaw_ratio_max": 0.832873523235321,
  "smile_intensity_mean": 0.22380784153938293,
  "smile_intensity_std": 0.19674377143383026,
  "smile_intensity_median": 0.23783183097839355,
  "smile_intensity_max": 1.0,
  "eye_contact_mean": 0.9343730211257935,
  "eye_contact_std": 0.06512841582298279,
  "eye_contact_median": 0.9616440534591675,
  "eye_contact_max": 0.9997353553771973,
  "eye_openness_mean": 0.8407847881317139,
  "eye_openness_std": 0.21853257715702057,
  "eye_openness_median": 1.0,
  "eye_openness_max": 1.0,
  "gaze_stability_mean": 0.9843728542327881,
  "gaze_stability_std": 0.024345286190509796,
  "gaze_stability_median": 0.9922888278961182,
  "gaze_stability_max": 1.0,
  "head_tilt_mean": 0.3136179745197296,
  "head_tilt_std": 0.2849084734916687,
  "head_tilt_median": 0.24831794202327728,
  "head_tilt_max": 1.0,
  "expression_speed_mean": 0.12995347380638123,
  "expression_speed_std": 0.17407669126987457,
  "expression_speed_median": 0.04915063828229904,
  "expression_speed_max": 0.9421784281730652,
  "happy_mean": 0.3856106996536255,
  "happy_std": 0.4633657932281494,
  "happy_median": 0.013956457376480103,
  "happy_max": 0.9999423027038574,
  "neutral_mean": 0.2223701924085617,
  "neutral_std": 0.3359968066215515,
  "neutral_median": 0.01994677260518074,
  "neutral_max": 0.9982696175575256,
  "surprise_mean": 0.05059429630637169,
  "surprise_std": 0.18898652493953705,
  "surprise_median": 1.2728817182505736e-06,
  "surprise_max": 0.9966282248497009,
  "processed_frames": 170.0,
  "video_name": "1 (5).mp4"
}