{
  "facial_symmetry_mean": 0.8497201800346375,
  "facial_symmetry_std": 0.09229861944913864,
  "facial_symmetry_median": 0.8566620349884033,
  "facial_symmetry_max": 0.9926955699920654,
  "face_width_height_ratio_mean": 1.3891478776931763,
  "face_width_height_ratio_std": 0.14551900327205658,
  "face_width_height_ratio_median": 1.3931941986083984,
  "face_width_height_ratio_max": 1.864311933517456,
  "eye_spacing_ratio_mean": 0.6643164157867432,
  "eye_spacing_ratio_std": 0.021091751754283905,
  "eye_spacing_ratio_median": 0.6635928750038147,
  "eye_spacing_ratio_max": 0.707586944103241,
  "jaw_ratio_mean": 0.7453321218490601,
  "jaw_ratio_std": 0.024159543216228485,
  "jaw_ratio_median": 0.7503893971443176,
  "jaw_ratio_max": 0.8015273809432983,
  "smile_intensity_mean": 0.07917074114084244,
  "smile_intensity_std": 0.10380198061466217,
  "smile_intensity_median": 0.027464617043733597,
  "smile_intensity_max": 0.5678102970123291,
  "eye_contact_mean": 0.9584267735481262,
  "eye_contact_std": 0.028867265209555626,
  "eye_contact_median": 0.9592838287353516,
  "eye_contact_max": 0.9999804496765137,
  "eye_openness_mean": 0.6175026297569275,
  "eye_openness_std": 0.2791118323802948,
  "eye_openness_median": 0.627045750617981,
  "eye_openness_max": 1.0,
  "gaze_stability_mean": 0.9885947704315186,
  "gaze_stability_std": 0.018213870003819466,
  "gaze_stability_median": 0.9956702589988708,
  "gaze_stability_max": 1.0,
  "head_tilt_mean": 0.07827500253915787,
  "head_tilt_std": 0.08760344982147217,
  "head_tilt_median": 0.033517107367515564,
  "head_tilt_max": 0.3001876175403595,
  "expression_speed_mean": 0.10363868623971939,
  "expression_speed_std": 0.1499955952167511,
  "expression_speed_median": 0.037482403218746185,
  "expression_speed_max": 0.6421765089035034,
  "happy_mean": 0.14042511582374573,
  "happy_std": 0.32275331020355225,
  "happy_median": 0.001060516806319356,
  "happy_max": 0.9999983906745911,
  "neutral_mean": 0.3643058240413666,
  "neutral_std": 0.41076797246932983,
  "neutral_median": 0.08373148739337921,
  "neutral_max": 0.9987885355949402,
  "surprise_mean": 0.05169333890080452,
  "surprise_std": 0.16009478271007538,
  "surprise_median": 8.11208246886963e-06,
  "surprise_max": 0.9117305278778076,
  "processed_frames": 94.0,
  "video_name": "1 (6).mp4"
}