{
  "facial_symmetry_mean": 0.804588794708252,
  "facial_symmetry_std": 0.10468921065330505,
  "facial_symmetry_median": 0.8112059831619263,
  "facial_symmetry_max": 0.9969921112060547,
  "face_width_height_ratio_mean": 1.3139723539352417,
  "face_width_height_ratio_std": 0.10260696709156036,
  "face_width_height_ratio_median": 1.3481581211090088,
  "face_width_height_ratio_max": 1.493148922920227,
  "eye_spacing_ratio_mean": 0.6633091568946838,
  "eye_spacing_ratio_std": 0.021075202152132988,
  "eye_spacing_ratio_median": 0.6658502817153931,
  "eye_spacing_ratio_max": 0.7060369253158569,
  "jaw_ratio_mean": 0.765159010887146,
  "jaw_ratio_std": 0.016966208815574646,
  "jaw_ratio_median": 0.7632306814193726,
  "jaw_ratio_max": 0.8088541626930237,
  "smile_intensity_mean": 0.14289610087871552,
  "smile_intensity_std": 0.13445444405078888,
  "smile_intensity_median": 0.14997203648090363,
  "smile_intensity_max": 0.5621446371078491,
  "eye_contact_mean": 0.9717757105827332,
  "eye_contact_std": 0.02583513781428337,
  "eye_contact_median": 0.9778191447257996,
  "eye_contact_max": 0.9999880790710449,
  "eye_openness_mean": 0.9314810633659363,
  "eye_openness_std": 0.1356750726699829,
  "eye_openness_median": 1.0,
  "eye_openness_max": 1.0,
  "gaze_stability_mean": 0.990109920501709,
  "gaze_stability_std": 0.013039747253060341,
  "gaze_stability_median": 0.99407958984375,
  "gaze_stability_max": 1.0,
  "head_tilt_mean": 0.12013788521289825,
  "head_tilt_std": 0.07976388186216354,
  "head_tilt_median": 0.11469602584838867,
  "head_tilt_max": 0.37840455770492554,
  "expression_speed_mean": 0.14173685014247894,
  "expression_speed_std": 0.14069558680057526,
  "expression_speed_median": 0.09355324506759644,
  "expression_speed_max": 0.6782188415527344,
  "happy_mean": 0.39418020844459534,
  "happy_std": 0.44303491711616516,
  "happy_median": 0.07561757415533066,
  "happy_max": 0.9999988675117493,
  "neutral_mean": 0.1129358634352684,
  "neutral_std": 0.2710713744163513,
  "neutral_median": 0.00014409387949854136,
  "neutral_max": 0.9651046991348267,
  "surprise_mean": 0.0065751755610108376,
  "surprise_std": 0.025769688189029694,
  "surprise_median": 2.0939305045430956e-07,
  "surprise_max": 0.14758490025997162,
  "processed_frames": 70.0,
  "video_name": "1 (7).mp4"
}