{
  "facial_symmetry_mean": 0.82966548204422,
  "facial_symmetry_std": 0.1639433652162552,
  "facial_symmetry_median": 0.9220179319381714,
  "facial_symmetry_max": 0.9931086897850037,
  "face_width_height_ratio_mean": 1.3558896780014038,
  "face_width_height_ratio_std": 0.10751651972532272,
  "face_width_height_ratio_median": 1.3992536067962646,
  "face_width_height_ratio_max": 1.4928183555603027,
  "eye_spacing_ratio_mean": 0.6700465083122253,
  "eye_spacing_ratio_std": 0.018713483586907387,
  "eye_spacing_ratio_median": 0.6764004826545715,
  "eye_spacing_ratio_max": 0.7001535892486572,
  "jaw_ratio_mean": 0.7675023674964905,
  "jaw_ratio_std": 0.023728659376502037,
  "jaw_ratio_median": 0.7630214691162109,
  "jaw_ratio_max": 0.8209851384162903,
  "smile_intensity_mean": 0.039293501526117325,
  "smile_intensity_std": 0.07241608947515488,
  "smile_intensity_median": 0.0049153659492731094,
  "smile_intensity_max": 0.24731919169425964,
  "eye_contact_mean": 0.917027473449707,
  "eye_contact_std": 0.07729584723711014,
  "eye_contact_median": 0.9566631317138672,
  "eye_contact_max": 0.9972854852676392,
  "eye_openness_mean": 0.9094675779342651,
  "eye_openness_std": 0.19768284261226654,
  "eye_openness_median": 1.0,
  "eye_openness_max": 1.0,
  "gaze_stability_mean": 0.9792372584342957,
  "gaze_stability_std": 0.025744928047060966,
  "gaze_stability_median": 0.989633321762085,
  "gaze_stability_max": 1.0,
  "head_tilt_mean": 0.1398833990097046,
  "head_tilt_std": 0.11487698554992676,
  "head_tilt_median": 0.09118020534515381,
  "head_tilt_max": 0.3947378695011139,
  "expression_speed_mean": 0.1091184914112091,
  "expression_speed_std": 0.19142837822437286,
  "expression_speed_median": 0.03095909208059311,
  "expression_speed_max": 0.7372507452964783,
  "happy_mean": 0.20115584135055542,
  "happy_std": 0.2925817370414734,
  "happy_median": 0.027600139379501343,
  "happy_max": 0.9571695923805237,
  "neutral_mean": 0.38667044043540955,
  "neutral_std": 0.37772834300994873,
  "neutral_median": 0.22648745775222778,
  "neutral_max": 0.9999933838844299,
  "surprise_mean": 0.020360620692372322,
  "surprise_std": 0.05500670149922371,
  "surprise_median": 9.2349509941414e-05,
  "surprise_max": 0.33292970061302185,
  "processed_frames": 72.0,
  "video_name": "1 (8).mp4"
}