{
  "facial_symmetry_mean": 0.7841770052909851,
  "facial_symmetry_std": 0.1273012012243271,
  "facial_symmetry_median": 0.7678634524345398,
  "facial_symmetry_max": 0.9989802241325378,
  "face_width_height_ratio_mean": 1.0241410732269287,
  "face_width_height_ratio_std": 0.12912283837795258,
  "face_width_height_ratio_median": 1.0595719814300537,
  "face_width_height_ratio_max": 1.5424460172653198,
  "eye_spacing_ratio_mean": 0.6650508642196655,
  "eye_spacing_ratio_std": 0.03932555019855499,
  "eye_spacing_ratio_median": 0.6680456399917603,
  "eye_spacing_ratio_max": 0.7529406547546387,
  "jaw_ratio_mean": 0.7698829770088196,
  "jaw_ratio_std": 0.02507968060672283,
  "jaw_ratio_median": 0.7659773230552673,
  "jaw_ratio_max": 0.8770948648452759,
  "smile_intensity_mean": 0.08052784204483032,
  "smile_intensity_std": 0.12776929140090942,
  "smile_intensity_median": 0.010721446946263313,
  "smile_intensity_max": 0.6703004837036133,
  "eye_contact_mean": 0.9472652077674866,
  "eye_contact_std": 0.06358962506055832,
  "eye_contact_median": 0.9705528020858765,
  "eye_contact_max": 0.9999749660491943,
  "eye_openness_mean": 0.9890402555465698,
  "eye_openness_std": 0.06435628235340118,
  "eye_openness_median": 1.0,
  "eye_openness_max": 1.0,
  "gaze_stability_mean": 0.9688581824302673,
  "gaze_stability_std": 0.05588066205382347,
  "gaze_stability_median": 0.9883309602737427,
  "gaze_stability_max": 1.0,
  "head_tilt_mean": 0.17952623963356018,
  "head_tilt_std": 0.2083747386932373,
  "head_tilt_median": 0.0855448842048645,
  "head_tilt_max": 0.898390531539917,
  "expression_speed_mean": 0.13590015470981598,
  "expression_speed_std": 0.1740722358226776,
  "expression_speed_median": 0.045037031173706055,
  "expression_speed_max": 0.7287358045578003,
  "happy_mean": 0.16024693846702576,
  "happy_std": 0.31499966979026794,
  "happy_median": 0.00998934730887413,
  "happy_max": 0.9999997019767761,
  "neutral_mean": 0.5310840606689453,
  "neutral_std": 0.41369208693504333,
  "neutral_median": 0.6745350360870361,
  "neutral_max": 0.9999942779541016,
  "surprise_mean": 0.03953699395060539,
  "surprise_std": 0.14435480535030365,
  "surprise_median": 6.244449082259962e-07,
  "surprise_max": 0.8330711126327515,
  "processed_frames": 89.0,
  "video_name": "1.mp4"
}