{
  "expression_speed_max": 0.6616752669215202,
  "expression_speed_mean": 0.11183640314266086,
  "expression_speed_median": 0.04967106273397803,
  "expression_speed_std": 0.14386063441634178,
  "eye_contact_max": 0.9840799421072006,
  "eye_contact_mean": 0.9272602945566177,
  "eye_contact_median": 0.9399786442518234,
  "eye_contact_std": 0.045754895312711596,
  "eye_openness_max": 1.0,
  "eye_openness_mean": 0.8749102503061295,
  "eye_openness_median": 0.9335438683629036,
  "eye_openness_std": 0.1561188818886876,
  "eye_spacing_ratio_max": 0.7088082209229469,
  "eye_spacing_ratio_mean": 0.6522759720683098,
  "eye_spacing_ratio_median": 0.6534865871071815,
  "eye_spacing_ratio_std": 0.02454305358696729,
  "face_width_height_ratio_max": 1.4475041180849075,
  "face_width_height_ratio_mean": 1.1631860211491585,
  "face_width_height_ratio_median": 1.1798987165093422,
  "face_width_height_ratio_std": 0.10422103013843298,
  "facial_symmetry_max": 0.9352051094174385,
  "facial_symmetry_mean": 0.7721465602517128,
  "facial_symmetry_median": 0.7902560457587242,
  "facial_symmetry_std": 0.10867895395494998,
  "gaze_stability_max": 1.0,
  "gaze_stability_mean": 0.9834165498614311,
  "gaze_stability_median": 0.99192313849926,
  "gaze_stability_std": 0.023856976069509983,
  "happy_max": 0.991569422185421,
  "happy_mean": 0.21776396734640002,
  "happy_median": 0.01835538445095608,
  "happy_std": 0.3346062060445547,
  "head_tilt_max": 0.4945940747857094,
  "head_tilt_mean": 0.13695928268134594,
  "head_tilt_median": 0.09888169355690479,
  "head_tilt_std": 0.12835401482880116,
  "jaw_ratio_max": 0.8299013003706932,
  "jaw_ratio_mean": 0.7670364752411842,
  "jaw_ratio_median": 0.7659604921936989,
  "jaw_ratio_std": 0.02063959720544517,
  "neutral_max": 0.9950572103261948,
  "neutral_mean": 0.33735761512070894,
  "neutral_median": 0.166467765768175,
  "neutral_std": 0.37719402462244034,
  "processed_frames": 94.125,
  "smile_intensity_max": 0.5905422773212194,
  "smile_intensity_mean": 0.14053836348466575,
  "smile_intensity_median": 0.10571109410375357,
  "smile_intensity_std": 0.1183106591925025,
  "surprise_max": 0.4722396970646514,
  "surprise_mean": 0.022529856517280678,
  "surprise_median": 1.4469918996867347e-05,
  "surprise_std": 0.07916078889434175,
  "video_count": 8.0,
  "valid_video_count": 8.0,
  "valid_video_ratio": 1.0,
  "total_processed_frames": 753.0,
  "avg_processed_frames": 94.125,
  "quality_score": 0.851,
  "person_name": "Địch Lệ Nhiệt Ba"
}