{
  "facial_symmetry_mean": 0.7839854955673218,
  "facial_symmetry_std": 0.12194907665252686,
  "facial_symmetry_median": 0.8163098692893982,
  "facial_symmetry_max": 0.9969964623451233,
  "face_width_height_ratio_mean": 1.4288957118988037,
  "face_width_height_ratio_std": 0.0975102037191391,
  "face_width_height_ratio_median": 1.4587152004241943,
  "face_width_height_ratio_max": 1.572113037109375,
  "eye_spacing_ratio_mean": 0.6498443484306335,
  "eye_spacing_ratio_std": 0.02070186659693718,
  "eye_spacing_ratio_median": 0.6456185579299927,
  "eye_spacing_ratio_max": 0.7044945359230042,
  "jaw_ratio_mean": 0.7995153665542603,
  "jaw_ratio_std": 0.023519769310951233,
  "jaw_ratio_median": 0.7941727042198181,
  "jaw_ratio_max": 0.8502276539802551,
  "smile_intensity_mean": 0.269935667514801,
  "smile_intensity_std": 0.20806723833084106,
  "smile_intensity_median": 0.29124876856803894,
  "smile_intensity_max": 1.0,
  "eye_contact_mean": 0.9224470257759094,
  "eye_contact_std": 0.05961058288812637,
  "eye_contact_median": 0.9401413202285767,
  "eye_contact_max": 0.9880605936050415,
  "eye_openness_mean": 0.9137367606163025,
  "eye_openness_std": 0.17655673623085022,
  "eye_openness_median": 1.0,
  "eye_openness_max": 1.0,
  "gaze_stability_mean": 0.9754437804222107,
  "gaze_stability_std": 0.04399053379893303,
  "gaze_stability_median": 0.9879499673843384,
  "gaze_stability_max": 1.0,
  "head_tilt_mean": 0.09230927377939224,
  "head_tilt_std": 0.06703610718250275,
  "head_tilt_median": 0.07132723927497864,
  "head_tilt_max": 0.24039983749389648,
  "expression_speed_mean": 0.12767626345157623,
  "expression_speed_std": 0.18697881698608398,
  "expression_speed_median": 0.050216540694236755,
  "expression_speed_max": 0.8156257271766663,
  "happy_mean": 0.46793651580810547,
  "happy_std": 0.47921091318130493,
  "happy_median": 0.07065995037555695,
  "happy_max": 0.9996263980865479,
  "neutral_mean": 0.11848301440477371,
  "neutral_std": 0.26450011134147644,
  "neutral_median": 0.006819557398557663,
  "neutral_max": 0.9951573014259338,
  "surprise_mean": 0.016931580379605293,
  "surprise_std": 0.12519752979278564,
  "surprise_median": 1.2105921996408142e-05,
  "surprise_max": 0.9783996939659119,
  "processed_frames": 60.0,
  "video_name": "1 (2).mp4"
}