{
  "facial_symmetry_mean": 0.8629348278045654,
  "facial_symmetry_std": 0.08472850173711777,
  "facial_symmetry_median": 0.8752121925354004,
  "facial_symmetry_max": 0.9986224174499512,
  "face_width_height_ratio_mean": 1.3143811225891113,
  "face_width_height_ratio_std": 0.18260136246681213,
  "face_width_height_ratio_median": 1.3483304977416992,
  "face_width_height_ratio_max": 1.5430841445922852,
  "eye_spacing_ratio_mean": 0.639108419418335,
  "eye_spacing_ratio_std": 0.030059093609452248,
  "eye_spacing_ratio_median": 0.643105685710907,
  "eye_spacing_ratio_max": 0.7067440748214722,
  "jaw_ratio_mean": 0.7898104190826416,
  "jaw_ratio_std": 0.02285086363554001,
  "jaw_ratio_median": 0.7869725823402405,
  "jaw_ratio_max": 0.8577429056167603,
  "smile_intensity_mean": 0.20379897952079773,
  "smile_intensity_std": 0.1810128092765808,
  "smile_intensity_median": 0.1603451818227768,
  "smile_intensity_max": 0.7507252097129822,
  "eye_contact_mean": 0.9429647326469421,
  "eye_contact_std": 0.0343465693295002,
  "eye_contact_median": 0.9502763748168945,
  "eye_contact_max": 0.9955661296844482,
  "eye_openness_mean": 0.6218330264091492,
  "eye_openness_std": 0.27519211173057556,
  "eye_openness_median": 0.7222062349319458,
  "eye_openness_max": 1.0,
  "gaze_stability_mean": 0.9790326952934265,
  "gaze_stability_std": 0.031493693590164185,
  "gaze_stability_median": 0.9880023002624512,
  "gaze_stability_max": 1.0,
  "head_tilt_mean": 0.08309156447649002,
  "head_tilt_std": 0.09654571115970612,
  "head_tilt_median": 0.053226202726364136,
  "head_tilt_max": 0.42760521173477173,
  "expression_speed_mean": 0.16855286061763763,
  "expression_speed_std": 0.1982399821281433,
  "expression_speed_median": 0.08162438124418259,
  "expression_speed_max": 0.9441297650337219,
  "happy_mean": 0.17227885127067566,
  "happy_std": 0.32400083541870117,
  "happy_median": 0.004754664376378059,
  "happy_max": 0.9996765851974487,
  "neutral_mean": 0.2743091285228729,
  "neutral_std": 0.38354575634002686,
  "neutral_median": 0.012437361292541027,
  "neutral_max": 0.9999995231628418,
  "surprise_mean": 0.009010759182274342,
  "surprise_std": 0.040282417088747025,
  "surprise_median": 4.319733193369757e-07,
  "surprise_max": 0.29461613297462463,
  "processed_frames": 59.0,
  "video_name": "1 (3).mp4"
}