{
  "facial_symmetry_mean": 0.8719854950904846,
  "facial_symmetry_std": 0.040163472294807434,
  "facial_symmetry_median": 0.8655704259872437,
  "facial_symmetry_max": 0.9886932969093323,
  "face_width_height_ratio_mean": 1.35761296749115,
  "face_width_height_ratio_std": 0.08320348709821701,
  "face_width_height_ratio_median": 1.3417004346847534,
  "face_width_height_ratio_max": 1.520034670829773,
  "eye_spacing_ratio_mean": 0.6537556052207947,
  "eye_spacing_ratio_std": 0.024223336949944496,
  "eye_spacing_ratio_median": 0.6526203751564026,
  "eye_spacing_ratio_max": 0.6975932121276855,
  "jaw_ratio_mean": 0.7840691208839417,
  "jaw_ratio_std": 0.018692998215556145,
  "jaw_ratio_median": 0.7835152745246887,
  "jaw_ratio_max": 0.8291687965393066,
  "smile_intensity_mean": 0.15836407244205475,
  "smile_intensity_std": 0.1662948578596115,
  "smile_intensity_median": 0.11098143458366394,
  "smile_intensity_max": 0.6163713335990906,
  "eye_contact_mean": 0.9502893686294556,
  "eye_contact_std": 0.03187360242009163,
  "eye_contact_median": 0.9549130201339722,
  "eye_contact_max": 0.9942952990531921,
  "eye_openness_mean": 0.5567077398300171,
  "eye_openness_std": 0.26671069860458374,
  "eye_openness_median": 0.5090128779411316,
  "eye_openness_max": 1.0,
  "gaze_stability_mean": 0.9881154894828796,
  "gaze_stability_std": 0.017436422407627106,
  "gaze_stability_median": 0.9935376644134521,
  "gaze_stability_max": 1.0,
  "head_tilt_mean": 0.05497555062174797,
  "head_tilt_std": 0.03186213970184326,
  "head_tilt_median": 0.06410911679267883,
  "head_tilt_max": 0.10626718401908875,
  "expression_speed_mean": 0.10901427268981934,
  "expression_speed_std": 0.1289965659379959,
  "expression_speed_median": 0.048066142946481705,
  "expression_speed_max": 0.5056328773498535,
  "happy_mean": 0.4968814551830292,
  "happy_std": 0.4588584899902344,
  "happy_median": 0.7296111583709717,
  "happy_max": 0.9998357892036438,
  "neutral_mean": 0.27129489183425903,
  "neutral_std": 0.40405455231666565,
  "neutral_median": 0.03662428259849548,
  "neutral_max": 0.9999484419822693,
  "surprise_mean": 0.0007584061240777373,
  "surprise_std": 0.002537305234000087,
  "surprise_median": 1.875380121418857e-06,
  "surprise_max": 0.018536431714892387,
  "processed_frames": 65.0,
  "video_name": "1 (4).mp4"
}