{
  "facial_symmetry_mean": 0.8753877282142639,
  "facial_symmetry_std": 0.0950772613286972,
  "facial_symmetry_median": 0.9033320546150208,
  "facial_symmetry_max": 0.9998085498809814,
  "face_width_height_ratio_mean": 0.8269921541213989,
  "face_width_height_ratio_std": 0.06942203640937805,
  "face_width_height_ratio_median": 0.8358700275421143,
  "face_width_height_ratio_max": 1.2452877759933472,
  "eye_spacing_ratio_mean": 0.644719660282135,
  "eye_spacing_ratio_std": 0.023434488102793694,
  "eye_spacing_ratio_median": 0.6457298994064331,
  "eye_spacing_ratio_max": 0.7550022602081299,
  "jaw_ratio_mean": 0.7831403017044067,
  "jaw_ratio_std": 0.023225273936986923,
  "jaw_ratio_median": 0.7815898060798645,
  "jaw_ratio_max": 0.8734940886497498,
  "smile_intensity_mean": 0.2638123035430908,
  "smile_intensity_std": 0.30811867117881775,
  "smile_intensity_median": 0.04316863417625427,
  "smile_intensity_max": 1.0,
  "eye_contact_mean": 0.9581433534622192,
  "eye_contact_std": 0.03899405896663666,
  "eye_contact_median": 0.9699870347976685,
  "eye_contact_max": 0.9999679923057556,
  "eye_openness_mean": 0.8461539149284363,
  "eye_openness_std": 0.2545061409473419,
  "eye_openness_median": 1.0,
  "eye_openness_max": 1.0,
  "gaze_stability_mean": 0.9849220514297485,
  "gaze_stability_std": 0.023023543879389763,
  "gaze_stability_median": 0.9933576583862305,
  "gaze_stability_max": 1.0,
  "head_tilt_mean": 0.1293332725763321,
  "head_tilt_std": 0.19363446533679962,
  "head_tilt_median": 0.06338860839605331,
  "head_tilt_max": 0.95807284116745,
  "expression_speed_mean": 0.17050710320472717,
  "expression_speed_std": 0.23705726861953735,
  "expression_speed_median": 0.062433600425720215,
  "expression_speed_max": 1.0,
  "happy_mean": 0.405619353055954,
  "happy_std": 0.42561984062194824,
  "happy_median": 0.17963120341300964,
  "happy_max": 0.9999984502792358,
  "neutral_mean": 0.22747613489627838,
  "neutral_std": 0.32112908363342285,
  "neutral_median": 0.03670115023851395,
  "neutral_max": 0.9998212456703186,
  "surprise_mean": 0.026599526405334473,
  "surprise_std": 0.12072306871414185,
  "surprise_median": 2.287007009726949e-05,
  "surprise_max": 0.9524078965187073,
  "processed_frames": 346.0,
  "video_name": "1 (5).mp4"
}