{
  "facial_symmetry_mean": 0.8990990519523621,
  "facial_symmetry_std": 0.09373770654201508,
  "facial_symmetry_median": 0.9278087615966797,
  "facial_symmetry_max": 0.9999889135360718,
  "face_width_height_ratio_mean": 0.649628221988678,
  "face_width_height_ratio_std": 0.07649398595094681,
  "face_width_height_ratio_median": 0.6247059106826782,
  "face_width_height_ratio_max": 0.8786962032318115,
  "eye_spacing_ratio_mean": 0.6605002880096436,
  "eye_spacing_ratio_std": 0.031127655878663063,
  "eye_spacing_ratio_median": 0.6564666032791138,
  "eye_spacing_ratio_max": 0.8105688691139221,
  "jaw_ratio_mean": 0.7832357883453369,
  "jaw_ratio_std": 0.020945468917489052,
  "jaw_ratio_median": 0.7875216007232666,
  "jaw_ratio_max": 0.8277199268341064,
  "smile_intensity_mean": 0.21436692774295807,
  "smile_intensity_std": 0.23857204616069794,
  "smile_intensity_median": 0.09305661916732788,
  "smile_intensity_max": 0.8702638149261475,
  "eye_contact_mean": 0.9620435237884521,
  "eye_contact_std": 0.029801754280924797,
  "eye_contact_median": 0.967083215713501,
  "eye_contact_max": 0.9985052347183228,
  "eye_openness_mean": 0.896896481513977,
  "eye_openness_std": 0.2354476898908615,
  "eye_openness_median": 1.0,
  "eye_openness_max": 1.0,
  "gaze_stability_mean": 0.9895808696746826,
  "gaze_stability_std": 0.014298990368843079,
  "gaze_stability_median": 0.9940087199211121,
  "gaze_stability_max": 1.0,
  "head_tilt_mean": 0.21683502197265625,
  "head_tilt_std": 0.28628110885620117,
  "head_tilt_median": 0.11084094643592834,
  "head_tilt_max": 1.0,
  "expression_speed_mean": 0.15329988300800323,
  "expression_speed_std": 0.19934992492198944,
  "expression_speed_median": 0.06351131945848465,
  "expression_speed_max": 0.7554892897605896,
  "happy_mean": 0.19688162207603455,
  "happy_std": 0.325032114982605,
  "happy_median": 0.0023108506575226784,
  "happy_max": 0.9916158318519592,
  "neutral_mean": 0.29930633306503296,
  "neutral_std": 0.31081926822662354,
  "neutral_median": 0.21229109168052673,
  "neutral_max": 0.9459350109100342,
  "surprise_mean": 0.006240273360162973,
  "surprise_std": 0.030196720734238625,
  "surprise_median": 0.00016431789845228195,
  "surprise_max": 0.3010667860507965,
  "processed_frames": 114.0,
  "video_name": "1 (7).mp4"
}