{
  "facial_symmetry_mean": 0.8664293885231018,
  "facial_symmetry_std": 0.06769642233848572,
  "facial_symmetry_median": 0.865018367767334,
  "facial_symmetry_max": 0.991765022277832,
  "face_width_height_ratio_mean": 0.8117691278457642,
  "face_width_height_ratio_std": 0.03571811690926552,
  "face_width_height_ratio_median": 0.8041744232177734,
  "face_width_height_ratio_max": 0.8966944813728333,
  "eye_spacing_ratio_mean": 0.6574957966804504,
  "eye_spacing_ratio_std": 0.017934255301952362,
  "eye_spacing_ratio_median": 0.6596412658691406,
  "eye_spacing_ratio_max": 0.7069926261901855,
  "jaw_ratio_mean": 0.788473904132843,
  "jaw_ratio_std": 0.015462185256183147,
  "jaw_ratio_median": 0.7870094180107117,
  "jaw_ratio_max": 0.8529427647590637,
  "smile_intensity_mean": 0.1770540028810501,
  "smile_intensity_std": 0.2507762312889099,
  "smile_intensity_median": 0.020205534994602203,
  "smile_intensity_max": 1.0,
  "eye_contact_mean": 0.9605343341827393,
  "eye_contact_std": 0.026288902387022972,
  "eye_contact_median": 0.959668755531311,
  "eye_contact_max": 0.9983475804328918,
  "eye_openness_mean": 0.8912769556045532,
  "eye_openness_std": 0.2217852771282196,
  "eye_openness_median": 1.0,
  "eye_openness_max": 1.0,
  "gaze_stability_mean": 0.9887252449989319,
  "gaze_stability_std": 0.01289326325058937,
  "gaze_stability_median": 0.9930235147476196,
  "gaze_stability_max": 1.0,
  "head_tilt_mean": 0.1540355235338211,
  "head_tilt_std": 0.10718826204538345,
  "head_tilt_median": 0.14638257026672363,
  "head_tilt_max": 0.5681891441345215,
  "expression_speed_mean": 0.13828706741333008,
  "expression_speed_std": 0.20501111447811127,
  "expression_speed_median": 0.05070483684539795,
  "expression_speed_max": 0.9785770773887634,
  "happy_mean": 0.15283720195293427,
  "happy_std": 0.2962660491466522,
  "happy_median": 0.0044518280774354935,
  "happy_max": 0.9937987327575684,
  "neutral_mean": 0.3524998724460602,
  "neutral_std": 0.38369250297546387,
  "neutral_median": 0.13970370590686798,
  "neutral_max": 0.9995273947715759,
  "surprise_mean": 0.01116117648780346,
  "surprise_std": 0.08786676079034805,
  "surprise_median": 0.00011496192018967122,
  "surprise_max": 0.9376042485237122,
  "processed_frames": 114.0,
  "video_name": "1 (8).mp4"
}