{
  "facial_symmetry_mean": 0.8984268307685852,
  "facial_symmetry_std": 0.05698305740952492,
  "facial_symmetry_median": 0.9014350175857544,
  "facial_symmetry_max": 0.9934383630752563,
  "face_width_height_ratio_mean": 0.618945300579071,
  "face_width_height_ratio_std": 0.040882326662540436,
  "face_width_height_ratio_median": 0.6133192777633667,
  "face_width_height_ratio_max": 0.7298596501350403,
  "eye_spacing_ratio_mean": 0.6527701616287231,
  "eye_spacing_ratio_std": 0.03372436389327049,
  "eye_spacing_ratio_median": 0.6448954343795776,
  "eye_spacing_ratio_max": 0.799465000629425,
  "jaw_ratio_mean": 0.7866058945655823,
  "jaw_ratio_std": 0.01592447981238365,
  "jaw_ratio_median": 0.7863646745681763,
  "jaw_ratio_max": 0.8286153078079224,
  "smile_intensity_mean": 0.3103201985359192,
  "smile_intensity_std": 0.33917978405952454,
  "smile_intensity_median": 0.0499262660741806,
  "smile_intensity_max": 1.0,
  "eye_contact_mean": 0.9556293487548828,
  "eye_contact_std": 0.028938669711351395,
  "eye_contact_median": 0.9585249423980713,
  "eye_contact_max": 0.9981554746627808,
  "eye_openness_mean": 0.8270795941352844,
  "eye_openness_std": 0.24315209686756134,
  "eye_openness_median": 1.0,
  "eye_openness_max": 1.0,
  "gaze_stability_mean": 0.9828025102615356,
  "gaze_stability_std": 0.020588839426636696,
  "gaze_stability_median": 0.99307781457901,
  "gaze_stability_max": 1.0,
  "head_tilt_mean": 0.11550190299749374,
  "head_tilt_std": 0.07849754393100739,
  "head_tilt_median": 0.0945698469877243,
  "head_tilt_max": 0.3305967152118683,
  "expression_speed_mean": 0.24308863282203674,
  "expression_speed_std": 0.29094943404197693,
  "expression_speed_median": 0.07595129311084747,
  "expression_speed_max": 1.0,
  "happy_mean": 0.6313414573669434,
  "happy_std": 0.41063567996025085,
  "happy_median": 0.9024242162704468,
  "happy_max": 0.9999967217445374,
  "neutral_mean": 0.18704581260681152,
  "neutral_std": 0.2955005466938019,
  "neutral_median": 0.013837385922670364,
  "neutral_max": 0.9981787204742432,
  "surprise_mean": 0.04053305834531784,
  "surprise_std": 0.18859659135341644,
  "surprise_median": 7.491747965104878e-05,
  "surprise_max": 0.994983434677124,
  "processed_frames": 80.0,
  "video_name": "1.mp4"
}