{
  "facial_symmetry_mean": 0.8809905052185059,
  "facial_symmetry_std": 0.10932430624961853,
  "facial_symmetry_median": 0.9225660562515259,
  "facial_symmetry_max": 0.995782196521759,
  "face_width_height_ratio_mean": 0.5953125953674316,
  "face_width_height_ratio_std": 0.05568385496735573,
  "face_width_height_ratio_median": 0.6172114610671997,
  "face_width_height_ratio_max": 0.7220486402511597,
  "eye_spacing_ratio_mean": 0.6333147883415222,
  "eye_spacing_ratio_std": 0.03380690515041351,
  "eye_spacing_ratio_median": 0.6443973779678345,
  "eye_spacing_ratio_max": 0.684602677822113,
  "jaw_ratio_mean": 0.7985696196556091,
  "jaw_ratio_std": 0.010531770065426826,
  "jaw_ratio_median": 0.7973635196685791,
  "jaw_ratio_max": 0.8335721492767334,
  "smile_intensity_mean": 0.05411152169108391,
  "smile_intensity_std": 0.1165333166718483,
  "smile_intensity_median": 0.019178759306669235,
  "smile_intensity_max": 0.5443249344825745,
  "eye_contact_mean": 0.9270387887954712,
  "eye_contact_std": 0.09811017662286758,
  "eye_contact_median": 0.9645235538482666,
  "eye_contact_max": 0.9999762177467346,
  "eye_openness_mean": 0.836420476436615,
  "eye_openness_std": 0.3095046281814575,
  "eye_openness_median": 1.0,
  "eye_openness_max": 1.0,
  "gaze_stability_mean": 0.9880219101905823,
  "gaze_stability_std": 0.018694201484322548,
  "gaze_stability_median": 0.9936133623123169,
  "gaze_stability_max": 1.0,
  "head_tilt_mean": 0.17701974511146545,
  "head_tilt_std": 0.08625153452157974,
  "head_tilt_median": 0.1826891303062439,
  "head_tilt_max": 0.3416958451271057,
  "expression_speed_mean": 0.11510531604290009,
  "expression_speed_std": 0.19878554344177246,
  "expression_speed_median": 0.029660871252417564,
  "expression_speed_max": 0.8793131709098816,
  "happy_mean": 0.06638205796480179,
  "happy_std": 0.207757830619812,
  "happy_median": 3.272082904004492e-05,
  "happy_max": 0.9980725049972534,
  "neutral_mean": 0.5480433106422424,
  "neutral_std": 0.37958166003227234,
  "neutral_median": 0.6637000441551208,
  "neutral_max": 0.9880667328834534,
  "surprise_mean": 0.0003607427061069757,
  "surprise_std": 0.0016678235260769725,
  "surprise_median": 8.567099030187819e-08,
  "surprise_max": 0.012297101318836212,
  "processed_frames": 103.0,
  "video_name": "1.mp4"
}