{
  "facial_symmetry_mean": 0.7796640396118164,
  "facial_symmetry_std": 0.13690242171287537,
  "facial_symmetry_median": 0.8087936043739319,
  "facial_symmetry_max": 0.9921702146530151,
  "face_width_height_ratio_mean": 1.0369471311569214,
  "face_width_height_ratio_std": 0.0771799087524414,
  "face_width_height_ratio_median": 1.064611554145813,
  "face_width_height_ratio_max": 1.251564860343933,
  "eye_spacing_ratio_mean": 0.657026469707489,
  "eye_spacing_ratio_std": 0.013873196206986904,
  "eye_spacing_ratio_median": 0.657371461391449,
  "eye_spacing_ratio_max": 0.7132266163825989,
  "jaw_ratio_mean": 0.7795092463493347,
  "jaw_ratio_std": 0.01662507839500904,
  "jaw_ratio_median": 0.7787431478500366,
  "jaw_ratio_max": 0.8153058886528015,
  "smile_intensity_mean": 0.029429256916046143,
  "smile_intensity_std": 0.05550268292427063,
  "smile_intensity_median": 0.0126224085688591,
  "smile_intensity_max": 0.2527380883693695,
  "eye_contact_mean": 0.9522106647491455,
  "eye_contact_std": 0.0541512630879879,
  "eye_contact_median": 0.9838173389434814,
  "eye_contact_max": 0.9999915361404419,
  "eye_openness_mean": 0.9667139649391174,
  "eye_openness_std": 0.09946976602077484,
  "eye_openness_median": 1.0,
  "eye_openness_max": 1.0,
  "gaze_stability_mean": 0.9875749349594116,
  "gaze_stability_std": 0.017465483397245407,
  "gaze_stability_median": 0.9926210641860962,
  "gaze_stability_max": 1.0,
  "head_tilt_mean": 0.18847905099391937,
  "head_tilt_std": 0.14355386793613434,
  "head_tilt_median": 0.1704244315624237,
  "head_tilt_max": 0.5043847560882568,
  "expression_speed_mean": 0.04056740179657936,
  "expression_speed_std": 0.05671514570713043,
  "expression_speed_median": 0.024015843868255615,
  "expression_speed_max": 0.37179917097091675,
  "happy_mean": 0.1793171614408493,
  "happy_std": 0.3634290099143982,
  "happy_median": 2.4734611088206293e-06,
  "happy_max": 0.999858021736145,
  "neutral_mean": 0.39971238374710083,
  "neutral_std": 0.39239394664764404,
  "neutral_median": 0.28149932622909546,
  "neutral_max": 0.9999285936355591,
  "surprise_mean": 5.889961903449148e-05,
  "surprise_std": 0.0002737270842771977,
  "surprise_median": 3.605304144116417e-08,
  "surprise_max": 0.0016719180857762694,
  "processed_frames": 69.0,
  "video_name": "2.mp4"
}