{
  "facial_symmetry_mean": 0.8804334402084351,
  "facial_symmetry_std": 0.059522416442632675,
  "facial_symmetry_median": 0.8897964954376221,
  "facial_symmetry_max": 0.9937617778778076,
  "face_width_height_ratio_mean": 0.5998424291610718,
  "face_width_height_ratio_std": 0.06304576247930527,
  "face_width_height_ratio_median": 0.602077305316925,
  "face_width_height_ratio_max": 0.7924209833145142,
  "eye_spacing_ratio_mean": 0.6397078633308411,
  "eye_spacing_ratio_std": 0.047007013112306595,
  "eye_spacing_ratio_median": 0.6478140354156494,
  "eye_spacing_ratio_max": 0.7467723488807678,
  "jaw_ratio_mean": 0.7872883081436157,
  "jaw_ratio_std": 0.017907125875353813,
  "jaw_ratio_median": 0.7887147665023804,
  "jaw_ratio_max": 0.8369261622428894,
  "smile_intensity_mean": 0.13432876765727997,
  "smile_intensity_std": 0.19099512696266174,
  "smile_intensity_median": 0.04236413538455963,
  "smile_intensity_max": 0.6900368928909302,
  "eye_contact_mean": 0.953500509262085,
  "eye_contact_std": 0.03887147083878517,
  "eye_contact_median": 0.9647704362869263,
  "eye_contact_max": 0.9998911619186401,
  "eye_openness_mean": 0.9100101590156555,
  "eye_openness_std": 0.19008183479309082,
  "eye_openness_median": 1.0,
  "eye_openness_max": 1.0,
  "gaze_stability_mean": 0.976632297039032,
  "gaze_stability_std": 0.02837783843278885,
  "gaze_stability_median": 0.993137001991272,
  "gaze_stability_max": 1.0,
  "head_tilt_mean": 0.09359917044639587,
  "head_tilt_std": 0.07901330292224884,
  "head_tilt_median": 0.07537208497524261,
  "head_tilt_max": 0.2853669226169586,
  "expression_speed_mean": 0.18958596885204315,
  "expression_speed_std": 0.20224542915821075,
  "expression_speed_median": 0.09108798205852509,
  "expression_speed_max": 0.8760644793510437,
  "happy_mean": 0.015203048475086689,
  "happy_std": 0.11088967323303223,
  "happy_median": 4.119038294447819e-06,
  "happy_max": 0.9996150732040405,
  "neutral_mean": 0.24621030688285828,
  "neutral_std": 0.33598005771636963,
  "neutral_median": 0.055761829018592834,
  "neutral_max": 0.9990676045417786,
  "surprise_mean": 0.01560877449810505,
  "surprise_std": 0.0806368812918663,
  "surprise_median": 1.1994086435151985e-06,
  "surprise_max": 0.6554914712905884,
  "processed_frames": 82.0,
  "video_name": "4.mp4"
}