{
  "facial_symmetry_mean": 0.8109015226364136,
  "facial_symmetry_std": 0.16821007430553436,
  "facial_symmetry_median": 0.8938087224960327,
  "facial_symmetry_max": 0.9994272589683533,
  "face_width_height_ratio_mean": 1.0475200414657593,
  "face_width_height_ratio_std": 0.12671595811843872,
  "face_width_height_ratio_median": 1.0348308086395264,
  "face_width_height_ratio_max": 1.4101461172103882,
  "eye_spacing_ratio_mean": 0.6445724368095398,
  "eye_spacing_ratio_std": 0.035301849246025085,
  "eye_spacing_ratio_median": 0.6511462330818176,
  "eye_spacing_ratio_max": 0.7352623343467712,
  "jaw_ratio_mean": 0.7924379110336304,
  "jaw_ratio_std": 0.02256036177277565,
  "jaw_ratio_median": 0.7885014414787292,
  "jaw_ratio_max": 0.8457821011543274,
  "smile_intensity_mean": 0.1878206580877304,
  "smile_intensity_std": 0.20761685073375702,
  "smile_intensity_median": 0.0715804323554039,
  "smile_intensity_max": 0.8749248385429382,
  "eye_contact_mean": 0.9303224086761475,
  "eye_contact_std": 0.07598914951086044,
  "eye_contact_median": 0.959234356880188,
  "eye_contact_max": 0.9978348016738892,
  "eye_openness_mean": 0.7550902962684631,
  "eye_openness_std": 0.2510876953601837,
  "eye_openness_median": 0.80100417137146,
  "eye_openness_max": 1.0,
  "gaze_stability_mean": 0.9709697365760803,
  "gaze_stability_std": 0.04677540808916092,
  "gaze_stability_median": 0.9895600080490112,
  "gaze_stability_max": 1.0,
  "head_tilt_mean": 0.09313509613275528,
  "head_tilt_std": 0.06491004675626755,
  "head_tilt_median": 0.08106142282485962,
  "head_tilt_max": 0.2734707295894623,
  "expression_speed_mean": 0.19936011731624603,
  "expression_speed_std": 0.2202882170677185,
  "expression_speed_median": 0.09252183139324188,
  "expression_speed_max": 0.926848828792572,
  "happy_mean": 0.21195675432682037,
  "happy_std": 0.3427998721599579,
  "happy_median": 0.005291120149195194,
  "happy_max": 0.9985426664352417,
  "neutral_mean": 0.2546517848968506,
  "neutral_std": 0.31086474657058716,
  "neutral_median": 0.11092124134302139,
  "neutral_max": 0.9953816533088684,
  "surprise_mean": 0.029600709676742554,
  "surprise_std": 0.11707831174135208,
  "surprise_median": 7.887025276431814e-05,
  "surprise_max": 0.9502438306808472,
  "processed_frames": 113.0,
  "video_name": "5.mp4"
}