{
  "facial_symmetry_mean": 0.885339617729187,
  "facial_symmetry_std": 0.07373667508363724,
  "facial_symmetry_median": 0.9005166888237,
  "facial_symmetry_max": 0.9947514533996582,
  "face_width_height_ratio_mean": 0.8085259199142456,
  "face_width_height_ratio_std": 0.07684992998838425,
  "face_width_height_ratio_median": 0.7811114192008972,
  "face_width_height_ratio_max": 1.0397852659225464,
  "eye_spacing_ratio_mean": 0.6490378975868225,
  "eye_spacing_ratio_std": 0.03848223760724068,
  "eye_spacing_ratio_median": 0.6470469236373901,
  "eye_spacing_ratio_max": 0.8392987251281738,
  "jaw_ratio_mean": 0.7804259061813354,
  "jaw_ratio_std": 0.02326112985610962,
  "jaw_ratio_median": 0.7768430113792419,
  "jaw_ratio_max": 0.8383787274360657,
  "smile_intensity_mean": 0.3577382564544678,
  "smile_intensity_std": 0.33923086524009705,
  "smile_intensity_median": 0.25287896394729614,
  "smile_intensity_max": 1.0,
  "eye_contact_mean": 0.9679320454597473,
  "eye_contact_std": 0.02204807661473751,
  "eye_contact_median": 0.9720398187637329,
  "eye_contact_max": 0.9995986223220825,
  "eye_openness_mean": 0.751726508140564,
  "eye_openness_std": 0.2531452775001526,
  "eye_openness_median": 0.9013004899024963,
  "eye_openness_max": 1.0,
  "gaze_stability_mean": 0.9868411421775818,
  "gaze_stability_std": 0.022117262706160545,
  "gaze_stability_median": 0.9942455887794495,
  "gaze_stability_max": 1.0,
  "head_tilt_mean": 0.1412600874900818,
  "head_tilt_std": 0.11366382241249084,
  "head_tilt_median": 0.08764103055000305,
  "head_tilt_max": 0.4109726846218109,
  "expression_speed_mean": 0.25850340723991394,
  "expression_speed_std": 0.2516220211982727,
  "expression_speed_median": 0.17380303144454956,
  "expression_speed_max": 0.9380600452423096,
  "happy_mean": 0.15684975683689117,
  "happy_std": 0.28586044907569885,
  "happy_median": 0.0007059884374029934,
  "happy_max": 0.944511890411377,
  "neutral_mean": 0.20905324816703796,
  "neutral_std": 0.2714916169643402,
  "neutral_median": 0.05621004477143288,
  "neutral_max": 0.9539104700088501,
  "surprise_mean": 0.03441113978624344,
  "surprise_std": 0.08880721777677536,
  "surprise_median": 0.00011649825319182128,
  "surprise_max": 0.48652762174606323,
  "processed_frames": 71.0,
  "video_name": "6.mp4"
}