{
  "facial_symmetry_mean": 0.9087206125259399,
  "facial_symmetry_std": 0.06086299195885658,
  "facial_symmetry_median": 0.9170473217964172,
  "facial_symmetry_max": 0.9992063045501709,
  "face_width_height_ratio_mean": 0.6577690839767456,
  "face_width_height_ratio_std": 0.07670704275369644,
  "face_width_height_ratio_median": 0.6798384785652161,
  "face_width_height_ratio_max": 0.8031872510910034,
  "eye_spacing_ratio_mean": 0.6442216634750366,
  "eye_spacing_ratio_std": 0.02526930719614029,
  "eye_spacing_ratio_median": 0.6475662589073181,
  "eye_spacing_ratio_max": 0.703641414642334,
  "jaw_ratio_mean": 0.7800952196121216,
  "jaw_ratio_std": 0.017458684742450714,
  "jaw_ratio_median": 0.7797350883483887,
  "jaw_ratio_max": 0.8308954238891602,
  "smile_intensity_mean": 0.2852734327316284,
  "smile_intensity_std": 0.26621782779693604,
  "smile_intensity_median": 0.2662110924720764,
  "smile_intensity_max": 1.0,
  "eye_contact_mean": 0.9662272334098816,
  "eye_contact_std": 0.0360090509057045,
  "eye_contact_median": 0.9800758361816406,
  "eye_contact_max": 0.999850332736969,
  "eye_openness_mean": 0.71424400806427,
  "eye_openness_std": 0.2855912744998932,
  "eye_openness_median": 0.8063104152679443,
  "eye_openness_max": 1.0,
  "gaze_stability_mean": 0.9882050156593323,
  "gaze_stability_std": 0.019864434376358986,
  "gaze_stability_median": 0.9951906800270081,
  "gaze_stability_max": 1.0,
  "head_tilt_mean": 0.057182975113391876,
  "head_tilt_std": 0.05460892245173454,
  "head_tilt_median": 0.04290178418159485,
  "head_tilt_max": 0.2999274432659149,
  "expression_speed_mean": 0.13597002625465393,
  "expression_speed_std": 0.16857090592384338,
  "expression_speed_median": 0.06091562286019325,
  "expression_speed_max": 0.7685261964797974,
  "happy_mean": 0.5154942274093628,
  "happy_std": 0.4277814030647278,
  "happy_median": 0.6431815028190613,
  "happy_max": 0.999999463558197,
  "neutral_mean": 0.3121670186519623,
  "neutral_std": 0.36639219522476196,
  "neutral_median": 0.12444744259119034,
  "neutral_max": 0.999966025352478,
  "surprise_mean": 0.0011467811418697238,
  "surprise_std": 0.003110108897089958,
  "surprise_median": 2.6138286557397805e-05,
  "surprise_max": 0.027089081704616547,
  "processed_frames": 187.0,
  "video_name": "1.mp4"
}