{
  "facial_symmetry_mean": 0.9089070558547974,
  "facial_symmetry_std": 0.06097147613763809,
  "facial_symmetry_median": 0.917125940322876,
  "facial_symmetry_max": 0.9992063045501709,
  "face_width_height_ratio_mean": 0.6578723788261414,
  "face_width_height_ratio_std": 0.07690124213695526,
  "face_width_height_ratio_median": 0.6800498962402344,
  "face_width_height_ratio_max": 0.8031872510910034,
  "eye_spacing_ratio_mean": 0.6441693305969238,
  "eye_spacing_ratio_std": 0.02532350830733776,
  "eye_spacing_ratio_median": 0.6473602652549744,
  "eye_spacing_ratio_max": 0.703641414642334,
  "jaw_ratio_mean": 0.7800939679145813,
  "jaw_ratio_std": 0.0175185464322567,
  "jaw_ratio_median": 0.7798721790313721,
  "jaw_ratio_max": 0.8308954238891602,
  "smile_intensity_mean": 0.2839450538158417,
  "smile_intensity_std": 0.2663421332836151,
  "smile_intensity_median": 0.2650347352027893,
  "smile_intensity_max": 1.0,
  "eye_contact_mean": 0.9661064743995667,
  "eye_contact_std": 0.036077287048101425,
  "eye_contact_median": 0.9799699187278748,
  "eye_contact_max": 0.999850332736969,
  "eye_openness_mean": 0.7127076983451843,
  "eye_openness_std": 0.28558623790740967,
  "eye_openness_median": 0.8051674365997314,
  "eye_openness_max": 1.0,
  "gaze_stability_mean": 0.9881181716918945,
  "gaze_stability_std": 0.019892025738954544,
  "gaze_stability_median": 0.9950175881385803,
  "gaze_stability_max": 1.0,
  "head_tilt_mean": 0.057477131485939026,
  "head_tilt_std": 0.05461709201335907,
  "head_tilt_median": 0.04343874752521515,
  "head_tilt_max": 0.2999274432659149,
  "expression_speed_mean": 0.13651534914970398,
  "expression_speed_std": 0.16893072426319122,
  "expression_speed_median": 0.06291402876377106,
  "expression_speed_max": 0.7685261964797974,
  "happy_mean": 0.5156732797622681,
  "happy_std": 0.4289228022098541,
  "happy_median": 0.6623886227607727,
  "happy_max": 0.999999463558197,
  "neutral_mean": 0.31106728315353394,
  "neutral_std": 0.3670678734779358,
  "neutral_median": 0.12424077838659286,
  "neutral_max": 0.999966025352478,
  "surprise_mean": 0.0011529454495757818,
  "surprise_std": 0.0031173184979707003,
  "surprise_median": 2.6564059226075187e-05,
  "surprise_max": 0.027089081704616547,
  "processed_frames": 186.0,
  "video_name": "2.mp4"
}