{
  "facial_symmetry_mean": 0.9347392916679382,
  "facial_symmetry_std": 0.04103098437190056,
  "facial_symmetry_median": 0.9401193857192993,
  "facial_symmetry_max": 0.9982374906539917,
  "face_width_height_ratio_mean": 1.0291409492492676,
  "face_width_height_ratio_std": 0.10523058474063873,
  "face_width_height_ratio_median": 1.0418428182601929,
  "face_width_height_ratio_max": 1.167701005935669,
  "eye_spacing_ratio_mean": 0.6440630555152893,
  "eye_spacing_ratio_std": 0.027551589533686638,
  "eye_spacing_ratio_median": 0.6457909345626831,
  "eye_spacing_ratio_max": 0.7071723937988281,
  "jaw_ratio_mean": 0.7761507034301758,
  "jaw_ratio_std": 0.026593219488859177,
  "jaw_ratio_median": 0.7648340463638306,
  "jaw_ratio_max": 0.8316597938537598,
  "smile_intensity_mean": 0.1205860823392868,
  "smile_intensity_std": 0.16558223962783813,
  "smile_intensity_median": 0.010712100192904472,
  "smile_intensity_max": 0.44077932834625244,
  "eye_contact_mean": 0.9778763651847839,
  "eye_contact_std": 0.01593560352921486,
  "eye_contact_median": 0.9797073006629944,
  "eye_contact_max": 0.9992209076881409,
  "eye_openness_mean": 0.5644671320915222,
  "eye_openness_std": 0.20501793920993805,
  "eye_openness_median": 0.494293212890625,
  "eye_openness_max": 1.0,
  "gaze_stability_mean": 0.9911946654319763,
  "gaze_stability_std": 0.010444339364767075,
  "gaze_stability_median": 0.9955524206161499,
  "gaze_stability_max": 1.0,
  "head_tilt_mean": 0.04220175743103027,
  "head_tilt_std": 0.034163448959589005,
  "head_tilt_median": 0.028517991304397583,
  "head_tilt_max": 0.11578068137168884,
  "expression_speed_mean": 0.09580417722463608,
  "expression_speed_std": 0.10837816447019577,
  "expression_speed_median": 0.0493927039206028,
  "expression_speed_max": 0.467527836561203,
  "happy_mean": 0.08333514630794525,
  "happy_std": 0.22461771965026855,
  "happy_median": 0.0028014197014272213,
  "happy_max": 0.9980793595314026,
  "neutral_mean": 0.35446035861968994,
  "neutral_std": 0.32881972193717957,
  "neutral_median": 0.22546014189720154,
  "neutral_max": 0.9879997372627258,
  "surprise_mean": 0.04282226040959358,
  "surprise_std": 0.09027409553527832,
  "surprise_median": 0.001159205217845738,
  "surprise_max": 0.391860693693161,
  "processed_frames": 41.0,
  "video_name": "5.mp4"
}