{
  "facial_symmetry_mean": 0.8731509447097778,
  "facial_symmetry_std": 0.08561041206121445,
  "facial_symmetry_median": 0.8551720976829529,
  "facial_symmetry_max": 0.998466432094574,
  "face_width_height_ratio_mean": 0.8374587297439575,
  "face_width_height_ratio_std": 0.08368775248527527,
  "face_width_height_ratio_median": 0.8421693444252014,
  "face_width_height_ratio_max": 1.0429024696350098,
  "eye_spacing_ratio_mean": 0.6474353671073914,
  "eye_spacing_ratio_std": 0.03130995109677315,
  "eye_spacing_ratio_median": 0.6455991268157959,
  "eye_spacing_ratio_max": 0.7356173396110535,
  "jaw_ratio_mean": 0.7755699753761292,
  "jaw_ratio_std": 0.02593100629746914,
  "jaw_ratio_median": 0.774245023727417,
  "jaw_ratio_max": 0.8278047442436218,
  "smile_intensity_mean": 0.18528760969638824,
  "smile_intensity_std": 0.2811046838760376,
  "smile_intensity_median": 0.030558055266737938,
  "smile_intensity_max": 1.0,
  "eye_contact_mean": 0.9576716423034668,
  "eye_contact_std": 0.03103107027709484,
  "eye_contact_median": 0.9626055955886841,
  "eye_contact_max": 0.998171329498291,
  "eye_openness_mean": 0.822688102722168,
  "eye_openness_std": 0.2467167228460312,
  "eye_openness_median": 1.0,
  "eye_openness_max": 1.0,
  "gaze_stability_mean": 0.9814435839653015,
  "gaze_stability_std": 0.022472795099020004,
  "gaze_stability_median": 0.9902487397193909,
  "gaze_stability_max": 1.0,
  "head_tilt_mean": 0.1305016577243805,
  "head_tilt_std": 0.1261107623577118,
  "head_tilt_median": 0.09807854890823364,
  "head_tilt_max": 0.5581653118133545,
  "expression_speed_mean": 0.2366010993719101,
  "expression_speed_std": 0.2478313148021698,
  "expression_speed_median": 0.14724616706371307,
  "expression_speed_max": 1.0,
  "happy_mean": 0.2806018590927124,
  "happy_std": 0.4052155911922455,
  "happy_median": 0.02152904123067856,
  "happy_max": 0.9999999403953552,
  "neutral_mean": 0.25200068950653076,
  "neutral_std": 0.34694918990135193,
  "neutral_median": 0.03244969993829727,
  "neutral_max": 0.9960590600967407,
  "surprise_mean": 0.07632371783256531,
  "surprise_std": 0.25816610455513,
  "surprise_median": 4.40514886577148e-05,
  "surprise_max": 0.9994428157806396,
  "processed_frames": 66.0,
  "video_name": "6.mp4"
}