{
  "expression_speed_max": 0.6797834560275078,
  "expression_speed_mean": 0.14038884453475475,
  "expression_speed_median": 0.07084173755720258,
  "expression_speed_std": 0.16004290152341127,
  "eye_contact_max": 0.9994279593229294,
  "eye_contact_mean": 0.9489666298031807,
  "eye_contact_median": 0.9546520188450813,
  "eye_contact_std": 0.033217319753021,
  "eye_openness_max": 1.0,
  "eye_openness_mean": 0.7369422763586044,
  "eye_openness_median": 0.8161581009626389,
  "eye_openness_std": 0.2289031744003296,
  "eye_spacing_ratio_max": 0.719414010643959,
  "eye_spacing_ratio_mean": 0.6476287916302681,
  "eye_spacing_ratio_median": 0.6504566520452499,
  "eye_spacing_ratio_std": 0.032548536313697696,
  "face_width_height_ratio_max": 1.1887414455413818,
  "face_width_height_ratio_mean": 0.9466746374964714,
  "face_width_height_ratio_median": 0.9591327086091042,
  "face_width_height_ratio_std": 0.10180928837507963,
  "facial_symmetry_max": 0.9979953542351723,
  "facial_symmetry_mean": 0.8546389639377594,
  "facial_symmetry_median": 0.8588851541280746,
  "facial_symmetry_std": 0.07790911896154284,
  "gaze_stability_max": 1.0,
  "gaze_stability_mean": 0.9842329099774361,
  "gaze_stability_median": 0.9916843548417091,
  "gaze_stability_std": 0.019947517197579145,
  "happy_max": 0.9941655099391937,
  "happy_mean": 0.2494825548492372,
  "happy_median": 0.16728653819154715,
  "happy_std": 0.3324062842875719,
  "head_tilt_max": 0.3955184668302536,
  "head_tilt_mean": 0.08915387000888586,
  "head_tilt_median": 0.06509056314826012,
  "head_tilt_std": 0.08764907205477357,
  "jaw_ratio_max": 0.8393391966819763,
  "jaw_ratio_mean": 0.7756960466504097,
  "jaw_ratio_median": 0.7719682306051254,
  "jaw_ratio_std": 0.022862211102619767,
  "neutral_max": 0.9957665503025055,
  "neutral_mean": 0.30439070612192154,
  "neutral_median": 0.10768093075603247,
  "neutral_std": 0.3554452955722809,
  "processed_frames": 115.625,
  "smile_intensity_max": 0.6813701428472996,
  "smile_intensity_mean": 0.14942116243764758,
  "smile_intensity_median": 0.08066633471753448,
  "smile_intensity_std": 0.18345056101679802,
  "surprise_max": 0.42653719149529934,
  "surprise_mean": 0.032084978141938336,
  "surprise_median": 0.00033463724162885455,
  "surprise_std": 0.0922299035883043,
  "video_count": 8.0,
  "valid_video_count": 8.0,
  "valid_video_ratio": 1.0,
  "total_processed_frames": 925.0,
  "avg_processed_frames": 115.625,
  "quality_score": 0.9083333333333333,
  "person_name": "Lưu Hạo Tồn"
}