{
  "facial_symmetry_mean": 0.8824087977409363,
  "facial_symmetry_std": 0.08408631384372711,
  "facial_symmetry_median": 0.9005601406097412,
  "facial_symmetry_max": 0.9998549222946167,
  "face_width_height_ratio_mean": 1.3856173753738403,
  "face_width_height_ratio_std": 0.2011794000864029,
  "face_width_height_ratio_median": 1.424638271331787,
  "face_width_height_ratio_max": 1.819804072380066,
  "eye_spacing_ratio_mean": 0.6373840570449829,
  "eye_spacing_ratio_std": 0.04695514217019081,
  "eye_spacing_ratio_median": 0.6457663774490356,
  "eye_spacing_ratio_max": 0.7217742204666138,
  "jaw_ratio_mean": 0.7817159295082092,
  "jaw_ratio_std": 0.02828504517674446,
  "jaw_ratio_median": 0.7846835851669312,
  "jaw_ratio_max": 0.8469758033752441,
  "smile_intensity_mean": 0.21674327552318573,
  "smile_intensity_std": 0.21829278767108917,
  "smile_intensity_median": 0.1856744885444641,
  "smile_intensity_max": 0.8986144065856934,
  "eye_contact_mean": 0.955955982208252,
  "eye_contact_std": 0.03994137421250343,
  "eye_contact_median": 0.9656723737716675,
  "eye_contact_max": 0.9999774694442749,
  "eye_openness_mean": 0.5121883153915405,
  "eye_openness_std": 0.19458752870559692,
  "eye_openness_median": 0.5696502923965454,
  "eye_openness_max": 0.8437427878379822,
  "gaze_stability_mean": 0.9878355860710144,
  "gaze_stability_std": 0.015526818111538887,
  "gaze_stability_median": 0.9939988851547241,
  "gaze_stability_max": 1.0,
  "head_tilt_mean": 0.049053117632865906,
  "head_tilt_std": 0.035756129771471024,
  "head_tilt_median": 0.03722146153450012,
  "head_tilt_max": 0.19247815012931824,
  "expression_speed_mean": 0.1535128355026245,
  "expression_speed_std": 0.16573864221572876,
  "expression_speed_median": 0.08187854290008545,
  "expression_speed_max": 0.8552390336990356,
  "happy_mean": 0.09840807318687439,
  "happy_std": 0.26455241441726685,
  "happy_median": 0.00047489290591329336,
  "happy_max": 0.9999983310699463,
  "neutral_mean": 0.37551841139793396,
  "neutral_std": 0.3699771463871002,
  "neutral_median": 0.2683389186859131,
  "neutral_max": 0.996952474117279,
  "surprise_mean": 0.043263018131256104,
  "surprise_std": 0.17445001006126404,
  "surprise_median": 1.790688475011848e-05,
  "surprise_max": 0.9953648447990417,
  "processed_frames": 158.0,
  "video_name": "1 (4).mp4"
}