{
  "facial_symmetry_mean": 0.9430416226387024,
  "facial_symmetry_std": 0.06262373179197311,
  "facial_symmetry_median": 0.9673536419868469,
  "facial_symmetry_max": 0.9999813437461853,
  "face_width_height_ratio_mean": 1.3907188177108765,
  "face_width_height_ratio_std": 0.09992145746946335,
  "face_width_height_ratio_median": 1.4164949655532837,
  "face_width_height_ratio_max": 1.6647586822509766,
  "eye_spacing_ratio_mean": 0.6440035104751587,
  "eye_spacing_ratio_std": 0.022988589480519295,
  "eye_spacing_ratio_median": 0.6476519107818604,
  "eye_spacing_ratio_max": 0.6927503347396851,
  "jaw_ratio_mean": 0.7509214878082275,
  "jaw_ratio_std": 0.01789175346493721,
  "jaw_ratio_median": 0.7489054203033447,
  "jaw_ratio_max": 0.832281231880188,
  "smile_intensity_mean": 0.13829836249351501,
  "smile_intensity_std": 0.11339057236909866,
  "smile_intensity_median": 0.12677603960037231,
  "smile_intensity_max": 0.38807883858680725,
  "eye_contact_mean": 0.9754000306129456,
  "eye_contact_std": 0.027630668133497238,
  "eye_contact_median": 0.9790984392166138,
  "eye_contact_max": 0.9999936819076538,
  "eye_openness_mean": 0.48065686225891113,
  "eye_openness_std": 0.16655360162258148,
  "eye_openness_median": 0.44215765595436096,
  "eye_openness_max": 1.0,
  "gaze_stability_mean": 0.9920982122421265,
  "gaze_stability_std": 0.012668201699852943,
  "gaze_stability_median": 0.9964865446090698,
  "gaze_stability_max": 1.0,
  "head_tilt_mean": 0.040408387780189514,
  "head_tilt_std": 0.022264230996370316,
  "head_tilt_median": 0.03685295581817627,
  "head_tilt_max": 0.1206853985786438,
  "expression_speed_mean": 0.12574025988578796,
  "expression_speed_std": 0.14117462933063507,
  "expression_speed_median": 0.061106666922569275,
  "expression_speed_max": 0.7367748618125916,
  "happy_mean": 0.2601079046726227,
  "happy_std": 0.37331560254096985,
  "happy_median": 0.007166738156229258,
  "happy_max": 0.9999997615814209,
  "neutral_mean": 0.3367516100406647,
  "neutral_std": 0.37256497144699097,
  "neutral_median": 0.1302918940782547,
  "neutral_max": 0.9964059591293335,
  "surprise_mean": 0.032659657299518585,
  "surprise_std": 0.13645334541797638,
  "surprise_median": 0.00010721559374360368,
  "surprise_max": 0.9971146583557129,
  "processed_frames": 393.0,
  "video_name": "1 (5).mp4"
}