{
  "facial_symmetry_mean": 0.9841712713241577,
  "facial_symmetry_std": 0.013011044822633266,
  "facial_symmetry_median": 0.9872684478759766,
  "facial_symmetry_max": 0.9999178647994995,
  "face_width_height_ratio_mean": 1.4164732694625854,
  "face_width_height_ratio_std": 0.04739682376384735,
  "face_width_height_ratio_median": 1.417027235031128,
  "face_width_height_ratio_max": 1.7454099655151367,
  "eye_spacing_ratio_mean": 0.6504878401756287,
  "eye_spacing_ratio_std": 0.01195591688156128,
  "eye_spacing_ratio_median": 0.6478094458580017,
  "eye_spacing_ratio_max": 0.7050251364707947,
  "jaw_ratio_mean": 0.7718091607093811,
  "jaw_ratio_std": 0.0170424934476614,
  "jaw_ratio_median": 0.7706846594810486,
  "jaw_ratio_max": 0.8638141751289368,
  "smile_intensity_mean": 0.2424173653125763,
  "smile_intensity_std": 0.1330791860818863,
  "smile_intensity_median": 0.2718904912471771,
  "smile_intensity_max": 0.5839052200317383,
  "eye_contact_mean": 0.9923149943351746,
  "eye_contact_std": 0.0109218405559659,
  "eye_contact_median": 0.9960941076278687,
  "eye_contact_max": 0.9999715685844421,
  "eye_openness_mean": 0.48636043071746826,
  "eye_openness_std": 0.11845902353525162,
  "eye_openness_median": 0.510089099407196,
  "eye_openness_max": 0.638752281665802,
  "gaze_stability_mean": 0.9944318532943726,
  "gaze_stability_std": 0.007547984831035137,
  "gaze_stability_median": 0.9968999028205872,
  "gaze_stability_max": 1.0,
  "head_tilt_mean": 0.046454351395368576,
  "head_tilt_std": 0.015037237666547298,
  "head_tilt_median": 0.045001134276390076,
  "head_tilt_max": 0.10425582528114319,
  "expression_speed_mean": 0.1648782193660736,
  "expression_speed_std": 0.13409419357776642,
  "expression_speed_median": 0.12494301795959473,
  "expression_speed_max": 0.5391983389854431,
  "happy_mean": 0.14803478121757507,
  "happy_std": 0.27105605602264404,
  "happy_median": 0.013119303621351719,
  "happy_max": 0.999081015586853,
  "neutral_mean": 0.2706195116043091,
  "neutral_std": 0.3348597288131714,
  "neutral_median": 0.08184552192687988,
  "neutral_max": 0.991786777973175,
  "surprise_mean": 0.03299231082201004,
  "surprise_std": 0.12914235889911652,
  "surprise_median": 0.00015318892837967724,
  "surprise_max": 0.87978595495224,
  "processed_frames": 197.0,
  "video_name": "1 (6).mp4"
}