{
  "expression_speed_max": 0.7578298250834147,
  "expression_speed_mean": 0.17658007765809694,
  "expression_speed_median": 0.10946446533004443,
  "expression_speed_std": 0.1712456817428271,
  "eye_contact_max": 0.9997293551762899,
  "eye_contact_mean": 0.9706830680370331,
  "eye_contact_median": 0.9742529094219208,
  "eye_contact_std": 0.021634554335226614,
  "eye_openness_max": 0.8962215880552927,
  "eye_openness_mean": 0.5330489377180735,
  "eye_openness_median": 0.564044381181399,
  "eye_openness_std": 0.1887061707675457,
  "eye_spacing_ratio_max": 0.7092340191205343,
  "eye_spacing_ratio_mean": 0.6452025969823202,
  "eye_spacing_ratio_median": 0.6451935370763143,
  "eye_spacing_ratio_std": 0.02428855374455452,
  "face_width_height_ratio_max": 1.4621994694073994,
  "face_width_height_ratio_mean": 1.2041099468866985,
  "face_width_height_ratio_median": 1.2116036613782246,
  "face_width_height_ratio_std": 0.08300709165632725,
  "facial_symmetry_max": 0.9892201721668243,
  "facial_symmetry_mean": 0.9217560390631357,
  "facial_symmetry_median": 0.9307262202103933,
  "facial_symmetry_std": 0.04140922846272588,
  "gaze_stability_max": 1.0,
  "gaze_stability_mean": 0.9902818699677786,
  "gaze_stability_median": 0.9950588643550873,
  "gaze_stability_std": 0.012980262050405145,
  "happy_max": 0.983973761399587,
  "happy_mean": 0.21933982459207377,
  "happy_median": 0.14582079583973004,
  "happy_std": 0.2761328270037969,
  "head_tilt_max": 0.15174431105454764,
  "head_tilt_mean": 0.058126317958037056,
  "head_tilt_median": 0.05476115892330805,
  "head_tilt_std": 0.028902759309858084,
  "jaw_ratio_max": 0.8488779962062836,
  "jaw_ratio_mean": 0.7716447512308756,
  "jaw_ratio_median": 0.7698054611682892,
  "jaw_ratio_std": 0.02105567914744218,
  "neutral_max": 0.9789360066254934,
  "neutral_mean": 0.2679409012198448,
  "neutral_median": 0.149734732384483,
  "neutral_std": 0.29373521109422046,
  "processed_frames": 180.83333333333334,
  "smile_intensity_max": 0.6404620061318079,
  "smile_intensity_mean": 0.22729721665382385,
  "smile_intensity_median": 0.22457404558857283,
  "smile_intensity_std": 0.16905314599474272,
  "surprise_max": 0.5723632052540779,
  "surprise_mean": 0.022147961717564613,
  "surprise_median": 0.0001236516627614037,
  "surprise_std": 0.08582743239821866,
  "video_count": 6.0,
  "valid_video_count": 6.0,
  "valid_video_ratio": 1.0,
  "total_processed_frames": 1085.0,
  "avg_processed_frames": 180.83333333333334,
  "quality_score": 1.0,
  "person_name": "Seino Nana"
}