{
  "facial_symmetry_mean": 0.9007448554039001,
  "facial_symmetry_std": 0.0783204734325409,
  "facial_symmetry_median": 0.921694278717041,
  "facial_symmetry_max": 0.997839629650116,
  "face_width_height_ratio_mean": 1.4391556978225708,
  "face_width_height_ratio_std": 0.1613084226846695,
  "face_width_height_ratio_median": 1.4697716236114502,
  "face_width_height_ratio_max": 1.7293238639831543,
  "eye_spacing_ratio_mean": 0.6395347714424133,
  "eye_spacing_ratio_std": 0.036279384046792984,
  "eye_spacing_ratio_median": 0.6428384780883789,
  "eye_spacing_ratio_max": 0.7113481163978577,
  "jaw_ratio_mean": 0.7915091514587402,
  "jaw_ratio_std": 0.02752445824444294,
  "jaw_ratio_median": 0.7930758595466614,
  "jaw_ratio_max": 0.9216040968894958,
  "smile_intensity_mean": 0.15604937076568604,
  "smile_intensity_std": 0.17012159526348114,
  "smile_intensity_median": 0.05978446453809738,
  "smile_intensity_max": 0.8447226881980896,
  "eye_contact_mean": 0.9596577882766724,
  "eye_contact_std": 0.03797075152397156,
  "eye_contact_median": 0.9693514108657837,
  "eye_contact_max": 0.9985685348510742,
  "eye_openness_mean": 0.5832930207252502,
  "eye_openness_std": 0.24635930359363556,
  "eye_openness_median": 0.5996993184089661,
  "eye_openness_max": 1.0,
  "gaze_stability_mean": 0.97742760181427,
  "gaze_stability_std": 0.034342776983976364,
  "gaze_stability_median": 0.9905431270599365,
  "gaze_stability_max": 1.0,
  "head_tilt_mean": 0.08248461037874222,
  "head_tilt_std": 0.06470785290002823,
  "head_tilt_median": 0.06757929921150208,
  "head_tilt_max": 0.2821250259876251,
  "expression_speed_mean": 0.21498721837997437,
  "expression_speed_std": 0.21392706036567688,
  "expression_speed_median": 0.11859628558158875,
  "expression_speed_max": 0.7481376528739929,
  "happy_mean": 0.38711556792259216,
  "happy_std": 0.44515979290008545,
  "happy_median": 0.05201893672347069,
  "happy_max": 0.9999511241912842,
  "neutral_mean": 0.22260518372058868,
  "neutral_std": 0.3414803147315979,
  "neutral_median": 0.029234271496534348,
  "neutral_max": 0.9806878566741943,
  "surprise_mean": 0.017716724425554276,
  "surprise_std": 0.10089652985334396,
  "surprise_median": 7.541665581811685e-06,
  "surprise_max": 0.9565160274505615,
  "processed_frames": 97.0,
  "video_name": "1.mp4"
}