{
  "facial_symmetry_mean": 0.9091638326644897,
  "facial_symmetry_std": 0.08253946155309677,
  "facial_symmetry_median": 0.9427040815353394,
  "facial_symmetry_max": 0.9989981651306152,
  "face_width_height_ratio_mean": 1.4400019645690918,
  "face_width_height_ratio_std": 0.11752711981534958,
  "face_width_height_ratio_median": 1.4435312747955322,
  "face_width_height_ratio_max": 1.595421314239502,
  "eye_spacing_ratio_mean": 0.6663013696670532,
  "eye_spacing_ratio_std": 0.024297086521983147,
  "eye_spacing_ratio_median": 0.6607624888420105,
  "eye_spacing_ratio_max": 0.7701348662376404,
  "jaw_ratio_mean": 0.7823432683944702,
  "jaw_ratio_std": 0.020867513492703438,
  "jaw_ratio_median": 0.7845607995986938,
  "jaw_ratio_max": 0.8334730863571167,
  "smile_intensity_mean": 0.0753576010465622,
  "smile_intensity_std": 0.1326724886894226,
  "smile_intensity_median": 0.007937806658446789,
  "smile_intensity_max": 0.49001261591911316,
  "eye_contact_mean": 0.974031925201416,
  "eye_contact_std": 0.029180997982621193,
  "eye_contact_median": 0.9868090748786926,
  "eye_contact_max": 0.9997835159301758,
  "eye_openness_mean": 0.6403986811637878,
  "eye_openness_std": 0.24833540618419647,
  "eye_openness_median": 0.6671375632286072,
  "eye_openness_max": 1.0,
  "gaze_stability_mean": 0.9934566020965576,
  "gaze_stability_std": 0.011488337069749832,
  "gaze_stability_median": 0.9964372515678406,
  "gaze_stability_max": 1.0,
  "head_tilt_mean": 0.07575754076242447,
  "head_tilt_std": 0.04887166619300842,
  "head_tilt_median": 0.07514022290706635,
  "head_tilt_max": 0.20026028156280518,
  "expression_speed_mean": 0.11097501963376999,
  "expression_speed_std": 0.16695129871368408,
  "expression_speed_median": 0.03492514044046402,
  "expression_speed_max": 0.8021093010902405,
  "happy_mean": 0.29712507128715515,
  "happy_std": 0.40185436606407166,
  "happy_median": 0.057587746530771255,
  "happy_max": 0.9999276995658875,
  "neutral_mean": 0.4183242619037628,
  "neutral_std": 0.3570009768009186,
  "neutral_median": 0.4154002070426941,
  "neutral_max": 0.9209631681442261,
  "surprise_mean": 0.007235194556415081,
  "surprise_std": 0.026776084676384926,
  "surprise_median": 0.0006338436505757272,
  "surprise_max": 0.2019026279449463,
  "processed_frames": 64.0,
  "video_name": "4.mp4"
}