{
  "facial_symmetry_mean": 0.7082411646842957,
  "facial_symmetry_std": 0.19406741857528687,
  "facial_symmetry_median": 0.7308135032653809,
  "facial_symmetry_max": 0.997952401638031,
  "face_width_height_ratio_mean": 1.4349737167358398,
  "face_width_height_ratio_std": 0.1432415097951889,
  "face_width_height_ratio_median": 1.4530096054077148,
  "face_width_height_ratio_max": 1.8053301572799683,
  "eye_spacing_ratio_mean": 0.6679246425628662,
  "eye_spacing_ratio_std": 0.038625992834568024,
  "eye_spacing_ratio_median": 0.6698926687240601,
  "eye_spacing_ratio_max": 0.8312821388244629,
  "jaw_ratio_mean": 0.7738622426986694,
  "jaw_ratio_std": 0.020168328657746315,
  "jaw_ratio_median": 0.7686323523521423,
  "jaw_ratio_max": 0.8581845760345459,
  "smile_intensity_mean": 0.0961642786860466,
  "smile_intensity_std": 0.12286198884248734,
  "smile_intensity_median": 0.04449719190597534,
  "smile_intensity_max": 0.4214090406894684,
  "eye_contact_mean": 0.9010833501815796,
  "eye_contact_std": 0.08283065259456635,
  "eye_contact_median": 0.9265743494033813,
  "eye_contact_max": 0.9991077184677124,
  "eye_openness_mean": 0.9329168200492859,
  "eye_openness_std": 0.13056911528110504,
  "eye_openness_median": 1.0,
  "eye_openness_max": 1.0,
  "gaze_stability_mean": 0.963614284992218,
  "gaze_stability_std": 0.05288931727409363,
  "gaze_stability_median": 0.9827430248260498,
  "gaze_stability_max": 1.0,
  "head_tilt_mean": 0.1600043773651123,
  "head_tilt_std": 0.1258269101381302,
  "head_tilt_median": 0.12011125683784485,
  "head_tilt_max": 0.4558947682380676,
  "expression_speed_mean": 0.11575554311275482,
  "expression_speed_std": 0.1390683501958847,
  "expression_speed_median": 0.05030302330851555,
  "expression_speed_max": 0.5306857824325562,
  "happy_mean": 0.20796480774879456,
  "happy_std": 0.346539169549942,
  "happy_median": 0.010246790945529938,
  "happy_max": 0.9999980926513672,
  "neutral_mean": 0.45356571674346924,
  "neutral_std": 0.3939584195613861,
  "neutral_median": 0.5183655619621277,
  "neutral_max": 0.9999051690101624,
  "surprise_mean": 0.014930742792785168,
  "surprise_std": 0.08627791702747345,
  "surprise_median": 1.9993305613752455e-05,
  "surprise_max": 0.8681480884552002,
  "processed_frames": 113.0,
  "video_name": "5.mp4"
}