{
  "facial_symmetry_mean": 0.8198776841163635,
  "facial_symmetry_std": 0.08680976927280426,
  "facial_symmetry_median": 0.7923222184181213,
  "facial_symmetry_max": 0.9842213988304138,
  "face_width_height_ratio_mean": 1.0860416889190674,
  "face_width_height_ratio_std": 0.14385104179382324,
  "face_width_height_ratio_median": 1.0786620378494263,
  "face_width_height_ratio_max": 1.3197989463806152,
  "eye_spacing_ratio_mean": 0.6432979702949524,
  "eye_spacing_ratio_std": 0.033285509794950485,
  "eye_spacing_ratio_median": 0.6412171125411987,
  "eye_spacing_ratio_max": 0.7098644375801086,
  "jaw_ratio_mean": 0.797446072101593,
  "jaw_ratio_std": 0.027863914147019386,
  "jaw_ratio_median": 0.791387677192688,
  "jaw_ratio_max": 0.8792423605918884,
  "smile_intensity_mean": 0.01632865145802498,
  "smile_intensity_std": 0.01788315549492836,
  "smile_intensity_median": 0.009509697556495667,
  "smile_intensity_max": 0.07996419072151184,
  "eye_contact_mean": 0.9472870230674744,
  "eye_contact_std": 0.054150648415088654,
  "eye_contact_median": 0.9639894962310791,
  "eye_contact_max": 0.9998649954795837,
  "eye_openness_mean": 0.679957926273346,
  "eye_openness_std": 0.2524101436138153,
  "eye_openness_median": 0.7364473938941956,
  "eye_openness_max": 1.0,
  "gaze_stability_mean": 0.9836956262588501,
  "gaze_stability_std": 0.024680888280272484,
  "gaze_stability_median": 0.9932790994644165,
  "gaze_stability_max": 1.0,
  "head_tilt_mean": 0.14121074974536896,
  "head_tilt_std": 0.08939468115568161,
  "head_tilt_median": 0.12787297368049622,
  "head_tilt_max": 0.3509873151779175,
  "expression_speed_mean": 0.1433209627866745,
  "expression_speed_std": 0.18566355109214783,
  "expression_speed_median": 0.06398482620716095,
  "expression_speed_max": 0.9091614484786987,
  "happy_mean": 0.1654268354177475,
  "happy_std": 0.2879393398761749,
  "happy_median": 0.01345788687467575,
  "happy_max": 0.999347448348999,
  "neutral_mean": 0.24075651168823242,
  "neutral_std": 0.3428577184677124,
  "neutral_median": 0.02641359716653824,
  "neutral_max": 0.9980971217155457,
  "surprise_mean": 0.007157222367823124,
  "surprise_std": 0.031229907646775246,
  "surprise_median": 3.5556902730604634e-05,
  "surprise_max": 0.26869508624076843,
  "processed_frames": 87.0,
  "video_name": "6.mp4"
}