{
  "facial_symmetry_mean": 0.975456714630127,
  "facial_symmetry_std": 0.018132314085960388,
  "facial_symmetry_median": 0.978854775428772,
  "facial_symmetry_max": 0.9921890497207642,
  "face_width_height_ratio_mean": 1.4816597700119019,
  "face_width_height_ratio_std": 0.07235468924045563,
  "face_width_height_ratio_median": 1.4702701568603516,
  "face_width_height_ratio_max": 1.5563685894012451,
  "eye_spacing_ratio_mean": 0.6372544765472412,
  "eye_spacing_ratio_std": 0.006219968665391207,
  "eye_spacing_ratio_median": 0.6336191296577454,
  "eye_spacing_ratio_max": 0.6599990725517273,
  "jaw_ratio_mean": 0.7828736305236816,
  "jaw_ratio_std": 0.006661529652774334,
  "jaw_ratio_median": 0.7832342386245728,
  "jaw_ratio_max": 0.810441255569458,
  "smile_intensity_mean": 0.13847099244594574,
  "smile_intensity_std": 0.14143700897693634,
  "smile_intensity_median": 0.0258585624396801,
  "smile_intensity_max": 0.30339881777763367,
  "eye_contact_mean": 0.9945802688598633,
  "eye_contact_std": 0.009237255901098251,
  "eye_contact_median": 0.9971117973327637,
  "eye_contact_max": 0.9979805946350098,
  "eye_openness_mean": 0.2661527097225189,
  "eye_openness_std": 0.016332022845745087,
  "eye_openness_median": 0.26323825120925903,
  "eye_openness_max": 0.3399379849433899,
  "gaze_stability_mean": 0.9957606196403503,
  "gaze_stability_std": 0.01156056858599186,
  "gaze_stability_median": 0.9997084140777588,
  "gaze_stability_max": 1.0,
  "head_tilt_mean": 0.044907692819833755,
  "head_tilt_std": 0.03281531110405922,
  "head_tilt_median": 0.03994949162006378,
  "head_tilt_max": 0.08085809648036957,
  "expression_speed_mean": 0.020514952018857002,
  "expression_speed_std": 0.049450863152742386,
  "expression_speed_median": 0.00586724653840065,
  "expression_speed_max": 0.23415949940681458,
  "happy_mean": 0.3799637258052826,
  "happy_std": 0.2916182279586792,
  "happy_median": 0.41218796372413635,
  "happy_max": 0.6705383062362671,
  "neutral_mean": 0.5356771349906921,
  "neutral_std": 0.20745812356472015,
  "neutral_median": 0.5186745524406433,
  "neutral_max": 0.8259900808334351,
  "surprise_mean": 0.005452027544379234,
  "surprise_std": 0.005876657087355852,
  "surprise_median": 0.002223949646577239,
  "surprise_max": 0.017267094925045967,
  "processed_frames": 24.0,
  "video_name": "7.mp4"
}