{
  "expression_speed_max": 0.7089305477482932,
  "expression_speed_mean": 0.14516015696738446,
  "expression_speed_median": 0.07343522033521108,
  "expression_speed_std": 0.16900625878146716,
  "eye_contact_max": 0.9992146236555917,
  "eye_contact_mean": 0.956280529499054,
  "eye_contact_median": 0.9675342525754657,
  "eye_contact_std": 0.03946915588208607,
  "eye_openness_max": 0.9057054264204842,
  "eye_openness_mean": 0.6485673402036939,
  "eye_openness_median": 0.6809574365615845,
  "eye_openness_std": 0.2029621164713587,
  "eye_spacing_ratio_max": 0.7265920042991638,
  "eye_spacing_ratio_mean": 0.6507234403065273,
  "eye_spacing_ratio_median": 0.6507413642747062,
  "eye_spacing_ratio_std": 0.026484289140041386,
  "face_width_height_ratio_max": 1.4571467978613717,
  "face_width_height_ratio_mean": 1.2240587217467171,
  "face_width_height_ratio_median": 1.2277132357869829,
  "face_width_height_ratio_std": 0.11195468796151024,
  "facial_symmetry_max": 0.9930425371442523,
  "facial_symmetry_mean": 0.8698104109082904,
  "facial_symmetry_median": 0.8797559823308673,
  "facial_symmetry_std": 0.08590840016092573,
  "gaze_stability_max": 1.0,
  "gaze_stability_mean": 0.9834215385573251,
  "gaze_stability_median": 0.9926616634641375,
  "gaze_stability_std": 0.025301343894430568,
  "happy_max": 0.9528232301984515,
  "happy_mean": 0.3789309582539967,
  "happy_median": 0.3254031113215855,
  "happy_std": 0.37576004011290415,
  "head_tilt_max": 0.28428553470543455,
  "head_tilt_mean": 0.10987746555890356,
  "head_tilt_median": 0.09586199053696223,
  "head_tilt_std": 0.07529557336653982,
  "jaw_ratio_max": 0.8534751449312482,
  "jaw_ratio_mean": 0.7889477014541626,
  "jaw_ratio_median": 0.7883868558066232,
  "jaw_ratio_std": 0.020646536855825355,
  "neutral_max": 0.90081239598138,
  "neutral_mean": 0.2939393754516329,
  "neutral_median": 0.2168210929459227,
  "neutral_std": 0.2844470058168684,
  "processed_frames": 73.14285714285714,
  "smile_intensity_max": 0.5913581933294024,
  "smile_intensity_mean": 0.20242412335106305,
  "smile_intensity_median": 0.1619172701612115,
  "smile_intensity_std": 0.16289892526609556,
  "surprise_max": 0.4048638154885599,
  "surprise_mean": 0.009651753286431943,
  "surprise_median": 0.0004185008250325544,
  "surprise_std": 0.0459318010003439,
  "video_count": 7.0,
  "valid_video_count": 7.0,
  "valid_video_ratio": 1.0,
  "total_processed_frames": 512.0,
  "avg_processed_frames": 73.14285714285714,
  "quality_score": 0.795047619047619,
  "person_name": "Elle Fanning"
}