{
  "facial_symmetry_mean": 0.8335229158401489,
  "facial_symmetry_std": 0.11135674268007278,
  "facial_symmetry_median": 0.8580660820007324,
  "facial_symmetry_max": 0.9932509660720825,
  "face_width_height_ratio_mean": 1.123997688293457,
  "face_width_height_ratio_std": 0.13442815840244293,
  "face_width_height_ratio_median": 1.1310350894927979,
  "face_width_height_ratio_max": 1.4827228784561157,
  "eye_spacing_ratio_mean": 0.6458966135978699,
  "eye_spacing_ratio_std": 0.0401185043156147,
  "eye_spacing_ratio_median": 0.6470307111740112,
  "eye_spacing_ratio_max": 0.738699734210968,
  "jaw_ratio_mean": 0.7872340679168701,
  "jaw_ratio_std": 0.01707930862903595,
  "jaw_ratio_median": 0.7891042828559875,
  "jaw_ratio_max": 0.8263178467750549,
  "smile_intensity_mean": 0.22166842222213745,
  "smile_intensity_std": 0.2047375589609146,
  "smile_intensity_median": 0.21545378863811493,
  "smile_intensity_max": 1.0,
  "eye_contact_mean": 0.947821855545044,
  "eye_contact_std": 0.04858209937810898,
  "eye_contact_median": 0.964452862739563,
  "eye_contact_max": 0.9990843534469604,
  "eye_openness_mean": 0.804108202457428,
  "eye_openness_std": 0.240472674369812,
  "eye_openness_median": 0.9739754796028137,
  "eye_openness_max": 1.0,
  "gaze_stability_mean": 0.9722403883934021,
  "gaze_stability_std": 0.03617912530899048,
  "gaze_stability_median": 0.9842478632926941,
  "gaze_stability_max": 1.0,
  "head_tilt_mean": 0.14807331562042236,
  "head_tilt_std": 0.11227214336395264,
  "head_tilt_median": 0.10138332843780518,
  "head_tilt_max": 0.382293164730072,
  "expression_speed_mean": 0.18493273854255676,
  "expression_speed_std": 0.20075294375419617,
  "expression_speed_median": 0.1066989079117775,
  "expression_speed_max": 0.9401963353157043,
  "happy_mean": 0.0638965517282486,
  "happy_std": 0.20703160762786865,
  "happy_median": 0.0006236369372345507,
  "happy_max": 0.9468669295310974,
  "neutral_mean": 0.28765636682510376,
  "neutral_std": 0.3619210124015808,
  "neutral_median": 0.07236970961093903,
  "neutral_max": 0.9975523948669434,
  "surprise_mean": 0.03713960200548172,
  "surprise_std": 0.13256008923053741,
  "surprise_median": 7.854098839743529e-06,
  "surprise_max": 0.7385690808296204,
  "processed_frames": 75.0,
  "video_name": "1 (2).mp4"
}