{
  "facial_symmetry_mean": 0.7885238528251648,
  "facial_symmetry_std": 0.14776679873466492,
  "facial_symmetry_median": 0.8128306865692139,
  "facial_symmetry_max": 0.9995712041854858,
  "face_width_height_ratio_mean": 1.386077642440796,
  "face_width_height_ratio_std": 0.126162588596344,
  "face_width_height_ratio_median": 1.4181020259857178,
  "face_width_height_ratio_max": 1.6103323698043823,
  "eye_spacing_ratio_mean": 0.6354837417602539,
  "eye_spacing_ratio_std": 0.024740692228078842,
  "eye_spacing_ratio_median": 0.6409873962402344,
  "eye_spacing_ratio_max": 0.699502170085907,
  "jaw_ratio_mean": 0.7966148257255554,
  "jaw_ratio_std": 0.015280941501259804,
  "jaw_ratio_median": 0.79749596118927,
  "jaw_ratio_max": 0.8342815041542053,
  "smile_intensity_mean": 0.14055097103118896,
  "smile_intensity_std": 0.14251595735549927,
  "smile_intensity_median": 0.06434213370084763,
  "smile_intensity_max": 0.7048652172088623,
  "eye_contact_mean": 0.9595990777015686,
  "eye_contact_std": 0.04400278255343437,
  "eye_contact_median": 0.9786037802696228,
  "eye_contact_max": 0.9996615648269653,
  "eye_openness_mean": 0.7693417072296143,
  "eye_openness_std": 0.2381749004125595,
  "eye_openness_median": 0.838516116142273,
  "eye_openness_max": 1.0,
  "gaze_stability_mean": 0.9853423833847046,
  "gaze_stability_std": 0.02482476830482483,
  "gaze_stability_median": 0.9942116737365723,
  "gaze_stability_max": 1.0,
  "head_tilt_mean": 0.08961906284093857,
  "head_tilt_std": 0.08263330906629562,
  "head_tilt_median": 0.061659812927246094,
  "head_tilt_max": 0.3247474133968353,
  "expression_speed_mean": 0.10275601595640182,
  "expression_speed_std": 0.15526443719863892,
  "expression_speed_median": 0.04697495698928833,
  "expression_speed_max": 0.7811535000801086,
  "happy_mean": 0.11318384110927582,
  "happy_std": 0.28353890776634216,
  "happy_median": 0.00015369633911177516,
  "happy_max": 0.9999855756759644,
  "neutral_mean": 0.39617758989334106,
  "neutral_std": 0.3707699179649353,
  "neutral_median": 0.3078438639640808,
  "neutral_max": 0.9999999403953552,
  "surprise_mean": 0.027675369754433632,
  "surprise_std": 0.11674254387617111,
  "surprise_median": 6.398641744453926e-06,
  "surprise_max": 0.9161885976791382,
  "processed_frames": 140.0,
  "video_name": "1 (4).mp4"
}