{
  "facial_symmetry_mean": 0.8710252046585083,
  "facial_symmetry_std": 0.0990251898765564,
  "facial_symmetry_median": 0.8849436044692993,
  "facial_symmetry_max": 0.995276689529419,
  "face_width_height_ratio_mean": 0.7829698920249939,
  "face_width_height_ratio_std": 0.091704823076725,
  "face_width_height_ratio_median": 0.8090395927429199,
  "face_width_height_ratio_max": 0.9845345616340637,
  "eye_spacing_ratio_mean": 0.6387674808502197,
  "eye_spacing_ratio_std": 0.027418086305260658,
  "eye_spacing_ratio_median": 0.6437512636184692,
  "eye_spacing_ratio_max": 0.7084430456161499,
  "jaw_ratio_mean": 0.7951882481575012,
  "jaw_ratio_std": 0.01581047661602497,
  "jaw_ratio_median": 0.7944313287734985,
  "jaw_ratio_max": 0.8530954122543335,
  "smile_intensity_mean": 0.30608701705932617,
  "smile_intensity_std": 0.2535162568092346,
  "smile_intensity_median": 0.3219715356826782,
  "smile_intensity_max": 0.8964451551437378,
  "eye_contact_mean": 0.9660540819168091,
  "eye_contact_std": 0.03261343762278557,
  "eye_contact_median": 0.9770985245704651,
  "eye_contact_max": 0.9994527101516724,
  "eye_openness_mean": 0.8325267434120178,
  "eye_openness_std": 0.2456674724817276,
  "eye_openness_median": 1.0,
  "eye_openness_max": 1.0,
  "gaze_stability_mean": 0.9843611121177673,
  "gaze_stability_std": 0.019368309527635574,
  "gaze_stability_median": 0.9932781457901001,
  "gaze_stability_max": 1.0,
  "head_tilt_mean": 0.13350266218185425,
  "head_tilt_std": 0.07590533047914505,
  "head_tilt_median": 0.13154633343219757,
  "head_tilt_max": 0.287771075963974,
  "expression_speed_mean": 0.2220800369977951,
  "expression_speed_std": 0.2317390739917755,
  "expression_speed_median": 0.1028994768857956,
  "expression_speed_max": 0.9366248846054077,
  "happy_mean": 0.08564850687980652,
  "happy_std": 0.2566071152687073,
  "happy_median": 0.0007234331569634378,
  "happy_max": 0.9997503161430359,
  "neutral_mean": 0.2222871035337448,
  "neutral_std": 0.2887920141220093,
  "neutral_median": 0.07640482485294342,
  "neutral_max": 0.9994131326675415,
  "surprise_mean": 0.014841179363429546,
  "surprise_std": 0.057262979447841644,
  "surprise_median": 0.0003112516424153,
  "surprise_max": 0.4693123698234558,
  "processed_frames": 78.0,
  "video_name": "1 (6).mp4"
}