{
  "facial_symmetry_mean": 0.8555997014045715,
  "facial_symmetry_std": 0.11991992592811584,
  "facial_symmetry_median": 0.9144062995910645,
  "facial_symmetry_max": 0.9983842372894287,
  "face_width_height_ratio_mean": 0.834197998046875,
  "face_width_height_ratio_std": 0.07824334502220154,
  "face_width_height_ratio_median": 0.8345710635185242,
  "face_width_height_ratio_max": 1.1055424213409424,
  "eye_spacing_ratio_mean": 0.6463211178779602,
  "eye_spacing_ratio_std": 0.023397760465741158,
  "eye_spacing_ratio_median": 0.6435455083847046,
  "eye_spacing_ratio_max": 0.7511489391326904,
  "jaw_ratio_mean": 0.7899619340896606,
  "jaw_ratio_std": 0.011569238267838955,
  "jaw_ratio_median": 0.7920587062835693,
  "jaw_ratio_max": 0.8368099927902222,
  "smile_intensity_mean": 0.2152107059955597,
  "smile_intensity_std": 0.2013196349143982,
  "smile_intensity_median": 0.18149374425411224,
  "smile_intensity_max": 0.599322497844696,
  "eye_contact_mean": 0.9646804928779602,
  "eye_contact_std": 0.03271664306521416,
  "eye_contact_median": 0.9731784462928772,
  "eye_contact_max": 0.9974539279937744,
  "eye_openness_mean": 0.9752562642097473,
  "eye_openness_std": 0.08826326578855515,
  "eye_openness_median": 1.0,
  "eye_openness_max": 1.0,
  "gaze_stability_mean": 0.9853150248527527,
  "gaze_stability_std": 0.018752465024590492,
  "gaze_stability_median": 0.9927839636802673,
  "gaze_stability_max": 1.0,
  "head_tilt_mean": 0.164627805352211,
  "head_tilt_std": 0.10514073818922043,
  "head_tilt_median": 0.13282418251037598,
  "head_tilt_max": 0.3965762257575989,
  "expression_speed_mean": 0.165882408618927,
  "expression_speed_std": 0.17837949097156525,
  "expression_speed_median": 0.05364609509706497,
  "expression_speed_max": 0.5979892611503601,
  "happy_mean": 0.08767633140087128,
  "happy_std": 0.25331562757492065,
  "happy_median": 0.0005179342115297914,
  "happy_max": 0.9999993443489075,
  "neutral_mean": 0.27319371700286865,
  "neutral_std": 0.2734069526195526,
  "neutral_median": 0.16569899022579193,
  "neutral_max": 0.9085096716880798,
  "surprise_mean": 0.031283412128686905,
  "surprise_std": 0.10771584510803223,
  "surprise_median": 5.954972220933996e-05,
  "surprise_max": 0.6977303624153137,
  "processed_frames": 61.0,
  "video_name": "1 (8).mp4"
}