{
  "facial_symmetry_mean": 0.9091070294380188,
  "facial_symmetry_std": 0.07829772680997849,
  "facial_symmetry_median": 0.9426212906837463,
  "facial_symmetry_max": 0.9993647933006287,
  "face_width_height_ratio_mean": 0.5781259536743164,
  "face_width_height_ratio_std": 0.07684154063463211,
  "face_width_height_ratio_median": 0.6125913858413696,
  "face_width_height_ratio_max": 0.7463856339454651,
  "eye_spacing_ratio_mean": 0.6220791339874268,
  "eye_spacing_ratio_std": 0.05001050978899002,
  "eye_spacing_ratio_median": 0.6367253065109253,
  "eye_spacing_ratio_max": 0.714845597743988,
  "jaw_ratio_mean": 0.7852307558059692,
  "jaw_ratio_std": 0.023196037858724594,
  "jaw_ratio_median": 0.7817984223365784,
  "jaw_ratio_max": 0.8891738057136536,
  "smile_intensity_mean": 0.7242575883865356,
  "smile_intensity_std": 0.25218430161476135,
  "smile_intensity_median": 0.7655770182609558,
  "smile_intensity_max": 1.0,
  "eye_contact_mean": 0.9574604630470276,
  "eye_contact_std": 0.04736044257879257,
  "eye_contact_median": 0.9787999987602234,
  "eye_contact_max": 0.9989716410636902,
  "eye_openness_mean": 0.8328575491905212,
  "eye_openness_std": 0.24166971445083618,
  "eye_openness_median": 1.0,
  "eye_openness_max": 1.0,
  "gaze_stability_mean": 0.978976309299469,
  "gaze_stability_std": 0.02669769525527954,
  "gaze_stability_median": 0.9917752742767334,
  "gaze_stability_max": 1.0,
  "head_tilt_mean": 0.12623633444309235,
  "head_tilt_std": 0.08124139159917831,
  "head_tilt_median": 0.11675596237182617,
  "head_tilt_max": 0.28637588024139404,
  "expression_speed_mean": 0.2432311773300171,
  "expression_speed_std": 0.24833230674266815,
  "expression_speed_median": 0.1416359841823578,
  "expression_speed_max": 0.9502902626991272,
  "happy_mean": 0.059274133294820786,
  "happy_std": 0.20061460137367249,
  "happy_median": 0.0001337478606728837,
  "happy_max": 0.9998083114624023,
  "neutral_mean": 0.35918164253234863,
  "neutral_std": 0.3913849890232086,
  "neutral_median": 0.14703582227230072,
  "neutral_max": 0.9999979138374329,
  "surprise_mean": 0.024345723912119865,
  "surprise_std": 0.10583048313856125,
  "surprise_median": 3.1176655284070875e-06,
  "surprise_max": 0.9247161746025085,
  "processed_frames": 121.0,
  "video_name": "1 (9).mp4"
}