{
  "expression_speed_max": 0.8292775220341153,
  "expression_speed_mean": 0.16514676064252853,
  "expression_speed_median": 0.0768298212852743,
  "expression_speed_std": 0.19509712689452702,
  "eye_contact_max": 0.9992956320444742,
  "eye_contact_mean": 0.9631055593490601,
  "eye_contact_median": 0.9769443405999078,
  "eye_contact_std": 0.03948093992140558,
  "eye_openness_max": 0.9854257437917922,
  "eye_openness_mean": 0.8157319095399644,
  "eye_openness_median": 0.8905279901292589,
  "eye_openness_std": 0.1971314698457718,
  "eye_spacing_ratio_max": 0.7245724201202393,
  "eye_spacing_ratio_mean": 0.6400176948971219,
  "eye_spacing_ratio_median": 0.6433179709646437,
  "eye_spacing_ratio_std": 0.0317519081549512,
  "face_width_height_ratio_max": 1.215652134683397,
  "face_width_height_ratio_mean": 0.9763930042584738,
  "face_width_height_ratio_median": 1.0037365820672777,
  "face_width_height_ratio_std": 0.10887870192527771,
  "facial_symmetry_max": 0.996681465042962,
  "facial_symmetry_mean": 0.8601429793569777,
  "facial_symmetry_median": 0.8781811793645223,
  "facial_symmetry_std": 0.1056773712237676,
  "gaze_stability_max": 1.0,
  "gaze_stability_mean": 0.9828688767221239,
  "gaze_stability_median": 0.9926678538322449,
  "gaze_stability_std": 0.025309799756440852,
  "happy_max": 0.895531220568551,
  "happy_mean": 0.10354660404846072,
  "happy_median": 0.022339368443176175,
  "happy_std": 0.22902153929074606,
  "head_tilt_max": 0.41447271572219,
  "head_tilt_mean": 0.13641170039772987,
  "head_tilt_median": 0.11002022359106275,
  "head_tilt_std": 0.10404115211632517,
  "jaw_ratio_max": 0.8457223706775241,
  "jaw_ratio_mean": 0.7911929686864217,
  "jaw_ratio_median": 0.7907511923048232,
  "jaw_ratio_std": 0.016262019156581826,
  "neutral_max": 0.98533962170283,
  "neutral_mean": 0.29306801160176593,
  "neutral_median": 0.13995310871137512,
  "neutral_std": 0.3250361730655034,
  "processed_frames": 98.0,
  "smile_intensity_max": 0.8518132567405701,
  "smile_intensity_mean": 0.3169651925563812,
  "smile_intensity_median": 0.3264794738756286,
  "smile_intensity_std": 0.21375497844484118,
  "surprise_max": 0.6630928557780054,
  "surprise_mean": 0.024667653255164623,
  "surprise_median": 7.357100045466168e-05,
  "surprise_std": 0.09430375664184491,
  "video_count": 9.0,
  "valid_video_count": 9.0,
  "valid_video_ratio": 1.0,
  "total_processed_frames": 882.0,
  "avg_processed_frames": 98.0,
  "quality_score": 0.8613333333333333,
  "person_name": "Jennifer Connely"
}