{
  "facial_symmetry_mean": 0.9103628993034363,
  "facial_symmetry_std": 0.06603970378637314,
  "facial_symmetry_median": 0.9267170429229736,
  "facial_symmetry_max": 0.9994274973869324,
  "face_width_height_ratio_mean": 0.6413347125053406,
  "face_width_height_ratio_std": 0.04138437286019325,
  "face_width_height_ratio_median": 0.6320428252220154,
  "face_width_height_ratio_max": 0.7822240591049194,
  "eye_spacing_ratio_mean": 0.6652409434318542,
  "eye_spacing_ratio_std": 0.02855672314763069,
  "eye_spacing_ratio_median": 0.6619557738304138,
  "eye_spacing_ratio_max": 0.7453638911247253,
  "jaw_ratio_mean": 0.7891364097595215,
  "jaw_ratio_std": 0.014912346377968788,
  "jaw_ratio_median": 0.788421630859375,
  "jaw_ratio_max": 0.829074501991272,
  "smile_intensity_mean": 0.20527246594429016,
  "smile_intensity_std": 0.24153921008110046,
  "smile_intensity_median": 0.07431593537330627,
  "smile_intensity_max": 1.0,
  "eye_contact_mean": 0.9595154523849487,
  "eye_contact_std": 0.03683513030409813,
  "eye_contact_median": 0.9655265808105469,
  "eye_contact_max": 0.9998016953468323,
  "eye_openness_mean": 0.8980396389961243,
  "eye_openness_std": 0.22803670167922974,
  "eye_openness_median": 1.0,
  "eye_openness_max": 1.0,
  "gaze_stability_mean": 0.9866781234741211,
  "gaze_stability_std": 0.017542604357004166,
  "gaze_stability_median": 0.9924347400665283,
  "gaze_stability_max": 1.0,
  "head_tilt_mean": 0.15165162086486816,
  "head_tilt_std": 0.11176584661006927,
  "head_tilt_median": 0.1005968451499939,
  "head_tilt_max": 0.4147323966026306,
  "expression_speed_mean": 0.22825002670288086,
  "expression_speed_std": 0.2580704391002655,
  "expression_speed_median": 0.13629302382469177,
  "expression_speed_max": 1.0,
  "happy_mean": 0.13468238711357117,
  "happy_std": 0.30553534626960754,
  "happy_median": 0.0005998606793582439,
  "happy_max": 0.9999904036521912,
  "neutral_mean": 0.4372768700122833,
  "neutral_std": 0.3959054946899414,
  "neutral_median": 0.37895262241363525,
  "neutral_max": 0.9911915063858032,
  "surprise_mean": 0.054469700902700424,
  "surprise_std": 0.17883232235908508,
  "surprise_median": 4.212848944007419e-05,
  "surprise_max": 0.9390422701835632,
  "processed_frames": 71.0,
  "video_name": "1 (3).mp4"
}