{
  "facial_symmetry_mean": 0.8705410957336426,
  "facial_symmetry_std": 0.05515630915760994,
  "facial_symmetry_median": 0.8640051484107971,
  "facial_symmetry_max": 0.9986903667449951,
  "face_width_height_ratio_mean": 0.8284343481063843,
  "face_width_height_ratio_std": 0.07687153667211533,
  "face_width_height_ratio_median": 0.8346482515335083,
  "face_width_height_ratio_max": 1.1853277683258057,
  "eye_spacing_ratio_mean": 0.6456058621406555,
  "eye_spacing_ratio_std": 0.017452748492360115,
  "eye_spacing_ratio_median": 0.6452248096466064,
  "eye_spacing_ratio_max": 0.7112520337104797,
  "jaw_ratio_mean": 0.7752776145935059,
  "jaw_ratio_std": 0.018491657450795174,
  "jaw_ratio_median": 0.776536226272583,
  "jaw_ratio_max": 0.8346494436264038,
  "smile_intensity_mean": 0.03153044357895851,
  "smile_intensity_std": 0.07918408513069153,
  "smile_intensity_median": 0.014455406926572323,
  "smile_intensity_max": 0.5927509069442749,
  "eye_contact_mean": 0.9575230479240417,
  "eye_contact_std": 0.030280668288469315,
  "eye_contact_median": 0.9696774482727051,
  "eye_contact_max": 0.9996761679649353,
  "eye_openness_mean": 0.8171792030334473,
  "eye_openness_std": 0.2641896605491638,
  "eye_openness_median": 1.0,
  "eye_openness_max": 1.0,
  "gaze_stability_mean": 0.9896151423454285,
  "gaze_stability_std": 0.017694169655442238,
  "gaze_stability_median": 0.9956749677658081,
  "gaze_stability_max": 1.0,
  "head_tilt_mean": 0.10096070170402527,
  "head_tilt_std": 0.1812334656715393,
  "head_tilt_median": 0.03980949521064758,
  "head_tilt_max": 0.6978358030319214,
  "expression_speed_mean": 0.10273592174053192,
  "expression_speed_std": 0.17521490156650543,
  "expression_speed_median": 0.02098456583917141,
  "expression_speed_max": 0.752497673034668,
  "happy_mean": 0.09633815288543701,
  "happy_std": 0.23513828217983246,
  "happy_median": 0.0013302989536896348,
  "happy_max": 0.9997534155845642,
  "neutral_mean": 0.43144965171813965,
  "neutral_std": 0.3388512432575226,
  "neutral_median": 0.37413689494132996,
  "neutral_max": 0.9974090456962585,
  "surprise_mean": 0.0013680391712114215,
  "surprise_std": 0.003590912092477083,
  "surprise_median": 0.00017535653023514897,
  "surprise_max": 0.02887934446334839,
  "processed_frames": 165.0,
  "video_name": "1 (5).mp4"
}