{
  "expression_speed_max": 0.8677904486656189,
  "expression_speed_mean": 0.15126970410346985,
  "expression_speed_median": 0.07107014209032059,
  "expression_speed_std": 0.19833815693855286,
  "eye_contact_max": 0.9998114347457886,
  "eye_contact_mean": 0.9596697688102722,
  "eye_contact_median": 0.9699031591415406,
  "eye_contact_std": 0.03317524008452892,
  "eye_openness_max": 1.0,
  "eye_openness_mean": 0.8100314259529113,
  "eye_openness_median": 0.8791784822940827,
  "eye_openness_std": 0.23466890752315522,
  "eye_spacing_ratio_max": 0.7321153044700622,
  "eye_spacing_ratio_mean": 0.6514875531196594,
  "eye_spacing_ratio_median": 0.6517550587654114,
  "eye_spacing_ratio_std": 0.023819174244999887,
  "face_width_height_ratio_max": 1.2800310373306274,
  "face_width_height_ratio_mean": 1.025504457950592,
  "face_width_height_ratio_median": 1.0322472214698792,
  "face_width_height_ratio_std": 0.08796323910355568,
  "facial_symmetry_max": 0.99907146692276,
  "facial_symmetry_mean": 0.9012531280517578,
  "facial_symmetry_median": 0.9136446118354797,
  "facial_symmetry_std": 0.06657734885811806,
  "gaze_stability_max": 1.0,
  "gaze_stability_mean": 0.9862470507621766,
  "gaze_stability_median": 0.9938125610351562,
  "gaze_stability_std": 0.020702075958251954,
  "happy_max": 0.9998808860778808,
  "happy_mean": 0.10481052100658417,
  "happy_median": 0.002470353431999683,
  "happy_std": 0.2567799299955368,
  "head_tilt_max": 0.37873640060424807,
  "head_tilt_mean": 0.1046061221510172,
  "head_tilt_median": 0.07494978606700897,
  "head_tilt_std": 0.09899949058890342,
  "jaw_ratio_max": 0.8340770125389099,
  "jaw_ratio_mean": 0.7793596386909485,
  "jaw_ratio_median": 0.7779520750045776,
  "jaw_ratio_std": 0.017629013769328593,
  "neutral_max": 0.997085440158844,
  "neutral_mean": 0.46567227244377135,
  "neutral_median": 0.44237693548202517,
  "neutral_std": 0.3785161316394806,
  "processed_frames": 111.6,
  "smile_intensity_max": 0.6762672662734985,
  "smile_intensity_mean": 0.11107841841876506,
  "smile_intensity_median": 0.038954836409538986,
  "smile_intensity_std": 0.15228762701153756,
  "surprise_max": 0.433065739274025,
  "surprise_mean": 0.017093101202044637,
  "surprise_median": 0.0001842258709075395,
  "surprise_std": 0.06498869345523417,
  "video_count": 5.0,
  "valid_video_count": 5.0,
  "valid_video_ratio": 1.0,
  "total_processed_frames": 558.0,
  "avg_processed_frames": 111.6,
  "quality_score": 0.8976,
  "person_name": "Thẩm My Trang"
}