{
  "facial_symmetry_mean": 0.9288792610168457,
  "facial_symmetry_std": 0.06548059731721878,
  "facial_symmetry_median": 0.9551630616188049,
  "facial_symmetry_max": 0.9997755289077759,
  "face_width_height_ratio_mean": 0.5812599658966064,
  "face_width_height_ratio_std": 0.06183692067861557,
  "face_width_height_ratio_median": 0.601941704750061,
  "face_width_height_ratio_max": 0.7214680314064026,
  "eye_spacing_ratio_mean": 0.6470679640769958,
  "eye_spacing_ratio_std": 0.028929198160767555,
  "eye_spacing_ratio_median": 0.6500441431999207,
  "eye_spacing_ratio_max": 0.7972545027732849,
  "jaw_ratio_mean": 0.7678984999656677,
  "jaw_ratio_std": 0.019136419519782066,
  "jaw_ratio_median": 0.7633306980133057,
  "jaw_ratio_max": 0.8317356109619141,
  "smile_intensity_mean": 0.07014091312885284,
  "smile_intensity_std": 0.10734407603740692,
  "smile_intensity_median": 0.020130934193730354,
  "smile_intensity_max": 0.5554219484329224,
  "eye_contact_mean": 0.9686338901519775,
  "eye_contact_std": 0.0352715365588665,
  "eye_contact_median": 0.9823415279388428,
  "eye_contact_max": 0.9998680353164673,
  "eye_openness_mean": 0.8665659427642822,
  "eye_openness_std": 0.2363138496875763,
  "eye_openness_median": 1.0,
  "eye_openness_max": 1.0,
  "gaze_stability_mean": 0.9884822368621826,
  "gaze_stability_std": 0.017301227897405624,
  "gaze_stability_median": 0.9943162202835083,
  "gaze_stability_max": 1.0,
  "head_tilt_mean": 0.08366727083921432,
  "head_tilt_std": 0.06366128474473953,
  "head_tilt_median": 0.06802916526794434,
  "head_tilt_max": 0.21409571170806885,
  "expression_speed_mean": 0.1315975785255432,
  "expression_speed_std": 0.18313394486904144,
  "expression_speed_median": 0.054118067026138306,
  "expression_speed_max": 0.7764326930046082,
  "happy_mean": 0.10506982356309891,
  "happy_std": 0.2736486494541168,
  "happy_median": 0.0004630338225979358,
  "happy_max": 0.9995947480201721,
  "neutral_mean": 0.2802828252315521,
  "neutral_std": 0.347927063703537,
  "neutral_median": 0.0850444957613945,
  "neutral_max": 0.9888190627098083,
  "surprise_mean": 0.11613049358129501,
  "surprise_std": 0.2742116153240204,
  "surprise_median": 0.00015612636343576014,
  "surprise_max": 0.9995342493057251,
  "processed_frames": 123.0,
  "video_name": "1.mp4"
}