{
  "facial_symmetry_mean": 0.8168955445289612,
  "facial_symmetry_std": 0.11015453189611435,
  "facial_symmetry_median": 0.7737712264060974,
  "facial_symmetry_max": 0.9988951086997986,
  "face_width_height_ratio_mean": 0.8336879014968872,
  "face_width_height_ratio_std": 0.1344502866268158,
  "face_width_height_ratio_median": 0.8669036030769348,
  "face_width_height_ratio_max": 1.0101655721664429,
  "eye_spacing_ratio_mean": 0.6253758668899536,
  "eye_spacing_ratio_std": 0.05169464275240898,
  "eye_spacing_ratio_median": 0.6411339044570923,
  "eye_spacing_ratio_max": 0.7320954203605652,
  "jaw_ratio_mean": 0.7937541604042053,
  "jaw_ratio_std": 0.013537623919546604,
  "jaw_ratio_median": 0.7912211418151855,
  "jaw_ratio_max": 0.8189103603363037,
  "smile_intensity_mean": 0.3407573699951172,
  "smile_intensity_std": 0.27106767892837524,
  "smile_intensity_median": 0.2708222568035126,
  "smile_intensity_max": 0.7960832118988037,
  "eye_contact_mean": 0.9118509292602539,
  "eye_contact_std": 0.038310837000608444,
  "eye_contact_median": 0.9159339070320129,
  "eye_contact_max": 0.986005425453186,
  "eye_openness_mean": 0.9343774318695068,
  "eye_openness_std": 0.07895555347204208,
  "eye_openness_median": 0.9682629108428955,
  "eye_openness_max": 1.0,
  "gaze_stability_mean": 0.9729859828948975,
  "gaze_stability_std": 0.03246171399950981,
  "gaze_stability_median": 0.9877063035964966,
  "gaze_stability_max": 1.0,
  "head_tilt_mean": 0.16476450860500336,
  "head_tilt_std": 0.1357560008764267,
  "head_tilt_median": 0.11898234486579895,
  "head_tilt_max": 0.4068170487880707,
  "expression_speed_mean": 0.18192900717258453,
  "expression_speed_std": 0.22310245037078857,
  "expression_speed_median": 0.0652245357632637,
  "expression_speed_max": 0.7134436964988708,
  "happy_mean": 0.12237285822629929,
  "happy_std": 0.2357628494501114,
  "happy_median": 0.005627290811389685,
  "happy_max": 0.9933643937110901,
  "neutral_mean": 0.23292702436447144,
  "neutral_std": 0.3479200601577759,
  "neutral_median": 0.0279559213668108,
  "neutral_max": 0.9662785530090332,
  "surprise_mean": 0.007833295501768589,
  "surprise_std": 0.02430395595729351,
  "surprise_median": 6.429883342207177e-06,
  "surprise_max": 0.12401297688484192,
  "processed_frames": 39.0,
  "video_name": "2.mp4"
}