{
  "facial_symmetry_mean": 0.8489048480987549,
  "facial_symmetry_std": 0.056577473878860474,
  "facial_symmetry_median": 0.8685011863708496,
  "facial_symmetry_max": 0.9204733967781067,
  "face_width_height_ratio_mean": 1.0337437391281128,
  "face_width_height_ratio_std": 0.15705755352973938,
  "face_width_height_ratio_median": 1.1056970357894897,
  "face_width_height_ratio_max": 1.2010869979858398,
  "eye_spacing_ratio_mean": 0.636956512928009,
  "eye_spacing_ratio_std": 0.038347866386175156,
  "eye_spacing_ratio_median": 0.6563067436218262,
  "eye_spacing_ratio_max": 0.6796596646308899,
  "jaw_ratio_mean": 0.8128160834312439,
  "jaw_ratio_std": 0.013620730489492416,
  "jaw_ratio_median": 0.8116426467895508,
  "jaw_ratio_max": 0.8559547066688538,
  "smile_intensity_mean": 0.20269927382469177,
  "smile_intensity_std": 0.254463255405426,
  "smile_intensity_median": 0.06743966042995453,
  "smile_intensity_max": 1.0,
  "eye_contact_mean": 0.9484264850616455,
  "eye_contact_std": 0.0336199589073658,
  "eye_contact_median": 0.9634686708450317,
  "eye_contact_max": 0.9891332983970642,
  "eye_openness_mean": 0.8744286298751831,
  "eye_openness_std": 0.22009067237377167,
  "eye_openness_median": 1.0,
  "eye_openness_max": 1.0,
  "gaze_stability_mean": 0.9831249713897705,
  "gaze_stability_std": 0.025372065603733063,
  "gaze_stability_median": 0.9949277639389038,
  "gaze_stability_max": 1.0,
  "head_tilt_mean": 0.07411913573741913,
  "head_tilt_std": 0.11817970126867294,
  "head_tilt_median": 0.04016440361738205,
  "head_tilt_max": 0.4310928285121918,
  "expression_speed_mean": 0.22731170058250427,
  "expression_speed_std": 0.2908576428890228,
  "expression_speed_median": 0.10207542777061462,
  "expression_speed_max": 1.0,
  "happy_mean": 0.0006833616062067449,
  "happy_std": 0.001721853157505393,
  "happy_median": 1.940308720804751e-05,
  "happy_max": 0.007591955829411745,
  "neutral_mean": 0.3025061786174774,
  "neutral_std": 0.2954784035682678,
  "neutral_median": 0.2553759813308716,
  "neutral_max": 0.99739670753479,
  "surprise_mean": 0.0013079071650281549,
  "surprise_std": 0.005904715042561293,
  "surprise_median": 1.520613864158804e-06,
  "surprise_max": 0.0382814034819603,
  "processed_frames": 52.0,
  "video_name": "4.mp4"
}