{
  "facial_symmetry_mean": 0.9132913947105408,
  "facial_symmetry_std": 0.06555438041687012,
  "facial_symmetry_median": 0.935003399848938,
  "facial_symmetry_max": 0.9819447994232178,
  "face_width_height_ratio_mean": 0.6133527755737305,
  "face_width_height_ratio_std": 0.024059168994426727,
  "face_width_height_ratio_median": 0.6139638423919678,
  "face_width_height_ratio_max": 0.6511003375053406,
  "eye_spacing_ratio_mean": 0.649878203868866,
  "eye_spacing_ratio_std": 0.018117303028702736,
  "eye_spacing_ratio_median": 0.6451401114463806,
  "eye_spacing_ratio_max": 0.6807392239570618,
  "jaw_ratio_mean": 0.7714855074882507,
  "jaw_ratio_std": 0.01989733800292015,
  "jaw_ratio_median": 0.7673579454421997,
  "jaw_ratio_max": 0.8129578232765198,
  "smile_intensity_mean": 0.06728507578372955,
  "smile_intensity_std": 0.08714286983013153,
  "smile_intensity_median": 0.025429796427488327,
  "smile_intensity_max": 0.5008419752120972,
  "eye_contact_mean": 0.9776121973991394,
  "eye_contact_std": 0.012888678349554539,
  "eye_contact_median": 0.977772057056427,
  "eye_contact_max": 0.9975868463516235,
  "eye_openness_mean": 0.9025208950042725,
  "eye_openness_std": 0.1750398427248001,
  "eye_openness_median": 1.0,
  "eye_openness_max": 1.0,
  "gaze_stability_mean": 0.9926540851593018,
  "gaze_stability_std": 0.012783924117684364,
  "gaze_stability_median": 0.996949315071106,
  "gaze_stability_max": 1.0,
  "head_tilt_mean": 0.0591779462993145,
  "head_tilt_std": 0.0368255116045475,
  "head_tilt_median": 0.043789222836494446,
  "head_tilt_max": 0.13826057314872742,
  "expression_speed_mean": 0.09546248614788055,
  "expression_speed_std": 0.18249911069869995,
  "expression_speed_median": 0.026274152100086212,
  "expression_speed_max": 0.8298907279968262,
  "happy_mean": 0.03631093353033066,
  "happy_std": 0.1371171623468399,
  "happy_median": 0.0003012153902091086,
  "happy_max": 0.8485065698623657,
  "neutral_mean": 0.5021604895591736,
  "neutral_std": 0.34347984194755554,
  "neutral_median": 0.47856587171554565,
  "neutral_max": 0.9999568462371826,
  "surprise_mean": 0.0016422050539404154,
  "surprise_std": 0.0043914406560361385,
  "surprise_median": 5.373087333282456e-05,
  "surprise_max": 0.027830325067043304,
  "processed_frames": 82.0,
  "video_name": "5.mp4"
}