{
  "facial_symmetry_mean": 0.9156612157821655,
  "facial_symmetry_std": 0.05097696930170059,
  "facial_symmetry_median": 0.904743492603302,
  "facial_symmetry_max": 0.9993462562561035,
  "face_width_height_ratio_mean": 0.6294743418693542,
  "face_width_height_ratio_std": 0.04514710232615471,
  "face_width_height_ratio_median": 0.6261479258537292,
  "face_width_height_ratio_max": 0.7533742189407349,
  "eye_spacing_ratio_mean": 0.6602963209152222,
  "eye_spacing_ratio_std": 0.02363668568432331,
  "eye_spacing_ratio_median": 0.6581787467002869,
  "eye_spacing_ratio_max": 0.8055519461631775,
  "jaw_ratio_mean": 0.7803958654403687,
  "jaw_ratio_std": 0.018527191132307053,
  "jaw_ratio_median": 0.7799294590950012,
  "jaw_ratio_max": 0.8335107564926147,
  "smile_intensity_mean": 0.17291375994682312,
  "smile_intensity_std": 0.21541327238082886,
  "smile_intensity_median": 0.054377950727939606,
  "smile_intensity_max": 1.0,
  "eye_contact_mean": 0.9753365516662598,
  "eye_contact_std": 0.020790649577975273,
  "eye_contact_median": 0.9811084866523743,
  "eye_contact_max": 0.9995213150978088,
  "eye_openness_mean": 0.8830824494361877,
  "eye_openness_std": 0.21478727459907532,
  "eye_openness_median": 1.0,
  "eye_openness_max": 1.0,
  "gaze_stability_mean": 0.9902611374855042,
  "gaze_stability_std": 0.014343836344778538,
  "gaze_stability_median": 0.9953680038452148,
  "gaze_stability_max": 1.0,
  "head_tilt_mean": 0.11570937186479568,
  "head_tilt_std": 0.17906582355499268,
  "head_tilt_median": 0.04890173673629761,
  "head_tilt_max": 0.6758707761764526,
  "expression_speed_mean": 0.19581133127212524,
  "expression_speed_std": 0.2332453429698944,
  "expression_speed_median": 0.09275834262371063,
  "expression_speed_max": 1.0,
  "happy_mean": 0.003166054841130972,
  "happy_std": 0.007451288867741823,
  "happy_median": 5.818763020215556e-05,
  "happy_max": 0.03757721930742264,
  "neutral_mean": 0.3594337999820709,
  "neutral_std": 0.4113406836986542,
  "neutral_median": 0.10353811085224152,
  "neutral_max": 0.9993937015533447,
  "surprise_mean": 0.005360742565244436,
  "surprise_std": 0.036792874336242676,
  "surprise_median": 9.192631864607392e-07,
  "surprise_max": 0.31140583753585815,
  "processed_frames": 71.0,
  "video_name": "1 (1).mp4"
}