{
  "facial_symmetry_mean": 0.9376901984214783,
  "facial_symmetry_std": 0.035395298153162,
  "facial_symmetry_median": 0.9444848299026489,
  "facial_symmetry_max": 0.9990311861038208,
  "face_width_height_ratio_mean": 0.6314035654067993,
  "face_width_height_ratio_std": 0.023188821971416473,
  "face_width_height_ratio_median": 0.6293685436248779,
  "face_width_height_ratio_max": 0.7356064319610596,
  "eye_spacing_ratio_mean": 0.6506020426750183,
  "eye_spacing_ratio_std": 0.009200778789818287,
  "eye_spacing_ratio_median": 0.6519225239753723,
  "eye_spacing_ratio_max": 0.6671040654182434,
  "jaw_ratio_mean": 0.7730610966682434,
  "jaw_ratio_std": 0.01787928305566311,
  "jaw_ratio_median": 0.7694180011749268,
  "jaw_ratio_max": 0.8172106146812439,
  "smile_intensity_mean": 0.16247406601905823,
  "smile_intensity_std": 0.17297032475471497,
  "smile_intensity_median": 0.0699913501739502,
  "smile_intensity_max": 0.5600535273551941,
  "eye_contact_mean": 0.9825025200843811,
  "eye_contact_std": 0.015763869509100914,
  "eye_contact_median": 0.9850059747695923,
  "eye_contact_max": 0.9998884201049805,
  "eye_openness_mean": 0.9931585788726807,
  "eye_openness_std": 0.07272548228502274,
  "eye_openness_median": 1.0,
  "eye_openness_max": 1.0,
  "gaze_stability_mean": 0.993201494216919,
  "gaze_stability_std": 0.011595867574214935,
  "gaze_stability_median": 0.996914267539978,
  "gaze_stability_max": 1.0,
  "head_tilt_mean": 0.07155255228281021,
  "head_tilt_std": 0.06508927047252655,
  "head_tilt_median": 0.04642367362976074,
  "head_tilt_max": 0.23176118731498718,
  "expression_speed_mean": 0.0780915766954422,
  "expression_speed_std": 0.12767256796360016,
  "expression_speed_median": 0.028868816792964935,
  "expression_speed_max": 0.7801148295402527,
  "happy_mean": 0.2264784872531891,
  "happy_std": 0.3734583258628845,
  "happy_median": 0.002972738351672888,
  "happy_max": 0.9999994039535522,
  "neutral_mean": 0.16218335926532745,
  "neutral_std": 0.2826842963695526,
  "neutral_median": 0.009784947149455547,
  "neutral_max": 0.9997138977050781,
  "surprise_mean": 0.06495732814073563,
  "surprise_std": 0.18865138292312622,
  "surprise_median": 1.885730171125033e-06,
  "surprise_max": 0.8537067174911499,
  "processed_frames": 114.0,
  "video_name": "1 (2).mp4"
}