{
  "facial_symmetry_mean": 0.8422477841377258,
  "facial_symmetry_std": 0.11631345748901367,
  "facial_symmetry_median": 0.8131523728370667,
  "facial_symmetry_max": 0.9997363686561584,
  "face_width_height_ratio_mean": 0.5969433784484863,
  "face_width_height_ratio_std": 0.08715160191059113,
  "face_width_height_ratio_median": 0.609652578830719,
  "face_width_height_ratio_max": 0.7296864986419678,
  "eye_spacing_ratio_mean": 0.6561687588691711,
  "eye_spacing_ratio_std": 0.032356634736061096,
  "eye_spacing_ratio_median": 0.6526470184326172,
  "eye_spacing_ratio_max": 0.7586755156517029,
  "jaw_ratio_mean": 0.7892916202545166,
  "jaw_ratio_std": 0.018680034205317497,
  "jaw_ratio_median": 0.7900705337524414,
  "jaw_ratio_max": 0.845810055732727,
  "smile_intensity_mean": 0.18621665239334106,
  "smile_intensity_std": 0.2360197752714157,
  "smile_intensity_median": 0.05052260681986809,
  "smile_intensity_max": 0.8752851486206055,
  "eye_contact_mean": 0.9504536390304565,
  "eye_contact_std": 0.033227887004613876,
  "eye_contact_median": 0.9578980207443237,
  "eye_contact_max": 0.9942722320556641,
  "eye_openness_mean": 0.965516984462738,
  "eye_openness_std": 0.08525492995977402,
  "eye_openness_median": 1.0,
  "eye_openness_max": 1.0,
  "gaze_stability_mean": 0.9875419735908508,
  "gaze_stability_std": 0.014039933681488037,
  "gaze_stability_median": 0.9924261569976807,
  "gaze_stability_max": 1.0,
  "head_tilt_mean": 0.35471004247665405,
  "head_tilt_std": 0.2004842609167099,
  "head_tilt_median": 0.35157591104507446,
  "head_tilt_max": 0.7193991541862488,
  "expression_speed_mean": 0.10690230131149292,
  "expression_speed_std": 0.1456790417432785,
  "expression_speed_median": 0.04036003723740578,
  "expression_speed_max": 0.6862573027610779,
  "happy_mean": 0.18721656501293182,
  "happy_std": 0.34246256947517395,
  "happy_median": 0.00043111181003041565,
  "happy_max": 0.999392569065094,
  "neutral_mean": 0.34205618500709534,
  "neutral_std": 0.42487600445747375,
  "neutral_median": 0.048773251473903656,
  "neutral_max": 0.9999991059303284,
  "surprise_mean": 0.07294540852308273,
  "surprise_std": 0.21597130596637726,
  "surprise_median": 2.9277653084136546e-06,
  "surprise_max": 0.9928188920021057,
  "processed_frames": 61.0,
  "video_name": "1 (4).mp4"
}