{
  "facial_symmetry_mean": 0.8533635139465332,
  "facial_symmetry_std": 0.08188548684120178,
  "facial_symmetry_median": 0.8694212436676025,
  "facial_symmetry_max": 0.9889525771141052,
  "face_width_height_ratio_mean": 0.8238806128501892,
  "face_width_height_ratio_std": 0.05378671735525131,
  "face_width_height_ratio_median": 0.8271007537841797,
  "face_width_height_ratio_max": 0.9522086381912231,
  "eye_spacing_ratio_mean": 0.6536083221435547,
  "eye_spacing_ratio_std": 0.02334284968674183,
  "eye_spacing_ratio_median": 0.6566716432571411,
  "eye_spacing_ratio_max": 0.7006866931915283,
  "jaw_ratio_mean": 0.7817641496658325,
  "jaw_ratio_std": 0.01747788116335869,
  "jaw_ratio_median": 0.7810627818107605,
  "jaw_ratio_max": 0.8417326807975769,
  "smile_intensity_mean": 0.26737189292907715,
  "smile_intensity_std": 0.24270322918891907,
  "smile_intensity_median": 0.23567216098308563,
  "smile_intensity_max": 0.7876825928688049,
  "eye_contact_mean": 0.945384681224823,
  "eye_contact_std": 0.050114236772060394,
  "eye_contact_median": 0.9598770141601562,
  "eye_contact_max": 0.9998949766159058,
  "eye_openness_mean": 0.9016717076301575,
  "eye_openness_std": 0.22298726439476013,
  "eye_openness_median": 1.0,
  "eye_openness_max": 1.0,
  "gaze_stability_mean": 0.9791297316551208,
  "gaze_stability_std": 0.025562811642885208,
  "gaze_stability_median": 0.9897230267524719,
  "gaze_stability_max": 1.0,
  "head_tilt_mean": 0.18360750377178192,
  "head_tilt_std": 0.1397080272436142,
  "head_tilt_median": 0.13329967856407166,
  "head_tilt_max": 0.5321094393730164,
  "expression_speed_mean": 0.21843571960926056,
  "expression_speed_std": 0.2430322766304016,
  "expression_speed_median": 0.11343656480312347,
  "expression_speed_max": 0.897637128829956,
  "happy_mean": 0.2711420953273773,
  "happy_std": 0.4073294401168823,
  "happy_median": 0.010752593167126179,
  "happy_max": 0.9999999403953552,
  "neutral_mean": 0.25614622235298157,
  "neutral_std": 0.3657747209072113,
  "neutral_median": 0.03099833056330681,
  "neutral_max": 0.9999350905418396,
  "surprise_mean": 0.09502272307872772,
  "surprise_std": 0.20374411344528198,
  "surprise_median": 0.00040857773274183273,
  "surprise_max": 0.8812397718429565,
  "processed_frames": 109.0,
  "video_name": "1 (5).mp4"
}