{
  "facial_symmetry_mean": 0.7896474599838257,
  "facial_symmetry_std": 0.11351165175437927,
  "facial_symmetry_median": 0.7727702856063843,
  "facial_symmetry_max": 0.9986383318901062,
  "face_width_height_ratio_mean": 0.7869099974632263,
  "face_width_height_ratio_std": 0.048033688217401505,
  "face_width_height_ratio_median": 0.794790506362915,
  "face_width_height_ratio_max": 1.0203156471252441,
  "eye_spacing_ratio_mean": 0.6674680113792419,
  "eye_spacing_ratio_std": 0.029174059629440308,
  "eye_spacing_ratio_median": 0.6642687320709229,
  "eye_spacing_ratio_max": 0.8889259696006775,
  "jaw_ratio_mean": 0.7892321944236755,
  "jaw_ratio_std": 0.015655897557735443,
  "jaw_ratio_median": 0.7875680923461914,
  "jaw_ratio_max": 0.8516309857368469,
  "smile_intensity_mean": 0.30375418066978455,
  "smile_intensity_std": 0.20923078060150146,
  "smile_intensity_median": 0.3699392080307007,
  "smile_intensity_max": 0.7531775236129761,
  "eye_contact_mean": 0.9265843033790588,
  "eye_contact_std": 0.04463467374444008,
  "eye_contact_median": 0.9295902252197266,
  "eye_contact_max": 0.9987585544586182,
  "eye_openness_mean": 0.9018972516059875,
  "eye_openness_std": 0.19804008305072784,
  "eye_openness_median": 1.0,
  "eye_openness_max": 1.0,
  "gaze_stability_mean": 0.9824330806732178,
  "gaze_stability_std": 0.023585274815559387,
  "gaze_stability_median": 0.991895318031311,
  "gaze_stability_max": 1.0,
  "head_tilt_mean": 0.12299904972314835,
  "head_tilt_std": 0.11460172384977341,
  "head_tilt_median": 0.09591393172740936,
  "head_tilt_max": 0.5334587097167969,
  "expression_speed_mean": 0.10762985795736313,
  "expression_speed_std": 0.14652329683303833,
  "expression_speed_median": 0.04595882445573807,
  "expression_speed_max": 0.7869647741317749,
  "happy_mean": 0.11205416172742844,
  "happy_std": 0.26211363077163696,
  "happy_median": 0.0016054831212386489,
  "happy_max": 0.9998565912246704,
  "neutral_mean": 0.24244508147239685,
  "neutral_std": 0.3558995723724365,
  "neutral_median": 0.023709721863269806,
  "neutral_max": 0.9999734163284302,
  "surprise_mean": 0.012071209959685802,
  "surprise_std": 0.07009612768888474,
  "surprise_median": 2.416515201275615e-07,
  "surprise_max": 0.6559610962867737,
  "processed_frames": 184.0,
  "video_name": "1 (6).mp4"
}