{
  "expression_speed_max": 0.8526613201413836,
  "expression_speed_mean": 0.1471478289791516,
  "expression_speed_median": 0.06897946447134018,
  "expression_speed_std": 0.18276627574648177,
  "eye_contact_max": 0.9988090225628444,
  "eye_contact_mean": 0.9571617245674133,
  "eye_contact_median": 0.9629214406013489,
  "eye_contact_std": 0.03237321972846985,
  "eye_openness_max": 0.968191249029977,
  "eye_openness_mean": 0.846406353371484,
  "eye_openness_median": 0.9175042041710445,
  "eye_openness_std": 0.16698792576789856,
  "eye_spacing_ratio_max": 0.7484838451657977,
  "eye_spacing_ratio_mean": 0.6554699965885707,
  "eye_spacing_ratio_median": 0.6553006001881191,
  "eye_spacing_ratio_std": 0.02416243710155998,
  "face_width_height_ratio_max": 0.9274251120431083,
  "face_width_height_ratio_mean": 0.7583960294723511,
  "face_width_height_ratio_median": 0.7619720186505999,
  "face_width_height_ratio_std": 0.054865041481597085,
  "facial_symmetry_max": 0.9975311415536063,
  "facial_symmetry_mean": 0.8699237874576023,
  "facial_symmetry_median": 0.8606620516095843,
  "facial_symmetry_std": 0.07474996468850545,
  "gaze_stability_max": 1.0,
  "gaze_stability_mean": 0.9859661034175328,
  "gaze_stability_median": 0.9931415404592242,
  "gaze_stability_std": 0.018195922885622298,
  "happy_max": 0.862393933747496,
  "happy_mean": 0.22907499935744063,
  "happy_median": 0.09518485850899847,
  "happy_std": 0.32466838089749217,
  "head_tilt_max": 0.47698910321508137,
  "head_tilt_mean": 0.1558139526418277,
  "head_tilt_median": 0.12785301676818303,
  "head_tilt_std": 0.12015006584780556,
  "jaw_ratio_max": 0.8369013326508659,
  "jaw_ratio_mean": 0.7834538902555194,
  "jaw_ratio_median": 0.7826072658811297,
  "jaw_ratio_std": 0.018497414088674953,
  "neutral_max": 0.9944982017789569,
  "neutral_mean": 0.25097609630652834,
  "neutral_median": 0.039134186160351546,
  "neutral_std": 0.34966674021312166,
  "processed_frames": 121.57142857142857,
  "smile_intensity_max": 0.7868657537869045,
  "smile_intensity_mean": 0.20470142577375686,
  "smile_intensity_median": 0.12067780537264687,
  "smile_intensity_std": 0.2190819808415004,
  "surprise_max": 0.7726429786000933,
  "surprise_mean": 0.04052624831508313,
  "surprise_median": 9.741852288617078e-05,
  "surprise_std": 0.12624719738960266,
  "video_count": 7.0,
  "valid_video_count": 7.0,
  "valid_video_ratio": 1.0,
  "total_processed_frames": 851.0,
  "avg_processed_frames": 121.57142857142857,
  "quality_score": 0.9241904761904762,
  "person_name": "Song Hye-kyo"
}