{
  "facial_symmetry_mean": 0.8945028781890869,
  "facial_symmetry_std": 0.06291265785694122,
  "facial_symmetry_median": 0.8852660059928894,
  "facial_symmetry_max": 0.99794602394104,
  "face_width_height_ratio_mean": 0.6418753266334534,
  "face_width_height_ratio_std": 0.05019199475646019,
  "face_width_height_ratio_median": 0.6495052576065063,
  "face_width_height_ratio_max": 0.7540769577026367,
  "eye_spacing_ratio_mean": 0.6725783944129944,
  "eye_spacing_ratio_std": 0.030798980966210365,
  "eye_spacing_ratio_median": 0.6669219136238098,
  "eye_spacing_ratio_max": 0.7697046399116516,
  "jaw_ratio_mean": 0.7579513192176819,
  "jaw_ratio_std": 0.021924098953604698,
  "jaw_ratio_median": 0.7605831027030945,
  "jaw_ratio_max": 0.8047573566436768,
  "smile_intensity_mean": 0.1342097669839859,
  "smile_intensity_std": 0.22429758310317993,
  "smile_intensity_median": 0.018757855519652367,
  "smile_intensity_max": 1.0,
  "eye_contact_mean": 0.9660375714302063,
  "eye_contact_std": 0.023059232160449028,
  "eye_contact_median": 0.9708621501922607,
  "eye_contact_max": 0.9995672702789307,
  "eye_openness_mean": 0.79313063621521,
  "eye_openness_std": 0.24490146338939667,
  "eye_openness_median": 0.9974325299263,
  "eye_openness_max": 1.0,
  "gaze_stability_mean": 0.9878361225128174,
  "gaze_stability_std": 0.015089248307049274,
  "gaze_stability_median": 0.9943634271621704,
  "gaze_stability_max": 1.0,
  "head_tilt_mean": 0.19802910089492798,
  "head_tilt_std": 0.1979447305202484,
  "head_tilt_median": 0.1480814814567566,
  "head_tilt_max": 0.8554533123970032,
  "expression_speed_mean": 0.16490380465984344,
  "expression_speed_std": 0.20985130965709686,
  "expression_speed_median": 0.07956954836845398,
  "expression_speed_max": 0.9716423749923706,
  "happy_mean": 0.26866093277931213,
  "happy_std": 0.38620367646217346,
  "happy_median": 0.01068326085805893,
  "happy_max": 0.9999999403953552,
  "neutral_mean": 0.34450075030326843,
  "neutral_std": 0.3905850052833557,
  "neutral_median": 0.11603814363479614,
  "neutral_max": 0.9999837875366211,
  "surprise_mean": 0.010135744698345661,
  "surprise_std": 0.07950832694768906,
  "surprise_median": 1.3150220468105545e-07,
  "surprise_max": 0.7779534459114075,
  "processed_frames": 97.0,
  "video_name": "1.mp4"
}