{
  "facial_symmetry_mean": 0.813091516494751,
  "facial_symmetry_std": 0.09496711194515228,
  "facial_symmetry_median": 0.7903093695640564,
  "facial_symmetry_max": 0.9933744668960571,
  "face_width_height_ratio_mean": 1.4027233123779297,
  "face_width_height_ratio_std": 0.07392418384552002,
  "face_width_height_ratio_median": 1.3926271200180054,
  "face_width_height_ratio_max": 1.5764552354812622,
  "eye_spacing_ratio_mean": 0.6648478507995605,
  "eye_spacing_ratio_std": 0.018518714234232903,
  "eye_spacing_ratio_median": 0.6640049815177917,
  "eye_spacing_ratio_max": 0.7191725969314575,
  "jaw_ratio_mean": 0.7677939534187317,
  "jaw_ratio_std": 0.017909497022628784,
  "jaw_ratio_median": 0.7668482065200806,
  "jaw_ratio_max": 0.8058422803878784,
  "smile_intensity_mean": 0.09470656514167786,
  "smile_intensity_std": 0.11641836166381836,
  "smile_intensity_median": 0.01603955589234829,
  "smile_intensity_max": 0.4034302532672882,
  "eye_contact_mean": 0.9400490522384644,
  "eye_contact_std": 0.03800255432724953,
  "eye_contact_median": 0.9465644955635071,
  "eye_contact_max": 0.9991711974143982,
  "eye_openness_mean": 0.830373227596283,
  "eye_openness_std": 0.24101850390434265,
  "eye_openness_median": 0.9809958338737488,
  "eye_openness_max": 1.0,
  "gaze_stability_mean": 0.9863926768302917,
  "gaze_stability_std": 0.026199862360954285,
  "gaze_stability_median": 0.9937344789505005,
  "gaze_stability_max": 1.0,
  "head_tilt_mean": 0.04404543340206146,
  "head_tilt_std": 0.03499332070350647,
  "head_tilt_median": 0.03910750150680542,
  "head_tilt_max": 0.1430046558380127,
  "expression_speed_mean": 0.09095760434865952,
  "expression_speed_std": 0.13777685165405273,
  "expression_speed_median": 0.030579134821891785,
  "expression_speed_max": 0.7333858609199524,
  "happy_mean": 0.13393287360668182,
  "happy_std": 0.3074869215488434,
  "happy_median": 0.0010367714567109942,
  "happy_max": 0.9997353553771973,
  "neutral_mean": 0.4597187042236328,
  "neutral_std": 0.3993018567562103,
  "neutral_median": 0.35031336545944214,
  "neutral_max": 0.9998202323913574,
  "surprise_mean": 0.014092396013438702,
  "surprise_std": 0.06514115631580353,
  "surprise_median": 9.900885197566822e-05,
  "surprise_max": 0.5710180401802063,
  "processed_frames": 201.0,
  "video_name": "2.mp4"
}