{
  "facial_symmetry_mean": 0.8484901785850525,
  "facial_symmetry_std": 0.05531679838895798,
  "facial_symmetry_median": 0.8134410381317139,
  "facial_symmetry_max": 0.9265083074569702,
  "face_width_height_ratio_mean": 1.4051350355148315,
  "face_width_height_ratio_std": 0.12274568527936935,
  "face_width_height_ratio_median": 1.4447154998779297,
  "face_width_height_ratio_max": 1.5291104316711426,
  "eye_spacing_ratio_mean": 0.645251989364624,
  "eye_spacing_ratio_std": 0.019629808142781258,
  "eye_spacing_ratio_median": 0.6476655602455139,
  "eye_spacing_ratio_max": 0.6947956681251526,
  "jaw_ratio_mean": 0.7805383205413818,
  "jaw_ratio_std": 0.027231043204665184,
  "jaw_ratio_median": 0.7910791635513306,
  "jaw_ratio_max": 0.8077850341796875,
  "smile_intensity_mean": 0.16826997697353363,
  "smile_intensity_std": 0.14737051725387573,
  "smile_intensity_median": 0.25407883524894714,
  "smile_intensity_max": 0.436012327671051,
  "eye_contact_mean": 0.9826101660728455,
  "eye_contact_std": 0.01698068343102932,
  "eye_contact_median": 0.9878442287445068,
  "eye_contact_max": 0.9997004270553589,
  "eye_openness_mean": 0.5939192175865173,
  "eye_openness_std": 0.21592089533805847,
  "eye_openness_median": 0.5300056338310242,
  "eye_openness_max": 1.0,
  "gaze_stability_mean": 0.9863967299461365,
  "gaze_stability_std": 0.01348603144288063,
  "gaze_stability_median": 0.9887803792953491,
  "gaze_stability_max": 1.0,
  "head_tilt_mean": 0.09403879940509796,
  "head_tilt_std": 0.12398816645145416,
  "head_tilt_median": 0.0581689178943634,
  "head_tilt_max": 0.4180261492729187,
  "expression_speed_mean": 0.12514197826385498,
  "expression_speed_std": 0.14437854290008545,
  "expression_speed_median": 0.08073031157255173,
  "expression_speed_max": 0.6635346412658691,
  "happy_mean": 0.4259505569934845,
  "happy_std": 0.45020169019699097,
  "happy_median": 0.12279710173606873,
  "happy_max": 0.9999891519546509,
  "neutral_mean": 0.2101127952337265,
  "neutral_std": 0.3155839443206787,
  "neutral_median": 0.0032859519124031067,
  "neutral_max": 0.9727476239204407,
  "surprise_mean": 0.04085599631071091,
  "surprise_std": 0.1368401050567627,
  "surprise_median": 1.6407626389991492e-05,
  "surprise_max": 0.5995007753372192,
  "processed_frames": 22.0,
  "video_name": "3.mp4"
}