{
  "facial_symmetry_mean": 0.9134101271629333,
  "facial_symmetry_std": 0.05130162462592125,
  "facial_symmetry_median": 0.9230644702911377,
  "facial_symmetry_max": 0.996903121471405,
  "face_width_height_ratio_mean": 0.797213077545166,
  "face_width_height_ratio_std": 0.06288650631904602,
  "face_width_height_ratio_median": 0.7994632124900818,
  "face_width_height_ratio_max": 0.9964478611946106,
  "eye_spacing_ratio_mean": 0.6412659287452698,
  "eye_spacing_ratio_std": 0.049397062510252,
  "eye_spacing_ratio_median": 0.6554931998252869,
  "eye_spacing_ratio_max": 0.7546910047531128,
  "jaw_ratio_mean": 0.7763440608978271,
  "jaw_ratio_std": 0.024694643914699554,
  "jaw_ratio_median": 0.7728038430213928,
  "jaw_ratio_max": 0.8479507565498352,
  "smile_intensity_mean": 0.3149952292442322,
  "smile_intensity_std": 0.30007320642471313,
  "smile_intensity_median": 0.225550577044487,
  "smile_intensity_max": 1.0,
  "eye_contact_mean": 0.9641149640083313,
  "eye_contact_std": 0.027520088478922844,
  "eye_contact_median": 0.9702428579330444,
  "eye_contact_max": 0.9991952180862427,
  "eye_openness_mean": 0.713245153427124,
  "eye_openness_std": 0.24372364580631256,
  "eye_openness_median": 0.6756176948547363,
  "eye_openness_max": 1.0,
  "gaze_stability_mean": 0.9871641993522644,
  "gaze_stability_std": 0.015497413463890553,
  "gaze_stability_median": 0.99131178855896,
  "gaze_stability_max": 1.0,
  "head_tilt_mean": 0.042224638164043427,
  "head_tilt_std": 0.04266878589987755,
  "head_tilt_median": 0.024169832468032837,
  "head_tilt_max": 0.15427559614181519,
  "expression_speed_mean": 0.22470849752426147,
  "expression_speed_std": 0.232667475938797,
  "expression_speed_median": 0.11498048156499863,
  "expression_speed_max": 0.9946646094322205,
  "happy_mean": 0.07723230123519897,
  "happy_std": 0.23767289519309998,
  "happy_median": 0.00014746637316420674,
  "happy_max": 0.9980086088180542,
  "neutral_mean": 0.3941519260406494,
  "neutral_std": 0.3456769585609436,
  "neutral_median": 0.31368663907051086,
  "neutral_max": 0.9941591620445251,
  "surprise_mean": 0.046102654188871384,
  "surprise_std": 0.15854795277118683,
  "surprise_median": 1.056662767950911e-05,
  "surprise_max": 0.8367903232574463,
  "processed_frames": 73.0,
  "video_name": "4.mp4"
}