{
  "facial_symmetry_mean": 0.9032627940177917,
  "facial_symmetry_std": 0.06322673708200455,
  "facial_symmetry_median": 0.8968026638031006,
  "facial_symmetry_max": 0.9989194869995117,
  "face_width_height_ratio_mean": 1.4353196620941162,
  "face_width_height_ratio_std": 0.09963419288396835,
  "face_width_height_ratio_median": 1.4377669095993042,
  "face_width_height_ratio_max": 1.7104465961456299,
  "eye_spacing_ratio_mean": 0.6482326984405518,
  "eye_spacing_ratio_std": 0.032782528549432755,
  "eye_spacing_ratio_median": 0.6508946418762207,
  "eye_spacing_ratio_max": 0.7452540993690491,
  "jaw_ratio_mean": 0.7748571634292603,
  "jaw_ratio_std": 0.019942285493016243,
  "jaw_ratio_median": 0.7735225558280945,
  "jaw_ratio_max": 0.8363722562789917,
  "smile_intensity_mean": 0.11976486444473267,
  "smile_intensity_std": 0.12487906962633133,
  "smile_intensity_median": 0.05253168195486069,
  "smile_intensity_max": 0.5089133381843567,
  "eye_contact_mean": 0.9591490030288696,
  "eye_contact_std": 0.037264566868543625,
  "eye_contact_median": 0.9666366577148438,
  "eye_contact_max": 0.9997401237487793,
  "eye_openness_mean": 0.5223625898361206,
  "eye_openness_std": 0.18933816254138947,
  "eye_openness_median": 0.5705611109733582,
  "eye_openness_max": 1.0,
  "gaze_stability_mean": 0.9806329607963562,
  "gaze_stability_std": 0.02956625074148178,
  "gaze_stability_median": 0.9930514693260193,
  "gaze_stability_max": 1.0,
  "head_tilt_mean": 0.04664495587348938,
  "head_tilt_std": 0.04111195355653763,
  "head_tilt_median": 0.03379128873348236,
  "head_tilt_max": 0.18620803952217102,
  "expression_speed_mean": 0.12677428126335144,
  "expression_speed_std": 0.1436857283115387,
  "expression_speed_median": 0.06294667720794678,
  "expression_speed_max": 0.7398400902748108,
  "happy_mean": 0.6471917033195496,
  "happy_std": 0.41260960698127747,
  "happy_median": 0.9100988507270813,
  "happy_max": 1.0,
  "neutral_mean": 0.13789041340351105,
  "neutral_std": 0.2530331313610077,
  "neutral_median": 0.013911304995417595,
  "neutral_max": 0.999998927116394,
  "surprise_mean": 0.009263956919312477,
  "surprise_std": 0.04528225213289261,
  "surprise_median": 1.18458146971534e-05,
  "surprise_max": 0.42364200949668884,
  "processed_frames": 175.0,
  "video_name": "5.mp4"
}