{
  "facial_symmetry_mean": 0.8629387021064758,
  "facial_symmetry_std": 0.056437455117702484,
  "facial_symmetry_median": 0.8417558670043945,
  "facial_symmetry_max": 0.9925381541252136,
  "face_width_height_ratio_mean": 1.2717646360397339,
  "face_width_height_ratio_std": 0.18381479382514954,
  "face_width_height_ratio_median": 1.2715469598770142,
  "face_width_height_ratio_max": 1.598658561706543,
  "eye_spacing_ratio_mean": 0.6105239391326904,
  "eye_spacing_ratio_std": 0.054735299199819565,
  "eye_spacing_ratio_median": 0.6192010045051575,
  "eye_spacing_ratio_max": 0.7020221948623657,
  "jaw_ratio_mean": 0.7968855500221252,
  "jaw_ratio_std": 0.028631597757339478,
  "jaw_ratio_median": 0.7981037497520447,
  "jaw_ratio_max": 0.9413331151008606,
  "smile_intensity_mean": 0.22069789469242096,
  "smile_intensity_std": 0.23966874182224274,
  "smile_intensity_median": 0.10299746692180634,
  "smile_intensity_max": 0.8947064876556396,
  "eye_contact_mean": 0.956373393535614,
  "eye_contact_std": 0.03285164013504982,
  "eye_contact_median": 0.9642259478569031,
  "eye_contact_max": 0.9999930262565613,
  "eye_openness_mean": 0.47136107087135315,
  "eye_openness_std": 0.1433897763490677,
  "eye_openness_median": 0.478333443403244,
  "eye_openness_max": 0.833785355091095,
  "gaze_stability_mean": 0.9824516177177429,
  "gaze_stability_std": 0.019667042419314384,
  "gaze_stability_median": 0.9903155565261841,
  "gaze_stability_max": 1.0,
  "head_tilt_mean": 0.040664996951818466,
  "head_tilt_std": 0.037258658558130264,
  "head_tilt_median": 0.027075335383415222,
  "head_tilt_max": 0.1504959911108017,
  "expression_speed_mean": 0.191250741481781,
  "expression_speed_std": 0.19039112329483032,
  "expression_speed_median": 0.11752298474311829,
  "expression_speed_max": 0.8787304759025574,
  "happy_mean": 0.19110895693302155,
  "happy_std": 0.35239773988723755,
  "happy_median": 0.000231782381888479,
  "happy_max": 0.9999977350234985,
  "neutral_mean": 0.3577861487865448,
  "neutral_std": 0.41154947876930237,
  "neutral_median": 0.07449542731046677,
  "neutral_max": 0.9931773543357849,
  "surprise_mean": 0.03753042221069336,
  "surprise_std": 0.17511437833309174,
  "surprise_median": 9.943922123056836e-06,
  "surprise_max": 0.9998670220375061,
  "processed_frames": 88.0,
  "video_name": "6.mp4"
}