{
  "facial_symmetry_mean": 0.7713698148727417,
  "facial_symmetry_std": 0.15275952219963074,
  "facial_symmetry_median": 0.7849330306053162,
  "facial_symmetry_max": 0.9943604469299316,
  "face_width_height_ratio_mean": 1.448213815689087,
  "face_width_height_ratio_std": 0.11303509026765823,
  "face_width_height_ratio_median": 1.4522722959518433,
  "face_width_height_ratio_max": 1.734212875366211,
  "eye_spacing_ratio_mean": 0.6621338129043579,
  "eye_spacing_ratio_std": 0.023376842960715294,
  "eye_spacing_ratio_median": 0.6610476970672607,
  "eye_spacing_ratio_max": 0.7321678400039673,
  "jaw_ratio_mean": 0.759609580039978,
  "jaw_ratio_std": 0.02072935551404953,
  "jaw_ratio_median": 0.7535187602043152,
  "jaw_ratio_max": 0.820363461971283,
  "smile_intensity_mean": 0.1323288530111313,
  "smile_intensity_std": 0.1153072938323021,
  "smile_intensity_median": 0.13002829253673553,
  "smile_intensity_max": 0.3816836178302765,
  "eye_contact_mean": 0.9290423393249512,
  "eye_contact_std": 0.0428454615175724,
  "eye_contact_median": 0.9376124739646912,
  "eye_contact_max": 0.9990684986114502,
  "eye_openness_mean": 0.9147055149078369,
  "eye_openness_std": 0.16388432681560516,
  "eye_openness_median": 1.0,
  "eye_openness_max": 1.0,
  "gaze_stability_mean": 0.9773639440536499,
  "gaze_stability_std": 0.031142914667725563,
  "gaze_stability_median": 0.991113543510437,
  "gaze_stability_max": 1.0,
  "head_tilt_mean": 0.05760601535439491,
  "head_tilt_std": 0.05386916175484657,
  "head_tilt_median": 0.04397347569465637,
  "head_tilt_max": 0.23170322179794312,
  "expression_speed_mean": 0.11338471621274948,
  "expression_speed_std": 0.14342635869979858,
  "expression_speed_median": 0.04325201362371445,
  "expression_speed_max": 0.5927481055259705,
  "happy_mean": 0.5155407786369324,
  "happy_std": 0.43772509694099426,
  "happy_median": 0.6535530090332031,
  "happy_max": 0.9999914765357971,
  "neutral_mean": 0.14416895806789398,
  "neutral_std": 0.25981488823890686,
  "neutral_median": 0.006483464036136866,
  "neutral_max": 0.9751259088516235,
  "surprise_mean": 0.06025436893105507,
  "surprise_std": 0.2136947214603424,
  "surprise_median": 7.19537929398939e-05,
  "surprise_max": 0.9558523893356323,
  "processed_frames": 66.0,
  "video_name": "7.mp4"
}