{
  "expression_speed_max": 0.7963637369019645,
  "expression_speed_mean": 0.14816023196492875,
  "expression_speed_median": 0.07565445027181081,
  "expression_speed_std": 0.17173962720802852,
  "eye_contact_max": 0.9994908230645316,
  "eye_contact_mean": 0.9567680699484689,
  "eye_contact_median": 0.9634269731385368,
  "eye_contact_std": 0.031217746702688082,
  "eye_openness_max": 0.9762550507272992,
  "eye_openness_mean": 0.6912996300629207,
  "eye_openness_median": 0.7475637495517731,
  "eye_openness_std": 0.20602525344916753,
  "eye_spacing_ratio_max": 0.7311154348509652,
  "eye_spacing_ratio_mean": 0.6492620876857212,
  "eye_spacing_ratio_median": 0.6521755712372916,
  "eye_spacing_ratio_std": 0.03274846236620631,
  "face_width_height_ratio_max": 1.414201217038291,
  "face_width_height_ratio_mean": 1.2003206951277596,
  "face_width_height_ratio_median": 1.2068424650600977,
  "face_width_height_ratio_std": 0.10089034959673882,
  "facial_symmetry_max": 0.9857928582600185,
  "facial_symmetry_mean": 0.8581522873469761,
  "facial_symmetry_median": 0.8479389207703727,
  "facial_symmetry_std": 0.07670312960233007,
  "gaze_stability_max": 1.0,
  "gaze_stability_mean": 0.984034035887037,
  "gaze_stability_median": 0.9918100919042315,
  "gaze_stability_std": 0.02152125191475664,
  "happy_max": 0.9996746097292218,
  "happy_mean": 0.322802586214883,
  "happy_median": 0.2426497489380251,
  "happy_std": 0.3691853753158024,
  "head_tilt_max": 0.3055952808686665,
  "head_tilt_mean": 0.07475056286369051,
  "head_tilt_median": 0.0534811190196446,
  "head_tilt_std": 0.07597639677780015,
  "jaw_ratio_max": 0.8377720373017448,
  "jaw_ratio_mean": 0.7734257067952838,
  "jaw_ratio_median": 0.7737799116543361,
  "jaw_ratio_std": 0.02300893169428621,
  "neutral_max": 0.990716142313821,
  "neutral_mean": 0.292618528008461,
  "neutral_median": 0.12545918520273908,
  "neutral_std": 0.3393636090414865,
  "processed_frames": 103.14285714285714,
  "smile_intensity_max": 0.660678003515516,
  "smile_intensity_mean": 0.1692818786416735,
  "smile_intensity_median": 0.1142834664455482,
  "smile_intensity_std": 0.18114496767520905,
  "surprise_max": 0.7378034293651581,
  "surprise_mean": 0.031176505610346794,
  "surprise_median": 3.140830542999343e-05,
  "surprise_std": 0.12487555614539556,
  "video_count": 7.0,
  "valid_video_count": 7.0,
  "valid_video_ratio": 1.0,
  "total_processed_frames": 722.0,
  "avg_processed_frames": 103.14285714285714,
  "quality_score": 0.8750476190476191,
  "person_name": "Mao Hiểu Đồng"
}