{
  "facial_symmetry_mean": 0.8911279439926147,
  "facial_symmetry_std": 0.07900504767894745,
  "facial_symmetry_median": 0.9067777991294861,
  "facial_symmetry_max": 0.9976517558097839,
  "face_width_height_ratio_mean": 1.4854063987731934,
  "face_width_height_ratio_std": 0.15191227197647095,
  "face_width_height_ratio_median": 1.5251771211624146,
  "face_width_height_ratio_max": 1.7490551471710205,
  "eye_spacing_ratio_mean": 0.6486558318138123,
  "eye_spacing_ratio_std": 0.014890848658978939,
  "eye_spacing_ratio_median": 0.6508182883262634,
  "eye_spacing_ratio_max": 0.6833119988441467,
  "jaw_ratio_mean": 0.790691077709198,
  "jaw_ratio_std": 0.025507772341370583,
  "jaw_ratio_median": 0.7870133519172668,
  "jaw_ratio_max": 0.8372442126274109,
  "smile_intensity_mean": 0.17069193720817566,
  "smile_intensity_std": 0.15372905135154724,
  "smile_intensity_median": 0.21296283602714539,
  "smile_intensity_max": 0.5813944339752197,
  "eye_contact_mean": 0.9550839066505432,
  "eye_contact_std": 0.037516698241233826,
  "eye_contact_median": 0.9572914838790894,
  "eye_contact_max": 0.9999686479568481,
  "eye_openness_mean": 0.7271590828895569,
  "eye_openness_std": 0.24716278910636902,
  "eye_openness_median": 0.6865774989128113,
  "eye_openness_max": 1.0,
  "gaze_stability_mean": 0.9808990955352783,
  "gaze_stability_std": 0.032226093113422394,
  "gaze_stability_median": 0.9904491305351257,
  "gaze_stability_max": 1.0,
  "head_tilt_mean": 0.08112718164920807,
  "head_tilt_std": 0.111146479845047,
  "head_tilt_median": 0.039948225021362305,
  "head_tilt_max": 0.44780030846595764,
  "expression_speed_mean": 0.12131976336240768,
  "expression_speed_std": 0.13988730311393738,
  "expression_speed_median": 0.06885521858930588,
  "expression_speed_max": 0.7066534757614136,
  "happy_mean": 0.46196067333221436,
  "happy_std": 0.44524580240249634,
  "happy_median": 0.29581958055496216,
  "happy_max": 0.9999993443489075,
  "neutral_mean": 0.17836004495620728,
  "neutral_std": 0.30198732018470764,
  "neutral_median": 0.04809983819723129,
  "neutral_max": 0.9999973773956299,
  "surprise_mean": 0.02476709708571434,
  "surprise_std": 0.10688243806362152,
  "surprise_median": 0.00016743525338824838,
  "surprise_max": 0.8166599273681641,
  "processed_frames": 61.0,
  "video_name": "1.mp4"
}