{
  "facial_symmetry_mean": 0.7374047040939331,
  "facial_symmetry_std": 0.19544510543346405,
  "facial_symmetry_median": 0.8006128668785095,
  "facial_symmetry_max": 0.9987035989761353,
  "face_width_height_ratio_mean": 1.380131483078003,
  "face_width_height_ratio_std": 0.2267434000968933,
  "face_width_height_ratio_median": 1.4820690155029297,
  "face_width_height_ratio_max": 1.618859887123108,
  "eye_spacing_ratio_mean": 0.6536202430725098,
  "eye_spacing_ratio_std": 0.04218624159693718,
  "eye_spacing_ratio_median": 0.6596748232841492,
  "eye_spacing_ratio_max": 0.7056536674499512,
  "jaw_ratio_mean": 0.7826297879219055,
  "jaw_ratio_std": 0.03115244023501873,
  "jaw_ratio_median": 0.7780038118362427,
  "jaw_ratio_max": 0.874330461025238,
  "smile_intensity_mean": 0.26267915964126587,
  "smile_intensity_std": 0.32084473967552185,
  "smile_intensity_median": 0.17116092145442963,
  "smile_intensity_max": 0.9870489835739136,
  "eye_contact_mean": 0.9337862133979797,
  "eye_contact_std": 0.047163840383291245,
  "eye_contact_median": 0.9436749219894409,
  "eye_contact_max": 0.9956381916999817,
  "eye_openness_mean": 0.8639751672744751,
  "eye_openness_std": 0.21405814588069916,
  "eye_openness_median": 1.0,
  "eye_openness_max": 1.0,
  "gaze_stability_mean": 0.9818522930145264,
  "gaze_stability_std": 0.03194762393832207,
  "gaze_stability_median": 0.9918704032897949,
  "gaze_stability_max": 1.0,
  "head_tilt_mean": 0.17755284905433655,
  "head_tilt_std": 0.16209520399570465,
  "head_tilt_median": 0.09117409586906433,
  "head_tilt_max": 0.5295525789260864,
  "expression_speed_mean": 0.18129493296146393,
  "expression_speed_std": 0.2473493367433548,
  "expression_speed_median": 0.06545256823301315,
  "expression_speed_max": 1.0,
  "happy_mean": 0.03925522789359093,
  "happy_std": 0.15339674055576324,
  "happy_median": 0.00046748266322538257,
  "happy_max": 0.9993964433670044,
  "neutral_mean": 0.24296799302101135,
  "neutral_std": 0.36719024181365967,
  "neutral_median": 0.012481700628995895,
  "neutral_max": 0.9998982548713684,
  "surprise_mean": 0.03158750757575035,
  "surprise_std": 0.1204204186797142,
  "surprise_median": 4.487082605919568e-06,
  "surprise_max": 0.7897635102272034,
  "processed_frames": 65.0,
  "video_name": "4.mp4"
}