{
  "facial_symmetry_mean": 0.8344431519508362,
  "facial_symmetry_std": 0.1083483099937439,
  "facial_symmetry_median": 0.8602015972137451,
  "facial_symmetry_max": 0.9988397359848022,
  "face_width_height_ratio_mean": 1.5067280530929565,
  "face_width_height_ratio_std": 0.18130317330360413,
  "face_width_height_ratio_median": 1.5127323865890503,
  "face_width_height_ratio_max": 1.7692127227783203,
  "eye_spacing_ratio_mean": 0.6634620428085327,
  "eye_spacing_ratio_std": 0.053418006747961044,
  "eye_spacing_ratio_median": 0.6569923758506775,
  "eye_spacing_ratio_max": 0.809450626373291,
  "jaw_ratio_mean": 0.7700607776641846,
  "jaw_ratio_std": 0.0217606034129858,
  "jaw_ratio_median": 0.76904296875,
  "jaw_ratio_max": 0.8226197361946106,
  "smile_intensity_mean": 0.11072216182947159,
  "smile_intensity_std": 0.10472162067890167,
  "smile_intensity_median": 0.0730556920170784,
  "smile_intensity_max": 0.5047615170478821,
  "eye_contact_mean": 0.9378364086151123,
  "eye_contact_std": 0.047529831528663635,
  "eye_contact_median": 0.951464056968689,
  "eye_contact_max": 0.9993228912353516,
  "eye_openness_mean": 0.8987069129943848,
  "eye_openness_std": 0.15242744982242584,
  "eye_openness_median": 1.0,
  "eye_openness_max": 1.0,
  "gaze_stability_mean": 0.967380166053772,
  "gaze_stability_std": 0.042461831122636795,
  "gaze_stability_median": 0.9879024028778076,
  "gaze_stability_max": 1.0,
  "head_tilt_mean": 0.12802688777446747,
  "head_tilt_std": 0.10326782613992691,
  "head_tilt_median": 0.09020164608955383,
  "head_tilt_max": 0.31183406710624695,
  "expression_speed_mean": 0.14418825507164001,
  "expression_speed_std": 0.15789341926574707,
  "expression_speed_median": 0.09081611037254333,
  "expression_speed_max": 0.7724119424819946,
  "happy_mean": 0.3910166323184967,
  "happy_std": 0.42630627751350403,
  "happy_median": 0.11360739171504974,
  "happy_max": 1.0,
  "neutral_mean": 0.24838785827159882,
  "neutral_std": 0.3277854323387146,
  "neutral_median": 0.0898323729634285,
  "neutral_max": 0.9976430535316467,
  "surprise_mean": 0.035067807883024216,
  "surprise_std": 0.13748003542423248,
  "surprise_median": 8.46457805891987e-06,
  "surprise_max": 0.9456205368041992,
  "processed_frames": 55.0,
  "video_name": "5.mp4"
}