{
  "facial_symmetry_mean": 0.8959823846817017,
  "facial_symmetry_std": 0.08073712140321732,
  "facial_symmetry_median": 0.9049307107925415,
  "facial_symmetry_max": 0.9989816546440125,
  "face_width_height_ratio_mean": 1.350733757019043,
  "face_width_height_ratio_std": 0.2282439023256302,
  "face_width_height_ratio_median": 1.417583703994751,
  "face_width_height_ratio_max": 2.0258779525756836,
  "eye_spacing_ratio_mean": 0.6500345468521118,
  "eye_spacing_ratio_std": 0.041450049728155136,
  "eye_spacing_ratio_median": 0.6533545255661011,
  "eye_spacing_ratio_max": 0.7704488635063171,
  "jaw_ratio_mean": 0.7797414064407349,
  "jaw_ratio_std": 0.02930273674428463,
  "jaw_ratio_median": 0.7776941061019897,
  "jaw_ratio_max": 0.9012673497200012,
  "smile_intensity_mean": 0.11516119539737701,
  "smile_intensity_std": 0.17649473249912262,
  "smile_intensity_median": 0.020836642012000084,
  "smile_intensity_max": 0.7912049889564514,
  "eye_contact_mean": 0.9677149653434753,
  "eye_contact_std": 0.026831582188606262,
  "eye_contact_median": 0.9733332991600037,
  "eye_contact_max": 0.9996604919433594,
  "eye_openness_mean": 0.4819542467594147,
  "eye_openness_std": 0.2222081869840622,
  "eye_openness_median": 0.4634501338005066,
  "eye_openness_max": 1.0,
  "gaze_stability_mean": 0.9877984523773193,
  "gaze_stability_std": 0.016831399872899055,
  "gaze_stability_median": 0.9937130212783813,
  "gaze_stability_max": 1.0,
  "head_tilt_mean": 0.08174275606870651,
  "head_tilt_std": 0.09543085843324661,
  "head_tilt_median": 0.04918210208415985,
  "head_tilt_max": 0.39871588349342346,
  "expression_speed_mean": 0.13989141583442688,
  "expression_speed_std": 0.16584767401218414,
  "expression_speed_median": 0.0633438378572464,
  "expression_speed_max": 0.7621908783912659,
  "happy_mean": 0.12502308189868927,
  "happy_std": 0.28947189450263977,
  "happy_median": 5.20782959938515e-05,
  "happy_max": 0.999932587146759,
  "neutral_mean": 0.19767829775810242,
  "neutral_std": 0.30695539712905884,
  "neutral_median": 0.03528828173875809,
  "neutral_max": 0.998489260673523,
  "surprise_mean": 0.013039128854870796,
  "surprise_std": 0.10257704555988312,
  "surprise_median": 1.9401080919578817e-07,
  "surprise_max": 0.9936360120773315,
  "processed_frames": 190.0,
  "video_name": "6.mp4"
}