{
  "expression_speed_max": 0.7888634701569875,
  "expression_speed_mean": 0.1363729809721311,
  "expression_speed_median": 0.06749606567124526,
  "expression_speed_std": 0.16844073310494423,
  "eye_contact_max": 0.9984248181184133,
  "eye_contact_mean": 0.9486410319805145,
  "eye_contact_median": 0.9538245697816213,
  "eye_contact_std": 0.03527318313717842,
  "eye_openness_max": 1.0,
  "eye_openness_mean": 0.7848093956708908,
  "eye_openness_median": 0.8289927939573923,
  "eye_openness_std": 0.1874132603406906,
  "eye_spacing_ratio_max": 0.743583063284556,
  "eye_spacing_ratio_mean": 0.6508978406588236,
  "eye_spacing_ratio_median": 0.6518457432587942,
  "eye_spacing_ratio_std": 0.03384540090337396,
  "face_width_height_ratio_max": 1.711463987827301,
  "face_width_height_ratio_mean": 1.3530277609825134,
  "face_width_height_ratio_median": 1.3943102757136028,
  "face_width_height_ratio_std": 0.17379037539164224,
  "facial_symmetry_max": 0.9964376290639242,
  "facial_symmetry_mean": 0.8333127299944559,
  "facial_symmetry_median": 0.8501722812652588,
  "facial_symmetry_std": 0.11024647330244382,
  "gaze_stability_max": 1.0,
  "gaze_stability_mean": 0.9811640481154124,
  "gaze_stability_median": 0.9910783171653748,
  "gaze_stability_std": 0.027464212539295357,
  "happy_max": 0.9996276001135508,
  "happy_mean": 0.23749832374354204,
  "happy_median": 0.07301228847836683,
  "happy_std": 0.32297344754139584,
  "head_tilt_max": 0.46697170039017993,
  "head_tilt_mean": 0.13881038253506026,
  "head_tilt_median": 0.0959798942009608,
  "head_tilt_std": 0.12099141503373782,
  "jaw_ratio_max": 0.8573132753372192,
  "jaw_ratio_mean": 0.7828416327635447,
  "jaw_ratio_median": 0.780769149462382,
  "jaw_ratio_std": 0.02435521346827348,
  "neutral_max": 0.9976430336634318,
  "neutral_mean": 0.2768949046730995,
  "neutral_median": 0.1354801015307506,
  "neutral_std": 0.3499414126078288,
  "processed_frames": 100.33333333333333,
  "smile_intensity_max": 0.6454179783662161,
  "smile_intensity_mean": 0.15164848044514656,
  "smile_intensity_median": 0.09600225028892358,
  "smile_intensity_std": 0.17491679390271506,
  "surprise_max": 0.7185962740331888,
  "surprise_mean": 0.020309341004273545,
  "surprise_median": 3.0513316917316995e-05,
  "surprise_std": 0.0934001929902782,
  "video_count": 6.0,
  "valid_video_count": 6.0,
  "valid_video_ratio": 1.0,
  "total_processed_frames": 602.0,
  "avg_processed_frames": 100.33333333333333,
  "quality_score": 0.8675555555555555,
  "person_name": "Lily Collins"
}