{
  "facial_symmetry_mean": 0.8126503825187683,
  "facial_symmetry_std": 0.11031128466129303,
  "facial_symmetry_median": 0.8500317335128784,
  "facial_symmetry_max": 0.9963972568511963,
  "face_width_height_ratio_mean": 1.4448752403259277,
  "face_width_height_ratio_std": 0.08509043604135513,
  "face_width_height_ratio_median": 1.4520846605300903,
  "face_width_height_ratio_max": 1.7411308288574219,
  "eye_spacing_ratio_mean": 0.658941924571991,
  "eye_spacing_ratio_std": 0.010574146173894405,
  "eye_spacing_ratio_median": 0.6612274646759033,
  "eye_spacing_ratio_max": 0.67901211977005,
  "jaw_ratio_mean": 0.7652665376663208,
  "jaw_ratio_std": 0.01138367410749197,
  "jaw_ratio_median": 0.7638642191886902,
  "jaw_ratio_max": 0.8014993071556091,
  "smile_intensity_mean": 0.13376039266586304,
  "smile_intensity_std": 0.15503408014774323,
  "smile_intensity_median": 0.013014762662351131,
  "smile_intensity_max": 0.7020097970962524,
  "eye_contact_mean": 0.9271106719970703,
  "eye_contact_std": 0.043336741626262665,
  "eye_contact_median": 0.9324917793273926,
  "eye_contact_max": 0.9995917081832886,
  "eye_openness_mean": 0.9612675309181213,
  "eye_openness_std": 0.11855700612068176,
  "eye_openness_median": 1.0,
  "eye_openness_max": 1.0,
  "gaze_stability_mean": 0.9846170544624329,
  "gaze_stability_std": 0.016629571095108986,
  "gaze_stability_median": 0.9890238046646118,
  "gaze_stability_max": 1.0,
  "head_tilt_mean": 0.11853098124265671,
  "head_tilt_std": 0.0808267667889595,
  "head_tilt_median": 0.10634273290634155,
  "head_tilt_max": 0.3206929564476013,
  "expression_speed_mean": 0.11319947987794876,
  "expression_speed_std": 0.1568177044391632,
  "expression_speed_median": 0.04649760201573372,
  "expression_speed_max": 0.7643556594848633,
  "happy_mean": 0.3125155568122864,
  "happy_std": 0.42349421977996826,
  "happy_median": 0.011108552105724812,
  "happy_max": 0.9999974370002747,
  "neutral_mean": 0.3604337275028229,
  "neutral_std": 0.41120555996894836,
  "neutral_median": 0.04923173040151596,
  "neutral_max": 0.9945312738418579,
  "surprise_mean": 0.0907522514462471,
  "surprise_std": 0.24331316351890564,
  "surprise_median": 0.00013090272841509432,
  "surprise_max": 0.9995586276054382,
  "processed_frames": 73.0,
  "video_name": "2.mp4"
}