{
  "facial_symmetry_mean": 0.9051458239555359,
  "facial_symmetry_std": 0.08326813578605652,
  "facial_symmetry_median": 0.9333782196044922,
  "facial_symmetry_max": 0.9991157054901123,
  "face_width_height_ratio_mean": 1.3506165742874146,
  "face_width_height_ratio_std": 0.22865064442157745,
  "face_width_height_ratio_median": 1.4151995182037354,
  "face_width_height_ratio_max": 1.7544711828231812,
  "eye_spacing_ratio_mean": 0.6706960797309875,
  "eye_spacing_ratio_std": 0.04955833777785301,
  "eye_spacing_ratio_median": 0.6746951341629028,
  "eye_spacing_ratio_max": 0.837242603302002,
  "jaw_ratio_mean": 0.7863611578941345,
  "jaw_ratio_std": 0.047884028404951096,
  "jaw_ratio_median": 0.7732269763946533,
  "jaw_ratio_max": 0.9379475116729736,
  "smile_intensity_mean": 0.2208210974931717,
  "smile_intensity_std": 0.19135506451129913,
  "smile_intensity_median": 0.17807385325431824,
  "smile_intensity_max": 0.8001893162727356,
  "eye_contact_mean": 0.961291491985321,
  "eye_contact_std": 0.040824804455041885,
  "eye_contact_median": 0.9779923558235168,
  "eye_contact_max": 0.9998253583908081,
  "eye_openness_mean": 0.49910515546798706,
  "eye_openness_std": 0.2048276960849762,
  "eye_openness_median": 0.5002795457839966,
  "eye_openness_max": 1.0,
  "gaze_stability_mean": 0.9847232699394226,
  "gaze_stability_std": 0.01577027142047882,
  "gaze_stability_median": 0.9881124496459961,
  "gaze_stability_max": 1.0,
  "head_tilt_mean": 0.052601952105760574,
  "head_tilt_std": 0.04576791450381279,
  "head_tilt_median": 0.03661474213004112,
  "head_tilt_max": 0.17078347504138947,
  "expression_speed_mean": 0.1781017929315567,
  "expression_speed_std": 0.13851690292358398,
  "expression_speed_median": 0.1322234869003296,
  "expression_speed_max": 0.7111023664474487,
  "happy_mean": 0.06878785043954849,
  "happy_std": 0.20434176921844482,
  "happy_median": 0.000285323680145666,
  "happy_max": 0.9774777293205261,
  "neutral_mean": 0.19013044238090515,
  "neutral_std": 0.2727333903312683,
  "neutral_median": 0.03989676013588905,
  "neutral_max": 0.9932200312614441,
  "surprise_mean": 0.1193271353840828,
  "surprise_std": 0.27748075127601624,
  "surprise_median": 0.0004861045745201409,
  "surprise_max": 0.9989491701126099,
  "processed_frames": 100.0,
  "video_name": "3.mp4"
}