{
  "facial_symmetry_mean": 0.8578154444694519,
  "facial_symmetry_std": 0.08712499588727951,
  "facial_symmetry_median": 0.8799917101860046,
  "facial_symmetry_max": 0.979470431804657,
  "face_width_height_ratio_mean": 1.2816890478134155,
  "face_width_height_ratio_std": 0.24493703246116638,
  "face_width_height_ratio_median": 1.3460774421691895,
  "face_width_height_ratio_max": 1.678198218345642,
  "eye_spacing_ratio_mean": 0.6513246893882751,
  "eye_spacing_ratio_std": 0.037839293479919434,
  "eye_spacing_ratio_median": 0.6547490358352661,
  "eye_spacing_ratio_max": 0.7869753837585449,
  "jaw_ratio_mean": 0.7679455876350403,
  "jaw_ratio_std": 0.024558166041970253,
  "jaw_ratio_median": 0.7654309868812561,
  "jaw_ratio_max": 0.8857672810554504,
  "smile_intensity_mean": 0.0965038388967514,
  "smile_intensity_std": 0.10482223331928253,
  "smile_intensity_median": 0.035161733627319336,
  "smile_intensity_max": 0.3304692506790161,
  "eye_contact_mean": 0.9750798940658569,
  "eye_contact_std": 0.030483271926641464,
  "eye_contact_median": 0.9844802618026733,
  "eye_contact_max": 0.9998219013214111,
  "eye_openness_mean": 0.5661901831626892,
  "eye_openness_std": 0.20334811508655548,
  "eye_openness_median": 0.5252058506011963,
  "eye_openness_max": 1.0,
  "gaze_stability_mean": 0.9858648180961609,
  "gaze_stability_std": 0.02331165038049221,
  "gaze_stability_median": 0.9946357011795044,
  "gaze_stability_max": 1.0,
  "head_tilt_mean": 0.08939885348081589,
  "head_tilt_std": 0.08851507306098938,
  "head_tilt_median": 0.04604697227478027,
  "head_tilt_max": 0.31914323568344116,
  "expression_speed_mean": 0.13484686613082886,
  "expression_speed_std": 0.1497793048620224,
  "expression_speed_median": 0.06988027691841125,
  "expression_speed_max": 0.582679808139801,
  "happy_mean": 0.1006871908903122,
  "happy_std": 0.2643686830997467,
  "happy_median": 0.0006795195513404906,
  "happy_max": 0.9998584985733032,
  "neutral_mean": 0.32199424505233765,
  "neutral_std": 0.35626456141471863,
  "neutral_median": 0.16078072786331177,
  "neutral_max": 0.9994396567344666,
  "surprise_mean": 0.028958680108189583,
  "surprise_std": 0.10873853415250778,
  "surprise_median": 1.9487844838295132e-05,
  "surprise_max": 0.6680538058280945,
  "processed_frames": 77.0,
  "video_name": "4.mp4"
}