{
  "facial_symmetry_mean": 0.876849353313446,
  "facial_symmetry_std": 0.05985439196228981,
  "facial_symmetry_median": 0.8677593469619751,
  "facial_symmetry_max": 0.994030237197876,
  "face_width_height_ratio_mean": 1.3490498065948486,
  "face_width_height_ratio_std": 0.12990978360176086,
  "face_width_height_ratio_median": 1.318241834640503,
  "face_width_height_ratio_max": 1.806496500968933,
  "eye_spacing_ratio_mean": 0.6624416708946228,
  "eye_spacing_ratio_std": 0.024489624425768852,
  "eye_spacing_ratio_median": 0.6583690643310547,
  "eye_spacing_ratio_max": 0.7557511925697327,
  "jaw_ratio_mean": 0.7760165929794312,
  "jaw_ratio_std": 0.012840259820222855,
  "jaw_ratio_median": 0.7761396765708923,
  "jaw_ratio_max": 0.8132570385932922,
  "smile_intensity_mean": 0.1420801728963852,
  "smile_intensity_std": 0.13169869780540466,
  "smile_intensity_median": 0.06908746808767319,
  "smile_intensity_max": 0.3974929749965668,
  "eye_contact_mean": 0.9624437093734741,
  "eye_contact_std": 0.017651591449975967,
  "eye_contact_median": 0.9626158475875854,
  "eye_contact_max": 0.9912170171737671,
  "eye_openness_mean": 0.5110204219818115,
  "eye_openness_std": 0.1836344450712204,
  "eye_openness_median": 0.4094628691673279,
  "eye_openness_max": 0.8934555649757385,
  "gaze_stability_mean": 0.9898670315742493,
  "gaze_stability_std": 0.007731514982879162,
  "gaze_stability_median": 0.9912792444229126,
  "gaze_stability_max": 1.0,
  "head_tilt_mean": 0.06648976355791092,
  "head_tilt_std": 0.06327643990516663,
  "head_tilt_median": 0.04569396376609802,
  "head_tilt_max": 0.28375640511512756,
  "expression_speed_mean": 0.10731571167707443,
  "expression_speed_std": 0.09141070395708084,
  "expression_speed_median": 0.06995365023612976,
  "expression_speed_max": 0.39029401540756226,
  "happy_mean": 0.17026622593402863,
  "happy_std": 0.32874780893325806,
  "happy_median": 0.002157488837838173,
  "happy_max": 0.9999353885650635,
  "neutral_mean": 0.33094194531440735,
  "neutral_std": 0.3731347918510437,
  "neutral_median": 0.07522279024124146,
  "neutral_max": 0.9862068891525269,
  "surprise_mean": 0.034178320318460464,
  "surprise_std": 0.12038805335760117,
  "surprise_median": 6.962334009585902e-05,
  "surprise_max": 0.758640706539154,
  "processed_frames": 44.0,
  "video_name": "5.mp4"
}