{
  "facial_symmetry_mean": 0.8524313569068909,
  "facial_symmetry_std": 0.14103615283966064,
  "facial_symmetry_median": 0.9176052808761597,
  "facial_symmetry_max": 0.9935277104377747,
  "face_width_height_ratio_mean": 1.4432531595230103,
  "face_width_height_ratio_std": 0.0774732381105423,
  "face_width_height_ratio_median": 1.443000078201294,
  "face_width_height_ratio_max": 1.7599358558654785,
  "eye_spacing_ratio_mean": 0.6712446808815002,
  "eye_spacing_ratio_std": 0.022048907354474068,
  "eye_spacing_ratio_median": 0.6644667387008667,
  "eye_spacing_ratio_max": 0.7383705377578735,
  "jaw_ratio_mean": 0.7582781910896301,
  "jaw_ratio_std": 0.017366867512464523,
  "jaw_ratio_median": 0.7557286024093628,
  "jaw_ratio_max": 0.8043842315673828,
  "smile_intensity_mean": 0.26504677534103394,
  "smile_intensity_std": 0.12709647417068481,
  "smile_intensity_median": 0.27521878480911255,
  "smile_intensity_max": 0.7281821966171265,
  "eye_contact_mean": 0.9429664611816406,
  "eye_contact_std": 0.038541052490472794,
  "eye_contact_median": 0.9474152326583862,
  "eye_contact_max": 0.999489426612854,
  "eye_openness_mean": 0.890504002571106,
  "eye_openness_std": 0.2019018828868866,
  "eye_openness_median": 1.0,
  "eye_openness_max": 1.0,
  "gaze_stability_mean": 0.9797437787055969,
  "gaze_stability_std": 0.028151968494057655,
  "gaze_stability_median": 0.9889310002326965,
  "gaze_stability_max": 1.0,
  "head_tilt_mean": 0.11306976526975632,
  "head_tilt_std": 0.07530352473258972,
  "head_tilt_median": 0.09769096970558167,
  "head_tilt_max": 0.250052809715271,
  "expression_speed_mean": 0.144639790058136,
  "expression_speed_std": 0.18299280107021332,
  "expression_speed_median": 0.06427336484193802,
  "expression_speed_max": 0.7772374153137207,
  "happy_mean": 0.3296111226081848,
  "happy_std": 0.4104788899421692,
  "happy_median": 0.05354202911257744,
  "happy_max": 0.9997672438621521,
  "neutral_mean": 0.2862322926521301,
  "neutral_std": 0.37019455432891846,
  "neutral_median": 0.04893627390265465,
  "neutral_max": 0.9999951124191284,
  "surprise_mean": 0.0519515760242939,
  "surprise_std": 0.17385070025920868,
  "surprise_median": 9.967279038392007e-05,
  "surprise_max": 0.9296873211860657,
  "processed_frames": 100.0,
  "video_name": "6.mp4"
}