{
  "facial_symmetry_mean": 0.8444956541061401,
  "facial_symmetry_std": 0.09329510480165482,
  "facial_symmetry_median": 0.7922717332839966,
  "facial_symmetry_max": 0.9992015957832336,
  "face_width_height_ratio_mean": 1.252994179725647,
  "face_width_height_ratio_std": 0.30075550079345703,
  "face_width_height_ratio_median": 1.2732692956924438,
  "face_width_height_ratio_max": 1.6303828954696655,
  "eye_spacing_ratio_mean": 0.6364484429359436,
  "eye_spacing_ratio_std": 0.045456018298864365,
  "eye_spacing_ratio_median": 0.6465040445327759,
  "eye_spacing_ratio_max": 0.700187623500824,
  "jaw_ratio_mean": 0.7937390208244324,
  "jaw_ratio_std": 0.030927181243896484,
  "jaw_ratio_median": 0.787520170211792,
  "jaw_ratio_max": 0.8942207098007202,
  "smile_intensity_mean": 0.07212185114622116,
  "smile_intensity_std": 0.0808277428150177,
  "smile_intensity_median": 0.044229961931705475,
  "smile_intensity_max": 0.38472262024879456,
  "eye_contact_mean": 0.928004264831543,
  "eye_contact_std": 0.04949774965643883,
  "eye_contact_median": 0.9151221513748169,
  "eye_contact_max": 0.9992082118988037,
  "eye_openness_mean": 0.6075029373168945,
  "eye_openness_std": 0.28193774819374084,
  "eye_openness_median": 0.5803729891777039,
  "eye_openness_max": 1.0,
  "gaze_stability_mean": 0.9749347567558289,
  "gaze_stability_std": 0.029209859669208527,
  "gaze_stability_median": 0.9884880185127258,
  "gaze_stability_max": 1.0,
  "head_tilt_mean": 0.08622138947248459,
  "head_tilt_std": 0.05703777074813843,
  "head_tilt_median": 0.08903995156288147,
  "head_tilt_max": 0.24123191833496094,
  "expression_speed_mean": 0.16163234412670135,
  "expression_speed_std": 0.14235837757587433,
  "expression_speed_median": 0.10903358459472656,
  "expression_speed_max": 0.6129550933837891,
  "happy_mean": 0.050109513103961945,
  "happy_std": 0.15541622042655945,
  "happy_median": 0.0008672401309013367,
  "happy_max": 0.9774138331413269,
  "neutral_mean": 0.20955681800842285,
  "neutral_std": 0.332938551902771,
  "neutral_median": 0.005638096481561661,
  "neutral_max": 0.9996386170387268,
  "surprise_mean": 0.13121065497398376,
  "surprise_std": 0.24546298384666443,
  "surprise_median": 1.632897328818217e-05,
  "surprise_max": 0.9372956156730652,
  "processed_frames": 47.0,
  "video_name": "1 (1).mp4"
}