{
  "facial_symmetry_mean": 0.7863689661026001,
  "facial_symmetry_std": 0.17468003928661346,
  "facial_symmetry_median": 0.835115909576416,
  "facial_symmetry_max": 0.9999470710754395,
  "face_width_height_ratio_mean": 1.3965024948120117,
  "face_width_height_ratio_std": 0.1991853564977646,
  "face_width_height_ratio_median": 1.4615399837493896,
  "face_width_height_ratio_max": 1.833244800567627,
  "eye_spacing_ratio_mean": 0.6531124114990234,
  "eye_spacing_ratio_std": 0.0445016473531723,
  "eye_spacing_ratio_median": 0.6549321413040161,
  "eye_spacing_ratio_max": 0.78629070520401,
  "jaw_ratio_mean": 0.7731691002845764,
  "jaw_ratio_std": 0.025628432631492615,
  "jaw_ratio_median": 0.7694852352142334,
  "jaw_ratio_max": 0.8935047388076782,
  "smile_intensity_mean": 0.1030520647764206,
  "smile_intensity_std": 0.14429613947868347,
  "smile_intensity_median": 0.03767000138759613,
  "smile_intensity_max": 0.8616202473640442,
  "eye_contact_mean": 0.9276991486549377,
  "eye_contact_std": 0.06374011188745499,
  "eye_contact_median": 0.9423173069953918,
  "eye_contact_max": 0.9994855523109436,
  "eye_openness_mean": 0.8142444491386414,
  "eye_openness_std": 0.23353856801986694,
  "eye_openness_median": 0.9507739543914795,
  "eye_openness_max": 1.0,
  "gaze_stability_mean": 0.9717558026313782,
  "gaze_stability_std": 0.042601339519023895,
  "gaze_stability_median": 0.9882394075393677,
  "gaze_stability_max": 1.0,
  "head_tilt_mean": 0.10207308828830719,
  "head_tilt_std": 0.1148693859577179,
  "head_tilt_median": 0.06651967763900757,
  "head_tilt_max": 0.808030366897583,
  "expression_speed_mean": 0.15062178671360016,
  "expression_speed_std": 0.16637027263641357,
  "expression_speed_median": 0.09056422114372253,
  "expression_speed_max": 0.918622612953186,
  "happy_mean": 0.10964535921812057,
  "happy_std": 0.26447761058807373,
  "happy_median": 0.0006042883032932878,
  "happy_max": 0.9999984502792358,
  "neutral_mean": 0.3800652027130127,
  "neutral_std": 0.39524728059768677,
  "neutral_median": 0.20885658264160156,
  "neutral_max": 0.9999738335609436,
  "surprise_mean": 0.024357212707400322,
  "surprise_std": 0.12046219408512115,
  "surprise_median": 4.1689336285344325e-06,
  "surprise_max": 0.9909992814064026,
  "processed_frames": 316.0,
  "video_name": "1 (2).mp4"
}