{
  "facial_symmetry_mean": 0.8686513304710388,
  "facial_symmetry_std": 0.10796436667442322,
  "facial_symmetry_median": 0.9051699638366699,
  "facial_symmetry_max": 0.9992063641548157,
  "face_width_height_ratio_mean": 1.4384777545928955,
  "face_width_height_ratio_std": 0.14451806247234344,
  "face_width_height_ratio_median": 1.4840044975280762,
  "face_width_height_ratio_max": 1.7559202909469604,
  "eye_spacing_ratio_mean": 0.6504849791526794,
  "eye_spacing_ratio_std": 0.022436238825321198,
  "eye_spacing_ratio_median": 0.6511355042457581,
  "eye_spacing_ratio_max": 0.7033185958862305,
  "jaw_ratio_mean": 0.7635366320610046,
  "jaw_ratio_std": 0.02565341629087925,
  "jaw_ratio_median": 0.7605759501457214,
  "jaw_ratio_max": 0.909705638885498,
  "smile_intensity_mean": 0.06614675372838974,
  "smile_intensity_std": 0.09751845896244049,
  "smile_intensity_median": 0.00890655443072319,
  "smile_intensity_max": 0.33401384949684143,
  "eye_contact_mean": 0.9595608711242676,
  "eye_contact_std": 0.03285517916083336,
  "eye_contact_median": 0.9651050567626953,
  "eye_contact_max": 0.9996446967124939,
  "eye_openness_mean": 0.7256691455841064,
  "eye_openness_std": 0.23825225234031677,
  "eye_openness_median": 0.693930447101593,
  "eye_openness_max": 1.0,
  "gaze_stability_mean": 0.9877585172653198,
  "gaze_stability_std": 0.024528127163648605,
  "gaze_stability_median": 0.9956867098808289,
  "gaze_stability_max": 1.0,
  "head_tilt_mean": 0.048596035689115524,
  "head_tilt_std": 0.041872538626194,
  "head_tilt_median": 0.03546461462974548,
  "head_tilt_max": 0.1710107922554016,
  "expression_speed_mean": 0.09445475786924362,
  "expression_speed_std": 0.14373670518398285,
  "expression_speed_median": 0.0317373163998127,
  "expression_speed_max": 0.6707720756530762,
  "happy_mean": 0.05310491845011711,
  "happy_std": 0.18558192253112793,
  "happy_median": 0.00019694033835548908,
  "happy_max": 0.999925434589386,
  "neutral_mean": 0.5272522568702698,
  "neutral_std": 0.41571474075317383,
  "neutral_median": 0.5902494192123413,
  "neutral_max": 0.9999890923500061,
  "surprise_mean": 0.0026081784162670374,
  "surprise_std": 0.022040467709302902,
  "surprise_median": 1.9544065708032576e-06,
  "surprise_max": 0.20350238680839539,
  "processed_frames": 155.0,
  "video_name": "1 (3).mp4"
}