{
  "expression_speed_max": 0.7136254906654358,
  "expression_speed_mean": 0.137562932446599,
  "expression_speed_median": 0.07525608409196138,
  "expression_speed_std": 0.15234694257378578,
  "eye_contact_max": 0.9993422776460648,
  "eye_contact_mean": 0.9364307671785355,
  "eye_contact_median": 0.9412613660097122,
  "eye_contact_std": 0.05288016423583031,
  "eye_openness_max": 1.0,
  "eye_openness_mean": 0.7188066989183426,
  "eye_openness_median": 0.7467306852340698,
  "eye_openness_std": 0.2470192164182663,
  "eye_spacing_ratio_max": 0.7304646670818329,
  "eye_spacing_ratio_mean": 0.6463964432477951,
  "eye_spacing_ratio_median": 0.6510987728834152,
  "eye_spacing_ratio_std": 0.04054357763379812,
  "face_width_height_ratio_max": 1.7638495862483978,
  "face_width_height_ratio_mean": 1.35982945561409,
  "face_width_height_ratio_median": 1.4119641482830048,
  "face_width_height_ratio_std": 0.21553480997681618,
  "facial_symmetry_max": 0.99950210750103,
  "facial_symmetry_mean": 0.8253225684165955,
  "facial_symmetry_median": 0.8418205678462982,
  "facial_symmetry_std": 0.13412738777697086,
  "gaze_stability_max": 1.0,
  "gaze_stability_mean": 0.9774853140115738,
  "gaze_stability_median": 0.9913323670625687,
  "gaze_stability_std": 0.03395548276603222,
  "happy_max": 0.9942090809345245,
  "happy_mean": 0.07342937123030424,
  "happy_median": 0.0006212022162799258,
  "happy_std": 0.2088761106133461,
  "head_tilt_max": 0.38661058992147446,
  "head_tilt_mean": 0.08178745303303003,
  "head_tilt_median": 0.05954477936029434,
  "head_tilt_std": 0.07807912863790989,
  "jaw_ratio_max": 0.8935265243053436,
  "jaw_ratio_mean": 0.7766626924276352,
  "jaw_ratio_median": 0.772969976067543,
  "jaw_ratio_std": 0.027161364443600178,
  "neutral_max": 0.9995760917663574,
  "neutral_mean": 0.3736918568611145,
  "neutral_median": 0.2653662571683526,
  "neutral_std": 0.3776249811053276,
  "processed_frames": 174.75,
  "smile_intensity_max": 0.5970971137285233,
  "smile_intensity_mean": 0.08152029477059841,
  "smile_intensity_median": 0.02999131754040718,
  "smile_intensity_std": 0.11475954204797745,
  "surprise_max": 0.748769111931324,
  "surprise_mean": 0.04339371953392401,
  "surprise_median": 8.05411144710888e-06,
  "surprise_std": 0.11598321702331305,
  "video_count": 4.0,
  "valid_video_count": 4.0,
  "valid_video_ratio": 1.0,
  "total_processed_frames": 699.0,
  "avg_processed_frames": 174.75,
  "quality_score": 1.0,
  "person_name": "Trương Vũ Kỳ"
}