{
  "facial_symmetry_mean": 0.8371186256408691,
  "facial_symmetry_std": 0.1390983611345291,
  "facial_symmetry_median": 0.8729755282402039,
  "facial_symmetry_max": 0.9998079538345337,
  "face_width_height_ratio_mean": 1.3904814720153809,
  "face_width_height_ratio_std": 0.16239196062088013,
  "face_width_height_ratio_median": 1.4229512214660645,
  "face_width_height_ratio_max": 1.9170886278152466,
  "eye_spacing_ratio_mean": 0.6425642371177673,
  "eye_spacing_ratio_std": 0.02926824241876602,
  "eye_spacing_ratio_median": 0.6417988538742065,
  "eye_spacing_ratio_max": 0.787589430809021,
  "jaw_ratio_mean": 0.7804082632064819,
  "jaw_ratio_std": 0.027122145518660545,
  "jaw_ratio_median": 0.7775415778160095,
  "jaw_ratio_max": 0.9883661270141602,
  "smile_intensity_mean": 0.17445746064186096,
  "smile_intensity_std": 0.18425200879573822,
  "smile_intensity_median": 0.10946586728096008,
  "smile_intensity_max": 1.0,
  "eye_contact_mean": 0.9418954849243164,
  "eye_contact_std": 0.0553065724670887,
  "eye_contact_median": 0.9590067863464355,
  "eye_contact_max": 0.99986732006073,
  "eye_openness_mean": 0.8452209234237671,
  "eye_openness_std": 0.22164693474769592,
  "eye_openness_median": 1.0,
  "eye_openness_max": 1.0,
  "gaze_stability_mean": 0.9788771271705627,
  "gaze_stability_std": 0.030159562826156616,
  "gaze_stability_median": 0.9911143779754639,
  "gaze_stability_max": 1.0,
  "head_tilt_mean": 0.12230437248945236,
  "head_tilt_std": 0.09847699850797653,
  "head_tilt_median": 0.10140657424926758,
  "head_tilt_max": 0.5091443657875061,
  "expression_speed_mean": 0.13623744249343872,
  "expression_speed_std": 0.16061438620090485,
  "expression_speed_median": 0.06723552942276001,
  "expression_speed_max": 0.9328345656394958,
  "happy_mean": 0.1282806694507599,
  "happy_std": 0.2958787679672241,
  "happy_median": 0.0001467810943722725,
  "happy_max": 0.9999956488609314,
  "neutral_mean": 0.30472853779792786,
  "neutral_std": 0.3740023672580719,
  "neutral_median": 0.08563036471605301,
  "neutral_max": 0.9999999403953552,
  "surprise_mean": 0.02943490818142891,
  "surprise_std": 0.1412121206521988,
  "surprise_median": 4.333986453275429e-06,
  "surprise_max": 0.9915235042572021,
  "processed_frames": 623.0,
  "video_name": "1 (1).mp4"
}