{
  "facial_symmetry_mean": 0.9355393648147583,
  "facial_symmetry_std": 0.0633714348077774,
  "facial_symmetry_median": 0.9777492880821228,
  "facial_symmetry_max": 0.9992382526397705,
  "face_width_height_ratio_mean": 0.6332675218582153,
  "face_width_height_ratio_std": 0.030384432524442673,
  "face_width_height_ratio_median": 0.6340656280517578,
  "face_width_height_ratio_max": 0.7112496495246887,
  "eye_spacing_ratio_mean": 0.6427801847457886,
  "eye_spacing_ratio_std": 0.029174091294407845,
  "eye_spacing_ratio_median": 0.6439976096153259,
  "eye_spacing_ratio_max": 0.7405239939689636,
  "jaw_ratio_mean": 0.7716915011405945,
  "jaw_ratio_std": 0.01620321162045002,
  "jaw_ratio_median": 0.76600182056427,
  "jaw_ratio_max": 0.8107496500015259,
  "smile_intensity_mean": 0.1410776525735855,
  "smile_intensity_std": 0.2399568259716034,
  "smile_intensity_median": 0.01935463212430477,
  "smile_intensity_max": 1.0,
  "eye_contact_mean": 0.9744024276733398,
  "eye_contact_std": 0.01708866097033024,
  "eye_contact_median": 0.968941330909729,
  "eye_contact_max": 0.9999851584434509,
  "eye_openness_mean": 0.9335803389549255,
  "eye_openness_std": 0.19895794987678528,
  "eye_openness_median": 1.0,
  "eye_openness_max": 1.0,
  "gaze_stability_mean": 0.9934449791908264,
  "gaze_stability_std": 0.010322388261556625,
  "gaze_stability_median": 0.9974783658981323,
  "gaze_stability_max": 1.0,
  "head_tilt_mean": 0.11313199251890182,
  "head_tilt_std": 0.09227791428565979,
  "head_tilt_median": 0.11075764894485474,
  "head_tilt_max": 0.3364819288253784,
  "expression_speed_mean": 0.09003710746765137,
  "expression_speed_std": 0.16497670114040375,
  "expression_speed_median": 0.01796646974980831,
  "expression_speed_max": 1.0,
  "happy_mean": 0.026501396670937538,
  "happy_std": 0.13101795315742493,
  "happy_median": 9.461082663619891e-05,
  "happy_max": 0.9996296763420105,
  "neutral_mean": 0.28390753269195557,
  "neutral_std": 0.34417077898979187,
  "neutral_median": 0.13720932602882385,
  "neutral_max": 0.9975887537002563,
  "surprise_mean": 0.0019379295408725739,
  "surprise_std": 0.011273684911429882,
  "surprise_median": 2.256690322610666e-06,
  "surprise_max": 0.08878687769174576,
  "processed_frames": 71.0,
  "video_name": "1 (2).mp4"
}