{
  "facial_symmetry_mean": 0.9600311517715454,
  "facial_symmetry_std": 0.02893056906759739,
  "facial_symmetry_median": 0.9673106074333191,
  "facial_symmetry_max": 0.9959200024604797,
  "face_width_height_ratio_mean": 0.6494191884994507,
  "face_width_height_ratio_std": 0.051350198686122894,
  "face_width_height_ratio_median": 0.6393113136291504,
  "face_width_height_ratio_max": 0.8287780284881592,
  "eye_spacing_ratio_mean": 0.6502816081047058,
  "eye_spacing_ratio_std": 0.023356527090072632,
  "eye_spacing_ratio_median": 0.6458625793457031,
  "eye_spacing_ratio_max": 0.728220522403717,
  "jaw_ratio_mean": 0.7785422205924988,
  "jaw_ratio_std": 0.016781846061348915,
  "jaw_ratio_median": 0.7755402326583862,
  "jaw_ratio_max": 0.8313626646995544,
  "smile_intensity_mean": 0.12642483413219452,
  "smile_intensity_std": 0.24615247547626495,
  "smile_intensity_median": 0.0116459671407938,
  "smile_intensity_max": 0.846178412437439,
  "eye_contact_mean": 0.98341304063797,
  "eye_contact_std": 0.016399584710597992,
  "eye_contact_median": 0.9873811602592468,
  "eye_contact_max": 0.9998844861984253,
  "eye_openness_mean": 0.8848577737808228,
  "eye_openness_std": 0.1723170131444931,
  "eye_openness_median": 1.0,
  "eye_openness_max": 1.0,
  "gaze_stability_mean": 0.9919005036354065,
  "gaze_stability_std": 0.0108793331310153,
  "gaze_stability_median": 0.9968643188476562,
  "gaze_stability_max": 1.0,
  "head_tilt_mean": 0.14722593128681183,
  "head_tilt_std": 0.08137515932321548,
  "head_tilt_median": 0.1552942395210266,
  "head_tilt_max": 0.30751273036003113,
  "expression_speed_mean": 0.16627225279808044,
  "expression_speed_std": 0.21400079131126404,
  "expression_speed_median": 0.05988006293773651,
  "expression_speed_max": 0.8189866542816162,
  "happy_mean": 0.0773717537522316,
  "happy_std": 0.23974373936653137,
  "happy_median": 0.00018814741633832455,
  "happy_max": 0.9999264478683472,
  "neutral_mean": 0.4055011570453644,
  "neutral_std": 0.3736729323863983,
  "neutral_median": 0.35208582878112793,
  "neutral_max": 0.9966763257980347,
  "surprise_mean": 0.014695590361952782,
  "surprise_std": 0.09753834456205368,
  "surprise_median": 9.526740541332401e-06,
  "surprise_max": 0.8076454997062683,
  "processed_frames": 68.0,
  "video_name": "1 (5).mp4"
}