{
  "facial_symmetry_mean": 0.8624175786972046,
  "facial_symmetry_std": 0.07508640736341476,
  "facial_symmetry_median": 0.8514341115951538,
  "facial_symmetry_max": 0.9997642636299133,
  "face_width_height_ratio_mean": 0.6141432523727417,
  "face_width_height_ratio_std": 0.04993418976664543,
  "face_width_height_ratio_median": 0.6136260032653809,
  "face_width_height_ratio_max": 0.8158045411109924,
  "eye_spacing_ratio_mean": 0.6330881714820862,
  "eye_spacing_ratio_std": 0.02090127393603325,
  "eye_spacing_ratio_median": 0.6318483352661133,
  "eye_spacing_ratio_max": 0.6923837065696716,
  "jaw_ratio_mean": 0.7812501788139343,
  "jaw_ratio_std": 0.017220957204699516,
  "jaw_ratio_median": 0.7836766242980957,
  "jaw_ratio_max": 0.8284313678741455,
  "smile_intensity_mean": 0.19457760453224182,
  "smile_intensity_std": 0.22250714898109436,
  "smile_intensity_median": 0.051539547741413116,
  "smile_intensity_max": 0.8006790280342102,
  "eye_contact_mean": 0.9481610655784607,
  "eye_contact_std": 0.02963372878730297,
  "eye_contact_median": 0.9510231018066406,
  "eye_contact_max": 0.9994573593139648,
  "eye_openness_mean": 0.9986798167228699,
  "eye_openness_std": 0.008493051864206791,
  "eye_openness_median": 1.0,
  "eye_openness_max": 1.0,
  "gaze_stability_mean": 0.9904196858406067,
  "gaze_stability_std": 0.016623729839920998,
  "gaze_stability_median": 0.9953296780586243,
  "gaze_stability_max": 1.0,
  "head_tilt_mean": 0.2627614736557007,
  "head_tilt_std": 0.2011794000864029,
  "head_tilt_median": 0.22100858390331268,
  "head_tilt_max": 0.8301183581352234,
  "expression_speed_mean": 0.08179198205471039,
  "expression_speed_std": 0.11379432678222656,
  "expression_speed_median": 0.044487789273262024,
  "expression_speed_max": 0.7455843091011047,
  "happy_mean": 0.13626739382743835,
  "happy_std": 0.27726948261260986,
  "happy_median": 6.262146052904427e-05,
  "happy_max": 0.9978159070014954,
  "neutral_mean": 0.3924114406108856,
  "neutral_std": 0.41514596343040466,
  "neutral_median": 0.19581283628940582,
  "neutral_max": 0.9999949932098389,
  "surprise_mean": 0.010248693637549877,
  "surprise_std": 0.08172619342803955,
  "surprise_median": 7.180303782661213e-07,
  "surprise_max": 0.8898168802261353,
  "processed_frames": 146.0,
  "video_name": "1 (6).mp4"
}