{
  "expression_speed_max": 0.8269992023706436,
  "expression_speed_mean": 0.13468109350651503,
  "expression_speed_median": 0.05795214744284749,
  "expression_speed_std": 0.17569874040782452,
  "eye_contact_max": 0.9993549659848213,
  "eye_contact_mean": 0.957179844379425,
  "eye_contact_median": 0.9632702767848969,
  "eye_contact_std": 0.033959519350901246,
  "eye_openness_max": 1.0,
  "eye_openness_mean": 0.8921531662344933,
  "eye_openness_median": 0.9906083643436432,
  "eye_openness_std": 0.16978863265831023,
  "eye_spacing_ratio_max": 0.7229542508721352,
  "eye_spacing_ratio_mean": 0.6383277922868729,
  "eye_spacing_ratio_median": 0.640319861471653,
  "eye_spacing_ratio_std": 0.028793577337637544,
  "face_width_height_ratio_max": 1.1730543375015259,
  "face_width_height_ratio_mean": 0.8844401463866234,
  "face_width_height_ratio_median": 0.892966739833355,
  "face_width_height_ratio_std": 0.09448756370693445,
  "facial_symmetry_max": 0.9962901920080185,
  "facial_symmetry_mean": 0.8757065460085869,
  "facial_symmetry_median": 0.8931603655219078,
  "facial_symmetry_std": 0.08821729267947376,
  "gaze_stability_max": 1.0,
  "gaze_stability_mean": 0.9866315498948097,
  "gaze_stability_median": 0.9941032454371452,
  "gaze_stability_std": 0.0192077913088724,
  "happy_max": 0.9960841909050941,
  "happy_mean": 0.11898837727494538,
  "happy_median": 0.0016380771576223196,
  "happy_std": 0.25965582951903343,
  "head_tilt_max": 0.5750534571707249,
  "head_tilt_mean": 0.16286584548652172,
  "head_tilt_median": 0.13863063417375088,
  "head_tilt_std": 0.1290497020818293,
  "jaw_ratio_max": 0.8596554026007652,
  "jaw_ratio_mean": 0.7803638875484467,
  "jaw_ratio_median": 0.7777899652719498,
  "jaw_ratio_std": 0.019672227324917912,
  "neutral_max": 0.9987801536917686,
  "neutral_mean": 0.27417044900357723,
  "neutral_median": 0.10819594468921423,
  "neutral_std": 0.34382010996341705,
  "processed_frames": 168.5,
  "smile_intensity_max": 0.8629471994936466,
  "smile_intensity_mean": 0.20229673758149147,
  "smile_intensity_median": 0.10420709615573287,
  "smile_intensity_std": 0.2287710253149271,
  "surprise_max": 0.7604592749848962,
  "surprise_mean": 0.025001259753480554,
  "surprise_median": 4.7863488703114854e-05,
  "surprise_std": 0.10614568868186325,
  "video_count": 8.0,
  "valid_video_count": 8.0,
  "valid_video_ratio": 1.0,
  "total_processed_frames": 1348.0,
  "avg_processed_frames": 168.5,
  "quality_score": 1.0,
  "person_name": "Vương Tổ Hiền"
}