{
  "facial_symmetry_mean": 0.8725546598434448,
  "facial_symmetry_std": 0.09774800390005112,
  "facial_symmetry_median": 0.8900243639945984,
  "facial_symmetry_max": 0.9988404512405396,
  "face_width_height_ratio_mean": 0.5236217975616455,
  "face_width_height_ratio_std": 0.06496264040470123,
  "face_width_height_ratio_median": 0.5402789115905762,
  "face_width_height_ratio_max": 0.7046728134155273,
  "eye_spacing_ratio_mean": 0.6503705382347107,
  "eye_spacing_ratio_std": 0.04039669781923294,
  "eye_spacing_ratio_median": 0.6558745503425598,
  "eye_spacing_ratio_max": 0.743109941482544,
  "jaw_ratio_mean": 0.8043868541717529,
  "jaw_ratio_std": 0.018208082765340805,
  "jaw_ratio_median": 0.8061062693595886,
  "jaw_ratio_max": 0.8750603795051575,
  "smile_intensity_mean": 0.4179284870624542,
  "smile_intensity_std": 0.30854809284210205,
  "smile_intensity_median": 0.37973541021347046,
  "smile_intensity_max": 1.0,
  "eye_contact_mean": 0.9394099712371826,
  "eye_contact_std": 0.057392463088035583,
  "eye_contact_median": 0.9676715135574341,
  "eye_contact_max": 0.9996548891067505,
  "eye_openness_mean": 0.8292796015739441,
  "eye_openness_std": 0.26552748680114746,
  "eye_openness_median": 1.0,
  "eye_openness_max": 1.0,
  "gaze_stability_mean": 0.9804696440696716,
  "gaze_stability_std": 0.0302341990172863,
  "gaze_stability_median": 0.9906532168388367,
  "gaze_stability_max": 1.0,
  "head_tilt_mean": 0.1866375058889389,
  "head_tilt_std": 0.2728596329689026,
  "head_tilt_median": 0.08676934987306595,
  "head_tilt_max": 1.0,
  "expression_speed_mean": 0.22626838088035583,
  "expression_speed_std": 0.23289944231510162,
  "expression_speed_median": 0.13652169704437256,
  "expression_speed_max": 0.983339786529541,
  "happy_mean": 0.08890889585018158,
  "happy_std": 0.2435019612312317,
  "happy_median": 0.00027414195938035846,
  "happy_max": 0.9927266836166382,
  "neutral_mean": 0.3212175965309143,
  "neutral_std": 0.392773300409317,
  "neutral_median": 0.08832313120365143,
  "neutral_max": 0.999525249004364,
  "surprise_mean": 0.00595014588907361,
  "surprise_std": 0.031409893184900284,
  "surprise_median": 8.915108651308401e-07,
  "surprise_max": 0.24674895405769348,
  "processed_frames": 108.0,
  "video_name": "1 (1).mp4"
}