{
  "facial_symmetry_mean": 0.8637941479682922,
  "facial_symmetry_std": 0.09026412665843964,
  "facial_symmetry_median": 0.8808895945549011,
  "facial_symmetry_max": 0.9997554421424866,
  "face_width_height_ratio_mean": 1.1201804876327515,
  "face_width_height_ratio_std": 0.07173766940832138,
  "face_width_height_ratio_median": 1.1088860034942627,
  "face_width_height_ratio_max": 1.4487488269805908,
  "eye_spacing_ratio_mean": 0.6644686460494995,
  "eye_spacing_ratio_std": 0.032785236835479736,
  "eye_spacing_ratio_median": 0.6702274680137634,
  "eye_spacing_ratio_max": 0.7292163372039795,
  "jaw_ratio_mean": 0.7908292412757874,
  "jaw_ratio_std": 0.02188289351761341,
  "jaw_ratio_median": 0.7938473224639893,
  "jaw_ratio_max": 0.839754045009613,
  "smile_intensity_mean": 0.10809596627950668,
  "smile_intensity_std": 0.11950117349624634,
  "smile_intensity_median": 0.05940365418791771,
  "smile_intensity_max": 0.4686659872531891,
  "eye_contact_mean": 0.953898549079895,
  "eye_contact_std": 0.043905340135097504,
  "eye_contact_median": 0.9657672643661499,
  "eye_contact_max": 0.9998621940612793,
  "eye_openness_mean": 0.9500951170921326,
  "eye_openness_std": 0.1351461410522461,
  "eye_openness_median": 1.0,
  "eye_openness_max": 1.0,
  "gaze_stability_mean": 0.9795653820037842,
  "gaze_stability_std": 0.03740527853369713,
  "gaze_stability_median": 0.9904911518096924,
  "gaze_stability_max": 1.0,
  "head_tilt_mean": 0.09009560942649841,
  "head_tilt_std": 0.09026424586772919,
  "head_tilt_median": 0.04503890872001648,
  "head_tilt_max": 0.3577747941017151,
  "expression_speed_mean": 0.1114501804113388,
  "expression_speed_std": 0.14622411131858826,
  "expression_speed_median": 0.04629674553871155,
  "expression_speed_max": 0.8318533301353455,
  "happy_mean": 0.14785301685333252,
  "happy_std": 0.30496546626091003,
  "happy_median": 0.005420856177806854,
  "happy_max": 0.9999750852584839,
  "neutral_mean": 0.4344140589237213,
  "neutral_std": 0.42263415455818176,
  "neutral_median": 0.3576815724372864,
  "neutral_max": 0.9998918175697327,
  "surprise_mean": 0.016108866780996323,
  "surprise_std": 0.05769995227456093,
  "surprise_median": 2.0922536350553855e-05,
  "surprise_max": 0.351871132850647,
  "processed_frames": 138.0,
  "video_name": "1 (2).mp4"
}