{
  "facial_symmetry_mean": 0.9351615905761719,
  "facial_symmetry_std": 0.04943418502807617,
  "facial_symmetry_median": 0.9256641864776611,
  "facial_symmetry_max": 0.9996368885040283,
  "face_width_height_ratio_mean": 1.3729050159454346,
  "face_width_height_ratio_std": 0.1741393655538559,
  "face_width_height_ratio_median": 1.4103214740753174,
  "face_width_height_ratio_max": 1.790618658065796,
  "eye_spacing_ratio_mean": 0.6728014349937439,
  "eye_spacing_ratio_std": 0.04752254858613014,
  "eye_spacing_ratio_median": 0.6746516227722168,
  "eye_spacing_ratio_max": 0.7722575664520264,
  "jaw_ratio_mean": 0.7704448699951172,
  "jaw_ratio_std": 0.02370517887175083,
  "jaw_ratio_median": 0.772189736366272,
  "jaw_ratio_max": 0.8526268601417542,
  "smile_intensity_mean": 0.08351298421621323,
  "smile_intensity_std": 0.06955251842737198,
  "smile_intensity_median": 0.058950163424015045,
  "smile_intensity_max": 0.26457521319389343,
  "eye_contact_mean": 0.9714845418930054,
  "eye_contact_std": 0.026838969439268112,
  "eye_contact_median": 0.9804694056510925,
  "eye_contact_max": 0.9999128580093384,
  "eye_openness_mean": 0.6768935918807983,
  "eye_openness_std": 0.23139743506908417,
  "eye_openness_median": 0.7448791861534119,
  "eye_openness_max": 1.0,
  "gaze_stability_mean": 0.9841280579566956,
  "gaze_stability_std": 0.01950782723724842,
  "gaze_stability_median": 0.9940909147262573,
  "gaze_stability_max": 1.0,
  "head_tilt_mean": 0.11103054136037827,
  "head_tilt_std": 0.14162880182266235,
  "head_tilt_median": 0.035993754863739014,
  "head_tilt_max": 0.4502515494823456,
  "expression_speed_mean": 0.11022701859474182,
  "expression_speed_std": 0.14219529926776886,
  "expression_speed_median": 0.0359128937125206,
  "expression_speed_max": 0.6452876925468445,
  "happy_mean": 0.1756344586610794,
  "happy_std": 0.375389963388443,
  "happy_median": 2.366042963330983e-06,
  "happy_max": 0.9999263286590576,
  "neutral_mean": 0.401429682970047,
  "neutral_std": 0.42160123586654663,
  "neutral_median": 0.29367271065711975,
  "neutral_max": 0.9986628293991089,
  "surprise_mean": 0.01851923204958439,
  "surprise_std": 0.12946248054504395,
  "surprise_median": 1.499272883620506e-07,
  "surprise_max": 0.9247563481330872,
  "processed_frames": 50.0,
  "video_name": "1 (5).mp4"
}