{
  "facial_symmetry_mean": 0.9254224300384521,
  "facial_symmetry_std": 0.05843432992696762,
  "facial_symmetry_median": 0.9243124723434448,
  "facial_symmetry_max": 0.9999598860740662,
  "face_width_height_ratio_mean": 0.7030595541000366,
  "face_width_height_ratio_std": 0.07333806902170181,
  "face_width_height_ratio_median": 0.7203543782234192,
  "face_width_height_ratio_max": 0.8296242356300354,
  "eye_spacing_ratio_mean": 0.6467055082321167,
  "eye_spacing_ratio_std": 0.040859419852495193,
  "eye_spacing_ratio_median": 0.653852105140686,
  "eye_spacing_ratio_max": 0.7552210688591003,
  "jaw_ratio_mean": 0.7981597781181335,
  "jaw_ratio_std": 0.0183904729783535,
  "jaw_ratio_median": 0.7914631366729736,
  "jaw_ratio_max": 0.8432067036628723,
  "smile_intensity_mean": 0.5191713571548462,
  "smile_intensity_std": 0.21273097395896912,
  "smile_intensity_median": 0.5274423360824585,
  "smile_intensity_max": 0.9946986436843872,
  "eye_contact_mean": 0.9678681492805481,
  "eye_contact_std": 0.03040412627160549,
  "eye_contact_median": 0.9740873575210571,
  "eye_contact_max": 0.9998496174812317,
  "eye_openness_mean": 0.7001009583473206,
  "eye_openness_std": 0.22822974622249603,
  "eye_openness_median": 0.6509103775024414,
  "eye_openness_max": 1.0,
  "gaze_stability_mean": 0.9921099543571472,
  "gaze_stability_std": 0.01401342824101448,
  "gaze_stability_median": 0.9967242479324341,
  "gaze_stability_max": 1.0,
  "head_tilt_mean": 0.12900161743164062,
  "head_tilt_std": 0.12533527612686157,
  "head_tilt_median": 0.04266321659088135,
  "head_tilt_max": 0.34363776445388794,
  "expression_speed_mean": 0.15779325366020203,
  "expression_speed_std": 0.17509284615516663,
  "expression_speed_median": 0.09785407781600952,
  "expression_speed_max": 0.7506902813911438,
  "happy_mean": 0.07141594588756561,
  "happy_std": 0.22263847291469574,
  "happy_median": 0.00024665810633450747,
  "happy_max": 0.9995004534721375,
  "neutral_mean": 0.44187483191490173,
  "neutral_std": 0.4292864501476288,
  "neutral_median": 0.39921867847442627,
  "neutral_max": 0.9999766945838928,
  "surprise_mean": 0.0056226481683552265,
  "surprise_std": 0.033188652247190475,
  "surprise_median": 4.0919516663961986e-07,
  "surprise_max": 0.25324884057044983,
  "processed_frames": 58.0,
  "video_name": "1 (6).mp4"
}