{
  "facial_symmetry_mean": 0.9312313795089722,
  "facial_symmetry_std": 0.03818953409790993,
  "facial_symmetry_median": 0.925079345703125,
  "facial_symmetry_max": 0.999273955821991,
  "face_width_height_ratio_mean": 0.6125233769416809,
  "face_width_height_ratio_std": 0.034337613731622696,
  "face_width_height_ratio_median": 0.6031674742698669,
  "face_width_height_ratio_max": 0.7936081886291504,
  "eye_spacing_ratio_mean": 0.6593255400657654,
  "eye_spacing_ratio_std": 0.01781974919140339,
  "eye_spacing_ratio_median": 0.6554465293884277,
  "eye_spacing_ratio_max": 0.7620502710342407,
  "jaw_ratio_mean": 0.7797096967697144,
  "jaw_ratio_std": 0.022974073886871338,
  "jaw_ratio_median": 0.7743580341339111,
  "jaw_ratio_max": 0.8320776224136353,
  "smile_intensity_mean": 0.2587076723575592,
  "smile_intensity_std": 0.27575695514678955,
  "smile_intensity_median": 0.09205179661512375,
  "smile_intensity_max": 0.8652742505073547,
  "eye_contact_mean": 0.9711903929710388,
  "eye_contact_std": 0.01828034035861492,
  "eye_contact_median": 0.9760709404945374,
  "eye_contact_max": 0.998575747013092,
  "eye_openness_mean": 0.9856627583503723,
  "eye_openness_std": 0.05704241618514061,
  "eye_openness_median": 1.0,
  "eye_openness_max": 1.0,
  "gaze_stability_mean": 0.9904258251190186,
  "gaze_stability_std": 0.010851450264453888,
  "gaze_stability_median": 0.9938538074493408,
  "gaze_stability_max": 1.0,
  "head_tilt_mean": 0.08312519639730453,
  "head_tilt_std": 0.07893317192792892,
  "head_tilt_median": 0.05220182240009308,
  "head_tilt_max": 0.32591119408607483,
  "expression_speed_mean": 0.138270303606987,
  "expression_speed_std": 0.1851121038198471,
  "expression_speed_median": 0.05779963731765747,
  "expression_speed_max": 0.8320499658584595,
  "happy_mean": 0.019134609028697014,
  "happy_std": 0.10699531435966492,
  "happy_median": 7.550064765382558e-05,
  "happy_max": 0.8050086498260498,
  "neutral_mean": 0.3204609453678131,
  "neutral_std": 0.39945122599601746,
  "neutral_median": 0.03737250715494156,
  "neutral_max": 0.9999998211860657,
  "surprise_mean": 0.09842155128717422,
  "surprise_std": 0.24292339384555817,
  "surprise_median": 0.0019806139171123505,
  "surprise_max": 0.9999205470085144,
  "processed_frames": 84.0,
  "video_name": "1 (7).mp4"
}