{
  "facial_symmetry_mean": 0.9179375767707825,
  "facial_symmetry_std": 0.05749506130814552,
  "facial_symmetry_median": 0.9144687056541443,
  "facial_symmetry_max": 0.999937117099762,
  "face_width_height_ratio_mean": 0.8101555705070496,
  "face_width_height_ratio_std": 0.05744568631052971,
  "face_width_height_ratio_median": 0.8198956251144409,
  "face_width_height_ratio_max": 0.9831669330596924,
  "eye_spacing_ratio_mean": 0.6648629307746887,
  "eye_spacing_ratio_std": 0.02585860900580883,
  "eye_spacing_ratio_median": 0.6673882007598877,
  "eye_spacing_ratio_max": 0.767810046672821,
  "jaw_ratio_mean": 0.7937660813331604,
  "jaw_ratio_std": 0.022349225357174873,
  "jaw_ratio_median": 0.7962455153465271,
  "jaw_ratio_max": 0.8494177460670471,
  "smile_intensity_mean": 0.20106759667396545,
  "smile_intensity_std": 0.20365674793720245,
  "smile_intensity_median": 0.09175960719585419,
  "smile_intensity_max": 0.754612922668457,
  "eye_contact_mean": 0.980673611164093,
  "eye_contact_std": 0.02054412104189396,
  "eye_contact_median": 0.985424280166626,
  "eye_contact_max": 0.9997966885566711,
  "eye_openness_mean": 0.9045039415359497,
  "eye_openness_std": 0.14429160952568054,
  "eye_openness_median": 1.0,
  "eye_openness_max": 1.0,
  "gaze_stability_mean": 0.9892009496688843,
  "gaze_stability_std": 0.017466368153691292,
  "gaze_stability_median": 0.9953320026397705,
  "gaze_stability_max": 1.0,
  "head_tilt_mean": 0.08213278651237488,
  "head_tilt_std": 0.08769961446523666,
  "head_tilt_median": 0.05733802914619446,
  "head_tilt_max": 0.4060935974121094,
  "expression_speed_mean": 0.12974713742733002,
  "expression_speed_std": 0.16469977796077728,
  "expression_speed_median": 0.049576535820961,
  "expression_speed_max": 0.6681663990020752,
  "happy_mean": 0.28574374318122864,
  "happy_std": 0.3966682553291321,
  "happy_median": 0.012748941779136658,
  "happy_max": 0.9998462200164795,
  "neutral_mean": 0.3901272714138031,
  "neutral_std": 0.40035492181777954,
  "neutral_median": 0.20590533316135406,
  "neutral_max": 0.9999476671218872,
  "surprise_mean": 0.015857219696044922,
  "surprise_std": 0.07646077126264572,
  "surprise_median": 5.588071508100256e-05,
  "surprise_max": 0.5617523789405823,
  "processed_frames": 125.0,
  "video_name": "1 (8).mp4"
}