{
  "expression_speed_max": 0.7544094324111938,
  "expression_speed_mean": 0.1396882925182581,
  "expression_speed_median": 0.06876265211030841,
  "expression_speed_std": 0.1678085308521986,
  "eye_contact_max": 0.9995566383004189,
  "eye_contact_mean": 0.9634403139352798,
  "eye_contact_median": 0.9724757224321365,
  "eye_contact_std": 0.03414809028618038,
  "eye_openness_max": 1.0,
  "eye_openness_mean": 0.8715660944581032,
  "eye_openness_median": 0.9244736954569817,
  "eye_openness_std": 0.15666885813698173,
  "eye_spacing_ratio_max": 0.7486156970262527,
  "eye_spacing_ratio_mean": 0.6629553586244583,
  "eye_spacing_ratio_median": 0.6674585044384003,
  "eye_spacing_ratio_std": 0.033390822587534785,
  "face_width_height_ratio_max": 1.0240935981273651,
  "face_width_height_ratio_mean": 0.819802813231945,
  "face_width_height_ratio_median": 0.830097109079361,
  "face_width_height_ratio_std": 0.07681116368621588,
  "facial_symmetry_max": 0.9963880106806755,
  "facial_symmetry_mean": 0.9079173356294632,
  "facial_symmetry_median": 0.9149556085467339,
  "facial_symmetry_std": 0.06393892969936132,
  "gaze_stability_max": 1.0,
  "gaze_stability_mean": 0.9858233332633972,
  "gaze_stability_median": 0.9934865981340408,
  "gaze_stability_std": 0.022206791443750262,
  "happy_max": 0.9714318141341209,
  "happy_mean": 0.1278283407445997,
  "happy_median": 0.002420516289447505,
  "happy_std": 0.27333863265812397,
  "head_tilt_max": 0.5159395523369312,
  "head_tilt_mean": 0.1336438488215208,
  "head_tilt_median": 0.06559216883033514,
  "head_tilt_std": 0.14513128576800227,
  "jaw_ratio_max": 0.8476095944643021,
  "jaw_ratio_mean": 0.786487266421318,
  "jaw_ratio_median": 0.7855294048786163,
  "jaw_ratio_std": 0.02150035765953362,
  "neutral_max": 0.9997491836547852,
  "neutral_mean": 0.38643791526556015,
  "neutral_median": 0.23406856413930655,
  "neutral_std": 0.40733834356069565,
  "processed_frames": 89.875,
  "smile_intensity_max": 0.7372393980622292,
  "smile_intensity_mean": 0.2700497666373849,
  "smile_intensity_median": 0.21839318075217307,
  "smile_intensity_std": 0.19875159393996,
  "surprise_max": 0.5459530828520656,
  "surprise_mean": 0.02931149528012611,
  "surprise_median": 0.00026239473050004847,
  "surprise_std": 0.10111156583297998,
  "video_count": 8.0,
  "valid_video_count": 8.0,
  "valid_video_ratio": 1.0,
  "total_processed_frames": 719.0,
  "avg_processed_frames": 89.875,
  "quality_score": 0.8396666666666667,
  "person_name": "Shiraishi Sei"
}