{
  "facial_symmetry_mean": 0.8721966743469238,
  "facial_symmetry_std": 0.10260217636823654,
  "facial_symmetry_median": 0.8680397272109985,
  "facial_symmetry_max": 0.9997484087944031,
  "face_width_height_ratio_mean": 1.077759861946106,
  "face_width_height_ratio_std": 0.1043270155787468,
  "face_width_height_ratio_median": 1.0909775495529175,
  "face_width_height_ratio_max": 1.2849676609039307,
  "eye_spacing_ratio_mean": 0.6507123112678528,
  "eye_spacing_ratio_std": 0.026647303253412247,
  "eye_spacing_ratio_median": 0.6469132900238037,
  "eye_spacing_ratio_max": 0.7158238291740417,
  "jaw_ratio_mean": 0.7909669876098633,
  "jaw_ratio_std": 0.02649293839931488,
  "jaw_ratio_median": 0.7970187664031982,
  "jaw_ratio_max": 0.835238516330719,
  "smile_intensity_mean": 0.1951986402273178,
  "smile_intensity_std": 0.2326831966638565,
  "smile_intensity_median": 0.027210552245378494,
  "smile_intensity_max": 0.8664206862449646,
  "eye_contact_mean": 0.9673819541931152,
  "eye_contact_std": 0.026328284293413162,
  "eye_contact_median": 0.9731686115264893,
  "eye_contact_max": 0.9999333024024963,
  "eye_openness_mean": 0.8789282441139221,
  "eye_openness_std": 0.18124882876873016,
  "eye_openness_median": 1.0,
  "eye_openness_max": 1.0,
  "gaze_stability_mean": 0.9833400845527649,
  "gaze_stability_std": 0.019442053511738777,
  "gaze_stability_median": 0.9899669885635376,
  "gaze_stability_max": 1.0,
  "head_tilt_mean": 0.1905858814716339,
  "head_tilt_std": 0.22194023430347443,
  "head_tilt_median": 0.13203024864196777,
  "head_tilt_max": 0.996968150138855,
  "expression_speed_mean": 0.18185241520404816,
  "expression_speed_std": 0.21486146748065948,
  "expression_speed_median": 0.08735490590333939,
  "expression_speed_max": 0.8746731281280518,
  "happy_mean": 0.05514470487833023,
  "happy_std": 0.19093216955661774,
  "happy_median": 4.478368646232411e-05,
  "happy_max": 0.973524808883667,
  "neutral_mean": 0.28649380803108215,
  "neutral_std": 0.4014536142349243,
  "neutral_median": 0.01569877751171589,
  "neutral_max": 0.9999350905418396,
  "surprise_mean": 0.01754673197865486,
  "surprise_std": 0.12402931600809097,
  "surprise_median": 2.2070254601658235e-07,
  "surprise_max": 0.9762340188026428,
  "processed_frames": 61.0,
  "video_name": "1 (1).mp4"
}