{
  "facial_symmetry_mean": 0.9349314570426941,
  "facial_symmetry_std": 0.055355943739414215,
  "facial_symmetry_median": 0.9641445279121399,
  "facial_symmetry_max": 0.9959883093833923,
  "face_width_height_ratio_mean": 0.6321501731872559,
  "face_width_height_ratio_std": 0.06505429744720459,
  "face_width_height_ratio_median": 0.6247671246528625,
  "face_width_height_ratio_max": 0.8220807909965515,
  "eye_spacing_ratio_mean": 0.6544135212898254,
  "eye_spacing_ratio_std": 0.023769304156303406,
  "eye_spacing_ratio_median": 0.65251624584198,
  "eye_spacing_ratio_max": 0.7160201668739319,
  "jaw_ratio_mean": 0.7939548492431641,
  "jaw_ratio_std": 0.01718394085764885,
  "jaw_ratio_median": 0.7900904417037964,
  "jaw_ratio_max": 0.8381265997886658,
  "smile_intensity_mean": 0.16892962157726288,
  "smile_intensity_std": 0.26481926441192627,
  "smile_intensity_median": 0.023862294852733612,
  "smile_intensity_max": 0.9899736642837524,
  "eye_contact_mean": 0.9691467881202698,
  "eye_contact_std": 0.02377629466354847,
  "eye_contact_median": 0.9741439819335938,
  "eye_contact_max": 0.9999123811721802,
  "eye_openness_mean": 0.9222694039344788,
  "eye_openness_std": 0.18994693458080292,
  "eye_openness_median": 1.0,
  "eye_openness_max": 1.0,
  "gaze_stability_mean": 0.9903843402862549,
  "gaze_stability_std": 0.013385726138949394,
  "gaze_stability_median": 0.9947112798690796,
  "gaze_stability_max": 1.0,
  "head_tilt_mean": 0.2031129151582718,
  "head_tilt_std": 0.21168899536132812,
  "head_tilt_median": 0.12534573674201965,
  "head_tilt_max": 0.6970815658569336,
  "expression_speed_mean": 0.12160521000623703,
  "expression_speed_std": 0.1952710896730423,
  "expression_speed_median": 0.0420738160610199,
  "expression_speed_max": 0.8294765949249268,
  "happy_mean": 0.0771375373005867,
  "happy_std": 0.21889378130435944,
  "happy_median": 6.660328654106706e-05,
  "happy_max": 0.9926666021347046,
  "neutral_mean": 0.3667432367801666,
  "neutral_std": 0.4101533889770508,
  "neutral_median": 0.1409977823495865,
  "neutral_max": 0.9999763369560242,
  "surprise_mean": 0.1276600956916809,
  "surprise_std": 0.2977766990661621,
  "surprise_median": 1.7815002138377167e-05,
  "surprise_max": 0.9996705651283264,
  "processed_frames": 96.0,
  "video_name": "1 (2).mp4"
}