{
  "facial_symmetry_mean": 0.8646543622016907,
  "facial_symmetry_std": 0.09495708346366882,
  "facial_symmetry_median": 0.902283787727356,
  "facial_symmetry_max": 0.9868561029434204,
  "face_width_height_ratio_mean": 0.9934438467025757,
  "face_width_height_ratio_std": 0.12052018940448761,
  "face_width_height_ratio_median": 1.0131912231445312,
  "face_width_height_ratio_max": 1.2196638584136963,
  "eye_spacing_ratio_mean": 0.662473738193512,
  "eye_spacing_ratio_std": 0.033610790967941284,
  "eye_spacing_ratio_median": 0.6673709750175476,
  "eye_spacing_ratio_max": 0.7439074516296387,
  "jaw_ratio_mean": 0.789360523223877,
  "jaw_ratio_std": 0.03318563848733902,
  "jaw_ratio_median": 0.7881214022636414,
  "jaw_ratio_max": 0.8673118352890015,
  "smile_intensity_mean": 0.33882516622543335,
  "smile_intensity_std": 0.24483482539653778,
  "smile_intensity_median": 0.38237619400024414,
  "smile_intensity_max": 0.8712050914764404,
  "eye_contact_mean": 0.9736971259117126,
  "eye_contact_std": 0.03082939237356186,
  "eye_contact_median": 0.9883769154548645,
  "eye_contact_max": 0.9996253848075867,
  "eye_openness_mean": 0.6454923748970032,
  "eye_openness_std": 0.24311311542987823,
  "eye_openness_median": 0.5896713733673096,
  "eye_openness_max": 1.0,
  "gaze_stability_mean": 0.983153760433197,
  "gaze_stability_std": 0.02727261744439602,
  "gaze_stability_median": 0.9939713478088379,
  "gaze_stability_max": 1.0,
  "head_tilt_mean": 0.2758699357509613,
  "head_tilt_std": 0.24147768318653107,
  "head_tilt_median": 0.18384844064712524,
  "head_tilt_max": 0.7560742497444153,
  "expression_speed_mean": 0.19209416210651398,
  "expression_speed_std": 0.2633807361125946,
  "expression_speed_median": 0.044343575835227966,
  "expression_speed_max": 0.9407691955566406,
  "happy_mean": 0.24905641376972198,
  "happy_std": 0.42584094405174255,
  "happy_median": 0.004183858633041382,
  "happy_max": 0.9999996423721313,
  "neutral_mean": 0.3597782850265503,
  "neutral_std": 0.39087599515914917,
  "neutral_median": 0.14973220229148865,
  "neutral_max": 0.9903464317321777,
  "surprise_mean": 0.029945118352770805,
  "surprise_std": 0.15351657569408417,
  "surprise_median": 3.691817255457863e-05,
  "surprise_max": 0.9985653162002563,
  "processed_frames": 41.0,
  "video_name": "1 (3).mp4"
}