{
  "facial_symmetry_mean": 0.8947407007217407,
  "facial_symmetry_std": 0.07002275437116623,
  "facial_symmetry_median": 0.9094465970993042,
  "facial_symmetry_max": 0.9908061027526855,
  "face_width_height_ratio_mean": 0.8439995646476746,
  "face_width_height_ratio_std": 0.0452859066426754,
  "face_width_height_ratio_median": 0.8544595241546631,
  "face_width_height_ratio_max": 0.9207072257995605,
  "eye_spacing_ratio_mean": 0.6393692493438721,
  "eye_spacing_ratio_std": 0.026031387969851494,
  "eye_spacing_ratio_median": 0.6468722820281982,
  "eye_spacing_ratio_max": 0.6797688007354736,
  "jaw_ratio_mean": 0.7950705885887146,
  "jaw_ratio_std": 0.031110601499676704,
  "jaw_ratio_median": 0.799109935760498,
  "jaw_ratio_max": 0.8461138606071472,
  "smile_intensity_mean": 0.23997625708580017,
  "smile_intensity_std": 0.24716104567050934,
  "smile_intensity_median": 0.07404088973999023,
  "smile_intensity_max": 0.6995672583580017,
  "eye_contact_mean": 0.9602379202842712,
  "eye_contact_std": 0.029550692066550255,
  "eye_contact_median": 0.9628350734710693,
  "eye_contact_max": 0.9989397525787354,
  "eye_openness_mean": 0.9182056188583374,
  "eye_openness_std": 0.15026065707206726,
  "eye_openness_median": 0.9852142930030823,
  "eye_openness_max": 1.0,
  "gaze_stability_mean": 0.9834625124931335,
  "gaze_stability_std": 0.013431858271360397,
  "gaze_stability_median": 0.9858688712120056,
  "gaze_stability_max": 1.0,
  "head_tilt_mean": 0.15515203773975372,
  "head_tilt_std": 0.17643341422080994,
  "head_tilt_median": 0.10177597403526306,
  "head_tilt_max": 0.6678184866905212,
  "expression_speed_mean": 0.1698446124792099,
  "expression_speed_std": 0.19559818506240845,
  "expression_speed_median": 0.08664821088314056,
  "expression_speed_max": 0.7600594758987427,
  "happy_mean": 0.11584438383579254,
  "happy_std": 0.2865780293941498,
  "happy_median": 0.0006583203212358057,
  "happy_max": 0.9997277855873108,
  "neutral_mean": 0.2733927071094513,
  "neutral_std": 0.33079832792282104,
  "neutral_median": 0.04101840779185295,
  "neutral_max": 0.939653217792511,
  "surprise_mean": 0.022542044520378113,
  "surprise_std": 0.06304968893527985,
  "surprise_median": 2.702720303204842e-05,
  "surprise_max": 0.29515936970710754,
  "processed_frames": 43.0,
  "video_name": "1 (4).mp4"
}