{
  "facial_symmetry_mean": 0.8892375826835632,
  "facial_symmetry_std": 0.09670370072126389,
  "facial_symmetry_median": 0.8810076713562012,
  "facial_symmetry_max": 0.9988844990730286,
  "face_width_height_ratio_mean": 0.7448447346687317,
  "face_width_height_ratio_std": 0.11609990894794464,
  "face_width_height_ratio_median": 0.796792209148407,
  "face_width_height_ratio_max": 0.8867129683494568,
  "eye_spacing_ratio_mean": 0.6382098197937012,
  "eye_spacing_ratio_std": 0.0254813339561224,
  "eye_spacing_ratio_median": 0.6440505385398865,
  "eye_spacing_ratio_max": 0.7142660617828369,
  "jaw_ratio_mean": 0.8006570935249329,
  "jaw_ratio_std": 0.019866110756993294,
  "jaw_ratio_median": 0.7989882230758667,
  "jaw_ratio_max": 0.8593778610229492,
  "smile_intensity_mean": 0.25907692313194275,
  "smile_intensity_std": 0.27049171924591064,
  "smile_intensity_median": 0.11918273568153381,
  "smile_intensity_max": 0.8814355134963989,
  "eye_contact_mean": 0.9625852108001709,
  "eye_contact_std": 0.05280732363462448,
  "eye_contact_median": 0.9914087057113647,
  "eye_contact_max": 0.9999651312828064,
  "eye_openness_mean": 0.7216691970825195,
  "eye_openness_std": 0.21108466386795044,
  "eye_openness_median": 0.6977777481079102,
  "eye_openness_max": 1.0,
  "gaze_stability_mean": 0.9888013601303101,
  "gaze_stability_std": 0.026057589799165726,
  "gaze_stability_median": 0.9976473450660706,
  "gaze_stability_max": 1.0,
  "head_tilt_mean": 0.07583290338516235,
  "head_tilt_std": 0.06006786972284317,
  "head_tilt_median": 0.05878612399101257,
  "head_tilt_max": 0.2823279798030853,
  "expression_speed_mean": 0.12635298073291779,
  "expression_speed_std": 0.18051466345787048,
  "expression_speed_median": 0.05832931399345398,
  "expression_speed_max": 0.8717344999313354,
  "happy_mean": 0.37672311067581177,
  "happy_std": 0.42679476737976074,
  "happy_median": 0.06302279233932495,
  "happy_max": 0.9999882578849792,
  "neutral_mean": 0.26825299859046936,
  "neutral_std": 0.36215388774871826,
  "neutral_median": 0.045066773891448975,
  "neutral_max": 0.9945849180221558,
  "surprise_mean": 0.0042004953138530254,
  "surprise_std": 0.021890688687562943,
  "surprise_median": 2.737376416916959e-05,
  "surprise_max": 0.3185849189758301,
  "processed_frames": 276.0,
  "video_name": "1 (6).mp4"
}