{
  "expression_speed_max": 0.8260311881701151,
  "expression_speed_mean": 0.15530994907021523,
  "expression_speed_median": 0.06246686354279518,
  "expression_speed_std": 0.20058632642030716,
  "eye_contact_max": 0.9997127950191498,
  "eye_contact_mean": 0.9672060509522756,
  "eye_contact_median": 0.9783639709154764,
  "eye_contact_std": 0.032156089010337986,
  "eye_openness_max": 1.0,
  "eye_openness_mean": 0.7737857302029928,
  "eye_openness_median": 0.7844313681125641,
  "eye_openness_std": 0.20765534788370132,
  "eye_spacing_ratio_max": 0.7107075651486715,
  "eye_spacing_ratio_mean": 0.647103508313497,
  "eye_spacing_ratio_median": 0.6496248046557108,
  "eye_spacing_ratio_std": 0.02772772405296564,
  "face_width_height_ratio_max": 1.175602416197459,
  "face_width_height_ratio_mean": 0.9455170830090841,
  "face_width_height_ratio_median": 0.9664602478345236,
  "face_width_height_ratio_std": 0.10863185736040275,
  "facial_symmetry_max": 0.9950509667396545,
  "facial_symmetry_mean": 0.8932487269242605,
  "facial_symmetry_median": 0.908334364493688,
  "facial_symmetry_std": 0.08402117093404134,
  "gaze_stability_max": 1.0,
  "gaze_stability_mean": 0.9857121706008911,
  "gaze_stability_median": 0.9926379223664602,
  "gaze_stability_std": 0.020085555190841358,
  "happy_max": 0.9942759374777476,
  "happy_mean": 0.2126727377374967,
  "happy_median": 0.014886454510512218,
  "happy_std": 0.33412056664625805,
  "head_tilt_max": 0.6299939652283987,
  "head_tilt_mean": 0.16272619118293127,
  "head_tilt_median": 0.10974674175182979,
  "head_tilt_std": 0.16541789720455805,
  "jaw_ratio_max": 0.8493118584156036,
  "jaw_ratio_mean": 0.7936438322067261,
  "jaw_ratio_median": 0.7941044270992279,
  "jaw_ratio_std": 0.02588705935825904,
  "neutral_max": 0.9836109081904093,
  "neutral_mean": 0.29416701445976895,
  "neutral_median": 0.06799817737191916,
  "neutral_std": 0.3722310612599055,
  "processed_frames": 96.16666666666667,
  "smile_intensity_max": 0.8036701182524363,
  "smile_intensity_mean": 0.22416244198878607,
  "smile_intensity_median": 0.1116834922383229,
  "smile_intensity_std": 0.23833504815896353,
  "surprise_max": 0.7557254085938135,
  "surprise_mean": 0.04161886149086058,
  "surprise_median": 2.3065056517168614e-05,
  "surprise_std": 0.1443924574802319,
  "video_count": 6.0,
  "valid_video_count": 6.0,
  "valid_video_ratio": 1.0,
  "total_processed_frames": 577.0,
  "avg_processed_frames": 96.16666666666667,
  "quality_score": 0.8564444444444445,
  "person_name": "Tao Tsuchiya"
}