{
  "facial_symmetry_mean": 0.8978325724601746,
  "facial_symmetry_std": 0.07848863303661346,
  "facial_symmetry_median": 0.9104838967323303,
  "facial_symmetry_max": 0.999205470085144,
  "face_width_height_ratio_mean": 1.4950132369995117,
  "face_width_height_ratio_std": 0.11149862408638,
  "face_width_height_ratio_median": 1.5055351257324219,
  "face_width_height_ratio_max": 1.7824634313583374,
  "eye_spacing_ratio_mean": 0.6573658585548401,
  "eye_spacing_ratio_std": 0.024090476334095,
  "eye_spacing_ratio_median": 0.6574176549911499,
  "eye_spacing_ratio_max": 0.7374745011329651,
  "jaw_ratio_mean": 0.785230815410614,
  "jaw_ratio_std": 0.014187068678438663,
  "jaw_ratio_median": 0.7835588455200195,
  "jaw_ratio_max": 0.8228514194488525,
  "smile_intensity_mean": 0.04543641209602356,
  "smile_intensity_std": 0.0750402882695198,
  "smile_intensity_median": 0.011015959084033966,
  "smile_intensity_max": 0.33554261922836304,
  "eye_contact_mean": 0.9737313985824585,
  "eye_contact_std": 0.031636301428079605,
  "eye_contact_median": 0.9815952181816101,
  "eye_contact_max": 0.9997260570526123,
  "eye_openness_mean": 0.5518759489059448,
  "eye_openness_std": 0.17395062744617462,
  "eye_openness_median": 0.5958305597305298,
  "eye_openness_max": 0.9138283729553223,
  "gaze_stability_mean": 0.983960747718811,
  "gaze_stability_std": 0.025588015094399452,
  "gaze_stability_median": 0.9924145936965942,
  "gaze_stability_max": 1.0,
  "head_tilt_mean": 0.02513720840215683,
  "head_tilt_std": 0.020116697996854782,
  "head_tilt_median": 0.02070993185043335,
  "head_tilt_max": 0.09365260601043701,
  "expression_speed_mean": 0.09191180020570755,
  "expression_speed_std": 0.09411539137363434,
  "expression_speed_median": 0.0645788386464119,
  "expression_speed_max": 0.49318861961364746,
  "happy_mean": 0.05618758127093315,
  "happy_std": 0.19154532253742218,
  "happy_median": 0.001730118179693818,
  "happy_max": 0.9799891114234924,
  "neutral_mean": 0.4653628468513489,
  "neutral_std": 0.36828723549842834,
  "neutral_median": 0.4632090926170349,
  "neutral_max": 0.9862086176872253,
  "surprise_mean": 0.03941044956445694,
  "surprise_std": 0.13842318952083588,
  "surprise_median": 1.305650221183896e-05,
  "surprise_max": 0.987797200679779,
  "processed_frames": 77.0,
  "video_name": "1.mp4"
}