{
  "facial_symmetry_mean": 0.8366902470588684,
  "facial_symmetry_std": 0.10089521110057831,
  "facial_symmetry_median": 0.8502563238143921,
  "facial_symmetry_max": 0.9912740588188171,
  "face_width_height_ratio_mean": 0.9780576229095459,
  "face_width_height_ratio_std": 0.16086067259311676,
  "face_width_height_ratio_median": 0.9922850131988525,
  "face_width_height_ratio_max": 1.3219760656356812,
  "eye_spacing_ratio_mean": 0.661077618598938,
  "eye_spacing_ratio_std": 0.03427357226610184,
  "eye_spacing_ratio_median": 0.6661579608917236,
  "eye_spacing_ratio_max": 0.7328174710273743,
  "jaw_ratio_mean": 0.7983031272888184,
  "jaw_ratio_std": 0.0273350328207016,
  "jaw_ratio_median": 0.8002034425735474,
  "jaw_ratio_max": 0.853121817111969,
  "smile_intensity_mean": 0.2407388985157013,
  "smile_intensity_std": 0.2074575424194336,
  "smile_intensity_median": 0.2661859393119812,
  "smile_intensity_max": 0.9600167274475098,
  "eye_contact_mean": 0.9507222771644592,
  "eye_contact_std": 0.04246308654546738,
  "eye_contact_median": 0.9617173075675964,
  "eye_contact_max": 0.9991048574447632,
  "eye_openness_mean": 0.547246515750885,
  "eye_openness_std": 0.28347083926200867,
  "eye_openness_median": 0.45738065242767334,
  "eye_openness_max": 1.0,
  "gaze_stability_mean": 0.9775693416595459,
  "gaze_stability_std": 0.027616411447525024,
  "gaze_stability_median": 0.9887754321098328,
  "gaze_stability_max": 1.0,
  "head_tilt_mean": 0.23526795208454132,
  "head_tilt_std": 0.23784124851226807,
  "head_tilt_median": 0.20645159482955933,
  "head_tilt_max": 0.9638407826423645,
  "expression_speed_mean": 0.22385364770889282,
  "expression_speed_std": 0.23413534462451935,
  "expression_speed_median": 0.1480039358139038,
  "expression_speed_max": 0.9270557165145874,
  "happy_mean": 0.24039226770401,
  "happy_std": 0.3836270570755005,
  "happy_median": 0.0029028677381575108,
  "happy_max": 0.9999603629112244,
  "neutral_mean": 0.20742642879486084,
  "neutral_std": 0.34668901562690735,
  "neutral_median": 0.0029102987609803677,
  "neutral_max": 0.9920158386230469,
  "surprise_mean": 0.03576420992612839,
  "surprise_std": 0.15299047529697418,
  "surprise_median": 1.3269622286316007e-05,
  "surprise_max": 0.9563552737236023,
  "processed_frames": 72.0,
  "video_name": "3.mp4"
}