{
  "facial_symmetry_mean": 0.8739210963249207,
  "facial_symmetry_std": 0.05945869907736778,
  "facial_symmetry_median": 0.8595064878463745,
  "facial_symmetry_max": 0.999833345413208,
  "face_width_height_ratio_mean": 1.3749897480010986,
  "face_width_height_ratio_std": 0.12471368163824081,
  "face_width_height_ratio_median": 1.358642816543579,
  "face_width_height_ratio_max": 1.7081016302108765,
  "eye_spacing_ratio_mean": 0.6614248752593994,
  "eye_spacing_ratio_std": 0.02716432698071003,
  "eye_spacing_ratio_median": 0.6576505303382874,
  "eye_spacing_ratio_max": 0.7441335916519165,
  "jaw_ratio_mean": 0.7855888605117798,
  "jaw_ratio_std": 0.021131016314029694,
  "jaw_ratio_median": 0.7813197374343872,
  "jaw_ratio_max": 0.8429683446884155,
  "smile_intensity_mean": 0.10826699435710907,
  "smile_intensity_std": 0.15612532198429108,
  "smile_intensity_median": 0.013380292803049088,
  "smile_intensity_max": 0.6332597136497498,
  "eye_contact_mean": 0.9735153317451477,
  "eye_contact_std": 0.01786637492477894,
  "eye_contact_median": 0.9745044708251953,
  "eye_contact_max": 0.9998342990875244,
  "eye_openness_mean": 0.44760456681251526,
  "eye_openness_std": 0.13120593130588531,
  "eye_openness_median": 0.46557605266571045,
  "eye_openness_max": 0.6926761269569397,
  "gaze_stability_mean": 0.9902752637863159,
  "gaze_stability_std": 0.012248927727341652,
  "gaze_stability_median": 0.9960911273956299,
  "gaze_stability_max": 1.0,
  "head_tilt_mean": 0.05268106609582901,
  "head_tilt_std": 0.037189703434705734,
  "head_tilt_median": 0.0438033789396286,
  "head_tilt_max": 0.13402685523033142,
  "expression_speed_mean": 0.12381742149591446,
  "expression_speed_std": 0.1458495855331421,
  "expression_speed_median": 0.06740114092826843,
  "expression_speed_max": 0.6272346377372742,
  "happy_mean": 0.2695097029209137,
  "happy_std": 0.3989619016647339,
  "happy_median": 0.0008465326391160488,
  "happy_max": 0.9991692900657654,
  "neutral_mean": 0.3372277021408081,
  "neutral_std": 0.328363299369812,
  "neutral_median": 0.2588491439819336,
  "neutral_max": 0.9664083123207092,
  "surprise_mean": 0.0032520880922675133,
  "surprise_std": 0.010816629976034164,
  "surprise_median": 2.040530671365559e-05,
  "surprise_max": 0.08084646612405777,
  "processed_frames": 64.0,
  "video_name": "4.mp4"
}