{
  "facial_symmetry_mean": 0.9248939752578735,
  "facial_symmetry_std": 0.06870171427726746,
  "facial_symmetry_median": 0.9571825861930847,
  "facial_symmetry_max": 0.9987300038337708,
  "face_width_height_ratio_mean": 0.9007883667945862,
  "face_width_height_ratio_std": 0.0407600924372673,
  "face_width_height_ratio_median": 0.903586745262146,
  "face_width_height_ratio_max": 1.0137399435043335,
  "eye_spacing_ratio_mean": 0.6744515299797058,
  "eye_spacing_ratio_std": 0.01679071970283985,
  "eye_spacing_ratio_median": 0.6736680269241333,
  "eye_spacing_ratio_max": 0.751730740070343,
  "jaw_ratio_mean": 0.7797048687934875,
  "jaw_ratio_std": 0.013703151606023312,
  "jaw_ratio_median": 0.778302788734436,
  "jaw_ratio_max": 0.816254198551178,
  "smile_intensity_mean": 0.07621768116950989,
  "smile_intensity_std": 0.1206250786781311,
  "smile_intensity_median": 0.013296669349074364,
  "smile_intensity_max": 0.45926907658576965,
  "eye_contact_mean": 0.9815450310707092,
  "eye_contact_std": 0.019109584391117096,
  "eye_contact_median": 0.9897509217262268,
  "eye_contact_max": 0.9999642372131348,
  "eye_openness_mean": 0.8398876786231995,
  "eye_openness_std": 0.17283505201339722,
  "eye_openness_median": 0.889005720615387,
  "eye_openness_max": 1.0,
  "gaze_stability_mean": 0.9937376976013184,
  "gaze_stability_std": 0.010413749143481255,
  "gaze_stability_median": 0.9969462156295776,
  "gaze_stability_max": 1.0,
  "head_tilt_mean": 0.08027438074350357,
  "head_tilt_std": 0.06951875239610672,
  "head_tilt_median": 0.05926400423049927,
  "head_tilt_max": 0.4481111466884613,
  "expression_speed_mean": 0.10620950162410736,
  "expression_speed_std": 0.15393561124801636,
  "expression_speed_median": 0.039431896060705185,
  "expression_speed_max": 0.826322078704834,
  "happy_mean": 0.15778124332427979,
  "happy_std": 0.32641929388046265,
  "happy_median": 6.460446456912905e-05,
  "happy_max": 0.9993852376937866,
  "neutral_mean": 0.3504154086112976,
  "neutral_std": 0.3771892189979553,
  "neutral_median": 0.1685187667608261,
  "neutral_max": 0.9990720152854919,
  "surprise_mean": 0.004591843578964472,
  "surprise_std": 0.04180024191737175,
  "surprise_median": 5.017804141971283e-06,
  "surprise_max": 0.46433699131011963,
  "processed_frames": 125.0,
  "video_name": "7.mp4"
}