{
  "expression_speed_max": 0.7719277994973319,
  "expression_speed_mean": 0.15118937194347382,
  "expression_speed_median": 0.08326416249786105,
  "expression_speed_std": 0.1736896995987211,
  "eye_contact_max": 0.9991449628557477,
  "eye_contact_mean": 0.9607600910323006,
  "eye_contact_median": 0.9717963337898254,
  "eye_contact_std": 0.038278785933341296,
  "eye_openness_max": 0.9437863571303231,
  "eye_openness_mean": 0.6407068244048527,
  "eye_openness_median": 0.6754320008414132,
  "eye_openness_std": 0.23527007869311742,
  "eye_spacing_ratio_max": 0.7370061959539141,
  "eye_spacing_ratio_mean": 0.6667810423033578,
  "eye_spacing_ratio_median": 0.6691159520830426,
  "eye_spacing_ratio_std": 0.028442122308271273,
  "face_width_height_ratio_max": 1.4009221877370561,
  "face_width_height_ratio_mean": 1.1509427853993006,
  "face_width_height_ratio_median": 1.1551312037876673,
  "face_width_height_ratio_std": 0.1178857513836452,
  "facial_symmetry_max": 0.9904320069721767,
  "facial_symmetry_mean": 0.8597123452595302,
  "facial_symmetry_median": 0.8809245569365365,
  "facial_symmetry_std": 0.09887931229812759,
  "gaze_stability_max": 1.0,
  "gaze_stability_mean": 0.9821047527449471,
  "gaze_stability_median": 0.9914826154708862,
  "gaze_stability_std": 0.024895054155162404,
  "happy_max": 0.9964826107025146,
  "happy_mean": 0.20145066667880332,
  "happy_median": 0.0018201314856664144,
  "happy_std": 0.3453470447233745,
  "head_tilt_max": 0.4264414736202785,
  "head_tilt_mean": 0.1041741254074233,
  "head_tilt_median": 0.08688686575208392,
  "head_tilt_std": 0.0973903238773346,
  "jaw_ratio_max": 0.8406808206013271,
  "jaw_ratio_mean": 0.7860164897782462,
  "jaw_ratio_median": 0.782511830329895,
  "jaw_ratio_std": 0.02273800756250109,
  "neutral_max": 0.9910843116896493,
  "neutral_mean": 0.3084770739078522,
  "neutral_median": 0.14356836057933314,
  "neutral_std": 0.35493979283741545,
  "processed_frames": 84.14285714285714,
  "smile_intensity_max": 0.6212134233542851,
  "smile_intensity_mean": 0.11061578882592064,
  "smile_intensity_median": 0.057071885892323086,
  "smile_intensity_std": 0.14057739611182893,
  "surprise_max": 0.5530723514301437,
  "surprise_mean": 0.019689730401816114,
  "surprise_median": 8.902008571811035e-06,
  "surprise_std": 0.07694503851234913,
  "video_count": 7.0,
  "valid_video_count": 7.0,
  "valid_video_ratio": 1.0,
  "total_processed_frames": 589.0,
  "avg_processed_frames": 84.14285714285714,
  "quality_score": 0.8243809523809524,
  "person_name": "Deva Cassel"
}