{
  "facial_symmetry_mean": 0.8326064348220825,
  "facial_symmetry_std": 0.11671771854162216,
  "facial_symmetry_median": 0.8390387296676636,
  "facial_symmetry_max": 0.9846518039703369,
  "face_width_height_ratio_mean": 0.7990434765815735,
  "face_width_height_ratio_std": 0.10722650587558746,
  "face_width_height_ratio_median": 0.8180188536643982,
  "face_width_height_ratio_max": 1.1150082349777222,
  "eye_spacing_ratio_mean": 0.6352454423904419,
  "eye_spacing_ratio_std": 0.043958310037851334,
  "eye_spacing_ratio_median": 0.6427424550056458,
  "eye_spacing_ratio_max": 0.7633817195892334,
  "jaw_ratio_mean": 0.7910228371620178,
  "jaw_ratio_std": 0.025054022669792175,
  "jaw_ratio_median": 0.7894848585128784,
  "jaw_ratio_max": 0.8697745203971863,
  "smile_intensity_mean": 0.23218640685081482,
  "smile_intensity_std": 0.2677428424358368,
  "smile_intensity_median": 0.1276616007089615,
  "smile_intensity_max": 1.0,
  "eye_contact_mean": 0.9380648732185364,
  "eye_contact_std": 0.06012900918722153,
  "eye_contact_median": 0.9537533521652222,
  "eye_contact_max": 0.9993462562561035,
  "eye_openness_mean": 0.8014872074127197,
  "eye_openness_std": 0.2844451367855072,
  "eye_openness_median": 1.0,
  "eye_openness_max": 1.0,
  "gaze_stability_mean": 0.9652060866355896,
  "gaze_stability_std": 0.05033733323216438,
  "gaze_stability_median": 0.9851318597793579,
  "gaze_stability_max": 1.0,
  "head_tilt_mean": 0.2212875783443451,
  "head_tilt_std": 0.26064562797546387,
  "head_tilt_median": 0.14066368341445923,
  "head_tilt_max": 1.0,
  "expression_speed_mean": 0.2927732765674591,
  "expression_speed_std": 0.24701470136642456,
  "expression_speed_median": 0.21472850441932678,
  "expression_speed_max": 0.9231502413749695,
  "happy_mean": 0.1504080891609192,
  "happy_std": 0.3173001706600189,
  "happy_median": 0.0031755247619003057,
  "happy_max": 0.9998804926872253,
  "neutral_mean": 0.3189789056777954,
  "neutral_std": 0.37999749183654785,
  "neutral_median": 0.07955263555049896,
  "neutral_max": 0.9995936751365662,
  "surprise_mean": 0.019456658512353897,
  "surprise_std": 0.10035783052444458,
  "surprise_median": 0.00013408712402451783,
  "surprise_max": 0.7447385787963867,
  "processed_frames": 73.0,
  "video_name": "1.mp4"
}