{
  "facial_symmetry_mean": 0.9138840436935425,
  "facial_symmetry_std": 0.04876471310853958,
  "facial_symmetry_median": 0.9100573062896729,
  "facial_symmetry_max": 0.9970319867134094,
  "face_width_height_ratio_mean": 0.4572567045688629,
  "face_width_height_ratio_std": 0.04180428013205528,
  "face_width_height_ratio_median": 0.46312665939331055,
  "face_width_height_ratio_max": 0.5407620072364807,
  "eye_spacing_ratio_mean": 0.6442630290985107,
  "eye_spacing_ratio_std": 0.023379143327474594,
  "eye_spacing_ratio_median": 0.6430038213729858,
  "eye_spacing_ratio_max": 0.7057743072509766,
  "jaw_ratio_mean": 0.8024932146072388,
  "jaw_ratio_std": 0.015258971601724625,
  "jaw_ratio_median": 0.8009079694747925,
  "jaw_ratio_max": 0.8453443646430969,
  "smile_intensity_mean": 0.2987133264541626,
  "smile_intensity_std": 0.40794867277145386,
  "smile_intensity_median": 0.03084453195333481,
  "smile_intensity_max": 1.0,
  "eye_contact_mean": 0.9757482409477234,
  "eye_contact_std": 0.024606842547655106,
  "eye_contact_median": 0.9817097187042236,
  "eye_contact_max": 0.9999377727508545,
  "eye_openness_mean": 0.8015182614326477,
  "eye_openness_std": 0.20082855224609375,
  "eye_openness_median": 0.8291027545928955,
  "eye_openness_max": 1.0,
  "gaze_stability_mean": 0.9927133321762085,
  "gaze_stability_std": 0.011827092617750168,
  "gaze_stability_median": 0.9959313869476318,
  "gaze_stability_max": 1.0,
  "head_tilt_mean": 0.07970627397298813,
  "head_tilt_std": 0.09133119881153107,
  "head_tilt_median": 0.043060965836048126,
  "head_tilt_max": 0.37165775895118713,
  "expression_speed_mean": 0.20692217350006104,
  "expression_speed_std": 0.2825501561164856,
  "expression_speed_median": 0.06762510538101196,
  "expression_speed_max": 1.0,
  "happy_mean": 0.11258134990930557,
  "happy_std": 0.2640106976032257,
  "happy_median": 6.34287716820836e-05,
  "happy_max": 0.9929044842720032,
  "neutral_mean": 0.3264993131160736,
  "neutral_std": 0.3657098412513733,
  "neutral_median": 0.1429518759250641,
  "neutral_max": 0.9999775886535645,
  "surprise_mean": 0.03509126231074333,
  "surprise_std": 0.15698111057281494,
  "surprise_median": 1.9594604964368045e-05,
  "surprise_max": 0.9975560307502747,
  "processed_frames": 118.0,
  "video_name": "4.mp4"
}