{
  "facial_symmetry_mean": 0.9139474034309387,
  "facial_symmetry_std": 0.05264320597052574,
  "facial_symmetry_median": 0.9371400475502014,
  "facial_symmetry_max": 0.9853261709213257,
  "face_width_height_ratio_mean": 0.5631706118583679,
  "face_width_height_ratio_std": 0.05743132904171944,
  "face_width_height_ratio_median": 0.5861283540725708,
  "face_width_height_ratio_max": 0.6385639905929565,
  "eye_spacing_ratio_mean": 0.6467674374580383,
  "eye_spacing_ratio_std": 0.02707812562584877,
  "eye_spacing_ratio_median": 0.648090124130249,
  "eye_spacing_ratio_max": 0.7264364957809448,
  "jaw_ratio_mean": 0.7964586615562439,
  "jaw_ratio_std": 0.02208118513226509,
  "jaw_ratio_median": 0.7956333756446838,
  "jaw_ratio_max": 0.8717784881591797,
  "smile_intensity_mean": 0.3126811981201172,
  "smile_intensity_std": 0.3732989728450775,
  "smile_intensity_median": 0.09153221547603607,
  "smile_intensity_max": 1.0,
  "eye_contact_mean": 0.9712571501731873,
  "eye_contact_std": 0.020598871633410454,
  "eye_contact_median": 0.9753395915031433,
  "eye_contact_max": 0.9992043972015381,
  "eye_openness_mean": 0.8017770648002625,
  "eye_openness_std": 0.22766707837581635,
  "eye_openness_median": 0.879683256149292,
  "eye_openness_max": 1.0,
  "gaze_stability_mean": 0.9890420436859131,
  "gaze_stability_std": 0.015283840708434582,
  "gaze_stability_median": 0.9951643943786621,
  "gaze_stability_max": 1.0,
  "head_tilt_mean": 0.0560760498046875,
  "head_tilt_std": 0.034232959151268005,
  "head_tilt_median": 0.05412653088569641,
  "head_tilt_max": 0.13340458273887634,
  "expression_speed_mean": 0.22048158943653107,
  "expression_speed_std": 0.25180354714393616,
  "expression_speed_median": 0.12746785581111908,
  "expression_speed_max": 1.0,
  "happy_mean": 0.07361318916082382,
  "happy_std": 0.21166622638702393,
  "happy_median": 8.987056207843125e-05,
  "happy_max": 0.9931657910346985,
  "neutral_mean": 0.40951523184776306,
  "neutral_std": 0.38333791494369507,
  "neutral_median": 0.37085840106010437,
  "neutral_max": 0.9990269541740417,
  "surprise_mean": 0.0021500838920474052,
  "surprise_std": 0.00896881427615881,
  "surprise_median": 5.1350607463973574e-06,
  "surprise_max": 0.06430697441101074,
  "processed_frames": 95.0,
  "video_name": "7.mp4"
}