{
  "expression_speed_max": 0.924772838751475,
  "expression_speed_mean": 0.23405866821606955,
  "expression_speed_median": 0.12908096487323442,
  "expression_speed_std": 0.25418602923552197,
  "eye_contact_max": 0.9990312357743582,
  "eye_contact_mean": 0.9539565940697988,
  "eye_contact_median": 0.9641313056151072,
  "eye_contact_std": 0.04134588378171126,
  "eye_openness_max": 1.0,
  "eye_openness_mean": 0.7601284583409628,
  "eye_openness_median": 0.8241643806298574,
  "eye_openness_std": 0.2556960980097453,
  "eye_spacing_ratio_max": 0.7354077895482382,
  "eye_spacing_ratio_mean": 0.6446659366289774,
  "eye_spacing_ratio_median": 0.6480207443237305,
  "eye_spacing_ratio_std": 0.03350132082899412,
  "face_width_height_ratio_max": 0.9584565063317617,
  "face_width_height_ratio_mean": 0.7317581127087275,
  "face_width_height_ratio_median": 0.7489090959231058,
  "face_width_height_ratio_std": 0.09626391281684239,
  "facial_symmetry_max": 0.9918695290883383,
  "facial_symmetry_mean": 0.8696325023969015,
  "facial_symmetry_median": 0.8720126847426096,
  "facial_symmetry_std": 0.07890702473620574,
  "gaze_stability_max": 1.0,
  "gaze_stability_mean": 0.9798220793406168,
  "gaze_stability_median": 0.9917977750301361,
  "gaze_stability_std": 0.030180333958317835,
  "happy_max": 0.9941944678624471,
  "happy_mean": 0.12343120202422142,
  "happy_median": 0.0015974613537158195,
  "happy_std": 0.27790790299574536,
  "head_tilt_max": 0.5021224667628607,
  "head_tilt_mean": 0.13708167398969331,
  "head_tilt_median": 0.10156453276673953,
  "head_tilt_std": 0.13108385354280472,
  "jaw_ratio_max": 0.8742521305878957,
  "jaw_ratio_mean": 0.7952099839846293,
  "jaw_ratio_median": 0.7913410266240438,
  "jaw_ratio_std": 0.024773061275482178,
  "neutral_max": 0.9899014234542847,
  "neutral_mean": 0.3201793432235718,
  "neutral_median": 0.16000848387678465,
  "neutral_std": 0.3495994508266449,
  "processed_frames": 90.83333333333333,
  "smile_intensity_max": 0.9293943842252096,
  "smile_intensity_mean": 0.2209049885471662,
  "smile_intensity_median": 0.08891640106836955,
  "smile_intensity_std": 0.2782326315840085,
  "surprise_max": 0.6288809838394324,
  "surprise_mean": 0.020011205575428903,
  "surprise_median": 4.677582993887578e-05,
  "surprise_std": 0.09435703434670965,
  "video_count": 6.0,
  "valid_video_count": 6.0,
  "valid_video_ratio": 1.0,
  "total_processed_frames": 545.0,
  "avg_processed_frames": 90.83333333333333,
  "quality_score": 0.8422222222222222,
  "person_name": "Millie Brady"
}