{
  "facial_symmetry_mean": 0.8258440494537354,
  "facial_symmetry_std": 0.10604774206876755,
  "facial_symmetry_median": 0.8302473425865173,
  "facial_symmetry_max": 0.9996482133865356,
  "face_width_height_ratio_mean": 0.8234829902648926,
  "face_width_height_ratio_std": 0.06548603624105453,
  "face_width_height_ratio_median": 0.8253604173660278,
  "face_width_height_ratio_max": 0.9738235473632812,
  "eye_spacing_ratio_mean": 0.6507688760757446,
  "eye_spacing_ratio_std": 0.03145667165517807,
  "eye_spacing_ratio_median": 0.6489763259887695,
  "eye_spacing_ratio_max": 0.7286927700042725,
  "jaw_ratio_mean": 0.7664481401443481,
  "jaw_ratio_std": 0.015790240839123726,
  "jaw_ratio_median": 0.7636642456054688,
  "jaw_ratio_max": 0.8117117881774902,
  "smile_intensity_mean": 0.022707216441631317,
  "smile_intensity_std": 0.028313463553786278,
  "smile_intensity_median": 0.012897497043013573,
  "smile_intensity_max": 0.16886566579341888,
  "eye_contact_mean": 0.9354515075683594,
  "eye_contact_std": 0.05347760021686554,
  "eye_contact_median": 0.9520175457000732,
  "eye_contact_max": 0.9989866614341736,
  "eye_openness_mean": 0.905650794506073,
  "eye_openness_std": 0.18982578814029694,
  "eye_openness_median": 1.0,
  "eye_openness_max": 1.0,
  "gaze_stability_mean": 0.9840059280395508,
  "gaze_stability_std": 0.02156476490199566,
  "gaze_stability_median": 0.9915744662284851,
  "gaze_stability_max": 1.0,
  "head_tilt_mean": 0.18577724695205688,
  "head_tilt_std": 0.2897917926311493,
  "head_tilt_median": 0.06889216601848602,
  "head_tilt_max": 1.0,
  "expression_speed_mean": 0.08754130452871323,
  "expression_speed_std": 0.13924278318881989,
  "expression_speed_median": 0.033284544944763184,
  "expression_speed_max": 0.7435356974601746,
  "happy_mean": 0.19111928343772888,
  "happy_std": 0.3299090266227722,
  "happy_median": 0.00654034037142992,
  "happy_max": 0.9999189972877502,
  "neutral_mean": 0.45900970697402954,
  "neutral_std": 0.4135439395904541,
  "neutral_median": 0.27175813913345337,
  "neutral_max": 0.9990662932395935,
  "surprise_mean": 0.017751285806298256,
  "surprise_std": 0.10446226596832275,
  "surprise_median": 4.597958650265355e-06,
  "surprise_max": 0.8075276613235474,
  "processed_frames": 106.0,
  "video_name": "1.mp4"
}