{
  "facial_symmetry_mean": 0.8942278623580933,
  "facial_symmetry_std": 0.08285694569349289,
  "facial_symmetry_median": 0.9137403964996338,
  "facial_symmetry_max": 0.9999357461929321,
  "face_width_height_ratio_mean": 0.6351514458656311,
  "face_width_height_ratio_std": 0.05569881573319435,
  "face_width_height_ratio_median": 0.6411929130554199,
  "face_width_height_ratio_max": 0.8318595886230469,
  "eye_spacing_ratio_mean": 0.6517935991287231,
  "eye_spacing_ratio_std": 0.025830935686826706,
  "eye_spacing_ratio_median": 0.6493671536445618,
  "eye_spacing_ratio_max": 0.7434911131858826,
  "jaw_ratio_mean": 0.7675549387931824,
  "jaw_ratio_std": 0.022855741903185844,
  "jaw_ratio_median": 0.7665698528289795,
  "jaw_ratio_max": 0.8407447934150696,
  "smile_intensity_mean": 0.1355043351650238,
  "smile_intensity_std": 0.2062145471572876,
  "smile_intensity_median": 0.022463254630565643,
  "smile_intensity_max": 0.9324958324432373,
  "eye_contact_mean": 0.9656177759170532,
  "eye_contact_std": 0.02632267400622368,
  "eye_contact_median": 0.9751259088516235,
  "eye_contact_max": 0.9990737438201904,
  "eye_openness_mean": 0.9731342196464539,
  "eye_openness_std": 0.1132722869515419,
  "eye_openness_median": 1.0,
  "eye_openness_max": 1.0,
  "gaze_stability_mean": 0.9882102608680725,
  "gaze_stability_std": 0.01616085134446621,
  "gaze_stability_median": 0.9932175874710083,
  "gaze_stability_max": 1.0,
  "head_tilt_mean": 0.18531201779842377,
  "head_tilt_std": 0.19468927383422852,
  "head_tilt_median": 0.12428566813468933,
  "head_tilt_max": 1.0,
  "expression_speed_mean": 0.1115608960390091,
  "expression_speed_std": 0.1643286794424057,
  "expression_speed_median": 0.04184844344854355,
  "expression_speed_max": 0.8613414168357849,
  "happy_mean": 0.22356905043125153,
  "happy_std": 0.3609737455844879,
  "happy_median": 0.007337057031691074,
  "happy_max": 1.0,
  "neutral_mean": 0.4202922582626343,
  "neutral_std": 0.41737037897109985,
  "neutral_median": 0.18501350283622742,
  "neutral_max": 0.9995297193527222,
  "surprise_mean": 0.035711269825696945,
  "surprise_std": 0.1272500902414322,
  "surprise_median": 1.1706270015565678e-05,
  "surprise_max": 0.9801737666130066,
  "processed_frames": 252.0,
  "video_name": "2.mp4"
}