{
  "facial_symmetry_mean": 0.8647290468215942,
  "facial_symmetry_std": 0.08720312267541885,
  "facial_symmetry_median": 0.8768836259841919,
  "facial_symmetry_max": 0.9978631734848022,
  "face_width_height_ratio_mean": 0.808029055595398,
  "face_width_height_ratio_std": 0.08677076548337936,
  "face_width_height_ratio_median": 0.8082233667373657,
  "face_width_height_ratio_max": 1.0350008010864258,
  "eye_spacing_ratio_mean": 0.6531867980957031,
  "eye_spacing_ratio_std": 0.024011608213186264,
  "eye_spacing_ratio_median": 0.6495352983474731,
  "eye_spacing_ratio_max": 0.7247494459152222,
  "jaw_ratio_mean": 0.7924366593360901,
  "jaw_ratio_std": 0.02684781141579151,
  "jaw_ratio_median": 0.7894361019134521,
  "jaw_ratio_max": 0.855434775352478,
  "smile_intensity_mean": 0.2621879279613495,
  "smile_intensity_std": 0.28200942277908325,
  "smile_intensity_median": 0.1604517698287964,
  "smile_intensity_max": 1.0,
  "eye_contact_mean": 0.9500864744186401,
  "eye_contact_std": 0.046640247106552124,
  "eye_contact_median": 0.9692630767822266,
  "eye_contact_max": 0.9986317157745361,
  "eye_openness_mean": 0.7701709270477295,
  "eye_openness_std": 0.33772382140159607,
  "eye_openness_median": 1.0,
  "eye_openness_max": 1.0,
  "gaze_stability_mean": 0.9853055477142334,
  "gaze_stability_std": 0.020914219319820404,
  "gaze_stability_median": 0.9914650917053223,
  "gaze_stability_max": 1.0,
  "head_tilt_mean": 0.18861769139766693,
  "head_tilt_std": 0.13674180209636688,
  "head_tilt_median": 0.13004571199417114,
  "head_tilt_max": 0.4866127669811249,
  "expression_speed_mean": 0.15762430429458618,
  "expression_speed_std": 0.22147205471992493,
  "expression_speed_median": 0.06427114456892014,
  "expression_speed_max": 1.0,
  "happy_mean": 0.06300142407417297,
  "happy_std": 0.207151398062706,
  "happy_median": 0.0001269432541448623,
  "happy_max": 0.9999837279319763,
  "neutral_mean": 0.1942387819290161,
  "neutral_std": 0.3253318965435028,
  "neutral_median": 0.004263455979526043,
  "neutral_max": 0.9998328685760498,
  "surprise_mean": 0.053677160292863846,
  "surprise_std": 0.16689306497573853,
  "surprise_median": 0.00010081608343170956,
  "surprise_max": 0.9986220598220825,
  "processed_frames": 122.0,
  "video_name": "3.mp4"
}