{
  "facial_symmetry_mean": 0.7417846918106079,
  "facial_symmetry_std": 0.11468219757080078,
  "facial_symmetry_median": 0.7753385305404663,
  "facial_symmetry_max": 0.993431568145752,
  "face_width_height_ratio_mean": 1.0627211332321167,
  "face_width_height_ratio_std": 0.08140705525875092,
  "face_width_height_ratio_median": 1.0539309978485107,
  "face_width_height_ratio_max": 1.2099846601486206,
  "eye_spacing_ratio_mean": 0.6535508632659912,
  "eye_spacing_ratio_std": 0.03428468108177185,
  "eye_spacing_ratio_median": 0.6582969427108765,
  "eye_spacing_ratio_max": 0.7314420938491821,
  "jaw_ratio_mean": 0.7750699520111084,
  "jaw_ratio_std": 0.022886069491505623,
  "jaw_ratio_median": 0.7765027284622192,
  "jaw_ratio_max": 0.8161978721618652,
  "smile_intensity_mean": 0.043138567358255386,
  "smile_intensity_std": 0.06390067934989929,
  "smile_intensity_median": 0.016828343272209167,
  "smile_intensity_max": 0.3075476288795471,
  "eye_contact_mean": 0.9124738574028015,
  "eye_contact_std": 0.0469512864947319,
  "eye_contact_median": 0.918160080909729,
  "eye_contact_max": 0.9853228330612183,
  "eye_openness_mean": 0.8493734002113342,
  "eye_openness_std": 0.2717514634132385,
  "eye_openness_median": 1.0,
  "eye_openness_max": 1.0,
  "gaze_stability_mean": 0.9824661612510681,
  "gaze_stability_std": 0.02375243976712227,
  "gaze_stability_median": 0.9903944730758667,
  "gaze_stability_max": 1.0,
  "head_tilt_mean": 0.15564151108264923,
  "head_tilt_std": 0.1404784917831421,
  "head_tilt_median": 0.11841200292110443,
  "head_tilt_max": 0.5009230971336365,
  "expression_speed_mean": 0.11473064869642258,
  "expression_speed_std": 0.17343586683273315,
  "expression_speed_median": 0.028148867189884186,
  "expression_speed_max": 0.7800835371017456,
  "happy_mean": 0.10999684035778046,
  "happy_std": 0.21933160722255707,
  "happy_median": 0.0003409196506254375,
  "happy_max": 0.8853387832641602,
  "neutral_mean": 0.3175092935562134,
  "neutral_std": 0.3666462004184723,
  "neutral_median": 0.10143814980983734,
  "neutral_max": 0.9996983408927917,
  "surprise_mean": 0.03221112862229347,
  "surprise_std": 0.10372254252433777,
  "surprise_median": 3.572686546249315e-05,
  "surprise_max": 0.6467272043228149,
  "processed_frames": 114.0,
  "video_name": "4.mp4"
}