{
  "facial_symmetry_mean": 0.7221806645393372,
  "facial_symmetry_std": 0.15416479110717773,
  "facial_symmetry_median": 0.7246717214584351,
  "facial_symmetry_max": 0.996103048324585,
  "face_width_height_ratio_mean": 1.058013677597046,
  "face_width_height_ratio_std": 0.11044611036777496,
  "face_width_height_ratio_median": 1.050630807876587,
  "face_width_height_ratio_max": 1.2046126127243042,
  "eye_spacing_ratio_mean": 0.6335456371307373,
  "eye_spacing_ratio_std": 0.028043536469340324,
  "eye_spacing_ratio_median": 0.6325840353965759,
  "eye_spacing_ratio_max": 0.6933848857879639,
  "jaw_ratio_mean": 0.7772809863090515,
  "jaw_ratio_std": 0.022833967581391335,
  "jaw_ratio_median": 0.7771105170249939,
  "jaw_ratio_max": 0.8373705148696899,
  "smile_intensity_mean": 0.10697337239980698,
  "smile_intensity_std": 0.16870425641536713,
  "smile_intensity_median": 0.024640439078211784,
  "smile_intensity_max": 0.8614934086799622,
  "eye_contact_mean": 0.9058694243431091,
  "eye_contact_std": 0.04988043010234833,
  "eye_contact_median": 0.9091153740882874,
  "eye_contact_max": 0.9999148845672607,
  "eye_openness_mean": 0.9529327154159546,
  "eye_openness_std": 0.10996873676776886,
  "eye_openness_median": 1.0,
  "eye_openness_max": 1.0,
  "gaze_stability_mean": 0.9805374145507812,
  "gaze_stability_std": 0.02565787360072136,
  "gaze_stability_median": 0.9895507097244263,
  "gaze_stability_max": 1.0,
  "head_tilt_mean": 0.09922517091035843,
  "head_tilt_std": 0.07596022635698318,
  "head_tilt_median": 0.08725173771381378,
  "head_tilt_max": 0.31426265835762024,
  "expression_speed_mean": 0.10166849941015244,
  "expression_speed_std": 0.15935419499874115,
  "expression_speed_median": 0.043184541165828705,
  "expression_speed_max": 0.9526861310005188,
  "happy_mean": 0.23777054250240326,
  "happy_std": 0.3947450816631317,
  "happy_median": 0.0018353390041738749,
  "happy_max": 0.9999998211860657,
  "neutral_mean": 0.1903269737958908,
  "neutral_std": 0.3012494444847107,
  "neutral_median": 0.0194468442350626,
  "neutral_max": 0.9954380393028259,
  "surprise_mean": 0.006415204145014286,
  "surprise_std": 0.045366305857896805,
  "surprise_median": 7.639220712007955e-06,
  "surprise_max": 0.4989565908908844,
  "processed_frames": 132.0,
  "video_name": "5.mp4"
}