{
  "facial_symmetry_mean": 0.8794655203819275,
  "facial_symmetry_std": 0.09199880063533783,
  "facial_symmetry_median": 0.879214882850647,
  "facial_symmetry_max": 0.9997953772544861,
  "face_width_height_ratio_mean": 1.494673252105713,
  "face_width_height_ratio_std": 0.13050885498523712,
  "face_width_height_ratio_median": 1.5100452899932861,
  "face_width_height_ratio_max": 1.7464971542358398,
  "eye_spacing_ratio_mean": 0.6556565761566162,
  "eye_spacing_ratio_std": 0.022135725244879723,
  "eye_spacing_ratio_median": 0.6507464647293091,
  "eye_spacing_ratio_max": 0.7346153855323792,
  "jaw_ratio_mean": 0.7666213512420654,
  "jaw_ratio_std": 0.01891946978867054,
  "jaw_ratio_median": 0.763723611831665,
  "jaw_ratio_max": 0.8319329619407654,
  "smile_intensity_mean": 0.04100194200873375,
  "smile_intensity_std": 0.07019950449466705,
  "smile_intensity_median": 0.013616979122161865,
  "smile_intensity_max": 0.41750040650367737,
  "eye_contact_mean": 0.9658658504486084,
  "eye_contact_std": 0.03600279614329338,
  "eye_contact_median": 0.9796336889266968,
  "eye_contact_max": 0.999825656414032,
  "eye_openness_mean": 0.6818858981132507,
  "eye_openness_std": 0.2253194898366928,
  "eye_openness_median": 0.7348538041114807,
  "eye_openness_max": 1.0,
  "gaze_stability_mean": 0.9875177145004272,
  "gaze_stability_std": 0.021744530647993088,
  "gaze_stability_median": 0.9944045543670654,
  "gaze_stability_max": 1.0,
  "head_tilt_mean": 0.07188730686903,
  "head_tilt_std": 0.08536764234304428,
  "head_tilt_median": 0.04741072654724121,
  "head_tilt_max": 0.44518858194351196,
  "expression_speed_mean": 0.09145987033843994,
  "expression_speed_std": 0.14214228093624115,
  "expression_speed_median": 0.03780950605869293,
  "expression_speed_max": 0.9214183688163757,
  "happy_mean": 0.15819035470485687,
  "happy_std": 0.3207986354827881,
  "happy_median": 0.000739632174372673,
  "happy_max": 0.9999875426292419,
  "neutral_mean": 0.30896493792533875,
  "neutral_std": 0.3619535565376282,
  "neutral_median": 0.11158454418182373,
  "neutral_max": 0.9999507665634155,
  "surprise_mean": 0.062092941254377365,
  "surprise_std": 0.18630380928516388,
  "surprise_median": 1.1582642400753684e-05,
  "surprise_max": 0.9996344447135925,
  "processed_frames": 172.0,
  "video_name": "6.mp4"
}