{
  "facial_symmetry_mean": 0.8790035247802734,
  "facial_symmetry_std": 0.07120291888713837,
  "facial_symmetry_median": 0.877470850944519,
  "facial_symmetry_max": 0.9998971819877625,
  "face_width_height_ratio_mean": 0.6370070576667786,
  "face_width_height_ratio_std": 0.04619458317756653,
  "face_width_height_ratio_median": 0.641748309135437,
  "face_width_height_ratio_max": 0.9552363157272339,
  "eye_spacing_ratio_mean": 0.6479471921920776,
  "eye_spacing_ratio_std": 0.02046450972557068,
  "eye_spacing_ratio_median": 0.644690752029419,
  "eye_spacing_ratio_max": 0.7306775450706482,
  "jaw_ratio_mean": 0.7725148797035217,
  "jaw_ratio_std": 0.018388323485851288,
  "jaw_ratio_median": 0.7701023817062378,
  "jaw_ratio_max": 0.8393175601959229,
  "smile_intensity_mean": 0.048324089497327805,
  "smile_intensity_std": 0.06395919620990753,
  "smile_intensity_median": 0.018009964376688004,
  "smile_intensity_max": 0.3223188817501068,
  "eye_contact_mean": 0.9663174152374268,
  "eye_contact_std": 0.02760440483689308,
  "eye_contact_median": 0.9692602753639221,
  "eye_contact_max": 0.9999818801879883,
  "eye_openness_mean": 0.9830938577651978,
  "eye_openness_std": 0.0908837839961052,
  "eye_openness_median": 1.0,
  "eye_openness_max": 1.0,
  "gaze_stability_mean": 0.989507794380188,
  "gaze_stability_std": 0.0255258958786726,
  "gaze_stability_median": 0.9962651133537292,
  "gaze_stability_max": 1.0,
  "head_tilt_mean": 0.1632252037525177,
  "head_tilt_std": 0.17497290670871735,
  "head_tilt_median": 0.09752951562404633,
  "head_tilt_max": 1.0,
  "expression_speed_mean": 0.055642928928136826,
  "expression_speed_std": 0.11573199182748795,
  "expression_speed_median": 0.01888219267129898,
  "expression_speed_max": 0.8652128577232361,
  "happy_mean": 0.19596238434314728,
  "happy_std": 0.32684123516082764,
  "happy_median": 0.004886833019554615,
  "happy_max": 0.9999931454658508,
  "neutral_mean": 0.32454273104667664,
  "neutral_std": 0.38099610805511475,
  "neutral_median": 0.07220600545406342,
  "neutral_max": 0.9998399019241333,
  "surprise_mean": 0.0199950709939003,
  "surprise_std": 0.0929001122713089,
  "surprise_median": 9.735832463775296e-06,
  "surprise_max": 0.7830803990364075,
  "processed_frames": 298.0,
  "video_name": "8.mp4"
}