{
  "expression_speed_max": 0.8905347511172295,
  "expression_speed_mean": 0.11474231304600835,
  "expression_speed_median": 0.04932611156255007,
  "expression_speed_std": 0.16685359831899405,
  "eye_contact_max": 0.9975571781396866,
  "eye_contact_mean": 0.9431685656309128,
  "eye_contact_median": 0.9523012638092041,
  "eye_contact_std": 0.040926809422671795,
  "eye_openness_max": 1.0,
  "eye_openness_mean": 0.8805033415555954,
  "eye_openness_median": 0.9668567255139351,
  "eye_openness_std": 0.18557923659682274,
  "eye_spacing_ratio_max": 0.7305446788668633,
  "eye_spacing_ratio_mean": 0.6485602036118507,
  "eye_spacing_ratio_median": 0.6480156183242798,
  "eye_spacing_ratio_std": 0.027787677012383938,
  "face_width_height_ratio_max": 1.072236493229866,
  "face_width_height_ratio_mean": 0.8749240525066853,
  "face_width_height_ratio_median": 0.876631785184145,
  "face_width_height_ratio_std": 0.08018954051658511,
  "facial_symmetry_max": 0.9973088428378105,
  "facial_symmetry_mean": 0.836098238825798,
  "facial_symmetry_median": 0.8430042266845703,
  "facial_symmetry_std": 0.09426679881289601,
  "gaze_stability_max": 1.0,
  "gaze_stability_mean": 0.985121563076973,
  "gaze_stability_median": 0.9921628683805466,
  "gaze_stability_std": 0.021838263608515263,
  "happy_max": 0.9856526404619217,
  "happy_mean": 0.1684049554169178,
  "happy_median": 0.003225183314498281,
  "happy_std": 0.30730217322707176,
  "head_tilt_max": 0.6268083155155182,
  "head_tilt_mean": 0.1434256937354803,
  "head_tilt_median": 0.09262381121516228,
  "head_tilt_std": 0.14652392268180847,
  "jaw_ratio_max": 0.839137613773346,
  "jaw_ratio_mean": 0.7774722799658775,
  "jaw_ratio_median": 0.7753138914704323,
  "jaw_ratio_std": 0.02164367400109768,
  "neutral_max": 0.9990751072764397,
  "neutral_mean": 0.2976947631686926,
  "neutral_median": 0.09628615056863055,
  "neutral_std": 0.3581712581217289,
  "processed_frames": 164.375,
  "smile_intensity_max": 0.6262777280062437,
  "smile_intensity_mean": 0.13371894089505076,
  "smile_intensity_median": 0.07604981400072575,
  "smile_intensity_std": 0.15051033231429756,
  "surprise_max": 0.8201059587299824,
  "surprise_mean": 0.030388786573894322,
  "surprise_median": 2.3019199090867914e-05,
  "surprise_std": 0.11473552277311683,
  "video_count": 8.0,
  "valid_video_count": 8.0,
  "valid_video_ratio": 1.0,
  "total_processed_frames": 1315.0,
  "avg_processed_frames": 164.375,
  "quality_score": 1.0,
  "person_name": "Từ Hy Viên"
}