{
  "facial_symmetry_mean": 0.8961197733879089,
  "facial_symmetry_std": 0.06787406653165817,
  "facial_symmetry_median": 0.9192744493484497,
  "facial_symmetry_max": 0.9991143345832825,
  "face_width_height_ratio_mean": 0.6146306991577148,
  "face_width_height_ratio_std": 0.07464952021837234,
  "face_width_height_ratio_median": 0.6134076118469238,
  "face_width_height_ratio_max": 0.8470484614372253,
  "eye_spacing_ratio_mean": 0.640702486038208,
  "eye_spacing_ratio_std": 0.02989839017391205,
  "eye_spacing_ratio_median": 0.6450821161270142,
  "eye_spacing_ratio_max": 0.7123968005180359,
  "jaw_ratio_mean": 0.7872880697250366,
  "jaw_ratio_std": 0.025422584265470505,
  "jaw_ratio_median": 0.7862968444824219,
  "jaw_ratio_max": 0.8651009798049927,
  "smile_intensity_mean": 0.27220577001571655,
  "smile_intensity_std": 0.3525073826313019,
  "smile_intensity_median": 0.03213878720998764,
  "smile_intensity_max": 1.0,
  "eye_contact_mean": 0.9707457423210144,
  "eye_contact_std": 0.02290414832532406,
  "eye_contact_median": 0.9780495166778564,
  "eye_contact_max": 0.9998195767402649,
  "eye_openness_mean": 0.7431212067604065,
  "eye_openness_std": 0.3146524727344513,
  "eye_openness_median": 0.9661867618560791,
  "eye_openness_max": 1.0,
  "gaze_stability_mean": 0.9896177053451538,
  "gaze_stability_std": 0.01666484773159027,
  "gaze_stability_median": 0.9955834150314331,
  "gaze_stability_max": 1.0,
  "head_tilt_mean": 0.27694234251976013,
  "head_tilt_std": 0.21301542222499847,
  "head_tilt_median": 0.2492436021566391,
  "head_tilt_max": 0.965009331703186,
  "expression_speed_mean": 0.15613262355327606,
  "expression_speed_std": 0.21823598444461823,
  "expression_speed_median": 0.061040401458740234,
  "expression_speed_max": 1.0,
  "happy_mean": 0.0532243587076664,
  "happy_std": 0.19186174869537354,
  "happy_median": 7.110460137482733e-05,
  "happy_max": 0.9999999403953552,
  "neutral_mean": 0.34856393933296204,
  "neutral_std": 0.38283950090408325,
  "neutral_median": 0.14813248813152313,
  "neutral_max": 0.9999970197677612,
  "surprise_mean": 0.04310542717576027,
  "surprise_std": 0.17774178087711334,
  "surprise_median": 6.881245099066291e-06,
  "surprise_max": 0.978444516658783,
  "processed_frames": 150.0,
  "video_name": "3.mp4"
}