{
  "facial_symmetry_mean": 0.9195542335510254,
  "facial_symmetry_std": 0.06429705023765564,
  "facial_symmetry_median": 0.9349715113639832,
  "facial_symmetry_max": 0.999754786491394,
  "face_width_height_ratio_mean": 1.2769849300384521,
  "face_width_height_ratio_std": 0.274711549282074,
  "face_width_height_ratio_median": 1.365752935409546,
  "face_width_height_ratio_max": 1.915218710899353,
  "eye_spacing_ratio_mean": 0.6396744251251221,
  "eye_spacing_ratio_std": 0.047661539167165756,
  "eye_spacing_ratio_median": 0.652084231376648,
  "eye_spacing_ratio_max": 0.7156764268875122,
  "jaw_ratio_mean": 0.7779805064201355,
  "jaw_ratio_std": 0.031085681170225143,
  "jaw_ratio_median": 0.7748086452484131,
  "jaw_ratio_max": 0.8900942206382751,
  "smile_intensity_mean": 0.17321614921092987,
  "smile_intensity_std": 0.21145792305469513,
  "smile_intensity_median": 0.04767613857984543,
  "smile_intensity_max": 0.8139244914054871,
  "eye_contact_mean": 0.9690678715705872,
  "eye_contact_std": 0.023553362116217613,
  "eye_contact_median": 0.9770492911338806,
  "eye_contact_max": 0.9999221563339233,
  "eye_openness_mean": 0.4194689095020294,
  "eye_openness_std": 0.22111457586288452,
  "eye_openness_median": 0.40618881583213806,
  "eye_openness_max": 1.0,
  "gaze_stability_mean": 0.9891787767410278,
  "gaze_stability_std": 0.015394874848425388,
  "gaze_stability_median": 0.9946166276931763,
  "gaze_stability_max": 1.0,
  "head_tilt_mean": 0.08840548247098923,
  "head_tilt_std": 0.07877400517463684,
  "head_tilt_median": 0.05489222705364227,
  "head_tilt_max": 0.2879376709461212,
  "expression_speed_mean": 0.14150984585285187,
  "expression_speed_std": 0.15726757049560547,
  "expression_speed_median": 0.07354694604873657,
  "expression_speed_max": 0.7108200788497925,
  "happy_mean": 0.07902887463569641,
  "happy_std": 0.21223953366279602,
  "happy_median": 0.0007871743873693049,
  "happy_max": 0.9995949864387512,
  "neutral_mean": 0.4095548093318939,
  "neutral_std": 0.39970633387565613,
  "neutral_median": 0.22107678651809692,
  "neutral_max": 0.9998233318328857,
  "surprise_mean": 0.00340722082182765,
  "surprise_std": 0.03728659823536873,
  "surprise_median": 8.428082765021827e-07,
  "surprise_max": 0.4759614169597626,
  "processed_frames": 162.0,
  "video_name": "5.mp4"
}