{
  "facial_symmetry_mean": 0.9406641125679016,
  "facial_symmetry_std": 0.0471944585442543,
  "facial_symmetry_median": 0.9472361207008362,
  "facial_symmetry_max": 0.9999011754989624,
  "face_width_height_ratio_mean": 0.6489524245262146,
  "face_width_height_ratio_std": 0.0751136839389801,
  "face_width_height_ratio_median": 0.6394538879394531,
  "face_width_height_ratio_max": 1.0200021266937256,
  "eye_spacing_ratio_mean": 0.6532921195030212,
  "eye_spacing_ratio_std": 0.030786963179707527,
  "eye_spacing_ratio_median": 0.6533263325691223,
  "eye_spacing_ratio_max": 0.7343353629112244,
  "jaw_ratio_mean": 0.7716776728630066,
  "jaw_ratio_std": 0.02128911018371582,
  "jaw_ratio_median": 0.7691878080368042,
  "jaw_ratio_max": 0.875149667263031,
  "smile_intensity_mean": 0.3056754767894745,
  "smile_intensity_std": 0.3341023325920105,
  "smile_intensity_median": 0.12987582385540009,
  "smile_intensity_max": 1.0,
  "eye_contact_mean": 0.9832821488380432,
  "eye_contact_std": 0.019650064408779144,
  "eye_contact_median": 0.989177942276001,
  "eye_contact_max": 0.9998319149017334,
  "eye_openness_mean": 0.7438981533050537,
  "eye_openness_std": 0.33938682079315186,
  "eye_openness_median": 1.0,
  "eye_openness_max": 1.0,
  "gaze_stability_mean": 0.9870148301124573,
  "gaze_stability_std": 0.018832994624972343,
  "gaze_stability_median": 0.9949710369110107,
  "gaze_stability_max": 1.0,
  "head_tilt_mean": 0.2294110506772995,
  "head_tilt_std": 0.2252790629863739,
  "head_tilt_median": 0.18011584877967834,
  "head_tilt_max": 1.0,
  "expression_speed_mean": 0.2519402801990509,
  "expression_speed_std": 0.2907354533672333,
  "expression_speed_median": 0.1001531183719635,
  "expression_speed_max": 1.0,
  "happy_mean": 0.1766185164451599,
  "happy_std": 0.33939680457115173,
  "happy_median": 0.000879978237207979,
  "happy_max": 0.9999946355819702,
  "neutral_mean": 0.3032374382019043,
  "neutral_std": 0.34681302309036255,
  "neutral_median": 0.09554591029882431,
  "neutral_max": 0.9950621724128723,
  "surprise_mean": 0.034457530826330185,
  "surprise_std": 0.13861937820911407,
  "surprise_median": 1.4221542187442537e-05,
  "surprise_max": 0.8522849082946777,
  "processed_frames": 115.0,
  "video_name": "6.mp4"
}