{
  "expression_speed_max": 0.9120764136314392,
  "expression_speed_mean": 0.16727590064207712,
  "expression_speed_median": 0.07335190599163373,
  "expression_speed_std": 0.20411683122316995,
  "eye_contact_max": 0.9992537697156271,
  "eye_contact_mean": 0.9654453893502554,
  "eye_contact_median": 0.9751765529314677,
  "eye_contact_std": 0.028376652238269646,
  "eye_openness_max": 1.0,
  "eye_openness_mean": 0.7005530049403509,
  "eye_openness_median": 0.808049296339353,
  "eye_openness_std": 0.24965343500177065,
  "eye_spacing_ratio_max": 0.7393292784690857,
  "eye_spacing_ratio_mean": 0.6428933143615723,
  "eye_spacing_ratio_median": 0.6482929686705271,
  "eye_spacing_ratio_std": 0.03644333935032288,
  "face_width_height_ratio_max": 1.3264539142449696,
  "face_width_height_ratio_mean": 0.9158894519011179,
  "face_width_height_ratio_median": 0.9526730527480444,
  "face_width_height_ratio_std": 0.16556227331360182,
  "facial_symmetry_max": 0.9885314206282297,
  "facial_symmetry_mean": 0.8821317851543427,
  "facial_symmetry_median": 0.8961568077405294,
  "facial_symmetry_std": 0.07402390365799268,
  "gaze_stability_max": 1.0,
  "gaze_stability_mean": 0.9886508584022522,
  "gaze_stability_median": 0.9947073558966318,
  "gaze_stability_std": 0.0169039205648005,
  "happy_max": 0.9978620906670889,
  "happy_mean": 0.1018975308785836,
  "happy_median": 0.0005091038547107019,
  "happy_std": 0.2575422798593839,
  "head_tilt_max": 0.6488772829373678,
  "head_tilt_mean": 0.20396033922831217,
  "head_tilt_median": 0.15756476670503616,
  "head_tilt_std": 0.1689212570587794,
  "jaw_ratio_max": 0.866752435763677,
  "jaw_ratio_mean": 0.7793054580688477,
  "jaw_ratio_median": 0.7774289945761362,
  "jaw_ratio_std": 0.026008217905958492,
  "neutral_max": 0.9988879760106405,
  "neutral_mean": 0.32985593875249225,
  "neutral_median": 0.14854267115394273,
  "neutral_std": 0.3686862240235011,
  "processed_frames": 164.16666666666666,
  "smile_intensity_max": 0.8883230189482371,
  "smile_intensity_mean": 0.2885498112688462,
  "smile_intensity_median": 0.22011817153543234,
  "smile_intensity_std": 0.2656325747569402,
  "surprise_max": 0.8323458482821783,
  "surprise_mean": 0.026428483659401536,
  "surprise_median": 2.5619313570738694e-05,
  "surprise_std": 0.11199686117470264,
  "video_count": 6.0,
  "valid_video_count": 6.0,
  "valid_video_ratio": 1.0,
  "total_processed_frames": 985.0,
  "avg_processed_frames": 164.16666666666666,
  "quality_score": 1.0,
  "person_name": "Matsuzaka Keiko"
}