{
  "facial_symmetry_mean": 0.916703462600708,
  "facial_symmetry_std": 0.039345819503068924,
  "facial_symmetry_median": 0.9241926074028015,
  "facial_symmetry_max": 0.9888501763343811,
  "face_width_height_ratio_mean": 1.454073429107666,
  "face_width_height_ratio_std": 0.07712215185165405,
  "face_width_height_ratio_median": 1.4648957252502441,
  "face_width_height_ratio_max": 1.5633549690246582,
  "eye_spacing_ratio_mean": 0.64015793800354,
  "eye_spacing_ratio_std": 0.025093086063861847,
  "eye_spacing_ratio_median": 0.6450027823448181,
  "eye_spacing_ratio_max": 0.6872739195823669,
  "jaw_ratio_mean": 0.8034822940826416,
  "jaw_ratio_std": 0.017969315871596336,
  "jaw_ratio_median": 0.805597722530365,
  "jaw_ratio_max": 0.8365843296051025,
  "smile_intensity_mean": 0.12466198205947876,
  "smile_intensity_std": 0.21068239212036133,
  "smile_intensity_median": 0.015214384533464909,
  "smile_intensity_max": 0.7257291674613953,
  "eye_contact_mean": 0.9692081809043884,
  "eye_contact_std": 0.01309110876172781,
  "eye_contact_median": 0.9700713753700256,
  "eye_contact_max": 0.9989181756973267,
  "eye_openness_mean": 0.37028512358665466,
  "eye_openness_std": 0.07328546047210693,
  "eye_openness_median": 0.38089290261268616,
  "eye_openness_max": 0.5096093416213989,
  "gaze_stability_mean": 0.9894977807998657,
  "gaze_stability_std": 0.013369053602218628,
  "gaze_stability_median": 0.9941713213920593,
  "gaze_stability_max": 1.0,
  "head_tilt_mean": 0.02691938728094101,
  "head_tilt_std": 0.01828158274292946,
  "head_tilt_median": 0.02373121678829193,
  "head_tilt_max": 0.08199982345104218,
  "expression_speed_mean": 0.10085797309875488,
  "expression_speed_std": 0.13469401001930237,
  "expression_speed_median": 0.03983302414417267,
  "expression_speed_max": 0.6230581998825073,
  "happy_mean": 0.12370812892913818,
  "happy_std": 0.29726776480674744,
  "happy_median": 2.28567637350352e-06,
  "happy_max": 1.0,
  "neutral_mean": 0.0925104171037674,
  "neutral_std": 0.22739870846271515,
  "neutral_median": 4.400574198371032e-06,
  "neutral_max": 0.9549214839935303,
  "surprise_mean": 0.0155280577018857,
  "surprise_std": 0.11302834749221802,
  "surprise_median": 5.883715292753777e-09,
  "surprise_max": 0.9784991145133972,
  "processed_frames": 75.0,
  "video_name": "1.mp4"
}