{
  "facial_symmetry_mean": 0.821751058101654,
  "facial_symmetry_std": 0.13875867426395416,
  "facial_symmetry_median": 0.8553325533866882,
  "facial_symmetry_max": 0.9944900870323181,
  "face_width_height_ratio_mean": 1.3420993089675903,
  "face_width_height_ratio_std": 0.09220831096172333,
  "face_width_height_ratio_median": 1.325910210609436,
  "face_width_height_ratio_max": 1.573083758354187,
  "eye_spacing_ratio_mean": 0.6412205100059509,
  "eye_spacing_ratio_std": 0.021578418090939522,
  "eye_spacing_ratio_median": 0.6445505023002625,
  "eye_spacing_ratio_max": 0.6958543658256531,
  "jaw_ratio_mean": 0.7963747978210449,
  "jaw_ratio_std": 0.02000882849097252,
  "jaw_ratio_median": 0.792363166809082,
  "jaw_ratio_max": 0.8591098785400391,
  "smile_intensity_mean": 0.2609111964702606,
  "smile_intensity_std": 0.21499991416931152,
  "smile_intensity_median": 0.24755917489528656,
  "smile_intensity_max": 0.775416910648346,
  "eye_contact_mean": 0.9424586892127991,
  "eye_contact_std": 0.055433839559555054,
  "eye_contact_median": 0.9545444250106812,
  "eye_contact_max": 0.9991371631622314,
  "eye_openness_mean": 0.863839864730835,
  "eye_openness_std": 0.17083053290843964,
  "eye_openness_median": 0.9303269982337952,
  "eye_openness_max": 1.0,
  "gaze_stability_mean": 0.9804693460464478,
  "gaze_stability_std": 0.02004128508269787,
  "gaze_stability_median": 0.9876958131790161,
  "gaze_stability_max": 1.0,
  "head_tilt_mean": 0.19856643676757812,
  "head_tilt_std": 0.10201100260019302,
  "head_tilt_median": 0.2195855975151062,
  "head_tilt_max": 0.376046746969223,
  "expression_speed_mean": 0.15692506730556488,
  "expression_speed_std": 0.16344322264194489,
  "expression_speed_median": 0.08719565719366074,
  "expression_speed_max": 0.8510574102401733,
  "happy_mean": 0.2324681282043457,
  "happy_std": 0.37268441915512085,
  "happy_median": 0.0045303525403141975,
  "happy_max": 1.0,
  "neutral_mean": 0.38494008779525757,
  "neutral_std": 0.4324282109737396,
  "neutral_median": 0.10103334486484528,
  "neutral_max": 0.9999942183494568,
  "surprise_mean": 0.004995768424123526,
  "surprise_std": 0.03552845120429993,
  "surprise_median": 2.6373636501375586e-06,
  "surprise_max": 0.3130073845386505,
  "processed_frames": 77.0,
  "video_name": "2.mp4"
}