{
  "facial_symmetry_mean": 0.9268170595169067,
  "facial_symmetry_std": 0.06119054555892944,
  "facial_symmetry_median": 0.9471399784088135,
  "facial_symmetry_max": 0.9981518387794495,
  "face_width_height_ratio_mean": 1.425476312637329,
  "face_width_height_ratio_std": 0.1726675182580948,
  "face_width_height_ratio_median": 1.427992582321167,
  "face_width_height_ratio_max": 1.9602001905441284,
  "eye_spacing_ratio_mean": 0.6566568613052368,
  "eye_spacing_ratio_std": 0.024745170027017593,
  "eye_spacing_ratio_median": 0.6565698385238647,
  "eye_spacing_ratio_max": 0.7400088906288147,
  "jaw_ratio_mean": 0.7983948588371277,
  "jaw_ratio_std": 0.021588148549199104,
  "jaw_ratio_median": 0.7973607778549194,
  "jaw_ratio_max": 0.8755514025688171,
  "smile_intensity_mean": 0.21139214932918549,
  "smile_intensity_std": 0.15853767096996307,
  "smile_intensity_median": 0.28459632396698,
  "smile_intensity_max": 0.5533738136291504,
  "eye_contact_mean": 0.9707478284835815,
  "eye_contact_std": 0.024195019155740738,
  "eye_contact_median": 0.9793180227279663,
  "eye_contact_max": 0.9994558095932007,
  "eye_openness_mean": 0.5375426411628723,
  "eye_openness_std": 0.28254348039627075,
  "eye_openness_median": 0.41209685802459717,
  "eye_openness_max": 1.0,
  "gaze_stability_mean": 0.9816396236419678,
  "gaze_stability_std": 0.01842089183628559,
  "gaze_stability_median": 0.9876327514648438,
  "gaze_stability_max": 1.0,
  "head_tilt_mean": 0.07775209844112396,
  "head_tilt_std": 0.06224195286631584,
  "head_tilt_median": 0.055268555879592896,
  "head_tilt_max": 0.2931448817253113,
  "expression_speed_mean": 0.17658409476280212,
  "expression_speed_std": 0.16897478699684143,
  "expression_speed_median": 0.10597911477088928,
  "expression_speed_max": 0.7474459409713745,
  "happy_mean": 0.5249303579330444,
  "happy_std": 0.45735928416252136,
  "happy_median": 0.6876885890960693,
  "happy_max": 0.9999901056289673,
  "neutral_mean": 0.23168796300888062,
  "neutral_std": 0.34874317049980164,
  "neutral_median": 0.013728337362408638,
  "neutral_max": 0.9992957711219788,
  "surprise_mean": 0.01225267257541418,
  "surprise_std": 0.09653870761394501,
  "surprise_median": 7.513758464483544e-05,
  "surprise_max": 0.8534433841705322,
  "processed_frames": 77.0,
  "video_name": "4.mp4"
}