{
  "facial_symmetry_mean": 0.9244812726974487,
  "facial_symmetry_std": 0.06257317960262299,
  "facial_symmetry_median": 0.9422884583473206,
  "facial_symmetry_max": 0.9998687505722046,
  "face_width_height_ratio_mean": 1.2713655233383179,
  "face_width_height_ratio_std": 0.24537429213523865,
  "face_width_height_ratio_median": 1.2651065587997437,
  "face_width_height_ratio_max": 1.8100106716156006,
  "eye_spacing_ratio_mean": 0.66441410779953,
  "eye_spacing_ratio_std": 0.026991279795765877,
  "eye_spacing_ratio_median": 0.6613628268241882,
  "eye_spacing_ratio_max": 0.7815893888473511,
  "jaw_ratio_mean": 0.7975598573684692,
  "jaw_ratio_std": 0.02523142471909523,
  "jaw_ratio_median": 0.7998623847961426,
  "jaw_ratio_max": 0.8409113883972168,
  "smile_intensity_mean": 0.18257944285869598,
  "smile_intensity_std": 0.2059125304222107,
  "smile_intensity_median": 0.03153761848807335,
  "smile_intensity_max": 0.6688237190246582,
  "eye_contact_mean": 0.9794730544090271,
  "eye_contact_std": 0.023600326851010323,
  "eye_contact_median": 0.9857962131500244,
  "eye_contact_max": 0.9995846152305603,
  "eye_openness_mean": 0.43927255272865295,
  "eye_openness_std": 0.259681761264801,
  "eye_openness_median": 0.42199090123176575,
  "eye_openness_max": 1.0,
  "gaze_stability_mean": 0.9837207794189453,
  "gaze_stability_std": 0.025169314816594124,
  "gaze_stability_median": 0.9911956787109375,
  "gaze_stability_max": 1.0,
  "head_tilt_mean": 0.12364911288022995,
  "head_tilt_std": 0.08896799385547638,
  "head_tilt_median": 0.12286379933357239,
  "head_tilt_max": 0.2843731641769409,
  "expression_speed_mean": 0.17311501502990723,
  "expression_speed_std": 0.15766331553459167,
  "expression_speed_median": 0.12048570066690445,
  "expression_speed_max": 0.5872271656990051,
  "happy_mean": 0.20283420383930206,
  "happy_std": 0.3294422924518585,
  "happy_median": 0.006730399560183287,
  "happy_max": 0.9999866485595703,
  "neutral_mean": 0.30613085627555847,
  "neutral_std": 0.3946628272533417,
  "neutral_median": 0.04694204404950142,
  "neutral_max": 0.9997409582138062,
  "surprise_mean": 0.0037221640814095736,
  "surprise_std": 0.02250184491276741,
  "surprise_median": 2.6087300852850603e-07,
  "surprise_max": 0.1778867393732071,
  "processed_frames": 77.0,
  "video_name": "7.mp4"
}