{
  "facial_symmetry_mean": 0.9348699450492859,
  "facial_symmetry_std": 0.0549904927611351,
  "facial_symmetry_median": 0.936730146408081,
  "facial_symmetry_max": 0.9996211528778076,
  "face_width_height_ratio_mean": 0.46672526001930237,
  "face_width_height_ratio_std": 0.05061626806855202,
  "face_width_height_ratio_median": 0.46428975462913513,
  "face_width_height_ratio_max": 0.7823806405067444,
  "eye_spacing_ratio_mean": 0.6476970314979553,
  "eye_spacing_ratio_std": 0.020816264674067497,
  "eye_spacing_ratio_median": 0.648887038230896,
  "eye_spacing_ratio_max": 0.714881956577301,
  "jaw_ratio_mean": 0.7919878363609314,
  "jaw_ratio_std": 0.02240130864083767,
  "jaw_ratio_median": 0.7915167808532715,
  "jaw_ratio_max": 0.8518067598342896,
  "smile_intensity_mean": 0.5937539935112,
  "smile_intensity_std": 0.40320631861686707,
  "smile_intensity_median": 0.7727031111717224,
  "smile_intensity_max": 1.0,
  "eye_contact_mean": 0.9802535772323608,
  "eye_contact_std": 0.017770064994692802,
  "eye_contact_median": 0.9877545833587646,
  "eye_contact_max": 0.9997369647026062,
  "eye_openness_mean": 0.8952604532241821,
  "eye_openness_std": 0.18571513891220093,
  "eye_openness_median": 1.0,
  "eye_openness_max": 1.0,
  "gaze_stability_mean": 0.9921203255653381,
  "gaze_stability_std": 0.009683485142886639,
  "gaze_stability_median": 0.9951255321502686,
  "gaze_stability_max": 1.0,
  "head_tilt_mean": 0.0923927053809166,
  "head_tilt_std": 0.13622435927391052,
  "head_tilt_median": 0.05973443388938904,
  "head_tilt_max": 1.0,
  "expression_speed_mean": 0.3502103090286255,
  "expression_speed_std": 0.3345988094806671,
  "expression_speed_median": 0.1977066993713379,
  "expression_speed_max": 1.0,
  "happy_mean": 0.2726995646953583,
  "happy_std": 0.3894801735877991,
  "happy_median": 0.0037629271391779184,
  "happy_max": 0.9999980926513672,
  "neutral_mean": 0.23908013105392456,
  "neutral_std": 0.3476378321647644,
  "neutral_median": 0.03512664511799812,
  "neutral_max": 0.999776303768158,
  "surprise_mean": 0.0015186427626758814,
  "surprise_std": 0.008512686938047409,
  "surprise_median": 2.1587970877590124e-06,
  "surprise_max": 0.0618734210729599,
  "processed_frames": 129.0,
  "video_name": "8.mp4"
}