{
  "facial_symmetry_mean": 0.7327117919921875,
  "facial_symmetry_std": 0.126698836684227,
  "facial_symmetry_median": 0.6705501079559326,
  "facial_symmetry_max": 0.9997395873069763,
  "face_width_height_ratio_mean": 1.3801308870315552,
  "face_width_height_ratio_std": 0.1483147144317627,
  "face_width_height_ratio_median": 1.4348223209381104,
  "face_width_height_ratio_max": 1.5509501695632935,
  "eye_spacing_ratio_mean": 0.6472764015197754,
  "eye_spacing_ratio_std": 0.02931731566786766,
  "eye_spacing_ratio_median": 0.6557878255844116,
  "eye_spacing_ratio_max": 0.7047127485275269,
  "jaw_ratio_mean": 0.7936983108520508,
  "jaw_ratio_std": 0.02869325689971447,
  "jaw_ratio_median": 0.7900710105895996,
  "jaw_ratio_max": 0.8997082710266113,
  "smile_intensity_mean": 0.10760539025068283,
  "smile_intensity_std": 0.11472965776920319,
  "smile_intensity_median": 0.12027115374803543,
  "smile_intensity_max": 0.6333539485931396,
  "eye_contact_mean": 0.9113472104072571,
  "eye_contact_std": 0.06078723818063736,
  "eye_contact_median": 0.9177279472351074,
  "eye_contact_max": 0.9998649954795837,
  "eye_openness_mean": 0.9685731530189514,
  "eye_openness_std": 0.08323617279529572,
  "eye_openness_median": 1.0,
  "eye_openness_max": 1.0,
  "gaze_stability_mean": 0.9804185032844543,
  "gaze_stability_std": 0.031617920845746994,
  "gaze_stability_median": 0.9905753135681152,
  "gaze_stability_max": 1.0,
  "head_tilt_mean": 0.0879393145442009,
  "head_tilt_std": 0.06823619455099106,
  "head_tilt_median": 0.0734950602054596,
  "head_tilt_max": 0.23706287145614624,
  "expression_speed_mean": 0.0741134062409401,
  "expression_speed_std": 0.11846277117729187,
  "expression_speed_median": 0.025015857070684433,
  "expression_speed_max": 0.6567955613136292,
  "happy_mean": 0.012083514593541622,
  "happy_std": 0.10461452603340149,
  "happy_median": 0.0002766055695246905,
  "happy_max": 0.9989094138145447,
  "neutral_mean": 0.3466596305370331,
  "neutral_std": 0.3639894425868988,
  "neutral_median": 0.19237038493156433,
  "neutral_max": 0.9999987483024597,
  "surprise_mean": 0.005495876539498568,
  "surprise_std": 0.03202807530760765,
  "surprise_median": 3.663039387902245e-05,
  "surprise_max": 0.25625115633010864,
  "processed_frames": 90.0,
  "video_name": "1 (2).mp4"
}