{
  "facial_symmetry_mean": 0.8402208685874939,
  "facial_symmetry_std": 0.12471432238817215,
  "facial_symmetry_median": 0.8806644678115845,
  "facial_symmetry_max": 0.9577235579490662,
  "face_width_height_ratio_mean": 0.7978800535202026,
  "face_width_height_ratio_std": 0.06591600179672241,
  "face_width_height_ratio_median": 0.8167619705200195,
  "face_width_height_ratio_max": 0.9592380523681641,
  "eye_spacing_ratio_mean": 0.6339122653007507,
  "eye_spacing_ratio_std": 0.03586576506495476,
  "eye_spacing_ratio_median": 0.6444262862205505,
  "eye_spacing_ratio_max": 0.6786031723022461,
  "jaw_ratio_mean": 0.7608997225761414,
  "jaw_ratio_std": 0.013338555581867695,
  "jaw_ratio_median": 0.7599575519561768,
  "jaw_ratio_max": 0.8235043287277222,
  "smile_intensity_mean": 0.2628459632396698,
  "smile_intensity_std": 0.2374107539653778,
  "smile_intensity_median": 0.3127206563949585,
  "smile_intensity_max": 0.9630001783370972,
  "eye_contact_mean": 0.952212393283844,
  "eye_contact_std": 0.055898819118738174,
  "eye_contact_median": 0.9702348709106445,
  "eye_contact_max": 0.9975715279579163,
  "eye_openness_mean": 0.997258186340332,
  "eye_openness_std": 0.03892108425498009,
  "eye_openness_median": 1.0,
  "eye_openness_max": 1.0,
  "gaze_stability_mean": 0.990103006362915,
  "gaze_stability_std": 0.02289867028594017,
  "gaze_stability_median": 0.9952917098999023,
  "gaze_stability_max": 1.0,
  "head_tilt_mean": 0.08734090626239777,
  "head_tilt_std": 0.05046413466334343,
  "head_tilt_median": 0.07818236947059631,
  "head_tilt_max": 0.21216511726379395,
  "expression_speed_mean": 0.09040598571300507,
  "expression_speed_std": 0.15117529034614563,
  "expression_speed_median": 0.0207119919359684,
  "expression_speed_max": 0.8562719821929932,
  "happy_mean": 0.052821844816207886,
  "happy_std": 0.16721199452877045,
  "happy_median": 6.214847235241905e-05,
  "happy_max": 0.998232901096344,
  "neutral_mean": 0.4284200370311737,
  "neutral_std": 0.40788909792900085,
  "neutral_median": 0.32022833824157715,
  "neutral_max": 0.9998605847358704,
  "surprise_mean": 0.04129990562796593,
  "surprise_std": 0.13828426599502563,
  "surprise_median": 3.948318862967426e-06,
  "surprise_max": 0.8005383014678955,
  "processed_frames": 204.0,
  "video_name": "1 (4).mp4"
}