{
  "facial_symmetry_mean": 0.8474949598312378,
  "facial_symmetry_std": 0.11953286826610565,
  "facial_symmetry_median": 0.8797637820243835,
  "facial_symmetry_max": 0.9951342344284058,
  "face_width_height_ratio_mean": 1.414428472518921,
  "face_width_height_ratio_std": 0.11336494237184525,
  "face_width_height_ratio_median": 1.4508111476898193,
  "face_width_height_ratio_max": 1.5656261444091797,
  "eye_spacing_ratio_mean": 0.6477961540222168,
  "eye_spacing_ratio_std": 0.03212260827422142,
  "eye_spacing_ratio_median": 0.6518126726150513,
  "eye_spacing_ratio_max": 0.7461919188499451,
  "jaw_ratio_mean": 0.784613311290741,
  "jaw_ratio_std": 0.02073812298476696,
  "jaw_ratio_median": 0.7862950563430786,
  "jaw_ratio_max": 0.8286432027816772,
  "smile_intensity_mean": 0.14887215197086334,
  "smile_intensity_std": 0.11700310558080673,
  "smile_intensity_median": 0.20841549336910248,
  "smile_intensity_max": 0.3425672948360443,
  "eye_contact_mean": 0.9351083040237427,
  "eye_contact_std": 0.04565967619419098,
  "eye_contact_median": 0.9467954635620117,
  "eye_contact_max": 0.9880216121673584,
  "eye_openness_mean": 0.843710720539093,
  "eye_openness_std": 0.27141037583351135,
  "eye_openness_median": 1.0,
  "eye_openness_max": 1.0,
  "gaze_stability_mean": 0.9778797626495361,
  "gaze_stability_std": 0.03928917646408081,
  "gaze_stability_median": 0.9899512529373169,
  "gaze_stability_max": 1.0,
  "head_tilt_mean": 0.06813469529151917,
  "head_tilt_std": 0.049588002264499664,
  "head_tilt_median": 0.05362764000892639,
  "head_tilt_max": 0.17561748623847961,
  "expression_speed_mean": 0.07879406958818436,
  "expression_speed_std": 0.13580919802188873,
  "expression_speed_median": 0.036837153136730194,
  "expression_speed_max": 0.8333724737167358,
  "happy_mean": 0.09639905393123627,
  "happy_std": 0.25301072001457214,
  "happy_median": 0.0001765222696121782,
  "happy_max": 0.9963487982749939,
  "neutral_mean": 0.2560570538043976,
  "neutral_std": 0.35608115792274475,
  "neutral_median": 0.04462505877017975,
  "neutral_max": 0.9951913952827454,
  "surprise_mean": 0.0018354024505242705,
  "surprise_std": 0.012718715704977512,
  "surprise_median": 2.1526149794226512e-05,
  "surprise_max": 0.11373743414878845,
  "processed_frames": 79.0,
  "video_name": "1.mp4"
}