{
  "expression_speed_max": 0.8413846237318856,
  "expression_speed_mean": 0.11520572751760483,
  "expression_speed_median": 0.04800394070999963,
  "expression_speed_std": 0.16654685991150991,
  "eye_contact_max": 0.9976987242698669,
  "eye_contact_mean": 0.9402800968715123,
  "eye_contact_median": 0.9501085451671055,
  "eye_contact_std": 0.047151396849325726,
  "eye_openness_max": 1.0,
  "eye_openness_mean": 0.9071607504572187,
  "eye_openness_median": 1.0,
  "eye_openness_std": 0.16263421890991075,
  "eye_spacing_ratio_max": 0.7153215834072658,
  "eye_spacing_ratio_mean": 0.6457200816699437,
  "eye_spacing_ratio_median": 0.647364250251225,
  "eye_spacing_ratio_std": 0.02625675659094538,
  "face_width_height_ratio_max": 1.3577297925949097,
  "face_width_height_ratio_mean": 1.1428341269493103,
  "face_width_height_ratio_median": 1.1632375802312578,
  "face_width_height_ratio_std": 0.10819595253893308,
  "facial_symmetry_max": 0.9908699648720878,
  "facial_symmetry_mean": 0.8186319725854057,
  "facial_symmetry_median": 0.8399878229413714,
  "facial_symmetry_std": 0.12815332944904054,
  "gaze_stability_max": 1.0,
  "gaze_stability_mean": 0.9826052955218724,
  "gaze_stability_median": 0.990921676158905,
  "gaze_stability_std": 0.026104326226881573,
  "happy_max": 0.9630794099399022,
  "happy_mean": 0.11986615814800773,
  "happy_median": 0.00548352027232925,
  "happy_std": 0.24010384508541652,
  "head_tilt_max": 0.41406079701014925,
  "head_tilt_mean": 0.11522494895117623,
  "head_tilt_median": 0.08280360272952489,
  "head_tilt_std": 0.10180909239820071,
  "jaw_ratio_max": 0.8510262370109558,
  "jaw_ratio_mean": 0.7789622460092817,
  "jaw_ratio_median": 0.7788951652390617,
  "jaw_ratio_std": 0.020283174168850695,
  "neutral_max": 0.9967782923153469,
  "neutral_mean": 0.31115129590034485,
  "neutral_median": 0.15834128324474608,
  "neutral_std": 0.3473803124257496,
  "processed_frames": 115.71428571428571,
  "smile_intensity_max": 0.7208008808749062,
  "smile_intensity_mean": 0.20541299347366607,
  "smile_intensity_median": 0.23294970712491445,
  "smile_intensity_std": 0.1732596063188144,
  "surprise_max": 0.48235999579940525,
  "surprise_mean": 0.017264469909215614,
  "surprise_median": 4.9873286700728515e-05,
  "surprise_std": 0.07237437646836042,
  "video_count": 7.0,
  "valid_video_count": 7.0,
  "valid_video_ratio": 1.0,
  "total_processed_frames": 810.0,
  "avg_processed_frames": 115.71428571428571,
  "quality_score": 0.9085714285714286,
  "person_name": "Kim Tae Hee"
}