{
  "facial_symmetry_mean": 0.8322086334228516,
  "facial_symmetry_std": 0.04621820151805878,
  "facial_symmetry_median": 0.8221803307533264,
  "facial_symmetry_max": 0.9886049628257751,
  "face_width_height_ratio_mean": 0.9505656361579895,
  "face_width_height_ratio_std": 0.10446279495954514,
  "face_width_height_ratio_median": 0.9446215033531189,
  "face_width_height_ratio_max": 1.1661866903305054,
  "eye_spacing_ratio_mean": 0.6424086093902588,
  "eye_spacing_ratio_std": 0.0221438966691494,
  "eye_spacing_ratio_median": 0.6350612044334412,
  "eye_spacing_ratio_max": 0.7150101065635681,
  "jaw_ratio_mean": 0.7952693700790405,
  "jaw_ratio_std": 0.019727198407053947,
  "jaw_ratio_median": 0.7978754043579102,
  "jaw_ratio_max": 0.8550587296485901,
  "smile_intensity_mean": 0.18988141417503357,
  "smile_intensity_std": 0.1926555186510086,
  "smile_intensity_median": 0.16389809548854828,
  "smile_intensity_max": 0.6602618098258972,
  "eye_contact_mean": 0.949428915977478,
  "eye_contact_std": 0.022626157850027084,
  "eye_contact_median": 0.9499483704566956,
  "eye_contact_max": 0.996444821357727,
  "eye_openness_mean": 0.45234429836273193,
  "eye_openness_std": 0.17868705093860626,
  "eye_openness_median": 0.4543274939060211,
  "eye_openness_max": 0.8662279844284058,
  "gaze_stability_mean": 0.989479124546051,
  "gaze_stability_std": 0.0140300914645195,
  "gaze_stability_median": 0.9946786761283875,
  "gaze_stability_max": 1.0,
  "head_tilt_mean": 0.07822421193122864,
  "head_tilt_std": 0.08040964603424072,
  "head_tilt_median": 0.03330931067466736,
  "head_tilt_max": 0.2617119252681732,
  "expression_speed_mean": 0.10090881586074829,
  "expression_speed_std": 0.1329963058233261,
  "expression_speed_median": 0.03533095493912697,
  "expression_speed_max": 0.5515294671058655,
  "happy_mean": 0.33263859152793884,
  "happy_std": 0.43556180596351624,
  "happy_median": 0.0006687660934403539,
  "happy_max": 0.9986166954040527,
  "neutral_mean": 0.29508814215660095,
  "neutral_std": 0.4075203537940979,
  "neutral_median": 0.047050841152668,
  "neutral_max": 0.9992805123329163,
  "surprise_mean": 0.005761129315942526,
  "surprise_std": 0.02534913457930088,
  "surprise_median": 3.0498902560793795e-05,
  "surprise_max": 0.19917573034763336,
  "processed_frames": 91.0,
  "video_name": "1.mp4"
}