{
  "facial_symmetry_mean": 0.7730411291122437,
  "facial_symmetry_std": 0.11985163390636444,
  "facial_symmetry_median": 0.7366073131561279,
  "facial_symmetry_max": 0.9941661953926086,
  "face_width_height_ratio_mean": 1.0549124479293823,
  "face_width_height_ratio_std": 0.06968939304351807,
  "face_width_height_ratio_median": 1.0599619150161743,
  "face_width_height_ratio_max": 1.3044300079345703,
  "eye_spacing_ratio_mean": 0.6464056372642517,
  "eye_spacing_ratio_std": 0.02286328375339508,
  "eye_spacing_ratio_median": 0.648744523525238,
  "eye_spacing_ratio_max": 0.7295995950698853,
  "jaw_ratio_mean": 0.7926758527755737,
  "jaw_ratio_std": 0.013424449600279331,
  "jaw_ratio_median": 0.7917520999908447,
  "jaw_ratio_max": 0.8310711979866028,
  "smile_intensity_mean": 0.08079652488231659,
  "smile_intensity_std": 0.13180680572986603,
  "smile_intensity_median": 0.009310612455010414,
  "smile_intensity_max": 0.4445720613002777,
  "eye_contact_mean": 0.9183467030525208,
  "eye_contact_std": 0.04085947573184967,
  "eye_contact_median": 0.9208581447601318,
  "eye_contact_max": 0.9885417222976685,
  "eye_openness_mean": 0.7965787053108215,
  "eye_openness_std": 0.2493128627538681,
  "eye_openness_median": 0.8954124450683594,
  "eye_openness_max": 1.0,
  "gaze_stability_mean": 0.9836956858634949,
  "gaze_stability_std": 0.02321152575314045,
  "gaze_stability_median": 0.9907552599906921,
  "gaze_stability_max": 1.0,
  "head_tilt_mean": 0.12119657546281815,
  "head_tilt_std": 0.10909027606248856,
  "head_tilt_median": 0.08261293172836304,
  "head_tilt_max": 0.5049499869346619,
  "expression_speed_mean": 0.11895593255758286,
  "expression_speed_std": 0.15560172498226166,
  "expression_speed_median": 0.05365331098437309,
  "expression_speed_max": 0.6227181553840637,
  "happy_mean": 0.04272320866584778,
  "happy_std": 0.17295685410499573,
  "happy_median": 0.0005134113016538322,
  "happy_max": 0.9911277294158936,
  "neutral_mean": 0.42505237460136414,
  "neutral_std": 0.3517792224884033,
  "neutral_median": 0.364286869764328,
  "neutral_max": 0.9965245127677917,
  "surprise_mean": 0.014822416938841343,
  "surprise_std": 0.06889797747135162,
  "surprise_median": 4.695320239989087e-05,
  "surprise_max": 0.5552406907081604,
  "processed_frames": 131.0,
  "video_name": "2.mp4"
}