{
  "facial_symmetry_mean": 0.7601786851882935,
  "facial_symmetry_std": 0.10179077088832855,
  "facial_symmetry_median": 0.7416462302207947,
  "facial_symmetry_max": 0.9940013885498047,
  "face_width_height_ratio_mean": 0.9714552760124207,
  "face_width_height_ratio_std": 0.15060020983219147,
  "face_width_height_ratio_median": 1.0005320310592651,
  "face_width_height_ratio_max": 1.430079698562622,
  "eye_spacing_ratio_mean": 0.6174972653388977,
  "eye_spacing_ratio_std": 0.04869907721877098,
  "eye_spacing_ratio_median": 0.6314182877540588,
  "eye_spacing_ratio_max": 0.7091917991638184,
  "jaw_ratio_mean": 0.8016588091850281,
  "jaw_ratio_std": 0.029731925576925278,
  "jaw_ratio_median": 0.8002067804336548,
  "jaw_ratio_max": 0.8832685351371765,
  "smile_intensity_mean": 0.2030048966407776,
  "smile_intensity_std": 0.24414195120334625,
  "smile_intensity_median": 0.07584212720394135,
  "smile_intensity_max": 1.0,
  "eye_contact_mean": 0.8952081203460693,
  "eye_contact_std": 0.05045556277036667,
  "eye_contact_median": 0.8960984945297241,
  "eye_contact_max": 0.9938296675682068,
  "eye_openness_mean": 0.775164008140564,
  "eye_openness_std": 0.21307551860809326,
  "eye_openness_median": 0.8067198991775513,
  "eye_openness_max": 1.0,
  "gaze_stability_mean": 0.9777254462242126,
  "gaze_stability_std": 0.02938801236450672,
  "gaze_stability_median": 0.9896299839019775,
  "gaze_stability_max": 1.0,
  "head_tilt_mean": 0.16377729177474976,
  "head_tilt_std": 0.16678380966186523,
  "head_tilt_median": 0.10667897760868073,
  "head_tilt_max": 0.7266014814376831,
  "expression_speed_mean": 0.16144652664661407,
  "expression_speed_std": 0.18864965438842773,
  "expression_speed_median": 0.07941834628582001,
  "expression_speed_max": 0.8939452171325684,
  "happy_mean": 0.11696785688400269,
  "happy_std": 0.24935927987098694,
  "happy_median": 0.00047381094191223383,
  "happy_max": 0.9997920989990234,
  "neutral_mean": 0.2433558702468872,
  "neutral_std": 0.348823219537735,
  "neutral_median": 0.043156132102012634,
  "neutral_max": 0.9993876814842224,
  "surprise_mean": 0.05406568944454193,
  "surprise_std": 0.15463395416736603,
  "surprise_median": 1.4279468814493157e-05,
  "surprise_max": 0.9982843399047852,
  "processed_frames": 115.0,
  "video_name": "3.mp4"
}