{
  "facial_symmetry_mean": 0.812039315700531,
  "facial_symmetry_std": 0.09911943227052689,
  "facial_symmetry_median": 0.7940720319747925,
  "facial_symmetry_max": 0.9961010217666626,
  "face_width_height_ratio_mean": 1.02608060836792,
  "face_width_height_ratio_std": 0.08604789525270462,
  "face_width_height_ratio_median": 1.0234650373458862,
  "face_width_height_ratio_max": 1.308876633644104,
  "eye_spacing_ratio_mean": 0.6306496262550354,
  "eye_spacing_ratio_std": 0.03059583157300949,
  "eye_spacing_ratio_median": 0.6343059539794922,
  "eye_spacing_ratio_max": 0.7562283873558044,
  "jaw_ratio_mean": 0.786002516746521,
  "jaw_ratio_std": 0.01842164807021618,
  "jaw_ratio_median": 0.7854811549186707,
  "jaw_ratio_max": 0.8307701349258423,
  "smile_intensity_mean": 0.06939035654067993,
  "smile_intensity_std": 0.10702875256538391,
  "smile_intensity_median": 0.013909496366977692,
  "smile_intensity_max": 0.3693073093891144,
  "eye_contact_mean": 0.9300222992897034,
  "eye_contact_std": 0.046053845435380936,
  "eye_contact_median": 0.9434347152709961,
  "eye_contact_max": 0.9981092214584351,
  "eye_openness_mean": 0.8612808585166931,
  "eye_openness_std": 0.19232520461082458,
  "eye_openness_median": 0.9949166774749756,
  "eye_openness_max": 1.0,
  "gaze_stability_mean": 0.9863834977149963,
  "gaze_stability_std": 0.021758973598480225,
  "gaze_stability_median": 0.9941109418869019,
  "gaze_stability_max": 1.0,
  "head_tilt_mean": 0.10769738256931305,
  "head_tilt_std": 0.11158900707960129,
  "head_tilt_median": 0.07710680365562439,
  "head_tilt_max": 0.5377184152603149,
  "expression_speed_mean": 0.0789465457201004,
  "expression_speed_std": 0.12787140905857086,
  "expression_speed_median": 0.031789109110832214,
  "expression_speed_max": 0.7278095483779907,
  "happy_mean": 0.12769785523414612,
  "happy_std": 0.2837525010108948,
  "happy_median": 0.0019105409737676382,
  "happy_max": 0.9908056855201721,
  "neutral_mean": 0.2251269519329071,
  "neutral_std": 0.3163745403289795,
  "neutral_median": 0.03705882653594017,
  "neutral_max": 0.9587523937225342,
  "surprise_mean": 0.047288697212934494,
  "surprise_std": 0.1483856439590454,
  "surprise_median": 0.00043265524436719716,
  "surprise_max": 0.9903911352157593,
  "processed_frames": 135.0,
  "video_name": "5.mp4"
}