{
  "facial_symmetry_mean": 0.9203541278839111,
  "facial_symmetry_std": 0.09200802445411682,
  "facial_symmetry_median": 0.9355581998825073,
  "facial_symmetry_max": 0.999401867389679,
  "face_width_height_ratio_mean": 1.0697282552719116,
  "face_width_height_ratio_std": 0.060104820877313614,
  "face_width_height_ratio_median": 1.0824556350708008,
  "face_width_height_ratio_max": 1.1746416091918945,
  "eye_spacing_ratio_mean": 0.6549311280250549,
  "eye_spacing_ratio_std": 0.01546329166740179,
  "eye_spacing_ratio_median": 0.6521707773208618,
  "eye_spacing_ratio_max": 0.6890038847923279,
  "jaw_ratio_mean": 0.781050443649292,
  "jaw_ratio_std": 0.009593278169631958,
  "jaw_ratio_median": 0.7797433733940125,
  "jaw_ratio_max": 0.8272377848625183,
  "smile_intensity_mean": 0.07481692731380463,
  "smile_intensity_std": 0.15798607468605042,
  "smile_intensity_median": 0.006876204162836075,
  "smile_intensity_max": 1.0,
  "eye_contact_mean": 0.961079478263855,
  "eye_contact_std": 0.03703093156218529,
  "eye_contact_median": 0.9751001596450806,
  "eye_contact_max": 0.9998879432678223,
  "eye_openness_mean": 0.754153311252594,
  "eye_openness_std": 0.3083958923816681,
  "eye_openness_median": 0.9570274949073792,
  "eye_openness_max": 1.0,
  "gaze_stability_mean": 0.9890915751457214,
  "gaze_stability_std": 0.016549695283174515,
  "gaze_stability_median": 0.9943646788597107,
  "gaze_stability_max": 1.0,
  "head_tilt_mean": 0.17608317732810974,
  "head_tilt_std": 0.12304045259952545,
  "head_tilt_median": 0.16534022986888885,
  "head_tilt_max": 0.4000423848628998,
  "expression_speed_mean": 0.12033753097057343,
  "expression_speed_std": 0.22239843010902405,
  "expression_speed_median": 0.029315989464521408,
  "expression_speed_max": 1.0,
  "happy_mean": 0.17544780671596527,
  "happy_std": 0.3497909605503082,
  "happy_median": 0.0019186895806342363,
  "happy_max": 0.9999727606773376,
  "neutral_mean": 0.44867968559265137,
  "neutral_std": 0.39275649189949036,
  "neutral_median": 0.5014644265174866,
  "neutral_max": 0.9903996586799622,
  "surprise_mean": 0.0009191862773150206,
  "surprise_std": 0.004270231816917658,
  "surprise_median": 8.24136077426374e-06,
  "surprise_max": 0.0292489193379879,
  "processed_frames": 84.0,
  "video_name": "6.mp4"
}