{
  "facial_symmetry_mean": 0.8405661582946777,
  "facial_symmetry_std": 0.03591085970401764,
  "facial_symmetry_median": 0.8412123322486877,
  "facial_symmetry_max": 0.9863280057907104,
  "face_width_height_ratio_mean": 1.0256582498550415,
  "face_width_height_ratio_std": 0.1915593296289444,
  "face_width_height_ratio_median": 1.0339311361312866,
  "face_width_height_ratio_max": 1.3990082740783691,
  "eye_spacing_ratio_mean": 0.5811619162559509,
  "eye_spacing_ratio_std": 0.05245091766119003,
  "eye_spacing_ratio_median": 0.5827754735946655,
  "eye_spacing_ratio_max": 0.6798120737075806,
  "jaw_ratio_mean": 0.8084856271743774,
  "jaw_ratio_std": 0.04456057399511337,
  "jaw_ratio_median": 0.7879108190536499,
  "jaw_ratio_max": 0.9502115249633789,
  "smile_intensity_mean": 0.2930814325809479,
  "smile_intensity_std": 0.21720921993255615,
  "smile_intensity_median": 0.27369225025177,
  "smile_intensity_max": 0.8361437916755676,
  "eye_contact_mean": 0.9311864972114563,
  "eye_contact_std": 0.03507215157151222,
  "eye_contact_median": 0.924903154373169,
  "eye_contact_max": 0.9998871684074402,
  "eye_openness_mean": 0.3802528977394104,
  "eye_openness_std": 0.12085558474063873,
  "eye_openness_median": 0.38131585717201233,
  "eye_openness_max": 0.6841831207275391,
  "gaze_stability_mean": 0.9871294498443604,
  "gaze_stability_std": 0.011550195515155792,
  "gaze_stability_median": 0.990546464920044,
  "gaze_stability_max": 1.0,
  "head_tilt_mean": 0.0438629612326622,
  "head_tilt_std": 0.026468874886631966,
  "head_tilt_median": 0.03948986530303955,
  "head_tilt_max": 0.15136376023292542,
  "expression_speed_mean": 0.20236119627952576,
  "expression_speed_std": 0.169271320104599,
  "expression_speed_median": 0.14946572482585907,
  "expression_speed_max": 0.7626875638961792,
  "happy_mean": 0.08467426896095276,
  "happy_std": 0.23264777660369873,
  "happy_median": 0.0003695687628351152,
  "happy_max": 0.9998858571052551,
  "neutral_mean": 0.24409595131874084,
  "neutral_std": 0.38161641359329224,
  "neutral_median": 0.016185704618692398,
  "neutral_max": 0.9999986290931702,
  "surprise_mean": 0.01963919959962368,
  "surprise_std": 0.09664486348628998,
  "surprise_median": 2.4716793944890014e-08,
  "surprise_max": 0.8688072562217712,
  "processed_frames": 177.0,
  "video_name": "7.mp4"
}