{
  "expression_speed_max": 0.7204015776515007,
  "expression_speed_mean": 0.11478942492976785,
  "expression_speed_median": 0.05350075208116323,
  "expression_speed_std": 0.15281246323138475,
  "eye_contact_max": 0.9968617856502533,
  "eye_contact_mean": 0.9380486756563187,
  "eye_contact_median": 0.9444285035133362,
  "eye_contact_std": 0.037092125276103616,
  "eye_openness_max": 0.8899696692824364,
  "eye_openness_mean": 0.6512019820511341,
  "eye_openness_median": 0.734502162784338,
  "eye_openness_std": 0.20380913838744164,
  "eye_spacing_ratio_max": 0.7206509038805962,
  "eye_spacing_ratio_mean": 0.6338165625929832,
  "eye_spacing_ratio_median": 0.6354809701442719,
  "eye_spacing_ratio_std": 0.030285572982393205,
  "face_width_height_ratio_max": 1.2875767648220062,
  "face_width_height_ratio_mean": 1.0191828161478043,
  "face_width_height_ratio_median": 1.0170149430632591,
  "face_width_height_ratio_std": 0.10196187952533364,
  "facial_symmetry_max": 0.993540458381176,
  "facial_symmetry_mean": 0.8387818038463593,
  "facial_symmetry_median": 0.8315172120928764,
  "facial_symmetry_std": 0.07514384016394615,
  "gaze_stability_max": 1.0,
  "gaze_stability_mean": 0.9863309413194656,
  "gaze_stability_median": 0.9929475411772728,
  "gaze_stability_std": 0.018646960787009448,
  "happy_max": 0.9974810183048248,
  "happy_mean": 0.14891288615763187,
  "happy_median": 0.00093810067164668,
  "happy_std": 0.2972688041627407,
  "head_tilt_max": 0.4284740090370178,
  "head_tilt_mean": 0.12330543249845505,
  "head_tilt_median": 0.09990173391997814,
  "head_tilt_std": 0.10453641437925398,
  "jaw_ratio_max": 0.8639524579048157,
  "jaw_ratio_mean": 0.7961288690567017,
  "jaw_ratio_median": 0.7920834869146347,
  "jaw_ratio_std": 0.02319978643208742,
  "neutral_max": 0.9903903380036354,
  "neutral_mean": 0.30147999338805676,
  "neutral_median": 0.16044298536144197,
  "neutral_std": 0.35189447924494743,
  "processed_frames": 113.125,
  "smile_intensity_max": 0.6464629173278809,
  "smile_intensity_mean": 0.1423534918576479,
  "smile_intensity_median": 0.0728870116872713,
  "smile_intensity_std": 0.1669251909479499,
  "surprise_max": 0.47437522327527404,
  "surprise_mean": 0.01852822711225599,
  "surprise_median": 7.950198711936807e-05,
  "surprise_std": 0.06480864569311962,
  "video_count": 8.0,
  "valid_video_count": 8.0,
  "valid_video_ratio": 1.0,
  "total_processed_frames": 905.0,
  "avg_processed_frames": 113.125,
  "quality_score": 0.9016666666666666,
  "person_name": "Phương Anh Đào"
}