{
  "facial_symmetry_mean": 0.8386679291725159,
  "facial_symmetry_std": 0.07954876124858856,
  "facial_symmetry_median": 0.8502777218818665,
  "facial_symmetry_max": 0.9864268898963928,
  "face_width_height_ratio_mean": 1.291532278060913,
  "face_width_height_ratio_std": 0.1736609786748886,
  "face_width_height_ratio_median": 1.3436660766601562,
  "face_width_height_ratio_max": 1.5319892168045044,
  "eye_spacing_ratio_mean": 0.6367074847221375,
  "eye_spacing_ratio_std": 0.04992883652448654,
  "eye_spacing_ratio_median": 0.6458467841148376,
  "eye_spacing_ratio_max": 0.7248045206069946,
  "jaw_ratio_mean": 0.7886041402816772,
  "jaw_ratio_std": 0.025801755487918854,
  "jaw_ratio_median": 0.7789959907531738,
  "jaw_ratio_max": 0.87861168384552,
  "smile_intensity_mean": 0.0834076851606369,
  "smile_intensity_std": 0.12575647234916687,
  "smile_intensity_median": 0.03945855796337128,
  "smile_intensity_max": 0.51819908618927,
  "eye_contact_mean": 0.953113853931427,
  "eye_contact_std": 0.04770848900079727,
  "eye_contact_median": 0.9626686573028564,
  "eye_contact_max": 0.9999850988388062,
  "eye_openness_mean": 0.5969768166542053,
  "eye_openness_std": 0.18376457691192627,
  "eye_openness_median": 0.5624639391899109,
  "eye_openness_max": 0.9841468930244446,
  "gaze_stability_mean": 0.9830672740936279,
  "gaze_stability_std": 0.033755555748939514,
  "gaze_stability_median": 0.9963332414627075,
  "gaze_stability_max": 1.0,
  "head_tilt_mean": 0.06138315051794052,
  "head_tilt_std": 0.018722791224718094,
  "head_tilt_median": 0.06545394659042358,
  "head_tilt_max": 0.1022636890411377,
  "expression_speed_mean": 0.1351252645254135,
  "expression_speed_std": 0.18333490192890167,
  "expression_speed_median": 0.038524329662323,
  "expression_speed_max": 0.5634920597076416,
  "happy_mean": 0.022401493042707443,
  "happy_std": 0.05879193916916847,
  "happy_median": 5.254815960142878e-07,
  "happy_max": 0.25741273164749146,
  "neutral_mean": 0.433205246925354,
  "neutral_std": 0.36480849981307983,
  "neutral_median": 0.3578583002090454,
  "neutral_max": 0.9999977946281433,
  "surprise_mean": 0.0025384915061295033,
  "surprise_std": 0.010018181055784225,
  "surprise_median": 3.3603704707729776e-08,
  "surprise_max": 0.06535986065864563,
  "processed_frames": 47.0,
  "video_name": "1 (1).mp4"
}