{
  "facial_symmetry_mean": 0.902744472026825,
  "facial_symmetry_std": 0.05453731492161751,
  "facial_symmetry_median": 0.9077033996582031,
  "facial_symmetry_max": 0.9989504218101501,
  "face_width_height_ratio_mean": 0.9754738211631775,
  "face_width_height_ratio_std": 0.1177879124879837,
  "face_width_height_ratio_median": 0.9814379811286926,
  "face_width_height_ratio_max": 1.2061065435409546,
  "eye_spacing_ratio_mean": 0.6606602668762207,
  "eye_spacing_ratio_std": 0.026105426251888275,
  "eye_spacing_ratio_median": 0.6603136658668518,
  "eye_spacing_ratio_max": 0.7487305998802185,
  "jaw_ratio_mean": 0.7940991520881653,
  "jaw_ratio_std": 0.023366201668977737,
  "jaw_ratio_median": 0.7882524728775024,
  "jaw_ratio_max": 0.8543426990509033,
  "smile_intensity_mean": 0.09486206620931625,
  "smile_intensity_std": 0.17366072535514832,
  "smile_intensity_median": 0.015375988557934761,
  "smile_intensity_max": 0.8605010509490967,
  "eye_contact_mean": 0.9738480448722839,
  "eye_contact_std": 0.02129996195435524,
  "eye_contact_median": 0.9816012978553772,
  "eye_contact_max": 0.9989446401596069,
  "eye_openness_mean": 0.5753681063652039,
  "eye_openness_std": 0.271499365568161,
  "eye_openness_median": 0.5914155840873718,
  "eye_openness_max": 0.9987010955810547,
  "gaze_stability_mean": 0.9892985820770264,
  "gaze_stability_std": 0.011730213649570942,
  "gaze_stability_median": 0.9936861395835876,
  "gaze_stability_max": 1.0,
  "head_tilt_mean": 0.20990030467510223,
  "head_tilt_std": 0.1262652426958084,
  "head_tilt_median": 0.22670984268188477,
  "head_tilt_max": 0.5361576080322266,
  "expression_speed_mean": 0.1363285630941391,
  "expression_speed_std": 0.16772188246250153,
  "expression_speed_median": 0.07285770028829575,
  "expression_speed_max": 0.8956243395805359,
  "happy_mean": 0.22044742107391357,
  "happy_std": 0.36675402522087097,
  "happy_median": 0.0014947440940886736,
  "happy_max": 0.9999988675117493,
  "neutral_mean": 0.28564387559890747,
  "neutral_std": 0.3927512466907501,
  "neutral_median": 0.011219465173780918,
  "neutral_max": 0.9999806880950928,
  "surprise_mean": 0.07632981985807419,
  "surprise_std": 0.24226541817188263,
  "surprise_median": 5.5332719057332724e-05,
  "surprise_max": 0.9998713731765747,
  "processed_frames": 123.0,
  "video_name": "1 (3).mp4"
}