{
  "facial_symmetry_mean": 0.8186342716217041,
  "facial_symmetry_std": 0.07272405177354813,
  "facial_symmetry_median": 0.8373339176177979,
  "facial_symmetry_max": 0.9887408018112183,
  "face_width_height_ratio_mean": 1.2489326000213623,
  "face_width_height_ratio_std": 0.1855049729347229,
  "face_width_height_ratio_median": 1.2276060581207275,
  "face_width_height_ratio_max": 1.7594571113586426,
  "eye_spacing_ratio_mean": 0.6374226212501526,
  "eye_spacing_ratio_std": 0.02582646906375885,
  "eye_spacing_ratio_median": 0.6430644989013672,
  "eye_spacing_ratio_max": 0.7073506712913513,
  "jaw_ratio_mean": 0.7803458571434021,
  "jaw_ratio_std": 0.019486723467707634,
  "jaw_ratio_median": 0.784868597984314,
  "jaw_ratio_max": 0.8208383321762085,
  "smile_intensity_mean": 0.08574076741933823,
  "smile_intensity_std": 0.11685703694820404,
  "smile_intensity_median": 0.017687950283288956,
  "smile_intensity_max": 0.4000912010669708,
  "eye_contact_mean": 0.9764465093612671,
  "eye_contact_std": 0.027348460629582405,
  "eye_contact_median": 0.9864375591278076,
  "eye_contact_max": 0.9999395608901978,
  "eye_openness_mean": 0.7076964974403381,
  "eye_openness_std": 0.19990910589694977,
  "eye_openness_median": 0.6615811586380005,
  "eye_openness_max": 1.0,
  "gaze_stability_mean": 0.9918469190597534,
  "gaze_stability_std": 0.014604323543608189,
  "gaze_stability_median": 0.9961265921592712,
  "gaze_stability_max": 1.0,
  "head_tilt_mean": 0.11563438922166824,
  "head_tilt_std": 0.04876448214054108,
  "head_tilt_median": 0.12282289564609528,
  "head_tilt_max": 0.23575276136398315,
  "expression_speed_mean": 0.08126520365476608,
  "expression_speed_std": 0.1333826184272766,
  "expression_speed_median": 0.034614820033311844,
  "expression_speed_max": 0.7328192591667175,
  "happy_mean": 0.09026572108268738,
  "happy_std": 0.23857708275318146,
  "happy_median": 0.0003981440095230937,
  "happy_max": 0.9997546672821045,
  "neutral_mean": 0.5122027397155762,
  "neutral_std": 0.45216989517211914,
  "neutral_median": 0.6685839295387268,
  "neutral_max": 0.9993427395820618,
  "surprise_mean": 0.022388264536857605,
  "surprise_std": 0.123921237885952,
  "surprise_median": 5.463944035000168e-07,
  "surprise_max": 0.9993332028388977,
  "processed_frames": 92.0,
  "video_name": "1 (5).mp4"
}