{
  "expression_speed_max": 0.7176419993241628,
  "expression_speed_mean": 0.13714152947068214,
  "expression_speed_median": 0.06169146982332071,
  "expression_speed_std": 0.17049159109592438,
  "eye_contact_max": 0.9950725734233856,
  "eye_contact_mean": 0.9483736753463745,
  "eye_contact_median": 0.9554302195707957,
  "eye_contact_std": 0.03733645534763733,
  "eye_openness_max": 0.9688464800516764,
  "eye_openness_mean": 0.6957802971204122,
  "eye_openness_median": 0.7063246965408325,
  "eye_openness_std": 0.20177630831797919,
  "eye_spacing_ratio_max": 0.707026461760203,
  "eye_spacing_ratio_mean": 0.6348450183868408,
  "eye_spacing_ratio_median": 0.6390403509140015,
  "eye_spacing_ratio_std": 0.035560877062380314,
  "face_width_height_ratio_max": 1.4811448057492573,
  "face_width_height_ratio_mean": 1.1896964112917583,
  "face_width_height_ratio_median": 1.2060430546601613,
  "face_width_height_ratio_std": 0.13674307614564896,
  "facial_symmetry_max": 0.9423094093799591,
  "facial_symmetry_mean": 0.802301287651062,
  "facial_symmetry_median": 0.803023765484492,
  "facial_symmetry_std": 0.06685714423656464,
  "gaze_stability_max": 1.0,
  "gaze_stability_mean": 0.9818150202433268,
  "gaze_stability_median": 0.9909945825735728,
  "gaze_stability_std": 0.025662516243755817,
  "happy_max": 0.8606488505999247,
  "happy_mean": 0.12848149550457796,
  "happy_median": 0.001114964336788186,
  "happy_std": 0.25606256040434044,
  "head_tilt_max": 0.26415566106637317,
  "head_tilt_mean": 0.0944556004057328,
  "head_tilt_median": 0.09229527165492375,
  "head_tilt_std": 0.05746334046125412,
  "jaw_ratio_max": 0.8402524093786875,
  "jaw_ratio_mean": 0.7877844472726186,
  "jaw_ratio_median": 0.7857420643170675,
  "jaw_ratio_std": 0.019564536089698475,
  "neutral_max": 0.9998366932074229,
  "neutral_mean": 0.34920648982127506,
  "neutral_median": 0.21903620023901263,
  "neutral_std": 0.3830467065175374,
  "processed_frames": 91.83333333333333,
  "smile_intensity_max": 0.5818941394488016,
  "smile_intensity_mean": 0.1220478688677152,
  "smile_intensity_median": 0.07315098556379478,
  "smile_intensity_std": 0.1468508318066597,
  "surprise_max": 0.6285475417971611,
  "surprise_mean": 0.029753878169382613,
  "surprise_median": 6.852692895857142e-05,
  "surprise_std": 0.10468730206290881,
  "video_count": 6.0,
  "valid_video_count": 6.0,
  "valid_video_ratio": 1.0,
  "total_processed_frames": 551.0,
  "avg_processed_frames": 91.83333333333333,
  "quality_score": 0.8448888888888889,
  "person_name": "Trương Tịnh Nghi"
}