{
  "facial_symmetry_mean": 0.9212468266487122,
  "facial_symmetry_std": 0.03330402076244354,
  "facial_symmetry_median": 0.9300497174263,
  "facial_symmetry_max": 0.990001380443573,
  "face_width_height_ratio_mean": 0.6348344087600708,
  "face_width_height_ratio_std": 0.04003478214144707,
  "face_width_height_ratio_median": 0.6335304379463196,
  "face_width_height_ratio_max": 0.69832444190979,
  "eye_spacing_ratio_mean": 0.6384409070014954,
  "eye_spacing_ratio_std": 0.028880229219794273,
  "eye_spacing_ratio_median": 0.6436707377433777,
  "eye_spacing_ratio_max": 0.6866455078125,
  "jaw_ratio_mean": 0.7881678938865662,
  "jaw_ratio_std": 0.017397098243236542,
  "jaw_ratio_median": 0.7921262979507446,
  "jaw_ratio_max": 0.843646228313446,
  "smile_intensity_mean": 0.057272180914878845,
  "smile_intensity_std": 0.1510966420173645,
  "smile_intensity_median": 0.013189448043704033,
  "smile_intensity_max": 0.9511376619338989,
  "eye_contact_mean": 0.9694565534591675,
  "eye_contact_std": 0.022231098264455795,
  "eye_contact_median": 0.9701305627822876,
  "eye_contact_max": 0.9995449781417847,
  "eye_openness_mean": 0.7889166474342346,
  "eye_openness_std": 0.2241482138633728,
  "eye_openness_median": 0.800074577331543,
  "eye_openness_max": 1.0,
  "gaze_stability_mean": 0.9865749478340149,
  "gaze_stability_std": 0.017579326406121254,
  "gaze_stability_median": 0.994491696357727,
  "gaze_stability_max": 1.0,
  "head_tilt_mean": 0.07340750098228455,
  "head_tilt_std": 0.04274320602416992,
  "head_tilt_median": 0.05772490054368973,
  "head_tilt_max": 0.1966063678264618,
  "expression_speed_mean": 0.15505266189575195,
  "expression_speed_std": 0.2410961091518402,
  "expression_speed_median": 0.045571908354759216,
  "expression_speed_max": 1.0,
  "happy_mean": 0.6025343537330627,
  "happy_std": 0.46641385555267334,
  "happy_median": 0.9521684646606445,
  "happy_max": 1.0,
  "neutral_mean": 0.19017758965492249,
  "neutral_std": 0.305284321308136,
  "neutral_median": 0.010632339864969254,
  "neutral_max": 0.9970853328704834,
  "surprise_mean": 0.005511167924851179,
  "surprise_std": 0.019467612728476524,
  "surprise_median": 5.232056537352037e-06,
  "surprise_max": 0.10600544512271881,
  "processed_frames": 46.0,
  "video_name": "1 (2).mp4"
}