{
  "facial_symmetry_mean": 0.9152126908302307,
  "facial_symmetry_std": 0.0471612922847271,
  "facial_symmetry_median": 0.924027144908905,
  "facial_symmetry_max": 0.9978772401809692,
  "face_width_height_ratio_mean": 1.0780891180038452,
  "face_width_height_ratio_std": 0.05055120214819908,
  "face_width_height_ratio_median": 1.0761449337005615,
  "face_width_height_ratio_max": 1.2377532720565796,
  "eye_spacing_ratio_mean": 0.6610693335533142,
  "eye_spacing_ratio_std": 0.02373138628900051,
  "eye_spacing_ratio_median": 0.6577175259590149,
  "eye_spacing_ratio_max": 0.7134772539138794,
  "jaw_ratio_mean": 0.7569895386695862,
  "jaw_ratio_std": 0.032085757702589035,
  "jaw_ratio_median": 0.747107744216919,
  "jaw_ratio_max": 0.820263147354126,
  "smile_intensity_mean": 0.2003537267446518,
  "smile_intensity_std": 0.2818949818611145,
  "smile_intensity_median": 0.01808285340666771,
  "smile_intensity_max": 1.0,
  "eye_contact_mean": 0.9721400141716003,
  "eye_contact_std": 0.027973366901278496,
  "eye_contact_median": 0.9851119518280029,
  "eye_contact_max": 0.9996246695518494,
  "eye_openness_mean": 0.8054145574569702,
  "eye_openness_std": 0.2572081387042999,
  "eye_openness_median": 0.9604145288467407,
  "eye_openness_max": 1.0,
  "gaze_stability_mean": 0.9884868264198303,
  "gaze_stability_std": 0.013022861443459988,
  "gaze_stability_median": 0.9919569492340088,
  "gaze_stability_max": 1.0,
  "head_tilt_mean": 0.06387436389923096,
  "head_tilt_std": 0.05245834216475487,
  "head_tilt_median": 0.05231909453868866,
  "head_tilt_max": 0.1952645182609558,
  "expression_speed_mean": 0.1641816645860672,
  "expression_speed_std": 0.23803655803203583,
  "expression_speed_median": 0.058954108506441116,
  "expression_speed_max": 0.9962899684906006,
  "happy_mean": 0.18540561199188232,
  "happy_std": 0.332575261592865,
  "happy_median": 0.0016130367293953896,
  "happy_max": 0.9999908208847046,
  "neutral_mean": 0.38064366579055786,
  "neutral_std": 0.38369765877723694,
  "neutral_median": 0.2701525092124939,
  "neutral_max": 0.9998570680618286,
  "surprise_mean": 0.016032269224524498,
  "surprise_std": 0.10732860118150711,
  "surprise_median": 6.030335134710185e-05,
  "surprise_max": 0.9293472766876221,
  "processed_frames": 74.0,
  "video_name": "1 (3).mp4"
}