{
  "facial_symmetry_mean": 0.9213780164718628,
  "facial_symmetry_std": 0.04409128427505493,
  "facial_symmetry_median": 0.9367228150367737,
  "facial_symmetry_max": 0.983974814414978,
  "face_width_height_ratio_mean": 0.6422327756881714,
  "face_width_height_ratio_std": 0.05560818687081337,
  "face_width_height_ratio_median": 0.6416078209877014,
  "face_width_height_ratio_max": 0.7388160228729248,
  "eye_spacing_ratio_mean": 0.6718363165855408,
  "eye_spacing_ratio_std": 0.01713581755757332,
  "eye_spacing_ratio_median": 0.674582839012146,
  "eye_spacing_ratio_max": 0.6956233978271484,
  "jaw_ratio_mean": 0.7376646399497986,
  "jaw_ratio_std": 0.019715366885066032,
  "jaw_ratio_median": 0.7316488027572632,
  "jaw_ratio_max": 0.7850295305252075,
  "smile_intensity_mean": 0.1564391553401947,
  "smile_intensity_std": 0.1675729602575302,
  "smile_intensity_median": 0.06075025349855423,
  "smile_intensity_max": 0.5869974493980408,
  "eye_contact_mean": 0.9783952236175537,
  "eye_contact_std": 0.016993243247270584,
  "eye_contact_median": 0.9869945049285889,
  "eye_contact_max": 0.9997347593307495,
  "eye_openness_mean": 0.9334317445755005,
  "eye_openness_std": 0.2024870663881302,
  "eye_openness_median": 1.0,
  "eye_openness_max": 1.0,
  "gaze_stability_mean": 0.9939082264900208,
  "gaze_stability_std": 0.011031383648514748,
  "gaze_stability_median": 0.9976659417152405,
  "gaze_stability_max": 1.0,
  "head_tilt_mean": 0.18898920714855194,
  "head_tilt_std": 0.17756588757038116,
  "head_tilt_median": 0.10150671005249023,
  "head_tilt_max": 0.506742000579834,
  "expression_speed_mean": 0.0877934917807579,
  "expression_speed_std": 0.18628080189228058,
  "expression_speed_median": 0.022878846153616905,
  "expression_speed_max": 0.965793788433075,
  "happy_mean": 0.04889259859919548,
  "happy_std": 0.17296941578388214,
  "happy_median": 0.002240080153569579,
  "happy_max": 0.9274817705154419,
  "neutral_mean": 0.2646566927433014,
  "neutral_std": 0.37199902534484863,
  "neutral_median": 0.0596710629761219,
  "neutral_max": 0.9953750967979431,
  "surprise_mean": 0.0708872377872467,
  "surprise_std": 0.1728634089231491,
  "surprise_median": 0.002938000950962305,
  "surprise_max": 0.8530991077423096,
  "processed_frames": 61.0,
  "video_name": "1 (4).mp4"
}