{
  "facial_symmetry_mean": 0.9572702646255493,
  "facial_symmetry_std": 0.041584912687540054,
  "facial_symmetry_median": 0.9733392000198364,
  "facial_symmetry_max": 0.9983255863189697,
  "face_width_height_ratio_mean": 1.1470086574554443,
  "face_width_height_ratio_std": 0.058237217366695404,
  "face_width_height_ratio_median": 1.128619909286499,
  "face_width_height_ratio_max": 1.281999111175537,
  "eye_spacing_ratio_mean": 0.6725596785545349,
  "eye_spacing_ratio_std": 0.03570064902305603,
  "eye_spacing_ratio_median": 0.6680010557174683,
  "eye_spacing_ratio_max": 0.7460982203483582,
  "jaw_ratio_mean": 0.7634821534156799,
  "jaw_ratio_std": 0.03011312521994114,
  "jaw_ratio_median": 0.7668631672859192,
  "jaw_ratio_max": 0.8105762600898743,
  "smile_intensity_mean": 0.15913833677768707,
  "smile_intensity_std": 0.184530571103096,
  "smile_intensity_median": 0.027009686455130577,
  "smile_intensity_max": 0.489153116941452,
  "eye_contact_mean": 0.9858298897743225,
  "eye_contact_std": 0.008261265233159065,
  "eye_contact_median": 0.987943172454834,
  "eye_contact_max": 0.9986252784729004,
  "eye_openness_mean": 0.9767268896102905,
  "eye_openness_std": 0.0774882361292839,
  "eye_openness_median": 1.0,
  "eye_openness_max": 1.0,
  "gaze_stability_mean": 0.9953352212905884,
  "gaze_stability_std": 0.003755879821255803,
  "gaze_stability_median": 0.9966561198234558,
  "gaze_stability_max": 1.0,
  "head_tilt_mean": 0.18774794042110443,
  "head_tilt_std": 0.11663713306188583,
  "head_tilt_median": 0.2007599174976349,
  "head_tilt_max": 0.3825044631958008,
  "expression_speed_mean": 0.0793939009308815,
  "expression_speed_std": 0.12805575132369995,
  "expression_speed_median": 0.014275375753641129,
  "expression_speed_max": 0.5120920538902283,
  "happy_mean": 0.08749029785394669,
  "happy_std": 0.26795831322669983,
  "happy_median": 0.00014185668260324746,
  "happy_max": 0.9998452067375183,
  "neutral_mean": 0.4898955523967743,
  "neutral_std": 0.38868558406829834,
  "neutral_median": 0.5231290459632874,
  "neutral_max": 0.9972423315048218,
  "surprise_mean": 0.02609693445265293,
  "surprise_std": 0.08842895925045013,
  "surprise_median": 2.665712827365496e-06,
  "surprise_max": 0.5068915486335754,
  "processed_frames": 44.0,
  "video_name": "1 (7).mp4"
}