{
  "facial_symmetry_mean": 0.9330265522003174,
  "facial_symmetry_std": 0.02517976611852646,
  "facial_symmetry_median": 0.9336423873901367,
  "facial_symmetry_max": 0.9905762076377869,
  "face_width_height_ratio_mean": 0.6382195949554443,
  "face_width_height_ratio_std": 0.014185203239321709,
  "face_width_height_ratio_median": 0.6414728164672852,
  "face_width_height_ratio_max": 0.6884210109710693,
  "eye_spacing_ratio_mean": 0.6809554696083069,
  "eye_spacing_ratio_std": 0.014799006283283234,
  "eye_spacing_ratio_median": 0.6831261515617371,
  "eye_spacing_ratio_max": 0.7082427740097046,
  "jaw_ratio_mean": 0.7634724974632263,
  "jaw_ratio_std": 0.012675982899963856,
  "jaw_ratio_median": 0.7615403532981873,
  "jaw_ratio_max": 0.8037248849868774,
  "smile_intensity_mean": 0.029990259557962418,
  "smile_intensity_std": 0.031558189541101456,
  "smile_intensity_median": 0.017165938392281532,
  "smile_intensity_max": 0.1565037965774536,
  "eye_contact_mean": 0.9714757204055786,
  "eye_contact_std": 0.01284948643296957,
  "eye_contact_median": 0.9737883806228638,
  "eye_contact_max": 0.9974862337112427,
  "eye_openness_mean": 0.9086694121360779,
  "eye_openness_std": 0.22007879614830017,
  "eye_openness_median": 1.0,
  "eye_openness_max": 1.0,
  "gaze_stability_mean": 0.9927664399147034,
  "gaze_stability_std": 0.007381092291325331,
  "gaze_stability_median": 0.9957103729248047,
  "gaze_stability_max": 1.0,
  "head_tilt_mean": 0.1668369024991989,
  "head_tilt_std": 0.07616353034973145,
  "head_tilt_median": 0.2183298021554947,
  "head_tilt_max": 0.24837926030158997,
  "expression_speed_mean": 0.1174044981598854,
  "expression_speed_std": 0.198125422000885,
  "expression_speed_median": 0.013219377025961876,
  "expression_speed_max": 0.6983185410499573,
  "happy_mean": 0.12350758910179138,
  "happy_std": 0.26351770758628845,
  "happy_median": 0.007586320396512747,
  "happy_max": 0.9914042949676514,
  "neutral_mean": 0.5158036351203918,
  "neutral_std": 0.4133637249469757,
  "neutral_median": 0.7009932994842529,
  "neutral_max": 0.9821807742118835,
  "surprise_mean": 0.0023703936021775007,
  "surprise_std": 0.005524357780814171,
  "surprise_median": 4.914037344860844e-05,
  "surprise_max": 0.028991445899009705,
  "processed_frames": 84.0,
  "video_name": "1.mp4"
}