{
  "facial_symmetry_mean": 0.9050306677818298,
  "facial_symmetry_std": 0.05387665331363678,
  "facial_symmetry_median": 0.9142591953277588,
  "facial_symmetry_max": 0.9960452318191528,
  "face_width_height_ratio_mean": 0.6607617139816284,
  "face_width_height_ratio_std": 0.05671222135424614,
  "face_width_height_ratio_median": 0.6546876430511475,
  "face_width_height_ratio_max": 0.8099859356880188,
  "eye_spacing_ratio_mean": 0.6663398146629333,
  "eye_spacing_ratio_std": 0.028900273144245148,
  "eye_spacing_ratio_median": 0.6648451089859009,
  "eye_spacing_ratio_max": 0.7600041031837463,
  "jaw_ratio_mean": 0.7512164115905762,
  "jaw_ratio_std": 0.023171190172433853,
  "jaw_ratio_median": 0.7499334216117859,
  "jaw_ratio_max": 0.8761544227600098,
  "smile_intensity_mean": 0.1814180314540863,
  "smile_intensity_std": 0.2902003228664398,
  "smile_intensity_median": 0.022599006071686745,
  "smile_intensity_max": 1.0,
  "eye_contact_mean": 0.954923152923584,
  "eye_contact_std": 0.02324427105486393,
  "eye_contact_median": 0.9572935104370117,
  "eye_contact_max": 0.9994752407073975,
  "eye_openness_mean": 0.8347346186637878,
  "eye_openness_std": 0.2407788783311844,
  "eye_openness_median": 1.0,
  "eye_openness_max": 1.0,
  "gaze_stability_mean": 0.9875466823577881,
  "gaze_stability_std": 0.013998258858919144,
  "gaze_stability_median": 0.9913184642791748,
  "gaze_stability_max": 1.0,
  "head_tilt_mean": 0.1992974579334259,
  "head_tilt_std": 0.1919281780719757,
  "head_tilt_median": 0.13123676180839539,
  "head_tilt_max": 0.8145615458488464,
  "expression_speed_mean": 0.18823248147964478,
  "expression_speed_std": 0.2485346645116806,
  "expression_speed_median": 0.07066893577575684,
  "expression_speed_max": 1.0,
  "happy_mean": 0.2803695499897003,
  "happy_std": 0.37806564569473267,
  "happy_median": 0.015399010851979256,
  "happy_max": 0.9992076754570007,
  "neutral_mean": 0.21437011659145355,
  "neutral_std": 0.2724944055080414,
  "neutral_median": 0.07616569846868515,
  "neutral_max": 0.9820958971977234,
  "surprise_mean": 0.049499914050102234,
  "surprise_std": 0.19155974686145782,
  "surprise_median": 0.00026513708871789277,
  "surprise_max": 0.9840211272239685,
  "processed_frames": 142.0,
  "video_name": "1 (1).mp4"
}