{
  "facial_symmetry_mean": 0.8707801103591919,
  "facial_symmetry_std": 0.08520219475030899,
  "facial_symmetry_median": 0.8486590385437012,
  "facial_symmetry_max": 0.9989899396896362,
  "face_width_height_ratio_mean": 0.9434575438499451,
  "face_width_height_ratio_std": 0.09076597541570663,
  "face_width_height_ratio_median": 0.9265195727348328,
  "face_width_height_ratio_max": 1.0543057918548584,
  "eye_spacing_ratio_mean": 0.6381756663322449,
  "eye_spacing_ratio_std": 0.025091182440519333,
  "eye_spacing_ratio_median": 0.6396735906600952,
  "eye_spacing_ratio_max": 0.7003008127212524,
  "jaw_ratio_mean": 0.7911598086357117,
  "jaw_ratio_std": 0.018171560019254684,
  "jaw_ratio_median": 0.7883842587471008,
  "jaw_ratio_max": 0.8771607875823975,
  "smile_intensity_mean": 0.0650986060500145,
  "smile_intensity_std": 0.09985106438398361,
  "smile_intensity_median": 0.015186823904514313,
  "smile_intensity_max": 0.3381628096103668,
  "eye_contact_mean": 0.9427365064620972,
  "eye_contact_std": 0.03793208673596382,
  "eye_contact_median": 0.9440740346908569,
  "eye_contact_max": 0.999127209186554,
  "eye_openness_mean": 0.9015491008758545,
  "eye_openness_std": 0.17869476974010468,
  "eye_openness_median": 1.0,
  "eye_openness_max": 1.0,
  "gaze_stability_mean": 0.9817264080047607,
  "gaze_stability_std": 0.029877301305532455,
  "gaze_stability_median": 0.9915013909339905,
  "gaze_stability_max": 1.0,
  "head_tilt_mean": 0.08636240661144257,
  "head_tilt_std": 0.06785989552736282,
  "head_tilt_median": 0.07530495524406433,
  "head_tilt_max": 0.33771172165870667,
  "expression_speed_mean": 0.13649077713489532,
  "expression_speed_std": 0.20238423347473145,
  "expression_speed_median": 0.03782355785369873,
  "expression_speed_max": 0.8068860173225403,
  "happy_mean": 0.12658897042274475,
  "happy_std": 0.2667909860610962,
  "happy_median": 0.00011707901285262778,
  "happy_max": 0.9908757209777832,
  "neutral_mean": 0.37582486867904663,
  "neutral_std": 0.38281795382499695,
  "neutral_median": 0.17568892240524292,
  "neutral_max": 0.9995555877685547,
  "surprise_mean": 0.03599349781870842,
  "surprise_std": 0.12679852545261383,
  "surprise_median": 3.925519195036031e-06,
  "surprise_max": 0.7984948754310608,
  "processed_frames": 111.0,
  "video_name": "1 (3).mp4"
}