{
  "facial_symmetry_mean": 0.7443026304244995,
  "facial_symmetry_std": 0.14493781328201294,
  "facial_symmetry_median": 0.7642508745193481,
  "facial_symmetry_max": 0.9867531061172485,
  "face_width_height_ratio_mean": 1.0484824180603027,
  "face_width_height_ratio_std": 0.12992841005325317,
  "face_width_height_ratio_median": 1.0358269214630127,
  "face_width_height_ratio_max": 1.4036167860031128,
  "eye_spacing_ratio_mean": 0.6396417021751404,
  "eye_spacing_ratio_std": 0.0365743413567543,
  "eye_spacing_ratio_median": 0.645063042640686,
  "eye_spacing_ratio_max": 0.7818842530250549,
  "jaw_ratio_mean": 0.7602658867835999,
  "jaw_ratio_std": 0.019031332805752754,
  "jaw_ratio_median": 0.7595510482788086,
  "jaw_ratio_max": 0.854992151260376,
  "smile_intensity_mean": 0.06877272576093674,
  "smile_intensity_std": 0.1625765562057495,
  "smile_intensity_median": 0.013050902634859085,
  "smile_intensity_max": 1.0,
  "eye_contact_mean": 0.8835809826850891,
  "eye_contact_std": 0.0804843083024025,
  "eye_contact_median": 0.8857364654541016,
  "eye_contact_max": 0.99962317943573,
  "eye_openness_mean": 0.9257974624633789,
  "eye_openness_std": 0.15086963772773743,
  "eye_openness_median": 1.0,
  "eye_openness_max": 1.0,
  "gaze_stability_mean": 0.9743156433105469,
  "gaze_stability_std": 0.03755133971571922,
  "gaze_stability_median": 0.9884896874427795,
  "gaze_stability_max": 1.0,
  "head_tilt_mean": 0.22406548261642456,
  "head_tilt_std": 0.22101907432079315,
  "head_tilt_median": 0.14048266410827637,
  "head_tilt_max": 0.9367110729217529,
  "expression_speed_mean": 0.12365813553333282,
  "expression_speed_std": 0.16809740662574768,
  "expression_speed_median": 0.05683493986725807,
  "expression_speed_max": 0.8974930644035339,
  "happy_mean": 0.3009515702724457,
  "happy_std": 0.3890799283981323,
  "happy_median": 0.04622698947787285,
  "happy_max": 0.999998152256012,
  "neutral_mean": 0.2502225637435913,
  "neutral_std": 0.34145402908325195,
  "neutral_median": 0.03193599358201027,
  "neutral_max": 0.9995336532592773,
  "surprise_mean": 0.06201642006635666,
  "surprise_std": 0.18054790794849396,
  "surprise_median": 0.00023121648700907826,
  "surprise_max": 0.99726802110672,
  "processed_frames": 204.0,
  "video_name": "1 (5).mp4"
}