{
  "facial_symmetry_mean": 0.9357246160507202,
  "facial_symmetry_std": 0.03379491716623306,
  "facial_symmetry_median": 0.9304114580154419,
  "facial_symmetry_max": 0.9999017119407654,
  "face_width_height_ratio_mean": 1.450848937034607,
  "face_width_height_ratio_std": 0.06219959631562233,
  "face_width_height_ratio_median": 1.4516873359680176,
  "face_width_height_ratio_max": 1.6176358461380005,
  "eye_spacing_ratio_mean": 0.6479511260986328,
  "eye_spacing_ratio_std": 0.01862752065062523,
  "eye_spacing_ratio_median": 0.647603452205658,
  "eye_spacing_ratio_max": 0.6957889199256897,
  "jaw_ratio_mean": 0.7640570998191833,
  "jaw_ratio_std": 0.015103260055184364,
  "jaw_ratio_median": 0.7640439867973328,
  "jaw_ratio_max": 0.8455228805541992,
  "smile_intensity_mean": 0.11051783710718155,
  "smile_intensity_std": 0.1063726469874382,
  "smile_intensity_median": 0.06317584216594696,
  "smile_intensity_max": 0.3242008686065674,
  "eye_contact_mean": 0.9641042351722717,
  "eye_contact_std": 0.016426295042037964,
  "eye_contact_median": 0.9609121084213257,
  "eye_contact_max": 0.999157190322876,
  "eye_openness_mean": 0.5144603848457336,
  "eye_openness_std": 0.12062651664018631,
  "eye_openness_median": 0.5456727743148804,
  "eye_openness_max": 0.6818255186080933,
  "gaze_stability_mean": 0.9906917810440063,
  "gaze_stability_std": 0.012624634429812431,
  "gaze_stability_median": 0.9964042901992798,
  "gaze_stability_max": 1.0,
  "head_tilt_mean": 0.08472728729248047,
  "head_tilt_std": 0.04515067860484123,
  "head_tilt_median": 0.09109579026699066,
  "head_tilt_max": 0.1504315435886383,
  "expression_speed_mean": 0.0778736025094986,
  "expression_speed_std": 0.09551018476486206,
  "expression_speed_median": 0.03861111402511597,
  "expression_speed_max": 0.48721274733543396,
  "happy_mean": 0.2779807448387146,
  "happy_std": 0.3952091634273529,
  "happy_median": 0.03541141003370285,
  "happy_max": 0.9999974966049194,
  "neutral_mean": 0.6113158464431763,
  "neutral_std": 0.4082675576210022,
  "neutral_median": 0.8628365397453308,
  "neutral_max": 0.9999918937683105,
  "surprise_mean": 0.014857961796224117,
  "surprise_std": 0.05216333642601967,
  "surprise_median": 8.900667125999462e-06,
  "surprise_max": 0.3515702486038208,
  "processed_frames": 116.0,
  "video_name": "1 (6).mp4"
}