{
  "expression_speed_max": 0.7859441389640173,
  "expression_speed_mean": 0.13696926459670067,
  "expression_speed_median": 0.058038060242931046,
  "expression_speed_std": 0.18336432923873267,
  "eye_contact_max": 0.9974269370237986,
  "eye_contact_mean": 0.938127468029658,
  "eye_contact_median": 0.9427436888217926,
  "eye_contact_std": 0.04007449715087811,
  "eye_openness_max": 0.9469709197680155,
  "eye_openness_mean": 0.8397695024808248,
  "eye_openness_median": 0.9242787957191467,
  "eye_openness_std": 0.16637077058355013,
  "eye_spacing_ratio_max": 0.7292559643586477,
  "eye_spacing_ratio_mean": 0.648359497388204,
  "eye_spacing_ratio_median": 0.6500930488109589,
  "eye_spacing_ratio_std": 0.028488564925889175,
  "face_width_height_ratio_max": 1.293418437242508,
  "face_width_height_ratio_mean": 1.1002638439337413,
  "face_width_height_ratio_median": 1.095664511124293,
  "face_width_height_ratio_std": 0.08096572694679101,
  "facial_symmetry_max": 0.9915311336517334,
  "facial_symmetry_mean": 0.849876711765925,
  "facial_symmetry_median": 0.846120685338974,
  "facial_symmetry_std": 0.08308593307932217,
  "gaze_stability_max": 1.0,
  "gaze_stability_mean": 0.9813987116018931,
  "gaze_stability_median": 0.9910179972648621,
  "gaze_stability_std": 0.024456019202868145,
  "happy_max": 0.9983416199684143,
  "happy_mean": 0.3210034867127736,
  "happy_median": 0.1717029100024471,
  "happy_std": 0.3803010235230128,
  "head_tilt_max": 0.483110249042511,
  "head_tilt_mean": 0.12731742238005003,
  "head_tilt_median": 0.09514809151490529,
  "head_tilt_std": 0.11224556776384513,
  "jaw_ratio_max": 0.8429516752560934,
  "jaw_ratio_mean": 0.76581671833992,
  "jaw_ratio_median": 0.7646713455518087,
  "jaw_ratio_std": 0.01727255868415038,
  "neutral_max": 0.9873547752698263,
  "neutral_mean": 0.33888475845257443,
  "neutral_median": 0.2327647227793932,
  "neutral_std": 0.3474725882212321,
  "processed_frames": 121.0,
  "smile_intensity_max": 0.6451917787392935,
  "smile_intensity_mean": 0.0964065579076608,
  "smile_intensity_median": 0.023695031957079966,
  "smile_intensity_std": 0.1498207487165928,
  "surprise_max": 0.6922484474877516,
  "surprise_mean": 0.037759463768452406,
  "surprise_median": 0.00018546690459212792,
  "surprise_std": 0.12391389347612858,
  "video_count": 6.0,
  "valid_video_count": 6.0,
  "valid_video_ratio": 1.0,
  "total_processed_frames": 726.0,
  "avg_processed_frames": 121.0,
  "quality_score": 0.9226666666666666,
  "person_name": "Triệu Lệ Dĩnh"
}