{
  "facial_symmetry_mean": 0.9257344603538513,
  "facial_symmetry_std": 0.07327072322368622,
  "facial_symmetry_median": 0.9561952948570251,
  "facial_symmetry_max": 0.9997697472572327,
  "face_width_height_ratio_mean": 0.8056928515434265,
  "face_width_height_ratio_std": 0.04180201515555382,
  "face_width_height_ratio_median": 0.8149043321609497,
  "face_width_height_ratio_max": 0.902951180934906,
  "eye_spacing_ratio_mean": 0.6742562651634216,
  "eye_spacing_ratio_std": 0.02125583216547966,
  "eye_spacing_ratio_median": 0.6800817847251892,
  "eye_spacing_ratio_max": 0.7027412056922913,
  "jaw_ratio_mean": 0.7928341031074524,
  "jaw_ratio_std": 0.015182416886091232,
  "jaw_ratio_median": 0.7922303676605225,
  "jaw_ratio_max": 0.8899237513542175,
  "smile_intensity_mean": 0.1787160485982895,
  "smile_intensity_std": 0.2191632091999054,
  "smile_intensity_median": 0.02367156371474266,
  "smile_intensity_max": 0.9430381059646606,
  "eye_contact_mean": 0.9698871970176697,
  "eye_contact_std": 0.026657365262508392,
  "eye_contact_median": 0.973975658416748,
  "eye_contact_max": 0.999915361404419,
  "eye_openness_mean": 0.890271008014679,
  "eye_openness_std": 0.17573626339435577,
  "eye_openness_median": 1.0,
  "eye_openness_max": 1.0,
  "gaze_stability_mean": 0.9875348806381226,
  "gaze_stability_std": 0.01744692586362362,
  "gaze_stability_median": 0.9938998222351074,
  "gaze_stability_max": 1.0,
  "head_tilt_mean": 0.1709400862455368,
  "head_tilt_std": 0.1059180349111557,
  "head_tilt_median": 0.17357900738716125,
  "head_tilt_max": 0.38464099168777466,
  "expression_speed_mean": 0.1520099639892578,
  "expression_speed_std": 0.2071656584739685,
  "expression_speed_median": 0.05035613104701042,
  "expression_speed_max": 0.9319425821304321,
  "happy_mean": 0.6217859387397766,
  "happy_std": 0.4520696699619293,
  "happy_median": 0.9452997446060181,
  "happy_max": 0.9999999403953552,
  "neutral_mean": 0.1770399957895279,
  "neutral_std": 0.3242422938346863,
  "neutral_median": 0.008717340417206287,
  "neutral_max": 0.9919348359107971,
  "surprise_mean": 0.0032522163819521666,
  "surprise_std": 0.022156620398163795,
  "surprise_median": 2.018492068600608e-06,
  "surprise_max": 0.23131319880485535,
  "processed_frames": 123.0,
  "video_name": "1.mp4"
}