{
  "facial_symmetry_mean": 0.733671247959137,
  "facial_symmetry_std": 0.02420348860323429,
  "facial_symmetry_median": 0.7282590866088867,
  "facial_symmetry_max": 0.8218562006950378,
  "face_width_height_ratio_mean": 1.083199143409729,
  "face_width_height_ratio_std": 0.11178964376449585,
  "face_width_height_ratio_median": 1.1315537691116333,
  "face_width_height_ratio_max": 1.2162668704986572,
  "eye_spacing_ratio_mean": 0.5713504552841187,
  "eye_spacing_ratio_std": 0.03613251820206642,
  "eye_spacing_ratio_median": 0.5729832053184509,
  "eye_spacing_ratio_max": 0.6334646344184875,
  "jaw_ratio_mean": 0.7593404650688171,
  "jaw_ratio_std": 0.02338005229830742,
  "jaw_ratio_median": 0.7563645243644714,
  "jaw_ratio_max": 0.9082937240600586,
  "smile_intensity_mean": 0.11929906904697418,
  "smile_intensity_std": 0.1714288890361786,
  "smile_intensity_median": 0.018842794001102448,
  "smile_intensity_max": 0.6042313575744629,
  "eye_contact_mean": 0.8742831349372864,
  "eye_contact_std": 0.03926859050989151,
  "eye_contact_median": 0.8646480441093445,
  "eye_contact_max": 0.9711179733276367,
  "eye_openness_mean": 0.7234416604042053,
  "eye_openness_std": 0.10024511814117432,
  "eye_openness_median": 0.76365727186203,
  "eye_openness_max": 0.8801137804985046,
  "gaze_stability_mean": 0.9872735738754272,
  "gaze_stability_std": 0.01655850186944008,
  "gaze_stability_median": 0.9912713766098022,
  "gaze_stability_max": 1.0,
  "head_tilt_mean": 0.15045659244060516,
  "head_tilt_std": 0.09212692081928253,
  "head_tilt_median": 0.15633881092071533,
  "head_tilt_max": 0.32220393419265747,
  "expression_speed_mean": 0.05947049707174301,
  "expression_speed_std": 0.08693651854991913,
  "expression_speed_median": 0.03368252143263817,
  "expression_speed_max": 0.5732835531234741,
  "happy_mean": 0.10879536718130112,
  "happy_std": 0.2834276258945465,
  "happy_median": 0.00047309862566180527,
  "happy_max": 1.0,
  "neutral_mean": 0.44417130947113037,
  "neutral_std": 0.44227492809295654,
  "neutral_median": 0.18784542381763458,
  "neutral_max": 1.0,
  "surprise_mean": 0.0009730039164423943,
  "surprise_std": 0.003310971427708864,
  "surprise_median": 3.0585371475072565e-12,
  "surprise_max": 0.021642250940203667,
  "processed_frames": 67.0,
  "video_name": "2.mp4"
}