{
  "facial_symmetry_mean": 0.9195799231529236,
  "facial_symmetry_std": 0.06810030341148376,
  "facial_symmetry_median": 0.9382691383361816,
  "facial_symmetry_max": 0.997911810874939,
  "face_width_height_ratio_mean": 0.6482362151145935,
  "face_width_height_ratio_std": 0.06789103895425797,
  "face_width_height_ratio_median": 0.6379028558731079,
  "face_width_height_ratio_max": 0.9760279655456543,
  "eye_spacing_ratio_mean": 0.6472548246383667,
  "eye_spacing_ratio_std": 0.03328154608607292,
  "eye_spacing_ratio_median": 0.6459002494812012,
  "eye_spacing_ratio_max": 0.7663167119026184,
  "jaw_ratio_mean": 0.7932561635971069,
  "jaw_ratio_std": 0.016700757667422295,
  "jaw_ratio_median": 0.791174590587616,
  "jaw_ratio_max": 0.8470575213432312,
  "smile_intensity_mean": 0.41596561670303345,
  "smile_intensity_std": 0.3496571183204651,
  "smile_intensity_median": 0.6068289279937744,
  "smile_intensity_max": 1.0,
  "eye_contact_mean": 0.9779781699180603,
  "eye_contact_std": 0.02270580269396305,
  "eye_contact_median": 0.9821100234985352,
  "eye_contact_max": 0.9999926090240479,
  "eye_openness_mean": 0.815354585647583,
  "eye_openness_std": 0.22739166021347046,
  "eye_openness_median": 0.9624953269958496,
  "eye_openness_max": 1.0,
  "gaze_stability_mean": 0.9895007610321045,
  "gaze_stability_std": 0.012596908956766129,
  "gaze_stability_median": 0.9934023022651672,
  "gaze_stability_max": 1.0,
  "head_tilt_mean": 0.14356829226016998,
  "head_tilt_std": 0.1321462094783783,
  "head_tilt_median": 0.1221562922000885,
  "head_tilt_max": 0.47619134187698364,
  "expression_speed_mean": 0.20291799306869507,
  "expression_speed_std": 0.2591497004032135,
  "expression_speed_median": 0.08010199666023254,
  "expression_speed_max": 0.96357262134552,
  "happy_mean": 0.5567796230316162,
  "happy_std": 0.45973092317581177,
  "happy_median": 0.9288094639778137,
  "happy_max": 1.0,
  "neutral_mean": 0.17107538878917694,
  "neutral_std": 0.33559662103652954,
  "neutral_median": 0.0010550105944275856,
  "neutral_max": 0.9999814033508301,
  "surprise_mean": 0.01522729080170393,
  "surprise_std": 0.07204568386077881,
  "surprise_median": 1.1675861166793311e-08,
  "surprise_max": 0.46440038084983826,
  "processed_frames": 85.0,
  "video_name": "3.mp4"
}