{
  "facial_symmetry_mean": 0.9225267767906189,
  "facial_symmetry_std": 0.04634905233979225,
  "facial_symmetry_median": 0.9167889952659607,
  "facial_symmetry_max": 0.9945876002311707,
  "face_width_height_ratio_mean": 0.6517945528030396,
  "face_width_height_ratio_std": 0.034827858209609985,
  "face_width_height_ratio_median": 0.6476942300796509,
  "face_width_height_ratio_max": 0.7531547546386719,
  "eye_spacing_ratio_mean": 0.6321277618408203,
  "eye_spacing_ratio_std": 0.06410160660743713,
  "eye_spacing_ratio_median": 0.6548973321914673,
  "eye_spacing_ratio_max": 0.7198597192764282,
  "jaw_ratio_mean": 0.7854809761047363,
  "jaw_ratio_std": 0.016709474846720695,
  "jaw_ratio_median": 0.7815548181533813,
  "jaw_ratio_max": 0.8252085447311401,
  "smile_intensity_mean": 0.15770991146564484,
  "smile_intensity_std": 0.22895404696464539,
  "smile_intensity_median": 0.018971839919686317,
  "smile_intensity_max": 0.8096991777420044,
  "eye_contact_mean": 0.9624919891357422,
  "eye_contact_std": 0.027216805145144463,
  "eye_contact_median": 0.9612808227539062,
  "eye_contact_max": 0.999836802482605,
  "eye_openness_mean": 0.9335333108901978,
  "eye_openness_std": 0.13002686202526093,
  "eye_openness_median": 1.0,
  "eye_openness_max": 1.0,
  "gaze_stability_mean": 0.9856862425804138,
  "gaze_stability_std": 0.019978808239102364,
  "gaze_stability_median": 0.992550790309906,
  "gaze_stability_max": 1.0,
  "head_tilt_mean": 0.13447821140289307,
  "head_tilt_std": 0.0840936154127121,
  "head_tilt_median": 0.11394619941711426,
  "head_tilt_max": 0.29264867305755615,
  "expression_speed_mean": 0.10881899297237396,
  "expression_speed_std": 0.14408284425735474,
  "expression_speed_median": 0.036643967032432556,
  "expression_speed_max": 0.6614084243774414,
  "happy_mean": 0.4573473036289215,
  "happy_std": 0.4360273778438568,
  "happy_median": 0.23734977841377258,
  "happy_max": 0.9999987483024597,
  "neutral_mean": 0.4023478627204895,
  "neutral_std": 0.3986782133579254,
  "neutral_median": 0.3678337335586548,
  "neutral_max": 0.999943733215332,
  "surprise_mean": 0.0007662217831239104,
  "surprise_std": 0.004418765194714069,
  "surprise_median": 8.550639449822484e-07,
  "surprise_max": 0.038489751517772675,
  "processed_frames": 75.0,
  "video_name": "4.mp4"
}