{
  "expression_speed_max": 0.7825517952442169,
  "expression_speed_mean": 0.13080436177551746,
  "expression_speed_median": 0.05019615404307842,
  "expression_speed_std": 0.17433368042111397,
  "eye_contact_max": 0.9927156865596771,
  "eye_contact_mean": 0.9461601227521896,
  "eye_contact_median": 0.9455036371946335,
  "eye_contact_std": 0.028962140902876854,
  "eye_openness_max": 0.9700284451246262,
  "eye_openness_mean": 0.8406501412391663,
  "eye_openness_median": 0.9315381497144699,
  "eye_openness_std": 0.15834997594356537,
  "eye_spacing_ratio_max": 0.7055955678224564,
  "eye_spacing_ratio_mean": 0.6312473267316818,
  "eye_spacing_ratio_median": 0.6384656429290771,
  "eye_spacing_ratio_std": 0.038692875765264034,
  "face_width_height_ratio_max": 0.9621001929044724,
  "face_width_height_ratio_mean": 0.7972306907176971,
  "face_width_height_ratio_median": 0.8080137968063354,
  "face_width_height_ratio_std": 0.0640776390209794,
  "facial_symmetry_max": 0.953531339764595,
  "facial_symmetry_mean": 0.8753781020641327,
  "facial_symmetry_median": 0.8848781287670135,
  "facial_symmetry_std": 0.05298089189454913,
  "gaze_stability_max": 1.0,
  "gaze_stability_mean": 0.987498864531517,
  "gaze_stability_median": 0.9927810728549957,
  "gaze_stability_std": 0.016645286232233047,
  "happy_max": 0.9999996721744537,
  "happy_mean": 0.43617705814540386,
  "happy_median": 0.5279830214058165,
  "happy_std": 0.4078138992190361,
  "head_tilt_max": 0.368921235203743,
  "head_tilt_mean": 0.14986079558730125,
  "head_tilt_median": 0.14150507748126984,
  "head_tilt_std": 0.10357119515538216,
  "jaw_ratio_max": 0.8676208853721619,
  "jaw_ratio_mean": 0.7827279269695282,
  "jaw_ratio_median": 0.7803310751914978,
  "jaw_ratio_std": 0.01799317542463541,
  "neutral_max": 0.9979649931192398,
  "neutral_mean": 0.2986586391925812,
  "neutral_median": 0.1413628770969808,
  "neutral_std": 0.37519801408052444,
  "processed_frames": 87.5,
  "smile_intensity_max": 0.839242160320282,
  "smile_intensity_mean": 0.2179226614534855,
  "smile_intensity_median": 0.16707878140732646,
  "smile_intensity_std": 0.24230081588029861,
  "surprise_max": 0.1889613955281675,
  "surprise_mean": 0.0050546832208056,
  "surprise_median": 7.213087333216993e-07,
  "surprise_std": 0.025483010220341384,
  "video_count": 4.0,
  "valid_video_count": 4.0,
  "valid_video_ratio": 1.0,
  "total_processed_frames": 350.0,
  "avg_processed_frames": 87.5,
  "quality_score": 0.8333333333333334,
  "person_name": "Han Chae-young"
}