{
  "facial_symmetry_mean": 0.8278957605361938,
  "facial_symmetry_std": 0.06742681562900543,
  "facial_symmetry_median": 0.807361364364624,
  "facial_symmetry_max": 0.9776935577392578,
  "face_width_height_ratio_mean": 1.3881762027740479,
  "face_width_height_ratio_std": 0.062064170837402344,
  "face_width_height_ratio_median": 1.388981580734253,
  "face_width_height_ratio_max": 1.530657172203064,
  "eye_spacing_ratio_mean": 0.6606530547142029,
  "eye_spacing_ratio_std": 0.014302067458629608,
  "eye_spacing_ratio_median": 0.6621077656745911,
  "eye_spacing_ratio_max": 0.6896332502365112,
  "jaw_ratio_mean": 0.7690444588661194,
  "jaw_ratio_std": 0.010335545986890793,
  "jaw_ratio_median": 0.7698580622673035,
  "jaw_ratio_max": 0.7878034710884094,
  "smile_intensity_mean": 0.07968815416097641,
  "smile_intensity_std": 0.06509920209646225,
  "smile_intensity_median": 0.07466500997543335,
  "smile_intensity_max": 0.2003885954618454,
  "eye_contact_mean": 0.940245509147644,
  "eye_contact_std": 0.04836317524313927,
  "eye_contact_median": 0.9607915878295898,
  "eye_contact_max": 0.9987781047821045,
  "eye_openness_mean": 0.8461933135986328,
  "eye_openness_std": 0.2527000606060028,
  "eye_openness_median": 1.0,
  "eye_openness_max": 1.0,
  "gaze_stability_mean": 0.984199047088623,
  "gaze_stability_std": 0.020260844379663467,
  "gaze_stability_median": 0.9912681579589844,
  "gaze_stability_max": 1.0,
  "head_tilt_mean": 0.13398422300815582,
  "head_tilt_std": 0.09658927470445633,
  "head_tilt_median": 0.09933605790138245,
  "head_tilt_max": 0.33280178904533386,
  "expression_speed_mean": 0.07891988754272461,
  "expression_speed_std": 0.11758524179458618,
  "expression_speed_median": 0.03469211980700493,
  "expression_speed_max": 0.5141029953956604,
  "happy_mean": 0.04723537340760231,
  "happy_std": 0.16079898178577423,
  "happy_median": 0.0005780431674793363,
  "happy_max": 0.9969546794891357,
  "neutral_mean": 0.4735850989818573,
  "neutral_std": 0.43403083086013794,
  "neutral_median": 0.44201090931892395,
  "neutral_max": 0.9994346499443054,
  "surprise_mean": 0.00993608683347702,
  "surprise_std": 0.05730907991528511,
  "surprise_median": 8.000557500054128e-06,
  "surprise_max": 0.5335899591445923,
  "processed_frames": 129.0,
  "video_name": "1.mp4"
}