{
  "facial_symmetry_mean": 0.905602216720581,
  "facial_symmetry_std": 0.06378991156816483,
  "facial_symmetry_median": 0.9192463159561157,
  "facial_symmetry_max": 0.999758780002594,
  "face_width_height_ratio_mean": 0.597402811050415,
  "face_width_height_ratio_std": 0.04848712310194969,
  "face_width_height_ratio_median": 0.5997734069824219,
  "face_width_height_ratio_max": 0.8093579411506653,
  "eye_spacing_ratio_mean": 0.6423856616020203,
  "eye_spacing_ratio_std": 0.013446051627397537,
  "eye_spacing_ratio_median": 0.6405713558197021,
  "eye_spacing_ratio_max": 0.6937214136123657,
  "jaw_ratio_mean": 0.7598820328712463,
  "jaw_ratio_std": 0.018462853506207466,
  "jaw_ratio_median": 0.7565783858299255,
  "jaw_ratio_max": 0.8064053058624268,
  "smile_intensity_mean": 0.03619284927845001,
  "smile_intensity_std": 0.057123154401779175,
  "smile_intensity_median": 0.0173528753221035,
  "smile_intensity_max": 0.3150286078453064,
  "eye_contact_mean": 0.952342689037323,
  "eye_contact_std": 0.02730393595993519,
  "eye_contact_median": 0.9545087814331055,
  "eye_contact_max": 0.9966617822647095,
  "eye_openness_mean": 0.9701898097991943,
  "eye_openness_std": 0.08487077802419662,
  "eye_openness_median": 1.0,
  "eye_openness_max": 1.0,
  "gaze_stability_mean": 0.9918799996376038,
  "gaze_stability_std": 0.01369200274348259,
  "gaze_stability_median": 0.9966315031051636,
  "gaze_stability_max": 1.0,
  "head_tilt_mean": 0.08155842125415802,
  "head_tilt_std": 0.110347680747509,
  "head_tilt_median": 0.03262370824813843,
  "head_tilt_max": 0.45692145824432373,
  "expression_speed_mean": 0.0721510574221611,
  "expression_speed_std": 0.11036317050457001,
  "expression_speed_median": 0.021900054067373276,
  "expression_speed_max": 0.5613405704498291,
  "happy_mean": 0.05280192568898201,
  "happy_std": 0.19882573187351227,
  "happy_median": 0.000175580833456479,
  "happy_max": 0.9847468137741089,
  "neutral_mean": 0.5722554922103882,
  "neutral_std": 0.3606870472431183,
  "neutral_median": 0.6969996094703674,
  "neutral_max": 0.9982966184616089,
  "surprise_mean": 0.01492923405021429,
  "surprise_std": 0.08897644281387329,
  "surprise_median": 2.833793951140251e-05,
  "surprise_max": 0.8237216472625732,
  "processed_frames": 89.0,
  "video_name": "2.mp4"
}