{
  "facial_symmetry_mean": 0.792051374912262,
  "facial_symmetry_std": 0.17413510382175446,
  "facial_symmetry_median": 0.7727051973342896,
  "facial_symmetry_max": 0.9995520114898682,
  "face_width_height_ratio_mean": 1.2845953702926636,
  "face_width_height_ratio_std": 0.3898353576660156,
  "face_width_height_ratio_median": 1.4383735656738281,
  "face_width_height_ratio_max": 1.7554411888122559,
  "eye_spacing_ratio_mean": 0.6298807859420776,
  "eye_spacing_ratio_std": 0.041834507137537,
  "eye_spacing_ratio_median": 0.6356175541877747,
  "eye_spacing_ratio_max": 0.7868711948394775,
  "jaw_ratio_mean": 0.759982168674469,
  "jaw_ratio_std": 0.021764526143670082,
  "jaw_ratio_median": 0.7621960639953613,
  "jaw_ratio_max": 0.8472291827201843,
  "smile_intensity_mean": 0.09026570618152618,
  "smile_intensity_std": 0.10299595445394516,
  "smile_intensity_median": 0.044903919100761414,
  "smile_intensity_max": 0.4834902882575989,
  "eye_contact_mean": 0.9316131472587585,
  "eye_contact_std": 0.06847856193780899,
  "eye_contact_median": 0.9605899453163147,
  "eye_contact_max": 0.9998630285263062,
  "eye_openness_mean": 0.9027102589607239,
  "eye_openness_std": 0.15063758194446564,
  "eye_openness_median": 0.9763293862342834,
  "eye_openness_max": 1.0,
  "gaze_stability_mean": 0.9811990261077881,
  "gaze_stability_std": 0.03125842660665512,
  "gaze_stability_median": 0.9908024668693542,
  "gaze_stability_max": 1.0,
  "head_tilt_mean": 0.14202874898910522,
  "head_tilt_std": 0.20780031383037567,
  "head_tilt_median": 0.05524754524230957,
  "head_tilt_max": 0.736009955406189,
  "expression_speed_mean": 0.0642651692032814,
  "expression_speed_std": 0.09911096841096878,
  "expression_speed_median": 0.03792079910635948,
  "expression_speed_max": 0.694379448890686,
  "happy_mean": 0.02877677232027054,
  "happy_std": 0.11675380170345306,
  "happy_median": 3.997975727543235e-05,
  "happy_max": 0.9790675640106201,
  "neutral_mean": 0.39559489488601685,
  "neutral_std": 0.34259092807769775,
  "neutral_median": 0.342700719833374,
  "neutral_max": 0.9993968605995178,
  "surprise_mean": 0.029301002621650696,
  "surprise_std": 0.1416173130273819,
  "surprise_median": 1.2173234608781058e-05,
  "surprise_max": 0.9976263046264648,
  "processed_frames": 151.0,
  "video_name": "4.mp4"
}